N_UG,H_UG,eps1_UG,phi_UG,rho_phi_UG,3H2_UG,Q_UG,N_RG,H_RG,eps1_RG,phi_RG
0.0,10.369298856162645,0.003100130402191733,25.386364173387047,322.56710801056875,322.56707630524784,32.22337429719147,0.0,10.369298856162645,0.0031001304021917335,25.386364173387047
0.03334444814938294,10.368060185772524,0.004047931965539329,25.383543683130696,322.5972849317579,322.4900160474042,32.116106173055115,0.053961734283814955,10.367564185128979,0.0031006887756903478,25.382114945929356
0.06668889629876588,10.366511890385741,0.004892899236074314,25.380388971738725,322.6078860238528,322.39370632052686,32.00919513288985,0.10792346856762991,10.365829471340076,0.00310131894623154,25.37786531059816
0.10003334444814882,10.364688902734093,0.005639992514472739,25.376964997721856,322.6010629141863,322.2803281513778,31.902639988001784,0.16188520285144486,10.364094677811812,0.003102010288855635,25.373615221979353
0.13337779259753177,10.362623928819296,0.006296746820712313,25.37332020500041,322.5788591700738,322.1519240704148,31.796439553654086,0.21584693713525982,10.362359773070478,0.0031027537676279735,25.369364641393933
0.16672224074691472,10.36034687541759,0.006871600472260277,25.369492240335997,322.5431440501285,322.0103621369251,31.690592649053755,0.2698086714190748,10.360624730327048,0.00310354169741633,25.365113535889865
0.20006668889629764,10.357884694438278,0.007373060442046966,25.36551114105635,322.4956024164299,321.85732602983626,31.585098097338562,0.32377040570288973,10.358889526776982,0.003104367542000683,25.36086187738714
0.2334111370456806,10.355261439263018,0.007809275193097971,25.361401308992733,322.43773812067286,321.6943184264627,31.479954725563882,0.3777321399867047,10.357154143003548,0.003105225742017053,25.356609641948822
0.26675558519506354,10.352498428807221,0.008187823828747923,25.357182825585877,322.3708841598401,321.52267115536796,31.37516136468973,0.43169387427051964,10.355418562471307,0.0031061115689331423,25.352356809162014
0.30010003334444646,10.34961446249447,0.008515625689951196,25.35287237613319,322.29621604792123,321.34355856682413,31.270716849567705,0.4856556085543346,10.353682771095375,0.003107021000886937,25.348103361611436
0.33344448149382944,10.346626054079296,0.008798918398825278,25.348483925995996,322.2147663925082,321.1580121088575,31.166620018928075,0.5396173428381495,10.351946756874401,0.003107950616897728,25.343849284430668
0.36678892964321236,10.343547666045648,0.00904327462854371,25.344029230883336,322.1274395270894,320.96693495927514,31.062869715366844,0.5935790771219644,10.350210509579531,0.0031088975071991345,25.339594564921825
0.4001333777925953,10.34039193433908,0.009253640031350242,25.339518231368125,322.035025552475,320.77111606723406,30.959464785332877,0.6475408114057795,10.348474020488997,0.0031098591967499054,25.335339192230954
0.43347782594197826,10.337169877996393,0.00943438173930657,25.334959363820992,321.93821344415505,320.5712432596679,30.856404079115105,0.7015025456895945,10.346737282162994,0.0031108335803304776,25.331083157072662
0.4668222740913612,10.33389109114807,0.00958934101949512,25.33035980928069,321.8376030609457,320.36791525112835,30.75368645082972,0.7554642799734094,10.345000288251804,0.0031118188672359976,25.32682645149538
0.5001667222407441,10.330563916637901,0.009721886222488636,25.325725695157615,321.73371600942346,320.16165250722304,30.651310758407412,0.8094260142572243,10.34326303333298,0.0031128135343377735,25.3225690686822
0.5335111703901271,10.32719560155836,0.009834963758697874,25.321062260390146,321.62700537780745,319.95290697853903,30.54927586358073,0.8633877485410393,10.341525512772641,0.0031138162860947028,25.318311002781154
0.56685561853951,10.323792435609866,0.009931145844663447,25.316373991820186,321.5178643951585,319.7420707606664,30.447580631871375,0.9173494828248543,10.339787722607529,0.0031148260205413783,25.314052248760873
0.6002000666888929,10.320359873516422,0.010012674398016617,25.311664737592345,321.40663409464764,319.5294837566637,30.3462239325776,0.9713112171086692,10.33804965944477,0.00311584180038406,25.30979280228794
0.6335445148382759,10.316902642878029,0.010081500860716299,25.30693780199929,321.2936100642609,319.31544042787095,30.245204638761653,1.025272951392484,10.336311320376662,0.0031168628284277233,25.305532659622635
0.6668889629876589,10.313424838870429,0.010139321975862814,25.302196025195823,321.17904837351267,319.1001957210886,30.14452162723722,1.079234685676299,10.334572702908051,0.0031178884266201455,25.30127181753
0.7002334111370417,10.309930007173042,0.01018761169284434,25.29744185047311,321.06317076393043,318.8839702584214,30.044173778556978,1.133196419960114,10.332833804894664,0.0031189180182733508,25.29701027320442
0.7335778592864247,10.306421216426427,0.010227649456180186,25.29267738123066,320.9461691822056,318.6669548712144,29.9441599770001,1.187158154243929,10.331094624490623,0.003119951112916715,25.292748024205384
0.7669223074358077,10.302901121427949,0.010260545175184438,25.28790442936704,320.8282097347939,318.4493145537638,29.844479110559877,1.241119888527744,10.329355160103937,0.003120987293444453,25.288485068402945
0.8002667555851906,10.299372018167013,0.010287261184241886,25.2831245564848,320.70943612942796,318.23119190580496,29.74513007093136,1.295081622811559,10.327615410358382,0.003122026205131554,25.284221403931152
0.8336112037345735,10.295835891694068,0.010308631499987,25.27833910905194,320.5899726697362,318.01271012608737,29.646111753499014,1.349043357095374,10.325875374061312,0.003123067546331056,25.279957029148605
0.8669556518839565,10.292294457714492,0.01032537866819554,25.273549248461727,320.4699268544935,317.79397561290136,29.54742305732446,1.403005091379189,10.324135050176187,0.003124111060544975,25.275691942604826
0.9003001000333395,10.288749198697975,0.010338128472929434,25.268755976771235,320.34939163599506,317.5750802211246,29.449062885134214,1.4569668256630037,10.322394437799245,0.003125156529688043,25.2714261430117
0.9336445481827224,10.285201395204858,0.010347422758731769,25.26396015877015,320.2284473769215,317.35610321977185,29.351030143307508,1.5109285599468187,10.320653536139634,0.0031262037683565066,25.267159629219183
0.9669889963321053,10.281652153046286,0.010353730592765746,25.259162540924997,320.1071635475007,317.13711298872397,29.25332374186412,1.5648902942306337,10.318912344502449,0.0031272526189203556,25.262892400194534
1.0003334444814882,10.278102426820267,0.010357457970882144,25.254363767657598,319.9856001947442,316.91816848862595,29.15594259445223,1.6188520285144485,10.317170862274454,0.003128302947409638,25.258624455004806
1.0336778926308712,10.274553040299217,0.010358956249948736,25.24956439534572,319.86380921584083,316.6993205337657,29.0588856183364,1.6728137627982635,10.3154290889118,0.0031293546399537085,25.25435579280186
1.0670223407802542,10.271004704082944,0.010358529467288886,25.244764904372772,319.74183545961785,316.4806128938819,28.962151734385472,1.7267754970820786,10.313687023929742,0.0031304075998173668,25.250086412809715
1.1003667889296371,10.267458030880894,0.01035644069071237,25.239965709506855,319.6197176804137,316.26208324770164,28.86573986706062,1.7807372313658936,10.311944666893606,0.0031314617447933723,25.245816314313558
1.13371123707902,10.26391354873686,0.010352917523509612,25.235167168844203,319.4974893629442,316.0437640078322,28.769648944403357,1.8346989656497086,10.310202017411447,0.003132517005071726,25.241545496650726
1.167055685228403,10.260371712473043,0.010348156875697432,25.230369591521292,319.3751794355292,315.825683034351,28.67387789802363,1.8886606999335234,10.308459075127558,0.003133573321370337,25.237273959202756
1.2004001333777858,10.256832913589719,0.010342329096782545,25.22557324436667,319.252812887815,315.6078642518921,28.578425663087955,1.9426224342173384,10.306715839717056,0.0031346306433643846,25.23300170138874
1.2337445815271688,10.253297488828744,0.010335581554840302,25.22077835764131,319.13041130371954,315.3903281832655,28.483291178307542,1.9965841685011534,10.304972310881324,0.003135688928369545,25.228728722659792
1.2670890296765518,10.249765727580698,0.01032804173527142,25.215985129994188,319.0079933234331,315.17309241086366,28.388473385926538,2.050545902784968,10.30322848834392,0.003136748140164195,25.224455022494006
1.3004334778259348,10.246237878290078,0.010319819922634593,25.211193732740902,318.8855750421642,314.95617197551906,28.293971231710227,2.1045076370687834,10.301484371847376,0.0031378082480543806,25.220180600392553
1.3337779259753177,10.242714153995438,0.010311011521920167,25.206404313560075,318.76317035464075,314.73957972137543,28.199783664933335,2.158469371352598,10.299739961150278,0.0031388692260378623,25.215905455876086
1.3671223741247007,10.239194737119464,0.010301699066759684,25.201616999686298,318.6407912536757,314.5233265939648,28.10590963836834,2.212431105636413,10.297995256024842,0.0031399310520989145,25.21162958848182
1.4004668222740835,10.23567978361094,0.010291953956837682,25.196831900669352,318.5184480875262,314.30742189786514,28.012348108273827,2.266392839920228,10.296250256254934,0.0031409937076283334,25.20735299776103
1.4338112704234665,10.232169426527292,0.010281837961261453,25.192049110759633,318.39614978291434,314.0918735194796,27.919098034382866,2.320354574204043,10.29450496163423,0.0031420571769052363,25.20307568327688
1.4671557185728494,10.228663779131306,0.010271404518584088,25.187268710969636,318.273904037433,313.87668811953824,27.826158379891496,2.374316308487858,10.292759371964731,0.0031431214466548034,25.19879764460254
1.5005001667222324,10.225162937569237,0.01026069986140905,25.182490770856596,318.1517174857497,313.6618712995187,27.733528111447132,2.428278042771673,10.291013487055542,0.003144186505705495,25.194518881319766
1.5338446148716154,10.221666983186898,0.010249763989249414,25.177715350064265,318.02959584396507,313.4474277455194,27.64120619913713,2.482239777055488,10.289267306721797,0.0031452523446593443,25.19023939301747
1.5671890630209984,10.21817598453195,0.010238631509750757,25.172942499656013,317.90754403369874,313.23336135259643,27.549191616477298,2.536201511339303,10.287520830783672,0.003146318955630155,25.18595917929063
1.6005335111703811,10.214689999085419,0.010227332366301809,25.16817226326801,317.78556628935587,313.019675332247,27.457483340400515,2.590163245623118,10.2857740590657,0.003147386332027071,25.18167823973939
1.633877959319764,10.21120907475938,0.010215892467448525,25.16340467810705,317.663666251542,312.8063723053449,27.366080351245323,2.6441249799069326,10.284026991396036,0.0031484544683534053,25.177396573968174
1.667222407469147,10.207733251191742,0.010204334231147314,25.158639775813565,317.54184704715334,312.59345438245657,27.274981632744616,2.698086714190748,10.282279627605902,0.0031495233600348093,25.17311418158498
1.70056685561853,10.20426256086599,0.010192677055452362,25.153877583208416,317.42011135864715,312.380923233274,27.18418617201433,2.7520484484745626,10.280531967529157,0.003150593003299916,25.168831062200898
1.733911303767913,10.20079703008002,0.01018093772581061,25.14911812293936,317.29846148447695,312.16878014666804,27.09369295954218,2.806010182758378,10.278784011001829,0.003151663395049291,25.164547215429515
1.767255751917296,10.197336679783598,0.010169130767161798,25.144361414040283,317.1768993907333,311.95702608257994,27.003500989176445,2.8599719170421927,10.277035757861789,0.003152734532755153,25.160262640886508
1.800600200066679,10.193881526302725,0.010157268748468812,25.139607472415136,317.0554267560747,311.7456617168879,26.913609258114757,2.9139336513260075,10.275287207948486,0.0031538064143806057,25.155977338189324
1.8339446482160617,10.190431581966626,0.010145362546366827,25.134856311257284,316.9340450106178,311.5346874802285,26.824016766892996,2.9678953856098227,10.273538361102643,0.003154879038309366,25.151691306956835
1.8672890963654447,10.18698685564956,0.010133421572959156,25.130107941412003,316.81275536940166,311.3241035915307,26.734722519374124,3.0218571198936375,10.2717892171661,0.0031559524032726753,25.147404546809092
1.9006335445148277,10.1835473532397,0.010121453972971449,25.12536237169054,316.69155886152765,311.1139100870259,26.645725522737152,3.0758188541774523,10.27003977598156,0.0031570265083019503,25.143117057367068
1.9339779926642107,10.180113078044936,0.010109466794383954,25.120619609142075,316.5704563551043,310.90410684534464,26.557024787466066,3.1297805884612675,10.26829003739251,0.0031581013526895503,25.138828838252508
1.9673224408135936,10.176684031143648,0.010097466135919034,25.115879659289078,316.449448579061,310.6946936092024,26.46861932733887,3.1837423227450823,10.266540001243044,0.003159176935944424,25.13453988908778
2.0006668889629764,10.17326021168838,0.010085457274733192,25.111142526331182,316.3285361419458,310.4856700041657,26.38050815941658,3.237704057028897,10.264789667377755,0.003160253257759809,25.130250209495674
2.0340113371123594,10.169841617168444,0.010073444776833237,25.106408213321654,316.2077195480245,310.2770355548738,26.292690304032295,3.2916657913127123,10.263039035641667,0.0031613303179877997,25.12595979909936
2.0673557852617424,10.16642824363733,0.010061432592686468,25.101676722320374,316.0869992114768,310.06878969908047,26.205164784780344,3.345627525596527,10.26128810588011,0.003162408116617841,25.121668657522225
2.1007002334111253,10.163020085909245,0.010049424139878619,25.096948054526173,315.96637546844585,309.8609317997843,26.117930628505395,3.3995892598803423,10.25953687793871,0.003163486653754382,25.117376784387854
2.1340446815605083,10.159617137729397,0.010037422374684316,25.092222210391554,315.8458485876082,309.6534611557346,26.030986865291645,3.453550994164157,10.257785351663268,0.0031645659295937273,25.11308417931988
2.1673891297098913,10.156219391921192,0.010025429853989154,25.087499189722024,315.7254187792246,309.44637701050823,25.944332528452026,3.507512728447972,10.256033526899747,0.0031656459444202147,25.10879084194198
2.2007335778592743,10.152826840513775,0.010013448788881576,25.082778991762183,315.605086203026,309.23967856037075,25.857966654517487,3.561474462731787,10.254281403494218,0.0031667266985889162,25.104496771877812
2.2340780260086572,10.149439474852217,0.010001481091028603,25.078061615270254,315.4848509750117,309.03336496106533,25.77188828322624,3.615436197015602,10.252528981292837,0.003167808192514958,25.100201968750962
2.26742247415804,10.146057285693171,0.009989528412846026,25.073347058582744,315.3647131733666,308.82743533370245,25.686096457513116,3.669397931299417,10.25077626014178,0.0031688904266645775,25.0959064321849
2.300766922307423,10.142680263287314,0.009977592182204063,25.06863531967032,315.2446728435123,308.6218887698341,25.600590223498916,3.723359665583232,10.249023239887274,0.0031699734015483163,25.091610161802976
2.334111370456806,10.139308397451021,0.009965673632538797,25.063926396186403,315.1247300025721,308.4167243358624,25.515368630479795,3.7773213998670467,10.247269920375523,0.0031710571177153597,25.08731315722835
2.3674558186061887,10.135941677628228,0.009953773828889659,25.05922028550916,315.0048846431072,308.2119410768428,25.430430730916694,3.831283134150862,10.245516301452701,0.0031721415757478494,25.083015418084027
2.4008002667555717,10.132580092944043,0.009941893690430626,25.054516984777937,314.88513673654,308.0075380197777,25.345775580424814,3.8852448684346768,10.243762382964958,0.0031732267762539785,25.07871694399277
2.4341447149049547,10.129223632251138,0.00993003400998831,25.04981649092482,314.7654862358942,307.80351417646483,25.261402237763114,3.9392066027184915,10.24200816475839,0.003174312719864275,25.074417734577114
2.4674891630543376,10.125872284169924,0.009918195470934655,25.04511880070201,314.64593307833445,307.5998685459619,25.17730976482384,3.993168337002307,10.240253646679006,0.0031753994072319823,25.070117789459378
2.5008336112037206,10.122526037123404,0.009906378661860072,25.040423910705595,314.5264771872947,307.39660011672373,25.093497226622098,4.047130071286122,10.238498828572771,0.0031764868390267943,25.0658171082616
2.5341780593531036,10.119184879367133,0.00989458408917302,25.035731817395995,314.40711847433965,307.19370786843723,25.009963691285446,4.101091805569936,10.23674371028554,0.0031775750159333503,25.061515690605585
2.5675225075024866,10.115848799015428,0.009882812188126975,25.031042517115896,314.28785684078457,306.9911907736256,24.926708230043566,4.155053539853752,10.234988291663093,0.003178663938649219,25.05721353611283
2.6008669556518695,10.112517784063884,0.009871063332308633,25.02635600610568,314.16869217899347,306.789047799025,24.843729917217896,4.209015274137567,10.233232572551104,0.0031797536078830907,25.052910644404577
2.6342114038012525,10.109191822408926,0.009859337841861795,25.021672280516814,314.049624373761,306.5872779067785,24.761027830211372,4.262977008421381,10.231476552795153,0.0031808440243532,25.048607015101762
2.6675558519506355,10.105870901864707,0.009847635990616369,25.016991336423487,313.93065330316296,306.38588005546734,24.67860104949815,4.316938742705196,10.22972023224071,0.0031819351887860154,25.044302647825035
2.7009003001000185,10.102555010177802,0.009835958012261038,25.01231316983267,313.81177883958287,306.1848532010058,24.59644865861338,4.370900476989012,10.227963610733124,0.0031830271019152485,25.039997542194747
2.7342447482494014,10.099244135039907,0.009824304105713872,25.007637776692928,313.69300085046507,305.98419629741386,24.514569744143035,4.424862211272826,10.22620668811764,0.0031841197644812006,25.035691697830952
2.7675891963987844,10.095938264098715,0.00981267443971622,25.002965152901893,313.57431919895845,305.78390829747775,24.43296339571375,4.478823945556641,10.224449464239395,0.0031852131772295753,25.03138511435338
2.800933644548167,10.09263738496754,0.009801069156874348,24.998295294312946,313.45573374454557,305.5839881533333,24.351628705982677,4.532785679840456,10.222691938943381,0.003186307340911044,25.02707779138147
2.83427809269755,10.089341485233541,0.009789488377143838,24.993628196740893,313.33724434352905,305.3844348169637,24.270564770627416,4.586747414124271,10.220934112074493,0.0031874022562800924,25.022769728534342
2.867622540846933,10.086050552464743,0.009777932200813588,24.988963855966876,313.2188508494752,305.18524724062297,24.189770688335983,4.640709148408086,10.219175983477488,0.0031884979240952875,25.018460925430787
2.900966988996316,10.08276457421632,0.009766400711139248,24.98430226774274,313.10055311360816,304.9864243772148,24.109245560796733,4.694670882691901,10.217417552997004,0.0031895943451191455,25.0141513816893
2.934311437145699,10.07948353803588,0.009754893976608715,24.97964342779474,312.9823509851077,304.7879651806089,24.028988492688423,4.748632616975716,10.21565882047755,0.003190691520117416,25.009841096928046
2.967655885295082,10.076207431468106,0.009743412052883734,24.974987331826757,312.86424431143894,304.58986860591926,23.948998591670225,4.802594351259531,10.213899785763516,0.0031917894498581763,25.00553007076487
3.001000333444465,10.072936242058715,0.009731954984514402,24.970333975523143,312.74623293855956,304.39213360973986,23.869274968371823,4.856556085543346,10.212140448699149,0.0031928881351111905,25.001218302817296
3.034344781593848,10.069669957357956,0.009720522806413652,24.96568335455115,312.62831671115816,304.1947591503521,23.78981673638353,4.910517819827161,10.210380809128566,0.0031939875766479227,24.996905792702517
3.0676892297432308,10.066408564923588,0.009709115545121733,24.96103546456305,312.51049547284816,303.99774418790093,23.710623012246387,4.964479554110976,10.208620866895762,0.003195087775242666,24.992592540037407
3.1010336778926137,10.063152052323442,0.009697733219923387,24.956390301197985,312.39276906629203,303.8010876845445,23.63169291544242,5.018441288394791,10.206860621844612,0.003196188731674515,24.98827854443851
3.1343781260419967,10.059900407137688,0.00968637584380525,24.95174786008357,312.2751373333957,303.60478860458704,23.55302556838477,5.072403022678606,10.205100073818844,0.0031972904467220337,24.983963805522066
3.1677225741913797,10.056653616960734,0.00967504342428423,24.947108136837286,312.15760011536986,303.40884591458826,23.474620096407975,5.12636475696242,10.203339222662052,0.003198392921165083,24.97964832290395
3.2010670223407622,10.053411669402927,0.00966373596413376,24.942471127067673,312.04015725289906,303.2132585834608,23.39647562775825,5.180326491246236,10.201578068217703,0.0031994961557852137,24.97533209619975
3.234411470490145,10.050174552091951,0.009652453462004495,24.937836826375413,311.92280858615993,303.0180255825499,23.31859129358378,5.234288225530051,10.199816610329139,0.003200600151365974,24.97101512502468
3.267755918639528,10.04694225267409,0.009641195912969296,24.933205230354222,311.80555395496765,302.8231458857037,23.24096622792506,5.288249959813865,10.198054848839543,0.0032017049086929786,24.966697408993657
3.301100366788911,10.043714758815291,0.009629963308994067,24.92857633459166,311.6883931988202,302.6286184693323,23.16359956770527,5.3422116940976805,10.196292783592003,0.003202810428553308,24.96237894772126
3.334444814938294,10.040492058202094,0.009618755639342856,24.923950134669827,311.57132615693064,302.434442312458,23.08649045272069,5.396173428381496,10.19453041442944,0.0032039167117347985,24.958059740821735
3.367789263087677,10.03727413854239,0.009607572890934992,24.919326626165965,311.45435266831583,302.2406163967556,23.009638025631112,5.45013516266531,10.192767741194658,0.0032050237590256474,24.953739787908987
3.40113371123706,10.034060987566143,0.009596415048648764,24.91470580465298,311.3374725718357,302.04713970659054,22.933041431950322,5.504096896949125,10.191004763730295,0.00320613157121486,24.949419088596592
3.434478159386443,10.030852593025926,0.009585282095589929,24.910087665699923,311.2206857062038,301.8540112290449,22.85669982003661,5.5580586312329405,10.189241481878895,0.0032072401490940514,24.945097642497803
3.467822607535826,10.027648942697454,0.009574174013321769,24.905472204872364,311.10399191005405,301.6612299539441,22.78061234108327,5.612020365516756,10.187477895482859,0.003208349493459087,24.94077544922554
3.501167055685209,10.024450024379993,0.009563090782065227,24.900859417732768,310.9873910219586,301.4687948738761,22.704778149109202,5.66598209980057,10.185714004384437,0.0032094596051032323,24.936452508392378
3.534511503834592,10.021255825896715,0.009552032380873737,24.89624929984079,310.87088288044305,301.27670498420656,22.62919640094948,5.719943834084385,10.18394980842574,0.003210570484821487,24.932128819610572
3.567855951983975,10.018066335095043,0.009540998787782686,24.891641846753547,310.75446732403736,301.08495928309384,22.55386625624596,5.773905568368201,10.18218530744877,0.003211682133410086,24.92780438249203
3.601200400133358,10.01488153984684,0.00952998997994214,24.887037054025864,310.63814419125146,300.89355677149507,22.478786877438,5.827867302652015,10.180420501295364,0.0032127945516669935,24.923479196648316
3.6345448482827405,10.0117014280487,0.009519005933728545,24.882434917210453,310.52191332061886,300.7024964531771,22.40395742975307,5.88182903693583,10.178655389807233,0.0032139077403917954,24.91915326169069
3.6678892964321235,10.008525987622068,0.00950804662484541,24.87783543185815,310.40577455071434,300.5117773347189,22.329377081197524,5.935790771219645,10.176889972825965,0.0032150217003850826,24.91482657723005
3.7012337445815064,10.005355206513457,0.009497112028407194,24.873238593518007,310.28972772016425,300.3213984255178,22.255045002547337,5.98975250550346,10.175124250192992,0.0032161364324478255,24.91049914287696
3.7345781927308894,10.002189072694499,0.009486202119015082,24.868644397737484,310.1737726676408,300.1313587377877,22.18096036733887,6.043714239787275,10.173358221749613,0.0032172519373812585,24.906170958241656
3.7679226408802724,9.99902757416211,0.009475316870820793,24.864052840062556,310.057909231892,299.94165728656264,22.107122351859694,6.09767597407109,10.171591887336993,0.0032183682159877963,24.90184202293402
3.8012670890296554,9.995870698938537,0.009464456257582942,24.859463916037836,309.94213725174467,299.752293089694,22.03353013513944,6.1516377083549045,10.169825246796146,0.003219485269073445,24.89751233656361
3.8346115371790384,9.992718435071428,0.009453620252716049,24.854877621206654,309.8264565661037,299.56326516784907,21.960182898940648,6.20559944263872,10.168058299967987,0.0032206030974456126,24.89318189873966
3.8679559853284213,9.989570770633867,0.009442808829332267,24.850293951111162,309.7108670139508,299.3745725445075,21.887079827749687,6.259561176922535,10.166291046693255,0.0032217217019102945,24.888850709071036
3.9013004334778043,9.986427693724462,0.009432021960279247,24.84571290129242,309.5953684343853,299.1862142459606,21.81422010876768,6.313522911206349,10.164523486812566,0.003222841083275258,24.884518767166277
3.9346448816271873,9.983289192467291,0.009421259618170735,24.84113446729043,309.4799606665967,298.99818930130266,21.74160293190148,6.367484645490165,10.16275562016639,0.0032239612423496026,24.880186072633578
3.9679893297765703,9.980155255011965,0.009410521775416167,24.83655864464425,309.3646435498648,298.8104967424288,21.669227489754636,6.42144637977398,10.16098744659507,0.003225082179944187,24.87585262508081
4.001333777925953,9.977025869533632,0.009399808404242885,24.83198542889201,309.24941692360477,298.62313560403,21.597092977618445,6.475408114057794,10.159218965938809,0.0032262038968712396,24.871518424115493
4.034678226075336,9.973901024232973,0.009389119476719188,24.827414815570993,309.13428062731583,298.43610492358664,21.52519859346298,6.529369848341609,10.157450178037664,0.003227326393943673,24.867183469344802
4.068022674224719,9.970780707336157,0.00937845496477106,24.82284680021766,309.0192345006263,298.24940374136077,21.4535435379282,6.583331582625425,10.155681082731556,0.0032284496719745875,24.86284776037557
4.101367122374102,9.967664907094889,0.009367814840199154,24.818281378367715,308.9042783832723,298.0630311003929,21.382127014315042,6.63729331690924,10.153911679860274,0.003229573731777539,24.85851129681429
4.134711570523485,9.964553611786325,0.009357199074692383,24.81371854555612,308.7894121151074,297.8769860464917,21.310948228576557,6.691255051193054,10.152141969263436,0.003230698574168037,24.854174078267114
4.168056018672868,9.961446809713113,0.00934660763983975,24.809158297317165,308.674635536109,297.69126762823066,21.240006389309105,6.745216785476869,10.150371950780574,0.0032318241999658966,24.849836104339857
4.201400466822251,9.958344489203318,0.009336040507141754,24.80460062918447,308.5599484863919,297.5058748969383,21.16930070774354,6.799178519760685,10.148601624251045,0.0032329506099892783,24.84549737463799
4.234744914971634,9.955246638610404,0.009325497648018356,24.800045536691044,308.4453508061449,297.32080690669125,21.098830397736435,6.853140254044499,10.146830989514065,0.0032340778050571773,24.841157888766638
4.268089363121017,9.952153246313225,0.009314979033818702,24.7954930153693,308.3308423357414,297.1360627143086,21.02859467576136,6.907101988328314,10.145060046408735,0.00323520578598984,24.836817646330573
4.3014338112704,9.949064300715959,0.00930448463582621,24.790943060751076,308.2164229156328,296.9516413793422,20.95859276090016,6.9610637226121295,10.143288794773992,0.0032363345536091576,24.83247664693424
4.334778259419783,9.945979790248067,0.009294014425266726,24.786395668367685,308.1020923864295,296.767541964069,20.888823874834266,7.015025456895944,10.141517234448642,0.0032374641087387196,24.82813489018173
4.3681227075691655,9.942899703364311,0.009283568373312193,24.78185083374992,307.9878505888442,296.5837635334864,20.819287241836044,7.068987191179759,10.13974536527135,0.0032385944522032462,24.82379237567678
4.4014671557185485,9.93982402854462,0.009273146451086622,24.777308552428096,307.87369736372995,296.40030515529907,20.74998208876018,7.122948925463574,10.137973187080643,0.0032397255848279106,24.81944910302281
4.4348116038679315,9.93675275429415,0.009262748629669674,24.772768819932047,307.7596325520751,296.21716589991706,20.68090764503508,7.176910659747389,10.136200699714895,0.0032408575074380683,24.815105071822856
4.4681560520173145,9.933685869143158,0.009252374880100195,24.768231631791195,307.64565599497615,296.0343448404434,20.612063142654293,7.230872394031204,10.134427903012357,0.003241990220859901,24.810760281679627
4.5015005001666974,9.930623361647001,0.009242025173380165,24.763696983534505,307.5317675336884,295.85184105266757,20.543447816167976,7.284834128315019,10.132654796811119,0.003243123725922554,24.80641473219549
4.53484494831608,9.927565220386096,0.00923169948047633,24.759164870690572,307.41796700957593,295.6696536150589,20.47506090267439,7.338795862598834,10.130881380949155,0.0032442580234586,24.802068422972457
4.568189396465463,9.92451143396584,0.009221397772324334,24.754635288787604,307.30425426413433,295.4877816087561,20.40690164181142,7.392757596882649,10.12910765526428,0.003245393114297851,24.797721353612207
4.601533844614846,9.921461991016608,0.009211120019828956,24.750108233353448,307.1906291390062,295.3062241175617,20.338969275748102,7.446719331166464,10.12733361959418,0.0032465289992722112,24.79337352371605
4.634878292764229,9.918416880193652,0.009200866193868153,24.745583699915617,307.07709147594653,295.12498022793113,20.271263049176216,7.500681065450279,10.125559273776373,0.003247665679214745,24.789024932884953
4.668222740913612,9.915376090177121,0.009190636265293015,24.7410616840013,306.96364111685824,294.9440490289684,20.203782209301874,7.5546427997340935,10.12378461764826,0.003248803154960305,24.78467558071954
4.701567189062994,9.912339609671953,0.009180430204930534,24.736542181137395,306.85027790376745,294.7634296124146,20.136526005837172,7.608604534017909,10.1220096510471,0.003249941427345326,24.780325466820088
4.734911637212377,9.909307427407866,0.009170247983584583,24.732025186850496,306.73700167884436,294.5831210726421,20.069493690991816,7.662566268301724,10.120234373809996,0.003251080497207124,24.77597459078652
4.76825608536176,9.906279532139294,0.009160089572036876,24.727510696666958,306.6238122843702,294.40312250664573,20.002684519464843,7.716528002585538,10.118458785773923,0.0032522203653833023,24.77162295221841
4.801600533511143,9.903255912645331,0.009149954941049011,24.722998706112875,306.5107095627862,294.2234330140342,19.936097748436296,7.7704897368693535,10.116682886775695,0.0032533610327117454,24.767270550714972
4.834944981660526,9.900236557729706,0.009139844061362104,24.71848921071413,306.3976933566583,294.0440516970232,19.869732637559,7.824451471153169,10.114906676651993,0.003254502500031755,24.762917385875074
4.868289429809909,9.89722145622074,0.009129756903699531,24.71398220599637,306.2847635086684,293.8649776604285,19.80358844895031,7.878413205436983,10.113130155239352,0.0032556447681867614,24.758563457297235
4.901633877959292,9.894210596971229,0.009119693438765682,24.709477687485066,306.1719198616581,293.6862100116533,19.737664447183917,7.932374939720798,10.111353322374184,0.0032567878380206834,24.754208764579634
4.934978326108675,9.891203968858493,0.009109653637248732,24.704975650705506,306.05916225859227,293.50774786068604,19.67195989928166,7.986336674004614,10.109576177892732,0.003257931710376528,24.74985330732008
4.968322774258058,9.888201560784259,0.009099637469819875,24.70047609118283,305.94649054257826,293.32959032008876,19.606474074705385,8.040298408288429,10.107798721631111,0.0032590763860990196,24.74549708511604
5.001667222407441,9.885203361674648,0.009089644907134785,24.695979004442023,305.83390455683207,293.1517365049913,19.541206245348828,8.094260142572244,10.106020953425269,0.0032602218660343716,24.74114009756461
5.035011670556824,9.882209360480093,0.009079675919834114,24.691484386007946,305.72140414474603,292.97418553308114,19.476155685529495,8.148221876856057,10.104242873111053,0.003261368151030614,24.736782344262558
5.068356118706207,9.879219546175317,0.009069730478543632,24.686992231405362,305.60898914980595,292.7969365245973,19.411321671980627,8.202183611139873,10.102464480524127,0.003262515241937157,24.732423824806283
5.10170056685559,9.87623390775928,0.009059808553875707,24.682502536158932,305.49665941566667,292.61998860232245,19.34670348384314,8.256145345423688,10.10068577550002,0.003263663139604053,24.72806453879183
5.135045015004973,9.873252434255129,0.00904991011642838,24.678015295793244,305.3844147861093,292.44334089157445,19.282300402657597,8.310107079707503,10.09890675787414,0.0032648118448815574,24.723704485814903
5.168389463154356,9.870275114710136,0.009040035136787666,24.67353050583284,305.27225510503445,292.2669925201985,19.218111712356258,8.364068813991318,10.097127427481698,0.0032659613586204822,24.719343665470813
5.201733911303739,9.86730193819567,0.009030183585526007,24.6690481618022,305.1601802164975,292.0909426185601,19.154136699255066,8.418030548275134,10.095347784157813,0.0032671116816739144,24.71498207735455
5.235078359453122,9.864332893807136,0.009020355433204423,24.664568259225785,305.0481899646847,291.9151903195364,19.09037465204577,8.471992282558947,10.093567827737438,0.0032682628148993794,24.71061972106074
5.268422807602505,9.861367970663917,0.009010550650371912,24.660090793628054,304.9362841939077,291.7397347585085,19.02682486178797,8.525954016842762,10.091787558055392,0.0032694147591521908,24.70625659618366
5.301767255751888,9.858407157909362,0.009000769207566074,24.655615760533475,304.8244627486482,291.5645750733556,18.963486621901254,8.579915751126578,10.090006974946329,0.0032705675152889706,24.701892702317217
5.335111703901271,9.855450444710687,0.00899101107531395,24.65114315546652,304.7127254734801,291.38971040444426,18.90035922815735,8.633877485410393,10.088226078244764,0.003271721084167608,24.697528039054955
5.368456152050654,9.852497820258957,0.008981276224131423,24.64667297395172,304.6010722131415,291.2151398946225,18.837441978672263,8.687839219694208,10.086444867785085,0.003272875466647758,24.693162605990075
5.401800600200037,9.849549273769052,0.008971564624524997,24.642205211513655,304.4895028125094,291.0408626892133,18.77473417389852,8.741800953978023,10.0846633434015,0.0032740306635908314,24.688796402715415
5.43514504834942,9.846604794479584,0.008961876246990345,24.63773986367697,304.3780171165791,290.866877936005,18.71223511661735,8.795762688261838,10.08288150492812,0.003275186675859349,24.684429428823453
5.468489496498803,9.84366437165285,0.008952211062014553,24.633276925966413,304.26661497049867,290.69318478524303,18.64994411193095,8.849724422545652,10.081099352198857,0.0032763435043162746,24.680061683906313
5.501833944648186,9.840727994574817,0.008942569040074778,24.628816393906813,304.15529621956716,290.5197823896255,18.587860467254764,8.903686156829467,10.079316885047502,0.0032775011498247845,24.67569316755574
5.535178392797569,9.837795652555045,0.008932950151639706,24.624358263023144,304.04406070917724,290.3466699042928,18.525983492309763,8.957647891113282,10.077534103307695,0.0032786596132491097,24.671323879363133
5.568522840946951,9.834867334926656,0.008923354367169477,24.6199025288405,303.9329082848969,290.1738464868221,18.464312499114794,9.011609625397098,10.075751006812943,0.0032798188954569394,24.666953818919524
5.601867289096334,9.83194303104627,0.008913781657115687,24.615449186884117,303.8218387924282,290.00131129721797,18.402846801978907,9.065571359680913,10.07396759539659,0.003280978997318706,24.662582985815614
5.635211737245717,9.829022730293957,0.008904231991922628,24.61099823267942,303.71085207759813,289.82906349790585,18.341585717493757,9.119533093964728,10.072183868891836,0.0032821399197023858,24.658211379641706
5.6685561853951,9.826106422073215,0.00889470534202616,24.606549661752002,303.5999479863924,289.6571022537254,18.280528564525973,9.173494828248542,10.070399827131745,0.003283301663478156,24.653838999987745
5.701900633544483,9.823194095810898,0.008885201677855805,24.602103469627668,303.48912636490724,289.48542673192225,18.219674664209624,9.227456562532357,10.068615469949211,0.0032844642295174896,24.649465846443324
5.735245081693866,9.820285740957152,0.008875720969833072,24.597659651832423,303.37838705938873,289.3140361021391,18.15902333993864,9.281418296816172,10.066830797177,0.003285627618693762,24.645091918597675
5.768589529843249,9.817381346985423,0.008866263188373486,24.593218203892505,303.26772991624324,289.14292953641194,18.09857391735929,9.335380031099987,10.065045808647731,0.003286791831881923,24.64071721603967
5.801933977992632,9.814480903392344,0.008856828303885744,24.58877912133441,303.15715478198956,288.97210620915894,18.03832572436271,9.389341765383802,10.063260504193863,0.003287956869957756,24.636341738357796
5.835278426142015,9.811584399697741,0.008847416286772419,24.58434239968488,303.0466615032888,288.80156529717624,17.978278091077403,9.443303499667618,10.061474883647717,0.0032891227337973074,24.631965485140203
5.868622874291398,9.808691825444553,0.008838027107430502,24.579908034470943,302.93624992695857,288.63130597962845,17.918430349861808,9.497265233951431,10.059688946841446,0.0032902894242770393,24.627588455974642
5.901967322440781,9.8058031701988,0.008828660736250868,24.575476021219913,302.8259198999407,288.46132743804253,17.85878183529687,9.551226968235246,10.05790269360707,0.0032914569422752486,24.623210650448524
5.935311770590164,9.802918423549519,0.008819317143619892,24.57104635545942,302.71567126931427,288.2916288562998,17.799331884178635,9.605188702519062,10.056116123776471,0.0032926252886748253,24.618832068148897
5.968656218739547,9.800037575108735,0.008809996299917956,24.56661903271741,302.6055038823116,288.1222094206293,17.740079835510887,9.659150436802877,10.054329237181376,0.0032937944643576978,24.614452708662444
6.00200066688893,9.79716061451141,0.008800698175521555,24.562194048522173,302.4954175862936,287.9530683196008,17.6810250304978,9.713112171086692,10.052542033653342,0.0032949644702060933,24.610072571575458
6.035345115038313,9.79428753141538,0.008791422740802036,24.557771398402355,302.38541222877404,287.7842047441163,17.6221668125366,9.767073905370507,10.050754513023797,0.0032961353071037374,24.605691656473887
6.068689563187696,9.791418315501339,0.008782169966126852,24.553351077886962,302.2754876573835,287.6156178874053,17.56350452721028,9.821035639654323,10.048966675124017,0.003297306975936065,24.6013099629433
6.102034011337079,9.788552956472751,0.008772939821859544,24.5489330825054,302.16564371992706,287.4473069450143,17.505037522280308,9.874997373938136,10.047178519785122,0.0032984794775903813,24.596927490568902
6.1353784594864615,9.78569144405584,0.008763732278359608,24.544517407787463,302.0558802643181,287.27927111480295,17.44676514767939,9.928959108221951,10.045390046838095,0.003299652812955278,24.59254423893554
6.1687229076358445,9.782833767999525,0.008754547305983788,24.540104049263373,301.94619713862306,287.1115095969354,17.38868675550424,9.982920842505767,10.043601256113762,0.0033008269829199375,24.588160207627684
6.2020673557852275,9.77997991807537,0.008745384875084822,24.535693002463773,301.8365941910579,286.94402159387255,17.330801700008355,10.036882576789582,10.041812147442787,0.0033020019883737706,24.583775396229427
6.2354118039346105,9.777129884077555,0.008736244956013502,24.531284262919755,301.72707126996005,286.77680631036714,17.273109337594867,10.090844311073397,10.04002272065569,0.00330317783020706,24.579389804324485
6.2687562520839935,9.774283655822815,0.008727127519117084,24.52687782616287,301.6176282238344,286.60986295345504,17.215609026809375,10.144806045357212,10.038232975582854,0.003304354509313082,24.57500343149622
6.302100700233376,9.771441223150383,0.00871803253474101,24.522473687725157,301.5082649013036,286.44319073244793,17.158300128332787,10.198767779641026,10.036442912054499,0.0033055320265889462,24.570616277327645
6.335445148382759,9.768602575921962,0.008708959973228441,24.518071843139136,301.3989811511416,286.2767888589276,17.101182004974266,10.25272951392484,10.034652529900702,0.00330671038292898,24.56622834140136
6.368789596532142,9.765767704021691,0.008699909804920478,24.51367228793784,301.2897768222659,286.1106565467393,17.044254021664095,10.306691248208656,10.032861828951372,0.003307889579229675,24.561839623299615
6.4021340446815245,9.762936597356061,0.008690882000157127,24.50927501765482,301.180651763728,285.94479301198305,16.98751554544664,10.360652982492471,10.03107080903629,0.0033090696163888033,24.55745012260428
6.4354784928309074,9.760109245853906,0.008681876529276288,24.504880027824175,301.07160582472346,285.7791974730087,16.930965945473307,10.414614716776287,10.029279469985067,0.0033102504953060716,24.553059838896857
6.46882294098029,9.757285639466314,0.008672893362615692,24.50048731398054,300.96263885460036,285.6138691504067,16.874604592995528,10.468576451060102,10.027487811627168,0.00331143221688289,24.548668771758482
6.502167389129673,9.754465768166622,0.008663932470511235,24.496096871659127,300.8537507028383,285.4488072670033,16.818430861357776,10.522538185343917,10.025695833791923,0.0033126147820216447,24.54427692076991
6.535511837279056,9.75164962195036,0.0086549938232989,24.491708696395733,300.7449412190552,285.2840110478538,16.762444125990587,10.57649991962773,10.02390353630848,0.003313798191625087,24.53988428551152
6.568856285428439,9.748837190835198,0.00864607739131398,24.48732278372675,300.6362102530212,285.11947972023455,16.70664376440362,10.630461653911546,10.022110919005845,0.0033149824465963347,24.535490865563315
6.602200733577822,9.746028464860885,0.008637183144891597,24.48293912918918,300.5275576546492,284.95521251363584,16.65102915617874,10.684423388195361,10.020317981712868,0.0033161675478401323,24.53109666050491
6.635545181727205,9.74322343408924,0.008628311054367347,24.478557728320656,300.41898327398616,284.7912086597571,16.595599682963126,10.738385122479176,10.01852472425828,0.003317353496265692,24.52670166991559
6.668889629876588,9.740422088604065,0.008619461090076636,24.47417857665945,300.3104869612292,284.6274673924979,16.540354728462365,10.792346856762991,10.016731146470617,0.0033185402927822676,24.522305893374227
6.702234078025971,9.73762441851114,0.008610633222356287,24.469801669744495,300.2020685667057,284.4639879479533,16.48529367843364,10.846308591046807,10.014937248178281,0.003319727938298732,24.517909330459325
6.735578526175354,9.734830413938157,0.00860182742154304,24.465427003115387,300.09372794091416,284.30076956440604,16.430415920678875,10.90027032533062,10.013143029209518,0.003320916433725657,24.51351198074901
6.768922974324737,9.732040065034656,0.008593043657975462,24.461054572312424,299.9854649344691,284.1378114823193,16.375720845037932,10.954232059614435,10.01134848939242,0.0033221057799753028,24.509113843821034
6.80226742247412,9.729253361972022,0.00858428190199301,24.45668437287659,299.8772793981382,283.97511294433167,16.321207843381835,11.00819379389825,10.009553628554922,0.003323295977961871,24.50471491925277
6.835611870623503,9.726470294943384,0.008575542123936762,24.452316400349588,299.76917118283217,283.8126731952482,16.266876309606005,11.062155528182066,10.007758446524821,0.0033244870286009854,24.50031520662122
6.868956318772886,9.723690854163646,0.008566824294149846,24.447950650273867,299.66114013960396,283.65049148203724,16.212725639623514,11.116117262465881,10.005962943129742,0.00332567893280894,24.495914705502994
6.902300766922269,9.72091502986936,0.008558128382976924,24.4435871181926,299.55318611964793,283.4885670538201,16.15875523135838,11.170078996749696,10.00416711819716,0.00332687169150231,24.491513415474333
6.935645215071652,9.71814281231874,0.008549454360765688,24.439225799649737,299.4453089743223,283.32689916186723,16.104964484738854,11.224040731033512,10.002370971554395,0.003328065305598474,24.487111336111084
6.968989663221035,9.715374191791584,0.008540802197865403,24.43486669018999,299.3375085550921,283.16548705958996,16.05135280169078,11.278002465317325,10.000574503028611,0.0033292597760176397,24.48270846698873
7.002334111370418,9.712609158589258,0.008532171864628865,24.430509785358872,299.2297847135982,283.00433000253577,15.997919586130912,11.33196419960114,9.99877771244683,0.0033304551036842317,24.47830480768237
7.035678559519801,9.709847703034603,0.00852356333141124,24.42615508070268,299.1221373016116,282.84342724837904,15.944664243960306,11.385925933884955,9.996980599635915,0.003331651289520005,24.473900357766723
7.069023007669184,9.707089815471958,0.00851497656857106,24.421802571768563,299.01456617105094,282.68277805691827,15.891586183057706,11.43988766816877,9.995183164422562,0.0033328483344487398,24.469495116816123
7.102367455818567,9.704335486267045,0.008506411546470449,24.41745225410448,298.9070711739859,282.5223816900655,15.838684813272966,11.493849402452586,9.993385406633314,0.003334046239395553,24.465089084404518
7.13571190396795,9.701584705806983,0.008497868235474673,24.413104123259227,298.7996521626122,282.3622374118439,15.785959546420488,11.547811136736401,9.991587326094583,0.0033352450052875383,24.460682260105486
7.169056352117333,9.698837464500203,0.00848934660595363,24.408758174782488,298.6923089892968,282.2023444883782,15.733409796272676,11.601772871020215,9.98978892263258,0.0033364446330535875,24.456274643492215
7.202400800266716,9.696093752776417,0.00848084662828036,24.4044144042248,298.58504150652794,282.0427021878896,15.681034978553424,11.65573460530403,9.98799019607341,0.003337645123623647,24.451866234137505
7.235745248416099,9.6933535610866,0.008472368272833016,24.400072807137605,298.47784956695165,281.88330978069075,15.628834510931615,11.709696339587845,9.986191146242984,0.0033388464779280807,24.447457031613776
7.269089696565481,9.690616879902874,0.00846391150999367,24.395733379073256,298.3707330233501,281.7241665391756,15.576807813014655,11.76365807387166,9.984391772967074,0.003340048696897631,24.443047035493066
7.302434144714864,9.687883699718565,0.008455476310149345,24.391396115585003,298.2636917286654,281.565271737818,15.52495430634201,11.817619808155476,9.982592076071274,0.0033412517814646546,24.43863624534702
7.335778592864247,9.685154011048061,0.008447062643692164,24.387061012227043,298.1567255359738,281.40662465316103,15.473273414378781,11.87158154243929,9.980792055381068,0.0033424557325659856,24.434224660746903
7.36912304101363,9.682427804426837,0.00843867048101896,24.38272806455452,298.0498342984953,281.2482245638137,15.421764562509287,11.925543276723104,9.978991710721738,0.003343660551138816,24.429812281263608
7.402467489163013,9.679705070411373,0.008430299792532703,24.378397268123546,297.94301786960364,281.0900707504429,15.370427178030683,11.97950501100692,9.977191041918433,0.003344866238119777,24.425399106467626
7.435811937312396,9.67698579957912,0.008421950548641045,24.374068618491194,297.83627610281474,280.9321624957678,15.319260690146592,12.033466745290735,9.97539004879613,0.0033460727944473207,24.420985135929058
7.469156385461779,9.67426998252847,0.008413622719758256,24.369742111215537,297.7296088517825,280.77449908455424,15.268264529960755,12.08742847957455,9.973588731179667,0.003347280221061615,24.416570369217624
7.502500833611162,9.671557609878686,0.008405316276304028,24.36541774185566,297.62301597032126,280.617079803607,15.217438130470706,12.141390213858365,9.971787088893695,0.003348488518904835,24.412154805902656
7.535845281760545,9.66884867226989,0.00839703118870449,24.36109550597164,297.5164973123986,280.4599039417657,15.166780926561465,12.19535194814218,9.96998512176274,0.003349697688920633,24.407738445553104
7.569189729909928,9.666143160362987,0.008388767427392375,24.356775399124615,297.4100527320886,280.30297078989645,15.116292354999265,12.249313682425996,9.968182829611157,0.003350907732053375,24.403321287737526
7.602534178059311,9.663441064839649,0.008380524962806588,24.35245741687676,297.3036820836501,280.14627964088777,15.065971854425285,12.303275416709809,9.96638021226313,0.003352118649247751,24.39890333202408
7.635878626208694,9.66074237640224,0.008372303765393663,24.348141554791304,297.1973852214855,279.98982978964204,15.015818865349397,12.357237150993624,9.964577269542692,0.0033533304414492945,24.394484577980535
7.669223074358077,9.658047085773813,0.00836410380560626,24.343827808432565,297.091162000119,279.8336205330721,14.965832830143965,12.41119888527744,9.962774001273726,0.0033545431096064725,24.390065025174287
7.70256752250746,9.655355183698028,0.008355925053905089,24.33951617336593,296.98501227424697,279.6776511700931,14.916013193037626,12.465160619561255,9.960970407279957,0.00335575665467199,24.385644673172326
7.735911970656843,9.652666660939147,0.00834776748075779,24.3352066451579,296.8789358986998,279.5219210016183,14.866359400109127,12.51912235384507,9.959166487384932,0.0033569710775958887,24.38122352154127
7.769256418806226,9.649981508281947,0.00833963105663981,24.3308992193761,296.77293272845793,279.36642933055055,14.81687089928116,12.573084088128885,9.957362241412069,0.003358186379330329,24.376801569847313
7.802600866955609,9.647299716531705,0.008331515752034654,24.32659389158927,296.6670026186541,279.21117546177817,14.767547140314212,12.627045822412699,9.955557669184584,0.0033594025608288665,24.372378817656287
7.835945315104992,9.644621276514162,0.008323421537433439,24.3222906573673,296.56114542456004,279.05615870216894,14.718387574800468,12.681007556696514,9.953752770525583,0.003360619623047093,24.367955264533613
7.869289763254375,9.641946179075457,0.008315348383336318,24.31798951228125,296.4553610016004,278.90137836056346,14.669391656157702,12.73496929098033,9.951947545257974,0.00336183756694243,24.363530910044332
7.9026342114037575,9.639274415082102,0.008307296260250951,24.313690451903327,296.34964920533486,278.7468337477692,14.620558839623193,12.788931025264144,9.950141993204522,0.0033630563934733807,24.35910575375309
7.9359786595531405,9.636605975420919,0.008299265138694412,24.309393471806942,296.24400989150274,278.59252417655443,14.57188858224769,12.84289275954796,9.94833611418783,0.0033642761035988958,24.354679795224126
7.9693231077025235,9.633940850999018,0.008291254989192207,24.305098567566702,296.13844291594364,278.4384489616431,14.523380342889345,12.896854493831775,9.946529908030334,0.003365496698278383,24.35025303402129
8.002667555851906,9.63127903274375,0.00828326578227889,24.30080573475842,296.0329481346895,278.28460741970815,14.47503358220773,12.950816228115588,9.944723374554306,0.00336671817847301,24.345825469708025
8.03601200400129,9.628620511602664,0.008275297488498562,24.29651496895915,295.92752540389796,278.13099886936664,14.426847762657804,13.004777962399404,9.94291651358187,0.0033679405451485806,24.341397101847413
8.069356452150672,9.625965278543449,0.008267350078404238,24.29222626574717,295.822174579879,277.97762263117215,14.378822348483974,13.058739696683219,9.941109324934986,0.0033691637992708406,24.336967930002114
8.102700900300055,9.623313324553916,0.008259423522559319,24.28793962070202,295.71689551908975,277.8244780276108,14.330956805714102,13.112701430967034,9.939301808435454,0.003370387941805394,24.332537953734402
8.136045348449437,9.62066464064193,0.00825151779153611,24.2836550294045,295.61168807813476,277.67156438309377,14.283250602153604,13.16666316525085,9.937493963904911,0.003371612973719629,24.32810717260614
8.169389796598821,9.618019217835394,0.00824363285591757,24.279372487436707,295.5065521137647,277.51888102395293,14.235703207379494,13.220624899534664,9.93568579116482,0.0033728388959827615,24.323675586178798
8.202734244748203,9.61537704718219,0.008235768686296554,24.27509199038202,295.401487482887,277.36642727843423,14.18831409273452,13.27458663381848,9.933877290036497,0.0033740657095660456,24.31924319401346
8.236078692897587,9.612738119750142,0.008227925253276166,24.270813533825127,295.29649404255895,277.21420247669255,14.141082731321273,13.328548368102293,9.9320684603411,0.0033752934154422124,24.314809995670803
8.26942314104697,9.610102426626968,0.008220102527470506,24.26653711335203,295.19157164998217,277.06220595078463,14.094008597996323,13.382510102386108,9.930259301899602,0.003376522014584704,24.310375990711105
8.302767589196353,9.607469958920259,0.008212300479503765,24.262262724550094,295.0867201624964,276.91043703466573,14.047091169364386,13.436471836669924,9.928449814532826,0.0033777515079673245,24.305941178694237
8.336112037345735,9.6048407077574,0.008204519080011874,24.25799036300799,294.9819394375999,276.75889506418105,14.000329923772508,13.490433570953739,9.926639998061441,0.003378981896564905,24.30150555917967
8.36945648549512,9.60221466428556,0.008196758299641022,24.253720024315793,294.87722933294987,276.60757937706194,13.953724341304254,13.544395305237554,9.92482985230594,0.003380213181355564,24.29706913172649
8.402800933644501,9.599591819671643,0.008189018109049167,24.249451704064917,294.77258970633613,276.45648931292016,13.907273903773945,13.59835703952137,9.923019377086668,0.0033814453633212015,24.292631895893376
8.436145381793885,9.59697216510223,0.008181298478905636,24.24518539784819,294.6680204157111,276.30562421324095,13.860978094720876,13.652318773805183,9.921208572223781,0.003382678443441126,24.2881938512386
8.469489829943267,9.594355691783573,0.008173599379891122,24.240921101259826,294.5635213191708,276.15498342137954,13.814836399403596,13.706280508088998,9.919397437537306,0.0033839124226969957,24.283754997320024
8.502834278092651,9.591742390941517,0.00816592078269873,24.236658809895463,294.45909227495116,276.00456628255347,13.768848304794156,13.760242242372813,9.91758597284708,0.0033851473020719484,24.27931533369513
8.536178726242033,9.58913225382146,0.008158262658032796,24.232398519352163,294.35473314145327,275.85437214383705,13.723013299572434,13.814203976656628,9.91577417797278,0.003386383082551243,24.274874859920978
8.569523174391415,9.586525271688343,0.008150624976610583,24.22814022522843,294.25044377723157,275.70440035415777,13.677330874120436,13.868165710940444,9.913962052733917,0.0033876197651219494,24.270433575554225
8.6028676225408,9.583921435826582,0.008143007709161027,24.22388392312422,294.1462240409636,275.5546502642888,13.631800520516622,13.922127445224259,9.912149596949863,0.0033888573507721764,24.265991480151143
8.636212070690181,9.581320737540048,0.008135410826425878,24.21962960864096,294.0420737915081,275.4051212268449,13.586421732530283,13.976089179508074,9.910336810439786,0.0033900958404904547,24.26154857326757
8.669556518839565,9.578723168151997,0.008127834299159649,24.215377277381556,293.93799288785493,275.2558125962755,13.541194005615882,14.030050913791888,9.908523693022723,0.003391335235265899,24.257104854458955
8.702900966988947,9.576128719005041,0.008120278098129319,24.211126924950396,293.8339811891444,275.1067237288594,13.496116836907468,14.084012648075703,9.90671024451751,0.0033925755360897816,24.252660323280338
8.736245415138331,9.57353738146113,0.008112742194115586,24.206878546953405,293.7300385546756,274.95785398270084,13.451189725213077,14.137974382359518,9.90489646474286,0.0033938167439582882,24.248214979286356
8.769589863287713,9.570949146901482,0.008105226557911495,24.202632138998,293.62616484390566,274.8092027177226,13.406412171009155,14.191936116643333,9.90308235351729,0.0033950588598663906,24.243768822031246
8.802934311437097,9.568364006726535,0.00809773116032413,24.198387696693135,293.5223599164188,274.66076929565963,13.361783676435008,14.245897850927149,9.90126791065917,0.003396301884809896,24.239321851068812
8.83627875958648,9.565781952355952,0.008090255972173697,24.19414521564932,293.4186236319584,274.51255308005653,13.31730374528727,14.299859585210964,9.899453135986686,0.0033975458197862502,24.234874065952486
8.869623207735863,9.56320297522854,0.008082800964294095,24.189904691478617,293.3149558504365,274.36455343626005,13.272971883014375,14.353821319494777,9.897638029317866,0.0033987906657949127,24.230425466235253
8.902967655885245,9.560627066802212,0.00807536610753341,24.185666119794657,293.21135643189695,274.2167697314132,13.228787596711076,14.407783053778592,9.895822590470582,0.003400036423837389,24.225976051469726
8.936312104034629,9.558054218553963,0.008067951372753205,24.181429496212658,293.1078252365317,274.0692013344516,13.184750395112944,14.461744788062408,9.894006819262525,0.0034012830949165926,24.221525821208083
8.969656552184011,9.555484421979832,0.008060556730829978,24.177194816349445,293.0043621247003,273.92184761609775,13.140859788590927,14.515706522346223,9.89219071551123,0.003402530680036066,24.217074775002096
9.003001000333395,9.552917668594828,0.00805318215265373,24.172962075823428,292.9009669569007,273.77470794885375,13.097115289145881,14.569668256630038,9.890374279034047,0.003403779180199778,24.212622912403134
9.036345448482777,9.550353949932934,0.008045827609129492,24.168731270254668,292.79763959378465,273.62778170699875,13.05351641040317,14.623629990913853,9.888557509648178,0.0034050285964130405,24.208170232962143
9.06968989663216,9.547793257547037,0.008038493071176824,24.164502395264844,292.69437989616875,273.48106826658193,13.010062667607242,14.677591725197669,9.886740407170647,0.0034062789296852155,24.20371673622967
9.103034344781543,9.545235583008903,0.00803117850972984,24.160275446477282,292.59118772499403,273.33456700541797,12.966753577616247,14.731553459481482,9.884922971418323,0.0034075301810279845,24.19926242175585
9.136378792930927,9.54268091790912,0.008023883895738243,24.156050419516983,292.48806294138063,273.18827730308055,12.923588658896657,14.785515193765297,9.883105202207899,0.0034087823514513046,24.1948072890904
9.169723241080309,9.540129253857081,0.008016609200166102,24.15182731001061,292.3850054065747,273.04219854089905,12.880567431517917,14.839476928049113,9.88128709935589,0.0034100354419674176,24.19035133778262
9.203067689229693,9.537580582480926,0.008009354393993482,24.14760611358652,292.2820149819989,272.89633010195155,12.837689417147114,14.893438662332928,9.879468662678661,0.0034112894535902566,24.1858945673814
9.236412137379075,9.535034895427504,0.008002119448215333,24.14338682587476,292.1790915292091,272.7506713710606,12.794954139043654,14.947400396616743,9.877649891992393,0.0034125443873359402,24.181436977435222
9.269756585528459,9.532492184362358,0.00799490433384236,24.13916944250709,292.07623490992484,272.6052217347883,12.752361122053948,15.001362130900558,9.875830787113115,0.0034138002442223054,24.176978567492142
9.30310103367784,9.52995244096963,0.007987709021901232,24.134953959117,291.9734449860123,272.459980581429,12.70990989260616,15.055323865184372,9.874011347856671,0.003415057025268121,24.17251933709982
9.336445481827225,9.527415656952087,0.007980533483434027,24.130740371339712,291.8707216194961,272.3149473010073,12.66759997870491,15.109285599468187,9.87219157403874,0.003416314731492593,24.168059285805473
9.369789929976607,9.524881824031034,0.007973377689499626,24.126528674812203,291.7680646725364,272.1701212852703,12.625430909926044,15.163247333752002,9.870371465474832,0.0034175733639157644,24.16359841315591
9.403134378125989,9.522350933946303,0.007966241611172244,24.1223188651732,291.6654740074652,272.0255019276841,12.583402217411404,15.217209068035817,9.8685510219803,0.0034188329235604886,24.159136718697525
9.436478826275373,9.519822978456185,0.007959125219543029,24.11811093806321,291.56294948675486,271.88108862342716,12.541513433863598,15.271170802319633,9.866730243370299,0.00342009341145435,24.154674201976313
9.469823274424755,9.517297949337435,0.007952028485719383,24.113904889124527,291.4604909730382,271.7368807693876,12.499764093540831,15.325132536603448,9.864909129459857,0.0034213548286225583,24.150210862537836
9.503167722574139,9.514775838385171,0.007944951380825191,24.10970071400125,291.3580983290963,271.5928777641547,12.458153732251699,15.379094270887261,9.863087680063783,0.003422617176092314,24.14574669992723
9.53651217072352,9.512256637412893,0.007937893876001616,24.105498408339276,291.25577141785686,271.4490790080169,12.416681887350048,15.433056005171077,9.861265894996746,0.0034238804548923727,24.141281713689214
9.569856618872905,9.509740338252412,0.007930855942406069,24.101297967786326,291.15351010241574,271.3054839029553,12.375348097729823,15.487017739454892,9.859443774073245,0.003425144666053674,24.1368159033681
9.603201067022287,9.507226932753824,0.007923837551213774,24.09709938799197,291.0513142460065,271.16209185263904,12.334151903819942,15.540979473738707,9.857621317107597,0.0034264098106091554,24.132349268507767
9.63654551517167,9.504716412785463,0.007916838673616495,24.092902664607617,290.94918371203465,271.01890226242006,12.293092847579178,15.594941208022522,9.855798523913947,0.003427675889593002,24.127881808651694
9.669889963321053,9.502208770233864,0.007909859280823606,24.08870779328653,290.8471183640294,270.87591453932805,12.25217047249108,15.648902942306337,9.853975394306278,0.0034289429040399427,24.123413523342904
9.703234411470437,9.499703997003724,0.007902899344062124,24.08451476968385,290.7451180656983,270.7331280920656,12.211384323558889,15.702864676590153,9.8521519280984,0.003430210854985276,24.118944412124023
9.736578859619819,9.497202085017866,0.00789595883457628,24.08032358945661,290.6431826808958,270.5905423310031,12.170733947300487,15.756826410873966,9.85032812510393,0.003431479743466223,24.11447447453724
9.769923307769202,9.494703026217204,0.007889037723628778,24.07613424826373,290.5413120736215,270.4481566681744,12.130218891743336,15.810788145157781,9.848503985136349,0.003432749570524897,24.110003710124342
9.803267755918585,9.492206812560694,0.007882135982499419,24.071946741766038,290.4395061080401,270.3059705172709,12.08983870641948,15.864749879441597,9.84667950800894,0.0034340203372032556,24.10553211842668
9.836612204067968,9.489713436025305,0.00787525358248656,24.067761065626286,290.3377646484689,270.16398329363756,12.049592942360507,15.918711613725412,9.844854693534824,0.0034352920445434223,24.101059698985182
9.86995665221735,9.487222888605984,0.007868390494906582,24.063577215509152,290.23608755936516,270.0221944142678,12.009481152092588,15.972673348009227,9.843029541526944,0.003436564693589392,24.09658645134034
9.903301100366734,9.484735162315584,0.00786154669109399,24.059395187081275,290.13447470536016,269.8806032977968,11.969502889631473,16.02663508229304,9.841204051798076,0.0034378382853871834,24.092112375032244
9.936645548516116,9.482250249184876,0.007854722142402282,24.055214976011236,290.03292595120996,269.7392093644999,11.929657710477555,16.080596816576858,9.839378224160818,0.0034391128209849946,24.087637469600548
9.9699899966655,9.47976814126249,0.007847916820202814,24.05103657796959,289.93144116186784,269.5980120362858,11.889945171610906,16.13455855086067,9.837552058427603,0.0034403883014325837,24.08316173458447
10.003334444814882,9.477288830614851,0.007841130695886357,24.046859988628864,289.83002020239377,269.457010736691,11.850364831486381,16.188520285144488,9.835725554410677,0.003441664727780479,24.078685169522814
10.036678892964266,9.474812309326191,0.00783436374086197,24.04268520366359,289.72866293803594,269.3162048908774,11.810916250028674,16.2424820194283,9.83389871192213,0.0034429421010797054,24.074207773953948
10.070023341113648,9.472338569498456,0.007827615926557839,24.038512218750302,289.62736923418566,269.1755939256242,11.77159898862745,16.296443753712115,9.832071530773838,0.003444220422382582,24.069729547415815
10.103367789263032,9.469867603251313,0.007820887224421504,24.034341029567546,289.52613895638336,269.03517726932625,11.732412610132458,16.350405487995932,9.830244010777557,0.003445499692745357,24.06525048944593
10.136712237412414,9.467399402722105,0.007814177605919246,24.030171631795888,289.4249719703302,268.89495435198864,11.693356678848682,16.404367222279745,9.828416151744838,0.003446779913227224,24.06077059958138
10.170056685561798,9.464933960065776,0.007807487042537429,24.02600402111796,289.32386814188027,268.75492460521923,11.65443076053147,16.458328956563562,9.826587953487069,0.0034480610848854156,24.05628987735884
10.20340113371118,9.46247126745488,0.007800815505781122,24.02183819321841,289.22282733703867,268.6150874622275,11.61563442238174,16.512290690847376,9.824759415815446,0.003449343208779609,24.051808322314514
10.236745581860564,9.460011317079525,0.0077941629671754425,24.017674143783978,289.1218494219677,268.47544235781805,11.576967233041138,16.566252425131193,9.822930538541014,0.0034506262859712185,24.047325933984208
10.270090030009946,9.457554101147325,0.007787529398265195,24.013511868503464,289.02093426299103,268.33598872838576,11.53842876258727,16.620214159415006,9.82110132147462,0.0034519103175239285,24.042842711903287
10.303434478159328,9.455099611883378,0.007780914770614772,24.009351363067754,288.9200817265753,268.19672601191166,11.500018582528892,16.67417589369882,9.819271764426945,0.0034531953045032686,24.038358655606682
10.336778926308712,9.45264784153021,0.007774319055809166,24.005192623169847,288.8192916793449,268.0576536479572,11.461736265801168,16.728137627982637,9.817441867208501,0.003454481247975789,24.033873764628908
10.370123374458094,9.45019878234778,0.007767742225452718,24.00103564450484,288.71856398809274,267.91877107766237,11.423581386760915,16.78209936226645,9.815611629629618,0.003455768149008569,24.029388038504024
10.403467822607478,9.447752426613384,0.0077611842511705964,23.996880422769944,288.6178985197501,267.78007774373725,11.38555352118187,16.836061096550267,9.813781051500438,0.003457056008669601,24.024901476765653
10.43681227075686,9.445308766621665,0.007754645104607978,23.992726953664516,288.5172951413964,267.6415730904602,11.347652246249977,16.89002283083408,9.811950132630937,0.003458344828029783,24.020414078947
10.470156718906244,9.442867794684544,0.007748124757430463,23.988575232890053,288.41675372030414,267.50325656367164,11.309877140558672,16.943984565117894,9.810118872830923,0.0034596346081647877,24.015925844580842
10.503501167055626,9.440429503131208,0.007741623181324652,23.98442525615021,288.31627412385586,267.3651276107704,11.272227784104215,16.99794629940171,9.808287271910025,0.0034609253501480457,24.011436773199502
10.53684561520501,9.437993884308064,0.007735140347997256,23.9802770191508,288.2158562196163,267.2271856807092,11.234703758281013,17.051908033685525,9.806455329677675,0.0034622170550550483,24.00694686433489
10.570190063354392,9.435560930578683,0.007728676229176503,23.97613051759983,288.1154998753029,267.0894302239886,11.197304645876963,17.10586976796934,9.804623045943153,0.0034635097239629547,24.002456117518445
10.603534511503776,9.433130634323804,0.007722230796610908,23.971985747207484,288.01520495877753,266.9518606926547,11.16003003106882,17.159831502253155,9.802790420515535,0.003464803357951212,23.9979645322812
10.636878959653158,9.43070298794125,0.007715804022070301,23.96784270368615,287.91497133806155,266.8144765402921,11.122879499417563,17.213793236536972,9.800957453203752,0.003466097958101339,23.99347210815374
10.670223407802542,9.428277983845945,0.0077093958773458374,23.963701382750436,287.81479888135095,266.67727722202244,11.085852637863798,17.267754970820786,9.79912414381653,0.003467393525496153,23.988978844666217
10.703567855951924,9.425855614469809,0.007703006334249526,23.959561780117156,287.71468745696194,266.54026219449605,11.048949034723163,17.3217167051046,9.797290492162432,0.0034686900612190797,23.984484741348336
10.736912304101308,9.423435872261793,0.007696635364615482,23.955423891505387,287.6146369333969,266.40343091589114,11.012168279681745,17.375678439388416,9.795456498049827,0.0034699875663542113,23.979989797729356
10.77025675225069,9.421018749687795,0.007690282940298538,23.95128771263643,287.51464717930565,266.26678284590696,10.975509963791525,17.42964017367223,9.793622161286908,0.0034712860419878057,23.97549401333811
10.803601200400074,9.418604239230648,0.007683949033175598,23.94715323923385,287.41471806348363,266.13031744576057,10.93897367946582,17.483601907956047,9.791787481681705,0.0034725854892112356,23.97099738770299
10.836945648549456,9.416192333390056,0.007677633615145238,23.943020467023487,287.3148494548984,265.994034178181,10.90255902047477,17.53756364223986,9.78995245904206,0.003473885909115224,23.966499920351946
10.87029009669884,9.413783024682582,0.007671336658127595,23.938889391733447,287.21504122266015,265.85793250740585,10.866265581940802,17.591525376523677,9.788117093175634,0.0034751873027911873,23.96200161081249
10.903634544848222,9.411376305641632,0.00766505813406541,23.93476000909415,287.11529323603185,265.72201189917814,10.83009296033414,17.64548711080749,9.786281383889907,0.003476489671332409,23.95750245861168
10.936978992997606,9.408972168817357,0.007658798014922676,23.93063231483829,287.0156053644603,265.58627182073883,10.794040753468309,17.699448845091304,9.784445330992183,0.0034777930158343693,23.953002463276132
10.970323441146988,9.406570606776663,0.007652556272686143,23.9265063047009,286.91597747752076,265.45071174082403,10.758108560495684,17.75341057937512,9.782608934289573,0.0034790973373948044,23.94850162433204
11.003667889296372,9.40417161210317,0.007646332879364553,23.92238197441932,286.81640944494904,265.3153311296614,10.722295981903,17.807372313658934,9.78077219358904,0.003480402637113014,23.943999941305133
11.037012337445754,9.401775177397171,0.007640127806988919,23.918259319733227,286.71690113664437,265.18012945896487,10.68660261950694,17.86133404794275,9.778935108697327,0.00348170891608908,23.93949741372071
11.070356785595138,9.399381295275601,0.007633941027613232,23.914138336384656,286.617452422673,265.04510620193054,10.651028076449697,17.915295782226565,9.777097679421013,0.00348301617542363,23.9349940411036
11.10370123374452,9.396989958371973,0.0076277725133133975,23.91001902011799,286.51806317322917,264.91026083323106,10.615571957194552,17.96925751651038,9.775259905566507,0.0034843244162189113,23.930489822978213
11.137045681893902,9.394601159336403,0.007621622236188671,23.90590136667998,286.4187332586874,264.7755928290147,10.580233867521493,18.023219250794195,9.77342178694,0.0034856336395817206,23.925984758868495
11.170390130043286,9.392214890835492,0.007615490168360594,23.901785371819763,286.31946254956864,264.64110166689585,10.545013414522819,18.07718098507801,9.771583323347562,0.0034869438466206457,23.921478848297966
11.203734578192668,9.389831145552382,0.0076093762819736885,23.897671031288855,286.2202509165513,264.5067868259567,10.509910206598779,18.131142719361826,9.769744514595034,0.0034882550384432156,23.916972090789685
11.237079026342052,9.387449916186641,0.007603280549195825,23.893558340841178,286.1210982304798,264.37264778673773,10.47492385345321,18.18510445364564,9.767905360488081,0.003489567216159269,23.912464485866263
11.270423474491434,9.385071195454268,0.007597202942217404,23.889447296233076,286.02200436234153,264.2386840312362,10.440053966089211,18.239066187929456,9.766065860832196,0.0034908803808806326,23.907956033049857
11.303767922640818,9.382694976087667,0.0075911434332527035,23.88533789322329,285.9229691832914,264.1048950429022,10.405300156804802,18.29302792221327,9.764226015432682,0.003492194533721521,23.903446731862196
11.3371123707902,9.38032125083558,0.007585101994538659,23.881230127573023,285.8239925646367,263.97128030663276,10.370662039188627,18.346989656497083,9.762385824094673,0.0034935096757979546,23.89893658182454
11.370456818939584,9.37795001246306,0.00757907859833586,23.8771239950459,285.72507437784395,263.83783930876774,10.336139228115647,18.4009513907809,9.760545286623104,0.0034948258082269355,23.894425582457707
11.403801267088966,9.375581253751468,0.007573073216928522,23.873019491408,285.62621449453843,263.7045715370879,10.301731339742867,18.454913125064714,9.758704402822733,0.0034961429321260125,23.88991373328206
11.43714571523835,9.37321496749838,0.007567085822624057,23.868916612427892,285.52741278649313,263.57147648080695,10.267437991505055,18.50887485934853,9.756863172498123,0.003497461048613946,23.885401033817494
11.470490163387732,9.37085114651762,0.0075611163877542424,23.864815353876594,285.42866912565063,263.43855363057173,10.23325880211051,18.562836593632344,9.755021595453677,0.0034987801588131765,23.88088748358349
11.503834611537116,9.368489783639168,0.007555164884673855,23.86071571152762,285.3299833841114,263.30580247845444,10.199193391536799,18.61679832791616,9.753179671493594,0.003500100263850201,23.87637308209906
11.537179059686498,9.366130871709156,0.007549231285761981,23.856617681156976,285.23135543411706,263.17322251794997,10.165241381026549,18.670760062199975,9.751337400421901,0.00350142136484914,23.871857828882746
11.570523507835881,9.363774403589819,0.007543315563421656,23.852521258543185,285.1327851480853,263.04081324397157,10.131402393083222,18.724721796483788,9.749494782042436,0.0035027434629367254,23.867341723452665
11.603867955985264,9.361420372159476,0.007537417690079662,23.848426439467282,285.034272398573,262.90857415284734,10.097676051466935,18.778683530767605,9.747651816158847,0.003504066559241483,23.862824765326447
11.637212404134647,9.359068770312485,0.007531537638187611,23.844333219712826,284.93581705831474,262.7765047423153,10.064061981190259,18.83264526505142,9.745808502574606,0.003505390654894384,23.858306954021298
11.67055685228403,9.356719590959187,0.007525675380220575,23.84024159506592,284.8374190001974,262.6446045115184,10.03055980851406,18.886606999335235,9.743964841092989,0.0035067157510284366,23.853788289053952
11.703901300433413,9.35437282702592,0.007519830888678421,23.836151561315212,284.7390780972487,262.51287296100264,9.997169160943344,18.94056873361905,9.742120831517102,0.0035080418487778396,23.84926876994069
11.737245748582795,9.352028471454949,0.007514004136085361,23.832063114251913,284.6407942226768,262.38130959271194,9.963889667223109,18.994530467902862,9.740276473649851,0.0035093689492773808,23.84474839619734
11.77059019673218,9.349686517204445,0.007508195094989856,23.827976249669803,284.54256724983503,262.2499139099838,9.93072095733422,19.04849220218668,9.73843176729396,0.00351069705366279,23.84022716733925
11.803934644881561,9.347346957248437,0.007502403737965636,23.823890963365237,284.4443970522466,262.11868541754484,9.8976626624893,19.102453936470493,9.73658671225195,0.0035120261630727516,23.835705082881336
11.837279093030945,9.345009784576797,0.007496630037610332,23.819807251137163,284.34628350357093,261.98762362150825,9.864714415128619,19.15641567075431,9.734741308326218,0.003513356278651132,23.83118214233806
11.870623541180327,9.342674992195194,0.007490873966546885,23.81572510878713,284.24822647764427,261.8567280293684,9.831875848916022,19.210377405038123,9.732895555318889,0.003514687401539629,23.8266583452234
11.903967989329711,9.340342573125056,0.007485135497422906,23.811644532119306,284.1502258484555,261.72599814999717,9.799146598734836,19.26433913932194,9.731049453031954,0.0035160195328820254,23.8221336910509
11.937312437479093,9.338012520403563,0.007479414602910789,23.807565516940464,284.05228149015153,261.5954334936411,9.766526300683836,19.318300873605754,9.729203001267216,0.003517352673823927,23.817608179333618
11.970656885628475,9.335684827083565,0.00747371125570853,23.80348805906002,283.9543932770336,261.4650335719149,9.73401459207317,19.372262607889567,9.72735619982627,0.0035186868255133574,23.813081809584165
12.00400133377786,9.333359486233597,0.007468025428538552,23.79941215429001,283.85656108357153,261.3347978978,9.70161111142035,19.426224342173384,9.72550904851053,0.0035200219891005614,23.8085545813147
12.037345781927241,9.331036490937812,0.007462357094149023,23.795337798445154,283.75878478438455,261.20472598563913,9.669315498446228,19.480186076457198,9.723661547121234,0.003521358165737196,23.804026494036897
12.070690230076625,9.328715834295966,0.007456706225313106,23.791264987342814,283.66106425425556,261.0748173511329,9.637127394070971,19.534147810741015,9.721813695459414,0.0035226953565756277,23.799497547261986
12.104034678226007,9.326397509423384,0.007451072794829255,23.787193716803017,283.56339936811474,260.9450715113361,9.605046440410103,19.588109545024828,9.71996549332592,0.0035240335627690278,23.794967740500717
12.137379126375391,9.324081509450904,0.007445456775521891,23.783123982648487,283.46579000107414,260.81548798465275,9.573072280770491,19.642071279308645,9.718116940521416,0.003525372785472945,23.790437073263384
12.170723574524773,9.321767827524866,0.007439858140240309,23.779055780704628,283.3682360283781,260.68606629083297,9.541204559646406,19.69603301359246,9.71626803684637,0.003526713025848242,23.785905545059823
12.204068022674157,9.319456456807087,0.0074342768618599776,23.77498910679955,283.27073732544454,260.55680595096993,9.509442922715548,19.749994747876272,9.714418782101093,0.003528054285054926,23.781373155399404
12.23741247082354,9.317147390474794,0.00742871291328171,23.770923956764072,283.17329376785347,260.42770648749377,9.477787016835128,19.80395648216009,9.712569176085658,0.003529396564254083,23.77683990379102
12.270756918972923,9.314840621720617,0.007423166267432071,23.76686032643173,283.0759052313256,260.29876742416957,9.446236490037927,19.857918216443903,9.710719218599976,0.003530739864608755,23.772305789743108
12.304101367122305,9.31253614375255,0.00741763689726393,23.7627982116388,282.97857159175567,260.1699882860928,9.414790991528388,19.91187995072772,9.708868909443762,0.00353208418728437,23.767770812763622
12.337445815271689,9.310233949793915,0.007412124775755477,23.758737608224283,282.88129272519734,260.0413685996856,9.383450171678707,19.965841685011533,9.70701824841654,0.0035334295334487173,23.763234972360074
12.370790263421071,9.307934033083335,0.007406629875911499,23.75467851202995,282.78406850786035,259.912907892693,9.352213682024965,20.01980341929535,9.705167235317662,0.003534775904271209,23.758698268039485
12.404134711570455,9.305636386874696,0.007401152170762445,23.75062091890032,282.686898816109,259.78460569417905,9.321081175263231,20.073765153579163,9.70331586994625,0.003536123300922084,23.754160699308418
12.437479159719837,9.303341004437106,0.00739569163336495,23.74656482468268,282.58978352647307,259.65646153452246,9.290052305245721,20.127726887862977,9.701464152101272,0.0035374717245722858,23.74962226567296
12.470823607869221,9.301047879054876,0.007390248236802315,23.742510225227097,282.4927225156272,259.52847494541356,9.259126726976932,20.181688622146794,9.69961208158147,0.0035388211763947445,23.745082966638726
12.504168056018603,9.298757004027493,0.007384821954183564,23.73845711638643,282.39571566043213,259.4006454598511,9.228304096609817,20.235650356430607,9.697759658185443,0.0035401716575674683,23.740542801710877
12.537512504167987,9.296468372669553,0.0073794127586447105,23.73440549401635,282.29876283788747,259.27297261213585,9.197584071441954,20.289612090714424,9.69590688171155,0.00354152316926918,23.73600177039408
12.570856952317369,9.294181978310768,0.00737402062334776,23.730355353975305,282.20186392515177,259.14545593787,9.166966309911748,20.343573824998238,9.69405375195799,0.00354287571267854,23.73145987219255
12.604201400466753,9.291897814295915,0.007368645521481312,23.72630669212458,282.10501879954734,259.0180949739516,9.13645047159462,20.39753555928205,9.692200268722752,0.00354422928897644,23.72691710661001
12.637545848616135,9.289615873984811,0.007363287426260985,23.722259504328292,282.0082273385631,258.89088925857175,9.106036217199232,20.45149729356587,9.690346431803635,0.0035455838993460505,23.722373473149723
12.670890296765519,9.287336150752267,0.007357946310928505,23.718213786453383,281.9114894198384,258.7638383312098,9.075723208563701,20.50545902784968,9.688492240998256,0.0035469395449730205,23.717828971314475
12.704234744914901,9.285058637988044,0.007352622148752935,23.71416953436964,281.8148049211676,258.63694173262917,9.045511108651862,20.5594207621335,9.686637696104038,0.003548296227044796,23.713283600606577
12.737579193064285,9.282783329096887,0.007347314913029699,23.71012674394972,281.71817372051964,258.5101990048773,9.015399581549493,20.613382496417312,9.684782796918189,0.003549653946749797,23.70873736052787
12.770923641213667,9.280510217498412,0.007342024577081171,23.70608541106913,281.6215956960074,258.3836096912773,8.985388292460607,20.66734423070113,9.682927543237751,0.0035510127052771423,23.704190250579696
12.804268089363049,9.278239296627122,0.007336751114257093,23.70204553160626,281.5250707259148,258.25717333642723,8.955476907703705,20.721305964984943,9.681071934859544,0.003552372503817624,23.699642270262945
12.837612537512433,9.27597055993234,0.007331494497933679,23.698007101442375,281.42859868867595,258.13088948619446,8.925665094708082,20.775267699268756,9.679215971580222,0.003553733343566643,23.695093419078017
12.870956985661815,9.273704000878231,0.007326254701514812,23.693970116461646,281.3321794628958,258.00475768771474,8.895952522010129,20.829229433552573,9.677359653196232,0.0035550952257219093,23.690543696524852
12.904301433811199,9.271439612943713,0.007321031698431104,23.689934572551135,281.23581292732956,257.8787774893856,8.866338859249637,20.883191167836387,9.675502979503836,0.0035564581514800075,23.68599310210289
12.93764588196058,9.26917738962245,0.007315825462140443,23.685900465600817,281.1394989608946,257.7529484408642,8.836823777166138,20.937152902120204,9.673645950299075,0.0035578221220400586,23.681441635311096
12.970990330109965,9.26691732442283,0.007310635966128433,23.681867791503592,281.04323744266225,257.62727009306394,8.807406947595227,20.991114636404017,9.671788565377817,0.0035591871386033472,23.676889295647968
13.004334778259347,9.264659410867912,0.0073054631839074985,23.677836546155294,280.9470282518771,257.5017419981501,8.778088043464933,21.045076370687834,9.66993082453574,0.0035605532023737126,23.672336082611512
13.03767922640873,9.262403642495412,0.007300307089018019,23.67380672545467,280.8508712679336,257.37636370953686,8.74886673879206,21.099038104971648,9.668072727568312,0.0035619203145569583,23.66778199569926
13.071023674558113,9.260150012857657,0.007295167655027497,23.669778325303458,280.75476637039264,257.251134781883,8.719742708678586,21.15299983925546,9.666214274270807,0.003563288476360009,23.663227034408255
13.104368122707497,9.257898515521571,0.0072900448555310035,23.665751341606313,280.6587134389755,257.1260547710895,8.690715629308034,21.206961573539278,9.664355464438314,0.003564657688990479,23.65867119823506
13.137712570856879,9.255649144068615,0.007284938664151689,23.66172577027088,280.562712353544,257.00112323429425,8.66178517794188,21.26092330782309,9.662496297865697,0.0035660279536574584,23.654114486675745
13.171057019006263,9.25340189209479,0.0072798490545397995,23.657701607207766,280.4667629941416,256.8763397298703,8.632951032915953,21.31488504210691,9.660636774347653,0.0035673992715741713,23.649556899225914
13.204401467155645,9.251156753210582,0.007274776000373867,23.65367884833057,280.3708652409764,256.75170381742123,8.60421287363688,21.368846776390722,9.65877689367868,0.0035687716439574487,23.64499843538069
13.237745915305029,9.248913721040942,0.0072697194753599,23.649657489555885,280.27501897439527,256.62721505777824,8.575570380578498,21.422808510674535,9.656916655653063,0.003570145072022257,23.640439094634687
13.27109036345441,9.24667278922523,0.007264679453231736,23.645637526803295,280.17922407491227,256.5028730129949,8.547023235278324,21.476770244958352,9.655056060064902,0.003571519556986294,23.635878876482057
13.304434811603794,9.244433951417246,0.007259655907751681,23.641618955995412,280.0834804232051,256.3786772463476,8.518571120333984,21.530731979242166,9.653195106708093,0.003572895100069328,23.631317780416442
13.337779259753177,9.242197201285116,0.007254648812709378,23.637601773057856,279.98778790012,256.2546273223273,8.490213719399721,21.584693713525983,9.65133379537634,0.003574271702493749,23.626755805931023
13.37112370790256,9.239962532511312,0.007249658141923072,23.633585973919274,279.8921463866477,256.1307228066386,8.461950717182845,21.638655447809796,9.649472125863142,0.003575649365484059,23.622192952518482
13.404468156051943,9.23772993879263,0.0072446838692388285,23.62957155451135,279.7965557639496,256.00696326619703,8.43378179944025,21.692617182093613,9.647610097961804,0.003577028090265999,23.617629219671013
13.437812604201326,9.23549941384012,0.007239725968530797,23.62555851076883,279.70101591334264,255.8833482691236,8.405706652974905,21.746578916377427,9.645747711465429,0.003578407878066029,23.613064606880307
13.471157052350708,9.23327095137908,0.007234784413701957,23.621546838629495,279.60552671630387,255.7598773847422,8.377724965632385,21.80054065066124,9.643884966166919,0.0035797887301119236,23.60849911363758
13.504501500500092,9.23104454514902,0.007229859178682868,23.6175365340342,279.5100880544736,255.63655018357645,8.349836426297383,21.854502384945057,9.642021861858973,0.003581170647635207,23.603932739433557
13.537845948649474,9.228820188903637,0.0072249502374329465,23.613527592926868,279.41469980965,255.51336623734605,8.322040724890272,21.90846411922887,9.640158398334119,0.0035825536318719866,23.59936548375848
13.571190396798858,9.226597876410764,0.007220057563939836,23.609520011254506,279.31936186378834,255.39032511896286,8.29433755236364,21.962425853512688,9.63829457538465,0.0035839376840560737,23.594797346102087
13.60453484494824,9.224377601452373,0.007215181132219472,23.60551378496721,279.2240740990201,255.26742640252868,8.266726600698863,22.0163875877965,9.63643039280268,0.0035853228054240865,23.590228325953618
13.637879293097624,9.22215935782452,0.007210320916316945,23.601508910018165,279.1288363976246,255.1446696633311,8.239207562902678,22.070349322080318,9.634565850380104,0.0035867089972146595,23.58565842280184
13.671223741247006,9.219943139337316,0.007205476890305194,23.59750538236368,279.0336486420297,255.02205447783973,8.211780133003767,22.12431105636413,9.632700947908635,0.003588096260669091,23.581087636135003
13.704568189396388,9.217728939814892,0.007200649028286251,23.593503197963166,278.93851071484323,254.89958042370293,8.184444006049358,22.178272790647945,9.630835685179779,0.0035894845970309195,23.57651596544089
13.737912637545772,9.215516753095393,0.0071958373043907314,23.589502352779157,278.84342249883645,254.77724707974556,8.157198878101834,22.232234524931762,9.628970061984852,0.003590874007545041,23.571943410206778
13.771257085695154,9.213306573030929,0.007191041692777779,23.585502842777323,278.748383876922,254.65505402596472,8.130044446235358,22.286196259215576,9.627104078114924,0.003592264493457122,23.56736996991943
13.804601533844538,9.211098393487541,0.007186262167636001,23.58150466392648,278.65339473218756,254.53300084352628,8.102980408532488,22.340157993499393,9.625237733360917,0.0035936560560140317,23.562795644065126
13.83794598199392,9.208892208345182,0.00718149870318209,23.57750781219858,278.55845494787013,254.4110871147618,8.076006464080844,22.394119727783206,9.62337102751351,0.0035950486964661053,23.558220432129655
13.871290430143304,9.206688011497677,0.007176751273662042,23.57351228356874,278.46356440738435,254.28931242316514,8.049122312969752,22.448081462067023,9.621503960363231,0.0035964424160687784,23.553644333598307
13.904634878292686,9.204485796852708,0.007172019853350855,23.56951807401524,278.36872299429706,254.1676763533897,8.0223276562869,22.502043196350836,9.619636531700346,0.0035978372160752788,23.54906734795587
13.93797932644207,9.202285558331768,0.007167304416552224,23.565525179519533,278.2739305923206,254.0461784912443,7.995622196115024,22.55600493063465,9.61776874131496,0.003599233097741463,23.54448947468664
13.971323774591452,9.200087289870131,0.007162604937599551,23.56153359606625,278.17918708535336,253.92481842368983,7.9690056355286,22.609966664918467,9.615900588996956,0.003600630062325216,23.53991071327439
14.004668222740836,9.197890985416853,0.007157921390854645,23.557543319643234,278.08449235743683,253.80359573883783,7.942477678590531,22.66392839920228,9.614032074536016,0.003602028111087126,23.535331063202428
14.038012670890218,9.195696638934683,0.007153253750708801,23.55355434624149,277.9898462927854,253.68251002594386,7.916038030348866,22.717890133486097,9.61216319772162,0.0036034272452901165,23.530750523953532
14.071357119039602,9.193504244400089,0.007148601991582664,23.54956667185526,277.89524877576537,253.56156087540734,7.889686396833515,22.77185186776991,9.610293958343053,0.003604827466198583,23.526169095010008
14.104701567188984,9.191313795803215,0.007143966087925803,23.54558029248198,277.8006996909047,253.44074787876747,7.863422485052987,22.825813602053724,9.608424356189373,0.003606228775077753,23.521586775853617
14.138046015338368,9.189125287147823,0.0071393460142176405,23.541595204122324,277.70619892289415,253.32007062869866,7.837246002991119,22.87977533633754,9.606554391049464,0.0036076311731940095,23.517003565965645
14.17139046348775,9.186938712451294,0.007134741744966412,23.53761140278018,277.61174635659717,253.19952871900875,7.8111566596038475,22.933737070621355,9.604684062711966,0.0036090346618169646,23.51241946482687
14.204734911637134,9.18475406574458,0.007130153254709931,23.53362888446269,277.5173418770133,253.07912174463473,7.785154164815959,22.987698804905172,9.602813370965352,0.0036104392422216317,23.507834471917576
14.238079359786516,9.182571341072215,0.007125580518015801,23.52964764518024,277.4229853693126,252.95884930164235,7.759238229517872,23.041660539188985,9.60094231559788,0.003611844915681057,23.503248586717525
14.2714238079359,9.180390532492206,0.007121023509480624,23.52566768094646,277.3286767188437,252.83871098721758,7.733408565562411,23.095622273472802,9.599070896397588,0.003613251683470701,23.498661808705986
14.304768256085282,9.178211634076087,0.007116482203731085,23.521688987778255,277.23441581109796,252.71870639966892,7.707664885761623,23.149584007756616,9.59719911315231,0.0036146595468681017,23.494074137361704
14.338112704234666,9.176034639908838,0.007111956575423078,23.51771156169578,277.14020253173163,252.59883513842078,7.682006903883562,23.20354574204043,9.595326965649699,0.0036160685071535193,23.489485572162938
14.371457152384048,9.173859544088879,0.0071074465992421254,23.5137353987225,277.0460367665524,252.47909680401185,7.656434334649126,23.257507476324246,9.593454453677163,0.003617478565609657,23.48489611258743
14.404801600533432,9.171686340728028,0.0071029522499039535,23.50976049488514,276.9519184015527,252.35949099809127,7.63094689372887,23.31146921060806,9.591581577021953,0.003618889723520775,23.48030575811241
14.438146048682814,9.169515023951488,0.007098473502153414,23.505786846213724,276.85784732286913,252.24001732341623,7.605544297739854,23.365430944891877,9.589708335471057,0.003620301982172006,23.4757145082146
14.471490496832198,9.167345587897797,0.007094010330765572,23.50181444874158,276.7638234167995,252.12067538384764,7.580226264242486,23.41939267917569,9.587834728811291,0.0036217153428496083,23.471122362370217
14.50483494498158,9.165178026718813,0.007089562710545148,23.49784329850535,276.66984656980213,252.00146478434806,7.55499251173739,23.473354413459507,9.585960756829236,0.003623129806842932,23.466529320054953
14.538179393130962,9.163012334579687,0.007085130616326552,23.493873391544984,276.57591666850783,251.88238513097846,7.529842759662268,23.52731614774332,9.584086419311314,0.0036245453754469273,23.461935380744013
14.571523841280346,9.160848505658818,0.007080714022974767,23.489904723903763,276.482033599696,251.76343603089418,7.504776728388781,23.581277882027134,9.582211716043696,0.003625962049954834,23.45734054391207
14.604868289429728,9.158686534147845,0.007076312905383984,23.485937291628293,276.3881972503158,251.6446170923432,7.479794139219448,23.63523961631095,9.580336646812352,0.003627379831662097,23.4527448090333
14.638212737579112,9.156526414251605,0.007071927238478786,23.481971090768525,276.29440750746636,251.52592792466203,7.454894714384535,23.689201350594765,9.578461211403063,0.0036287987218663015,23.44814817558135
14.671557185728494,9.15436814018811,0.007067556997213796,23.478006117377756,276.20066425842253,251.40736813827334,7.430078177038982,23.74316308487858,9.576585409601366,0.0036302187218677892,23.443550643029358
14.704901633877878,9.152211706188508,0.007063202156573485,23.474042367512634,276.10696739061336,251.2889373446819,7.405344251259305,23.797124819162395,9.574709241192632,0.003631639832969413,23.438952210849955
14.73824608202726,9.15005710649709,0.007058862691573034,23.47007983723318,276.01331679162536,251.17063515647374,7.380692662040554,23.85108655344621,9.57283270596199,0.003633062056475664,23.434352878515252
14.771590530176644,9.14790433537119,0.007054538577257137,23.46611852260276,275.9197123492077,251.0524611873091,7.356123135293225,23.905048287730025,9.570955803694362,0.0036344853936919647,23.429752645496833
14.804934978326026,9.145753387081234,0.007050229788700948,23.462158419688148,275.8261539512769,250.93441505192357,7.3316353978402375,23.95901002201384,9.569078534174471,0.003635909845924843,23.42515151126578
14.83827942647541,9.143604255910672,0.007045936301010101,23.458199524559486,275.73264148590187,250.81649636612326,7.307229177413888,24.012971756297656,9.567200897186817,0.0036373354144838563,23.42054947529264
14.871623874624792,9.141456936155958,0.007041658089320117,23.454241833290315,275.63917484132065,250.6987047467816,7.282904202652822,24.06693349058147,9.565322892515718,0.0036387621006842485,23.41594653704747
14.904968322774176,9.1393114221265,0.007037395128797357,23.450285341957553,275.5457539059299,250.58103981183575,7.258660203099013,24.120895224865286,9.563444519945243,0.0036401899058398014,23.41134269599978
14.938312770923558,9.137167708144682,0.007033147394638097,23.446330046641553,275.45237856828584,250.46350118028585,7.234496909194766,24.1748569591491,9.561565779259276,0.003641618831266355,23.40673795161858
14.971657219072942,9.135025788545786,0.007028914862069079,23.442375943426065,275.3590487171005,250.34608847218965,7.210414052279709,24.228818693432913,9.559686670241472,0.0036430488782819466,23.402132303372344
15.005001667222324,9.132885657677994,0.007024697506347962,23.438423028398265,275.2657642412636,250.22880130866122,7.186411364587817,24.28278042771673,9.557807192675293,0.003644480048207406,23.39752575072903
15.038346115371708,9.130747309902334,0.007020495302762287,23.434471297648752,275.1725250298095,250.11163931186616,7.162488579244425,24.336742162000544,9.55592734634397,0.0036459123423661453,23.392918293156086
15.07169056352109,9.128610739592686,0.007016308226630556,23.430520747271565,275.0793309719485,249.99460210502076,7.138645430263266,24.39070389628436,9.554047131030545,0.0036473457620832764,23.388309930120425
15.105035011670473,9.126475941135732,0.007012136253301644,23.426571373364187,274.9861819570361,249.87768931238804,7.114881652543511,24.444665630568174,9.552166546517816,0.003648780308684865,23.383700661088437
15.138379459819856,9.12434290893092,0.007007979358154873,23.422623172027542,274.89307787459876,249.76090055927392,7.091196981866827,24.49862736485199,9.550285592588388,0.003650215983498101,23.379090485525985
15.17172390796924,9.122211637390464,0.007003837516600831,23.41867613936602,274.80001861432294,249.64423547202603,7.067591154894433,24.552589099135805,9.548404269024642,0.003651652787853198,23.374479402898405
15.205068356118622,9.120082120939283,0.00699971070408004,23.414730271487457,274.7070040660561,249.52769367802912,7.044063909164172,24.606550833419618,9.54652257560877,0.0036530907230861573,23.36986741267053
15.238412804268005,9.117954354015009,0.00699559889606409,23.410785564503183,274.61403411980604,249.41127480570373,7.020614983087597,24.660512567703435,9.544640512122719,0.0036545297905316077,23.365254514306645
15.271757252417387,9.115828331067926,0.006991502068055392,23.40684201452799,274.52110866574805,249.2949784845019,6.997244115947064,24.71447430198725,9.542758078348237,0.003655969991526206,23.36064070727052
15.305101700566771,9.113704046560969,0.006987420195586817,23.40289961768015,274.428227594203,249.17880434490533,6.973951047892823,24.768436036271066,9.540875274066867,0.0036574113274088654,23.356025991025376
15.338446148716153,9.111581494969684,0.00698335325422264,23.39895837008144,274.3353907956733,249.06275201842195,6.95073551994014,24.82239777055488,9.538992099059909,0.003658853799521327,23.351410365033935
15.371790596865536,9.109460670782193,0.00697930121955738,23.39501826785712,274.24259816080917,248.94682113758267,6.927597273966414,24.876359504838693,9.537108553108478,0.003660297409207941,23.346793828758383
15.40513504501492,9.107341568499182,0.006975264067216603,23.39107930713597,274.14984958042334,248.8310113359394,6.904536052708301,24.93032123912251,9.535224635993462,0.0036617421578148146,23.342176381660355
15.438479493164301,9.105224182633863,0.006971241772857176,23.38714148405027,274.0571449454932,248.7153222480615,6.881551599758866,24.984282973406323,9.533340347495518,0.003663188046689064,23.337558023200973
15.471823941313685,9.103108507711969,0.006967234312166382,23.38320479473582,273.9644841471596,248.59975350953408,6.858643659564719,25.03824470769014,9.531455687395107,0.0036646350771789822,23.332938752840825
15.505168389463067,9.100994538271674,0.006963241660862945,23.379269235331943,273.87186707672294,248.48430475695253,6.835811977423186,25.092206441973953,9.529570655472462,0.003666083250635933,23.328318570039958
15.538512837612451,9.098882268863628,0.006959263794696332,23.375334801981506,273.77929362563157,248.36897562792277,6.8130562994794595,25.14616817625777,9.52768525150761,0.0036675325684170507,23.3236974742579
15.571857285761833,9.096771694050895,0.006955300689446981,23.371401490830888,273.6867636855235,248.2537657610568,6.7903763727238005,25.200129910541584,9.525799475280362,0.0036689830318781405,23.319075464953656
15.605201733911217,9.094662808408936,0.006951352320926978,23.36746929803003,273.5942771481699,248.13867479597013,6.767771944988701,25.254091644825397,9.523913326570298,0.0036704346423771217,23.314452541585663
15.6385461820606,9.092555606525575,0.0069474186649788605,23.363538219732437,273.501833905524,248.02370237327904,6.7452427649461,25.308053379109214,9.522026805156793,0.003671887401274201,23.309828703611835
15.671890630209983,9.09045008300097,0.00694349969747665,23.35960825209514,273.4094338496847,247.90884813459704,6.722788582104574,25.362015113393028,9.520139910819005,0.003673341309932463,23.305203950489574
15.705235078359365,9.088346232447602,0.006939595394325582,23.355679391278763,273.317076872919,247.79411172253356,6.700409146806562,25.415976847676845,9.518252643335844,0.003674796369717645,23.300578281675715
15.73857952650875,9.086244049490242,0.006935705731461843,23.35175163344747,273.2247628676575,247.6794927806905,6.678104210225583,25.46993858196066,9.516365002486058,0.003676252581997246,23.29595169662658
15.771923974658131,9.084143528765917,0.00693183068485339,23.347824974769043,273.13249172648693,247.5649909536591,6.655873524363475,25.523900316244475,9.514476988048118,0.003677709948139814,23.291324194797934
15.805268422807515,9.082044664923886,0.006927970230498889,23.34389941141481,273.0402633421637,247.45060588701728,6.633716842047634,25.57786205052829,9.512588599800319,0.0036791684695151273,23.286695775645004
15.838612870956897,9.079947452625607,0.006924124344428452,23.339974939559706,272.94807760758806,247.33633722732674,6.61163391692827,25.631823784812102,9.510699837520708,0.003680628147496155,23.28206643862248
15.871957319106281,9.077851886544735,0.006920293002703924,23.33605155538226,272.8559344158484,247.2221846221314,6.589624503475656,25.68578551909592,9.508810700987132,0.0036820889834616763,23.27743618318453
15.905301767255663,9.075757961367062,0.0069164761814179635,23.3321292550646,272.7638336601663,247.10814771995283,6.567688356977418,25.739747253379733,9.506921189977215,0.003683550978789009,23.27280500878477
15.938646215405047,9.073665671790524,0.006912673856695035,23.328208034792464,272.6717752339457,246.99422617028932,6.545825233535794,25.79370898766355,9.505031304268345,0.003685014134857764,23.268172914876256
15.971990663554429,9.071575012525145,0.006908886004690826,23.324287890755205,272.57975903073657,246.88041962361171,6.5240348900649385,25.847670721947363,9.503141043637703,0.0036864784530498684,23.263539900911525
16.00533511170381,9.069485978293022,0.006905112601592333,23.320368819145806,272.48778494426523,246.7667277313612,6.502317084288206,25.901632456231177,9.501250407862255,0.0036879439347502017,23.25890596634256
16.038679559853197,9.067398563828307,0.006901353623618642,23.316450816160852,272.3958528684041,246.65315014594694,6.480671574735465,25.955594190514994,9.499359396718729,0.0036894105813463215,23.25427111062081
16.07202400800258,9.065312763877174,0.006897609047019625,23.31253387800059,272.3039626971901,246.5396865207432,6.459098120740419,26.009555924798807,9.497468009983649,0.00369087839422755,23.249635333197162
16.10536845615196,9.063228573197787,0.0068938788480770235,23.308618000868886,272.2121143248369,246.42633651008634,6.437596482437913,26.063517659082624,9.495576247433307,0.003692347374784241,23.244998633521973
16.138712904301343,9.061145986560282,0.006890163003104241,23.304703180973263,272.120307645704,246.31309976927253,6.416166420761285,26.117479393366438,9.493684108843762,0.0036938175244080568,23.240361011045042
16.17205735245073,9.05906499874674,0.006886461488445984,23.300789414524886,272.02854255430685,246.19997595455482,6.394807697439694,26.171441127650255,9.491791593990875,0.003695288844494071,23.235722465215627
16.20540180060011,9.056985604551157,0.0068827742804790214,23.296876697738586,271.9368189453392,246.08696472314068,6.3735200749954855,26.225402861934068,9.489898702650269,0.0036967613364431965,23.23108299548244
16.238746248749493,9.054907798779427,0.006879101355611328,23.292965026832853,271.8451367136409,245.97406573318946,6.3523033167415335,26.27936459621788,9.488005434597358,0.0036982350016545986,23.226442601293652
16.272090696898875,9.05283157624929,0.006875442690282572,23.28905439802984,271.7534957542177,245.8612786438086,6.331157186778621,26.3333263305017,9.486111789607303,0.003699709841530036,23.22180128209686
16.305435145048257,9.050756931790351,0.006871798260964668,23.285144807555387,271.6618959622492,245.74860311505327,6.310081449992816,26.387288064785512,9.48421776745507,0.003701185857473613,23.217159037339133
16.338779593197643,9.04868386024401,0.006868168044160559,23.281236251639005,271.5703372330589,245.6360388079213,6.289075872052848,26.44124979906933,9.482323367915399,0.003702663050892448,23.212515866466987
16.372124041347025,9.04661235646346,0.00686455201640534,23.277328726513897,271.47881946213386,245.52358538435203,6.268140219407525,26.495211533353142,9.480428590762784,0.0037041414231963328,23.207871768926374
16.405468489496407,9.04454241531367,0.006860950154265817,23.273422228416955,271.38734254513025,245.41124250722407,6.247274259283103,26.54917326763696,9.478533435771528,0.0037056209757968086,23.203226744162716
16.43881293764579,9.042474031671308,0.006857362434340383,23.269516753588768,271.2959063778612,245.29900984034987,6.226477759680733,26.603135001920773,9.476637902715677,0.0037071017101064797,23.198580791620856
16.472157385795175,9.0404072004248,0.0068537888332598045,23.265612298273634,271.2045108562985,245.18688704847773,6.20575048937385,26.657096736204586,9.474741991369065,0.0037085836275393743,23.193933910745088
16.505501833944557,9.038341916474225,0.0068502293276860955,23.261708858719555,271.11315587657185,245.07487379728494,6.185092217905632,26.711058470488403,9.472845701505294,0.0037100667295132113,23.189286100979157
16.53884628209394,9.036278174731335,0.006846683894313284,23.25780643117825,271.0218413349791,244.9629697533776,6.164502715586415,26.765020204772217,9.470949032897765,0.0037115510174513494,23.184637361766267
16.57219073024332,9.03421597011951,0.006843152509867696,23.253905011905157,270.93056712798546,244.85117458428718,6.143981753491144,26.818981939056034,9.469051985319624,0.0037130364927752606,23.179987692549048
16.605535178392707,9.03215529757373,0.006839635151107055,23.25000459715944,270.8393331522047,244.73948795846763,6.123529103456835,26.872943673339847,9.467154558543802,0.003714523156909291,23.175337092769574
16.63887962654209,9.030096152040592,0.0068361317948213915,23.246105183204,270.74813930440683,244.62790954529493,6.103144538080036,26.926905407623664,9.465256752342999,0.003716011011280188,23.170685561869366
16.67222407469147,9.02803852847821,0.0068326424178325575,23.242206766305465,270.6569854815387,244.51643901506094,6.082827830714293,26.980867141907478,9.463358566489699,0.0037175000573177667,23.166033099289383
16.705568522840853,9.02598242185626,0.006829166996994227,23.238309342734215,270.5658715806952,244.40507603897453,6.062578755467633,27.03482887619129,9.46146000075615,0.0037189902964544896,23.16137970447003
16.73891297099024,9.023927827155918,0.006825705509192684,23.23441290876437,270.47479749914925,244.29382028915674,6.0423970872000545,27.088790610475108,9.459561054914372,0.0037204817301245544,23.156725376851146
16.77225741913962,9.021874739369826,0.006822257931345577,23.230517460673816,270.3837631343101,244.18267143863812,6.022282601521023,27.14275234475892,9.457661728736158,0.00372197435976323,23.152070115872018
16.805601867289003,9.019823153502108,0.006818824240402837,23.22662299474418,270.2927683837634,244.0716291613581,6.002235074786976,27.19671407904274,9.455762021993072,0.0037234681868073827,23.147413920971346
16.838946315438385,9.017773064568312,0.006815404413346751,23.22272950726086,270.201813145252,243.96069313216128,5.982254284098836,27.250675813326552,9.453861934456441,0.0037249632126979235,23.142756791587292
16.87229076358777,9.015724467595389,0.006811998427191281,23.218836994513023,270.1108973166875,243.84986302679448,5.962340007299527,27.304637547610366,9.451961465897385,0.003726459438881014,23.13809872715746
16.905635211737152,9.013677357621672,0.006808606258982929,23.21494545279363,270.02002079612777,243.73913852190483,5.942492022971522,27.358599281894183,9.450060616086787,0.0037279568668008994,23.133439727118873
16.938979659886535,9.011631729696857,0.006805227885800051,23.211054878399377,269.9291834817958,243.6285192950375,5.922710110434357,27.412561016177996,9.44815938479528,0.0037294554979049608,23.12877979090799
16.972324108035917,9.009587578881971,0.006801863284753079,23.20716526763079,269.838385272082,243.51800502463294,5.902994049742195,27.466522750461813,9.446257771793288,0.003730955333643049,23.12411891796072
17.005668556185302,9.007544900249341,0.006798512432985237,23.203276616792156,269.74762606553793,243.40759539002374,5.883343621681371,27.520484484745626,9.44435577685101,0.0037324563754681617,23.119457107712382
17.039013004334684,9.005503688882596,0.006795175307671246,23.199388922191563,269.65690576085666,243.29729007143413,5.863758607767968,27.574446219029443,9.442453399738396,0.0037339586248359233,23.114794359597752
17.072357452484066,9.00346393987661,0.00679185188601835,23.19550218014091,269.56622425692484,243.18708874997537,5.844238790245366,27.628407953313257,9.440550640225169,0.0037354620832036126,23.110130673051025
17.10570190063345,9.001425648337479,0.006788542145266231,23.19161638695589,269.4755814527536,243.0769911076434,5.824783952081843,27.68236968759707,9.438647498080837,0.003736966752029578,23.10546604750582
17.13904634878283,8.999388809382545,0.006785246062686465,23.187731538956005,269.38497724754245,242.96699682731935,5.805393876968146,27.736331421880887,9.436743973074641,0.0037384726327739396,23.1008004823952
17.172390796932216,8.997353418140296,0.006781963615583331,23.183847632464584,269.2944115406376,242.8571055927626,5.786068349315091,27.7902931561647,9.434840064975635,0.0037399797269014067,23.09613397715164
17.2057352450816,8.995319469750394,0.0067786947812931014,23.17996466380876,269.2038842315523,242.7473170886115,5.766807154251177,27.844254890448518,9.43293577355261,0.0037414880358812813,23.091466531207082
17.23907969323098,8.99328695936365,0.006775439537184306,23.1760826293195,269.11339521995404,242.63763100038085,5.747610077620176,27.89821662473233,9.431031098574131,0.003742997561181128,23.086798143992848
17.272424141380363,8.991255882141962,0.00677219786065842,23.172201525331594,269.0229444056725,242.5280470144573,5.728476905978769,27.95217835901615,9.429126039808535,0.0037445083042718006,23.082128814939715
17.305768589529748,8.989226233258348,0.006768969729148575,23.168321348183678,268.9325316886961,242.4185648181002,5.709407426594161,28.006140093299962,9.427220597023933,0.003746020266626761,23.07745854347789
17.33911303767913,8.987198007896856,0.006765755120120583,23.164442094218213,268.84215696918386,242.30918409943564,5.69040142744173,28.060101827583775,9.425314769988178,0.003747533449722644,23.07278732903698
17.372457485828512,8.985171201252586,0.006762554011072812,23.160563759781514,268.7518201474437,242.19990454745653,5.671458697202653,28.114063561867592,9.42340855846891,0.0037490478550386472,23.06811517104605
17.405801933977894,8.983145808531662,0.0067593663795357355,23.15668634122374,268.6615211239506,242.0907258520199,5.65257902526157,28.168025296151406,9.42150196223354,0.0037505634840555645,23.063442068933565
17.43914638212728,8.981121824951163,0.006756192203072672,23.152809834898896,268.57125979932516,241.98164770384233,5.63376220170423,28.221987030435223,9.41959498104922,0.003752080338255316,23.058768022127417
17.472490830276662,8.979099245739198,0.006753031459279042,23.148934237164863,268.4810360743792,241.87266979450268,5.6150080173151755,28.275948764719036,9.417687614682876,0.0037535984191218634,23.054093030054915
17.505835278426044,8.97707806613475,0.006749884125782692,23.14505954438336,268.39084985004956,241.76379181643287,5.596316263575392,28.32991049900285,9.415779862901212,0.003755117728144357,23.049417092142804
17.539179726575426,8.975058281387764,0.006746750180244567,23.141185752919995,268.300701027453,241.6550134629212,5.57768673266001,28.383872233286667,9.413871725470688,0.003756638266815256,23.04474020781725
17.572524174724812,8.973039886759064,0.0067436296003574,23.137312859144235,268.2105895078663,241.5463344281074,5.55911921743598,28.43783396757048,9.41196320215753,0.003758160036626192,23.040062376503826
17.605868622874194,8.971022877520344,0.006740522363846757,23.13344085942943,268.120515192712,241.4377544069802,5.540613511459785,28.491795701854297,9.41005429272772,0.0037596830390719217,23.03538359762753
17.639213071023576,8.969007248954142,0.00673742844847092,23.129569750152793,268.0304779835942,241.32927309537587,5.522169408975131,28.54575743613811,9.40814499694701,0.0037612072756500136,23.030703870612772
17.67255751917296,8.96699299635382,0.006734347832020373,23.125699527695453,267.9404777822544,241.22089018997542,5.503786704910661,28.599719170421928,9.406235314580924,0.003762732747861226,23.026023194883404
17.705901967322344,8.964980115023556,0.006731280492318582,23.12183018844239,267.85051449061655,241.11260538830328,5.485465194877683,28.65368090470574,9.404325245394725,0.0037642594572087963,23.02134156986266
17.739246415471726,8.962968600278273,0.006728226407221294,23.11796172878251,267.7605880107458,241.00441838872283,5.467204675167894,28.707642638989554,9.402414789153466,0.003765787405197479,23.016658994973213
17.772590863621108,8.960958447443668,0.006725185554616805,23.114094145108595,267.6706982448762,240.89632889043605,5.4490049427511105,28.76160437327337,9.40050394562194,0.0037673165933332334,23.01197546963714
17.80593531177049,8.958949651856154,0.006722157912426619,23.110227433817343,267.5808450953998,240.7883365934805,5.430865795273015,28.815566107557185,9.398592714564709,0.003768847023124414,23.007290993275923
17.839279759919876,8.956942208862861,0.0067191434586041845,23.106361591309344,267.4910284648654,240.68044119872732,5.412787031052907,28.869527841841002,9.396681095746109,0.0037703786960851574,23.00260556531048
17.872624208069258,8.954936113821583,0.006716142171135863,23.102496613989114,267.4012482559864,240.572642407878,5.394768449081458,28.923489576124815,9.394769088930222,0.00377191161373143,22.997919185161138
17.90596865621864,8.952931362100793,0.006713154028040943,23.098632498265065,267.31150437163706,240.46493992346393,5.376809849018479,28.977451310408632,9.392856693880884,0.0037734457775794603,22.99323185224762
17.939313104368022,8.950927949079572,0.006710179007371005,23.094769240549553,267.22179671484406,240.35733344884153,5.358911031190692,29.031413044692446,9.390943910361718,0.003774981189148411,22.988543565989072
17.972657552517404,8.948925870147626,0.00670721708721066,23.090906837258828,267.1321251887916,240.24982268819235,5.341071796589506,29.08537477897626,9.389030738136087,0.0037765178499604736,22.983854325804046
18.00600200066679,8.946925120705254,0.006704268245677059,23.087045284813076,267.04248969683954,240.1424073465202,5.323291946868811,29.139336513260076,9.38711717696712,0.003778055761541019,22.979164131110497
18.039346448816172,8.944925696163303,0.0067013324609199384,23.083184579636434,266.95289014249755,240.03508712964765,5.305571284342771,29.19329824754389,9.385203226617701,0.003779594925417774,22.974472981325807
18.072690896965554,8.942927591943171,0.006698409711122374,23.07932471815694,266.8633264294242,239.92786174421545,5.2879096119836255,29.247259981827707,9.383288886850481,0.003781135343119916,22.969780875866743
18.106035345114936,8.94093080347679,0.006695499974499544,23.0754656968066,266.7737984614505,239.8207308976804,5.270306733419493,29.30122171611152,9.38137415742786,0.0037826770161779474,22.96508781414949
18.13937979326432,8.938935326206543,0.006692603229299572,23.07160751202134,266.68430614256937,239.71369429830983,5.252762452932194,29.355183450395337,9.379459038111998,0.003784219946125234,22.960393795589628
18.172724241413704,8.93694115558532,0.006689719453803779,23.067750160241044,266.5948493769222,239.606751655184,5.235276575455081,29.40914518467915,9.377543528664818,0.0037857641345013615,22.955698819602155
18.206068689563086,8.934948287076448,0.006686848626325742,23.063893637909548,266.50542806881464,239.4999026781911,5.217848906570851,29.463106918962964,9.37562762884801,0.003787309582846222,22.95100288560148
18.239413137712468,8.932956716153686,0.006683990725212197,23.060037941474633,266.4160421227062,239.39314707802578,5.200479252509404,29.51706865324678,9.373711338422996,0.0037888562927011404,22.946305993001385
18.272757585861854,8.93096643830118,0.006681145728842629,23.05618306738804,266.3266914432327,239.28648456618618,5.183167420145672,29.571030387530595,9.371794657150984,0.003790404265610233,22.941608141215088
18.306102034011236,8.928977449013464,0.006678313615629202,23.052329012105478,266.23737593516825,239.179914854973,5.16591321699749,29.62499212181441,9.369877584792913,0.003791953503120843,22.936909329655187
18.339446482160618,8.926989743795438,0.006675494364017392,23.048475772086615,266.14809550345626,239.07343765748683,5.148716451223434,29.678953856098225,9.367960121109496,0.003793504006783434,22.93220955773369
18.37279093031,8.92500331816232,0.0066726879524850605,23.044623343795084,266.05885005319624,238.96705268762526,5.1315769316207085,29.73291559038204,9.366042265861191,0.003795055778150696,22.927508824861995
18.406135378459386,8.923018167639643,0.006669894359542994,23.040771723698505,265.96963948965333,238.8607596600814,5.114494467623002,29.786877324665856,9.364124018808226,0.003796608818776689,22.92280713045092
18.439479826608768,8.921034287763236,0.006667113563735412,23.036920908268446,265.8804637182347,238.7545582903419,5.097468869298389,29.84083905894967,9.36220537971056,0.0037981631302169802,22.918104473910642
18.47282427475815,8.91905167407919,0.006664345543638791,23.033070893980486,265.79132264453057,238.6484482946844,5.080499947347198,29.894800793233486,9.360286348327923,0.003799718714030636,22.91340085465076
18.506168722907532,8.917070322143827,0.006661590277862815,23.029221677314172,265.7022161742674,238.54242939017465,5.063587513099917,29.9487625275173,9.358366924419808,0.0038012755717830565,22.908696272080295
18.539513171056917,8.915090227523713,0.0066588477450501985,23.02537325475304,265.6131442133382,238.4365012946664,5.046731378515096,30.002724261801117,9.356447107745447,0.0038028337050385625,22.903990725607617
18.5728576192063,8.913111385795592,0.006656117923876346,23.0215256227846,265.52410666781276,238.330663726797,5.029931356177257,30.05668599608493,9.354526898063835,0.0038043931153640704,22.899284214640513
18.60620206735568,8.911133792546382,0.006653400793049976,23.01767877790038,265.4351034438819,238.2249164059862,5.013187259294804,30.110647730368743,9.352606295133715,0.003805953804329226,22.89457673858616
18.639546515505064,8.909157443373157,0.006650696331312463,23.01383271659589,265.3461344479262,238.11925905243402,4.996498901697949,30.16460946465256,9.350685298713577,0.00380751577350705,22.88986829685113
18.67289096365445,8.907182333883151,0.006648004517438091,23.00998743537064,265.25719958647346,238.0136913871203,4.979866097836648,30.218571198936374,9.348763908561681,0.0038090790244736015,22.885158888841392
18.70623541180383,8.905208459693663,0.006645325330234729,23.006142930728146,265.16829876620847,237.90821313179873,4.963288662778528,30.27253293322019,9.346842124436037,0.00381064355880698,22.8804485139623
18.739579859953214,8.903235816432085,0.006642658748542574,23.00229919917593,265.07943189398173,237.80282400899728,4.946766412206841,30.326494667504004,9.344919946094397,0.003812209378086619,22.87573717161859
18.772924308102596,8.901264399735895,0.006640004751235024,22.998456237225525,264.99059887678993,237.69752374201687,4.930299162418406,30.38045640178782,9.342997373294248,0.0038137764838937346,22.871024861214384
18.806268756251978,8.899294205252602,0.006637363317218867,22.99461404139247,264.90179962179803,237.59231205492762,4.913886730321567,30.434418136071635,9.341074405792861,0.0038153448778138776,22.866311582153212
18.839613204401363,8.897325228639723,0.006634734425433447,22.99077260819633,264.81303403632427,237.48718867256667,4.897528933434167,30.48837987035545,9.339151043347254,0.003816914561438321,22.86159733383799
18.872957652550745,8.895357465564773,0.006632118054851446,22.986931934160676,264.7243020278495,237.38215332053682,4.88122558988151,30.542341604639265,9.337227285714182,0.003818485536356589,22.85688211567102
18.906302100700128,8.893390911705259,0.0066295141844785336,22.98309201581311,264.635603504001,237.27720572520508,4.8649765183943385,30.59630333892308,9.335303132650154,0.00382005780416166,22.852165927053967
18.93964654884951,8.891425562748632,0.006626922793353285,22.97925284968526,264.54693837258543,237.17234561369946,4.848781538306823,30.650265073206896,9.33337858391143,0.0038216313664493104,22.847448767387892
18.972990996998895,8.889461414392272,0.0066243438605478105,22.975414432312782,264.45830654154537,237.0675727139072,4.832640469554551,30.70422680749071,9.33145363925402,0.0038232062248187526,22.842730636073263
19.006335445148277,8.887498462343455,0.00662177736516683,22.971576760235344,264.3697079189889,236.9628867544718,4.816553132672525,30.758188541774523,9.329528298433695,0.003824782380872084,22.83801153250991
19.03967989329766,8.885536702319362,0.006619223286348167,22.967739829996678,264.2811424131883,236.8582874647933,4.800519348793167,30.81215027605834,9.327602561205955,0.003826359836213281,22.83329145609705
19.07302434144704,8.883576130047036,0.006616681603263368,22.96390363814453,264.19260993257234,236.7537745750244,4.784538939644328,30.866112010342153,9.325676427326055,0.003827938592447699,22.828570406233272
19.106368789596427,8.88161674126336,0.006614152295116373,22.96006818123069,264.10411038571687,236.6493478160687,4.7686117275473086,30.92007374462597,9.323749896548996,0.0038295186511829037,22.82384838231655
19.13971323774581,8.87965853171503,0.0066116353411445105,22.95623345581101,264.0156436813533,236.54500691957858,4.752737535414886,30.974035478909784,9.321822968629533,0.0038311000140318456,22.81912538374424
19.17305768589519,8.87770149715855,0.006609130720618495,22.952399458445345,263.92720972839624,236.44075161795354,4.736916186749337,31.0279972131936,9.319895643322175,0.003832682682611179,22.81440140991309
19.206402134044573,8.875745633360212,0.006606638412841807,22.94856618569764,263.83880843589003,236.33658164433862,4.721147505640481,31.081958947477414,9.31796792038117,0.003834266658536895,22.809676460219197
19.23974658219396,8.873790936096036,0.006604158397151364,22.94473363413587,263.75043971304564,236.23249673262046,4.705431316763724,31.135920681761228,9.3160397995605,0.0038358519434284113,22.80495053405807
19.27309103034334,8.87183740115181,0.0066016906529171235,22.94090180033206,263.6621034692408,236.1284966174283,4.689767445378111,31.189882416045045,9.314111280613915,0.0038374385389082087,22.80022363082456
19.306435478492723,8.869885024323004,0.006599235159542087,22.937070680862302,263.57379961399266,236.02458103412852,4.674155717324376,31.243844150328858,9.312182363294902,0.003839026446602237,22.79549574991291
19.339779926642105,8.867933801414795,0.006596791896462927,22.933240272306744,263.48552805699285,235.92074971882516,4.658595959023016,31.297805884612675,9.310253047356692,0.003840615668139121,22.790766890716743
19.37312437479149,8.865983728242027,0.006594360843148968,22.92941057124959,263.3972887080727,235.81700240835715,4.643087997472348,31.35176761889649,9.308323332552266,0.0038422062051492057,22.786037052629045
19.406468822940873,8.864034800629195,0.006591941979102795,22.9255815742791,263.3090814772412,235.71333884029636,4.6276316602466006,31.405729353180305,9.306393218634339,0.0038437980592642956,22.78130623504217
19.439813271090255,8.86208701441042,0.006589535283860756,22.921753277987623,263.2209062746447,235.6097587529454,4.612226775493985,31.45969108746412,9.304462705355373,0.003845391232119042,22.776574437347843
19.473157719239637,8.860140365429427,0.006587140736991747,22.917925678971553,263.1327630105974,235.50626188533568,4.596873171934789,31.513652821747932,9.30253179246759,0.00384698572535442,22.771841658937177
19.506502167389023,8.858194849539515,0.006584758318098149,22.91409877383136,263.04465159555593,235.40284797722518,4.581570678859469,31.56761455603175,9.30060047972294,0.0038485815406125597,22.76710789920065
19.539846615538405,8.856250462603567,0.006582388006815771,22.910272559171606,262.956571940162,235.2995167690977,4.566319126126763,31.621576290315563,9.298668766873128,0.0038501786795367768,22.762373157528096
19.573191063687787,8.854307200493988,0.006580029782813324,22.906447031600898,262.86852395518923,235.19626800215906,4.551118344161783,31.67553802459938,9.29673665366959,0.003851777143773464,22.757637433308712
19.60653551183717,8.85236505909272,0.0065776836257930805,22.90262218773194,262.7805075515759,235.09310141833703,4.53596816395414,31.729499758883193,9.294804139863512,0.003853376934972419,22.752900725931095
19.63987995998655,8.850424034291194,0.0065753495154903625,22.898798024181517,262.6925226404155,234.99001676027763,4.520868417056064,31.783461493167007,9.292871225205815,0.003854978054786814,22.748163034783172
19.673224408135937,8.848484121990305,0.0065730274316736954,22.894974537570487,262.6045691329526,234.88701377134362,4.505818935580526,31.837423227450824,9.290937909447182,0.003856580504872274,22.74342435925226
19.70656885628532,8.846545318100437,0.006570717354145337,22.89115172452379,262.51664694060725,234.78409219561433,4.490819552199378,31.891384961734637,9.28900419233801,0.003858184286886009,22.738684698725017
19.7399133044347,8.84460761854139,0.006568419262740286,22.887329581670464,262.42875597493065,234.6812517778812,4.47587010014149,31.945346696018454,9.28707007362845,0.0038597894024869203,22.73394405258748
19.773257752584083,8.84267101924238,0.006566133137326888,22.883508105643628,262.3408961476487,234.5784922636472,4.460970413190891,31.999308430302268,9.28513555306839,0.0038613958533376363,22.72920242022504
19.80660220073347,8.840735516142013,0.006563858957807362,22.8796872930805,262.25306737063295,234.47581339912435,4.446120325684924,32.05327016458608,9.283200630407466,0.00386300364110734,22.724459801022462
19.83994664888285,8.838801105188283,0.006561596704116531,22.875867140622375,262.16526955591064,234.37321493123284,4.431319672512414,32.1072318988699,9.28126530539506,0.003864612767464284,22.719716194363865
19.873291097032233,8.836867782338523,0.0065593463562227524,22.87204764491465,262.07750261567656,234.2706966075977,4.416568289111814,32.161193633153715,9.279329577780274,0.0038662232340795862,22.71497159963272
19.906635545181615,8.834935543559393,0.006557107894128,22.868228802606833,261.9897664622708,234.1682581765473,4.401866011469388,32.215155367437525,9.277393447311965,0.0038678350426273275,22.710226016211863
19.939979993331,8.833004384826888,0.0065548812978671435,22.864410610352504,261.9020610081871,234.06589938711306,4.387212676117384,32.26911710172134,9.275456913738715,0.003869448194785198,22.70547944348349
19.973324441480383,8.831074302126257,0.006552666547508649,22.860593064809365,261.8143861660836,233.96361998902432,4.372608120132217,32.32307883600516,9.273519976808863,0.003871062692234094,22.70073188082915
20.006668889629765,8.829145291452054,0.00655046362315426,22.85677616263921,261.7267418487667,233.86141973270992,4.358052181132656,32.377040570288976,9.27158263627047,0.0038726785366571164,22.69598332762975
20.040013337779147,8.827217348808052,0.006548272504938899,22.852959900507933,261.6391279692104,233.75929836929356,4.343544697278018,32.431002304572786,9.269644891871346,0.0038742957297388755,22.691233783265545
20.073357785928533,8.825290470207266,0.006546093173031255,22.849144275085557,261.5515444405159,233.65725565059356,4.329085507266375,32.4849640388566,9.267706743359017,0.003875914273166092,22.68648324711615
20.106702234077915,8.823364651671918,0.006543925607632939,22.845329283046176,261.46399117597673,233.5552913291205,4.314674450332749,32.53892577314042,9.26576819048077,0.0038775341686304275,22.681731718560528
20.140046682227297,8.82143988923341,0.006541769788978925,22.841514921068033,261.3764680890204,233.45340515807507,4.300311366247337,32.59288750742423,9.263829232983626,0.0038791554178288132,22.676979196977
20.17339113037668,8.819516178932314,0.006539625697338141,22.837701185833446,261.2889750932229,233.35159689134656,4.285996095313724,32.64684924170805,9.261889870614342,0.003880778022456864,22.672225681743242
20.206735578526065,8.817593516818349,0.006537493313012182,22.833888074028867,261.20151210233433,233.2498662835109,4.2717284783670975,32.700810975991864,9.259950103119396,0.003882401984213921,22.66747117223627
20.240080026675447,8.815671898950352,0.0065353726163362115,22.830075582344858,261.1140790302504,233.14821308982874,4.257508356772502,32.75477271027568,9.258009930245011,0.003884027304802446,22.662715667832444
20.27342447482483,8.813751321396273,0.006533263587679209,22.82626370747609,261.0266757910131,233.04663706624365,4.243335572423048,32.80873444455949,9.256069351737139,0.0038856539859285747,22.657959167907492
20.30676892297421,8.811831780233144,0.006531166207442991,22.822452446121375,260.93930229883347,232.94513796938045,4.229209967738174,32.86269617884331,9.254128367341492,0.0038872820293014074,22.65320167183648
20.340113371123596,8.809913271547044,0.006529080456062997,22.818641794983606,260.85195846807045,232.84371555654224,4.2151313856618815,32.916657913127125,9.252186976803483,0.003888911436632004,22.648443178993816
20.37345781927298,8.807995791433138,0.0065270063140081686,22.81483175076983,260.76464421324306,232.7423695857116,4.201099669661004,32.970619647410935,9.250245179868287,0.003890542209632978,22.643683688753253
20.40680226742236,8.806079335995555,0.006524943761780629,22.811022310191195,260.6773594490114,232.64109981554378,4.187114663723445,33.02458138169475,9.248302976280769,0.003892174350019736,22.638923200487877
20.440146715571743,8.804163901347478,0.006522892779916188,22.807213469962978,260.59010409020556,232.5399060053701,4.173176212356464,33.07854311597857,9.24636036578558,0.003893807859514015,22.634161713570144
20.47349116372113,8.802249483611051,0.006520853348983848,22.803405226804585,260.502878051799,232.43878791519305,4.159284160584935,33.132504850262386,9.244417348127078,0.0038954427398396425,22.629399227371845
20.50683561187051,8.800336078917374,0.006518825449585962,22.79959757743955,260.4156812489291,232.33774530568445,4.145438353949629,33.186466584546196,9.242473923049353,0.003897078992721246,22.6246357412641
20.540180060019892,8.798423683406506,0.006516809062358802,22.79579051859552,260.3285135968687,232.23677793818553,4.131638638505497,33.24042831883001,9.240530090296234,0.003898716619886794,22.619871254617383
20.573524508169275,8.796512293227416,0.0065148041679715,22.791984047004277,260.2413750110756,232.13588557470314,4.117884860819949,33.29439005311383,9.238585849611264,0.003900355623067799,22.615105766801488
20.606868956318657,8.794601904537982,0.006512810747126706,22.788178159401742,260.1542654071284,232.03506797790934,4.104176867971165,33.34835178739764,9.23664120073775,0.003901996003999348,22.610339277185574
20.640213404468042,8.79269251350496,0.006510828780561077,22.784372852527955,260.06718470078334,231.9343249111385,4.090514507546375,33.40231352168146,9.234696143418697,0.0039036377644192204,22.60557178513812
20.673557852617424,8.790784116303966,0.006508858249044027,22.78056812312709,259.9801328079377,231.83365613838632,4.076897627640188,33.456275255965274,9.232750677396867,0.003905280906066952,22.60080329002695
20.706902300766806,8.788876709119478,0.006506899133378579,22.776763967947463,259.8931096446489,231.7330614243085,4.063326076852875,33.51023699024908,9.230804802414722,0.003906925430683889,22.596033791219206
20.74024674891619,8.786970288144774,0.00650495141440166,22.77296038374151,259.8061151271195,231.63254053421716,4.04979970428871,33.5641987245329,9.22885851821447,0.00390857134001518,22.591263288081375
20.773591197065574,8.785064849581941,0.006503015072983099,22.769157367265812,259.719149171716,231.53209323408052,4.03631835955428,33.61816045881672,9.226911824538062,0.00391021863581277,22.586491779979294
20.806935645214956,8.78316038964185,0.006501090090026418,22.765354915281083,259.632211694955,231.43171929052073,4.022881892756814,33.672122193100535,9.224964721127156,0.00391186731982798,22.58171926627812
20.84028009336434,8.781256904544136,0.006499176446468699,22.761553024552168,259.5453026135001,231.3314184708122,4.009490154502522,33.726083927384344,9.223017207723148,0.0039135173938150344,22.576945746342336
20.87362454151372,8.77935439051718,0.006497274123280276,22.757751691848057,259.458421844181,231.2311905428798,3.9961429958949224,33.78004566166816,9.221069284067157,0.003915168859531326,22.57217121953575
20.906968989663106,8.777452843798086,0.006495383101465216,22.753950913941885,259.3715693039577,231.1310352752973,3.9828402685332,33.83400739595198,9.219120949900047,0.00391682171873802,22.56739568522153
20.940313437812488,8.775552260632649,0.0064935033620608755,22.750150687610912,259.2847449099665,231.03095243728438,3.969581824510547,33.88796913023579,9.217172204962377,0.003918475973199692,22.56261914276214
20.97365788596187,8.773652637275378,0.0064916348861379924,22.746351009636548,259.1979485794883,230.93094179870758,3.9563675164125254,33.941930864519605,9.215223048994474,0.0039201316246832655,22.5578415915194
21.007002334111252,8.771753969989415,0.006489777654801264,22.742551876804338,259.11118022995424,230.8310031300752,3.943197197315417,33.99589259880342,9.21327348173635,0.003921788674957326,22.553063030854418
21.040346782260638,8.769856255046564,0.006487931649188356,22.73875328590398,259.02443977894586,230.73113620253804,3.930070720784602,34.04985433308724,9.211323502927756,0.003923447125792782,22.548283460127656
21.07369123041002,8.767959488727257,0.006486096850470477,22.734955233729295,258.9377271442046,230.63134078788704,3.916987940872924,34.10381606737105,9.209373112308185,0.003925106978965818,22.543502878698902
21.107035678559402,8.76606366732052,0.00648427323985291,22.731157717078265,258.85104224362425,230.53161665855066,3.9039487121190692,34.157777801654866,9.207422309616845,0.003926768236257746,22.538721285927263
21.140380126708784,8.764168787123982,0.006482460798573718,22.727360732753013,258.76438499523965,230.43196358759474,3.8909528895459506,34.21173953593868,9.205471094592667,0.003928430899448933,22.533938681171165
21.17372457485817,8.76227484444382,0.00648065950790465,22.723564277559802,258.6777553172522,230.33238134871885,3.8780003286590867,34.26570127022249,9.203519466974308,0.003930094970323602,22.529155063788355
21.207069023007552,8.760381835594778,0.006478869349151461,22.719768348309042,258.5911531280035,230.2328697162568,3.8650908854450146,34.31966300450631,9.20156742650014,0.003931760450669343,22.524370433135907
21.240413471156934,8.758489756900122,0.006477090303652765,22.715972941815288,258.50457834599666,230.1334284651731,3.852224416369666,34.37362473879013,9.19961497290829,0.003933427342277582,22.519584788570214
21.273757919306316,8.75659860469162,0.006475322352780906,22.71217805489724,258.4180308898798,230.03405737106166,3.839400778376788,34.427586473073944,9.197662105936555,0.003935095646942833,22.51479812944698
21.307102367455702,8.754708375309544,0.0064735654779420025,22.70838368437775,258.33151067845137,229.93475621014525,3.8266198288863404,34.481548207357754,9.195708825322509,0.003936765366461665,22.51001045512124
21.340446815605084,8.752819065102624,0.0064718196605753125,22.70458982708381,258.24501763067326,229.83552475927195,3.813881425792927,34.53550994164157,9.193755130803408,0.003938436502632398,22.505221764947322
21.373791263754466,8.750930670428057,0.006470084882153836,22.700796479846566,258.1585516656408,229.73636279591528,3.801185427464193,34.58947167592539,9.191801022116252,0.003940109057256537,22.500432058278893
21.407135711903848,8.749043187651456,0.006468361124184063,22.697003639501308,258.0721127026233,229.63727009817103,3.788531692739271,34.6434334102092,9.189846498997758,0.003941783032142384,22.495641334468925
21.44048016005323,8.74715661314686,0.006466648368205874,22.69321130288747,257.98570066102246,229.53824644475657,3.7759200809272015,34.697395144493015,9.187891561184358,0.003943458429099565,22.490849592869715
21.473824608202616,8.745270943296692,0.006464946595792985,22.689419466848648,257.8993154603927,229.43929161500824,3.763350451805362,34.75135687877683,9.18593620841221,0.003945135249939357,22.48605683283285
21.507169056351998,8.743386174491755,0.0064632557885523296,22.685628128232565,257.81295702045736,229.3404053888807,3.7508226656179295,34.80531861306065,9.183980440417201,0.003946813496476445,22.481263053709252
21.54051350450138,8.74150230313122,0.006461575928124355,22.681837283891117,257.7266252610634,229.2415875469453,3.7383365830743016,34.85928034734446,9.182024256934916,0.003948493170529332,22.476468254849134
21.573857952650762,8.739619325622586,0.006459906996183512,22.67804693068034,257.64032010223076,229.14283787038735,3.725892065347566,34.913242081628276,9.180067657700683,0.003950174273920234,22.47167243560204
21.607202400800148,8.737737238381658,0.006458248974437247,22.674257065460395,257.5540414641247,229.04415614100458,3.713488974072943,34.96720381591209,9.178110642449527,0.003951856808474063,22.4668755953168
21.64054684894953,8.735856037832562,0.006456601844626581,22.670467685095637,257.4677892670529,228.9455421412069,3.701127171346265,35.0211655501959,9.176153210916212,0.003953540776017584,22.46207773334157
21.673891297098912,8.733975720407692,0.006454965588526687,22.66667878645454,257.38156343148194,228.84699565401314,3.688806519722421,35.07512728447972,9.174195362835198,0.003955226178379687,22.457278849023798
21.707235745248294,8.732096282547708,0.006453340187945548,22.662890366409727,257.29536387802574,228.74851646305052,3.676526882213848,35.12908901876354,9.172237097940686,0.003956913017393838,22.452478941710236
21.74058019339768,8.730217720701507,0.006451725624724867,22.659102421837986,257.209190527452,228.65010435255186,3.6642881222889967,35.183050753047354,9.170278415966575,0.003958601294900112,22.447678010746962
21.77392464154706,8.728340031326232,0.0064501218807404,22.655314949620244,257.12304330067894,228.55175910735602,3.6520901038708162,35.237012487331164,9.1683193166465,0.003960291012737437,22.44287605547934
21.807269089696444,8.726463210887204,0.006448528937900801,22.651527946641583,257.0369221187617,228.4534805129034,3.639932691335244,35.29097422161498,9.16635979971379,0.003961982172748516,22.43807307525204
21.840613537845826,8.72458725585794,0.006446946778148461,22.647741409791227,256.95082690291525,228.35526835523638,3.6278157495096894,35.3449359558988,9.164399864901517,0.003963674776779416,22.43326906940902
21.87395798599521,8.72271216272014,0.006445375383459665,22.64395533596255,256.8647575745195,228.25712242099755,3.6157391436715436,35.39889769018261,9.16243951194244,0.003965368826680215,22.428464037293576
21.907302434144594,8.720837927963625,0.006443814735843787,22.640169722053084,256.77871405507375,228.1590424974267,3.6037027395466708,35.452859424466425,9.16047874056905,0.003967064324304378,22.42365797824827
21.940646882293976,8.71896454808638,0.0064422648173439725,22.636384564964498,256.6926962662435,228.06102837236136,3.5917064033079216,35.50682115875024,9.158517550513563,0.003968761271507704,22.418850891614962
21.973991330443358,8.717092019594483,0.006440725610036967,22.63259986160262,256.60670412984865,227.9630798342335,3.579750001573639,35.56078289303406,9.156555941507884,0.003970459670147812,22.414042776734828
22.007335778592743,8.715220339002105,0.006439197096032909,22.62881560887742,256.52073756785444,227.8651966720679,3.567833401406183,35.61474462731787,9.154593913283636,0.003972159522085242,22.40923363294831
22.040680226742126,8.713349502831495,0.00643767925747569,22.625031803703017,256.4347965023616,227.76737867548155,3.5559564703104467,35.668706361601686,9.152631465572163,0.003973860829187008,22.404423459595183
22.074024674891508,8.711479507612971,0.006436172076542628,22.621248442997665,256.3488808556408,227.6696256346822,3.544119076232385,35.7226680958855,9.150668598104545,0.003975563593323091,22.399612256014496
22.10736912304089,8.709610349884864,0.0064346755354445,22.617465523683794,256.2629905500978,227.57193734046461,3.532321087557549,35.77662983016931,9.148705310611543,0.003977267816364204,22.394800021544594
22.140713571190275,8.707742026193554,0.0064331896164260246,22.61368304268796,256.1771255082984,227.4743135842122,3.520562373109613,35.83059156445313,9.146741602823623,0.003978973500184785,22.389986755523104
22.174058019339657,8.705874533093409,0.006431714301765079,22.609900996940862,256.0912856529348,227.37675415789312,3.508842802148934,35.88455329873695,9.144777474470999,0.003980680646663106,22.38517245728696
22.20740246748904,8.704007867146776,0.006430249573773108,22.60611938337736,256.00547090687974,227.27925885405892,3.4971622443710766,35.93851503302076,9.142812925283568,0.003982389257681366,22.380357126172377
22.24074691563842,8.702142024923974,0.006428795414795626,22.60233819893645,255.91968119313069,227.18182746584378,3.4855205699053826,35.992476767304574,9.140847954990951,0.003984099335124753,22.375540761514863
22.274091363787804,8.70027700300327,0.006427351807211108,22.598557440561276,255.8339164348372,227.08445978696273,3.473917649313512,36.04643850158839,9.138882563322474,0.003985810880880477,22.37072336264921
22.30743581193719,8.698412797970862,0.006425918733431679,22.59477710519912,255.74817655531032,226.98715561170985,3.462353353588017,36.10040023587221,9.136916750007165,0.003987523896837872,22.365904928909487
22.34078026008657,8.69654940642083,0.006424496175903612,22.590997189801413,255.66246147799416,226.8899147349555,3.4508275541508993,36.15436197015602,9.134950514773772,0.003989238384890533,22.361085459629052
22.374124708235954,8.694686824955198,0.0064230841171060244,22.587217691323737,255.5767711264884,226.79273695214852,3.4393401228521827,36.208323704439835,9.132983857350757,0.0039909543469391785,22.35626495414057
22.407469156385336,8.692825050183824,0.00642168253955175,22.58343860672579,255.49110542453337,226.6956220593102,3.427890931968491,36.26228543872365,9.131016777466293,0.003992671784883881,22.35144341177597
22.44081360453472,8.690964078724438,0.0064202914257877365,22.57965993297144,255.40546429602617,226.59856985303554,3.4164798542016173,36.31624717300746,9.129049274848242,0.003994390700628195,22.346620831866467
22.474158052684103,8.689103907202602,0.00641891075839381,22.57588166702868,255.31984766500358,226.5015801304906,3.405106762677129,36.37020890729128,9.127081349224182,0.003996111096079165,22.341797213742552
22.507502500833485,8.6872445322517,0.006417540519983527,22.57210380586965,255.23425545565888,226.4046526894112,3.393771530942933,36.424170641575095,9.12511300032141,0.0039978329731479795,22.336972556734
22.540846948982868,8.685385950512924,0.006416180693204448,22.568326346470627,255.1486875923236,226.30778732810182,3.38247403296789,36.47813237585891,9.123144227866915,0.00399955633374946,22.332146860169868
22.574191397132253,8.683528158635237,0.006414831260737151,22.56454928581202,255.0631439994826,226.2109838454332,3.3712141431403975,36.53209411014272,9.121175031587399,0.004001281179800965,22.32732012337849
22.607535845281635,8.681671153275387,0.0064134922052959415,22.560772620878392,254.9776246017648,226.11424204084196,3.3599917362670086,36.58605584442654,9.11920541120928,0.004003007513221781,22.32249234568747
22.640880293431017,8.679814931097853,0.00641216350962894,22.55699634865843,254.89212932394852,226.0175617143277,3.3488066875710243,36.640017578710356,9.117235366458655,0.004004735335934072,22.317663526423686
22.6742247415804,8.677959488774848,0.006410845156517499,22.553220466144946,254.806658090954,225.92094266645228,3.3376588726911183,36.693979312994166,9.115264897061355,0.00400646464986635,22.31283366491331
22.707569189729785,8.676104822986307,0.006409537128776673,22.54944497033491,254.72121082785327,225.8243846983388,3.326548167679947,36.74794104727798,9.113294002742895,0.004008195456950961,22.308002760481763
22.740913637879167,8.674250930419849,0.006408239409255154,22.54566985822941,254.6357874598571,225.72788761166882,3.3154744490027768,36.8019027815618,9.111322683228515,0.0040099277591206526,22.30317081245376
22.77425808602855,8.672397807770771,0.0064069519808350114,22.541895126833673,254.55038791233804,225.63145120868182,3.304437593536108,36.85586451584562,9.109350938243141,0.004011661558312099,22.29833782015328
22.80760253417793,8.670545451742042,0.006405674826432093,22.538120773157058,254.46501211079942,225.53507529217381,3.2934374785662994,36.90982625012943,9.1073787675114,0.004013396856465901,22.293503782903556
22.840946982327317,8.66869385904426,0.00640440792899566,22.534346794213047,254.37965998089692,225.43875966549507,3.282473981788218,36.963787984413244,9.105406170757643,0.004015133655526756,22.288668700027113
22.8742914304767,8.666843026395641,0.006403151271508478,22.530573187019254,254.2943314484356,225.3425041325483,3.2715469813038673,37.01774971869706,9.103433147705903,0.0040168719574425514,22.283832570845732
22.90763587862608,8.664992950522029,0.006401904836987177,22.526799948597432,254.2090264393606,225.24630849778939,3.2606563556210397,37.07171145298087,9.10145969807993,0.004018611764163335,22.27899539468047
22.940980326775463,8.663143628156833,0.0064006686084816175,22.52302707597344,254.1237448797628,225.15017256622303,3.249801983651955,37.12567318726469,9.099485821603158,0.004020353077641351,22.274157170851637
22.97432477492485,8.66129505604105,0.006399442569075222,22.51925456617728,254.0384866958805,225.0540961434034,3.2389837447119274,37.179634921548505,9.097511517998736,0.00402209589983314,22.269317898678803
23.00766922307423,8.659447230923227,0.00639822670188538,22.515482416243074,253.9532518141066,224.95807903543187,3.228201518518016,37.23359665583232,9.095536786989515,0.004023840232702591,22.26447757748083
23.041013671223613,8.657600149559435,0.006397020990062566,22.51171062320906,253.8680401609579,224.8621210489547,3.2174551851876876,37.28755839011613,9.093561628298044,0.004025586078213215,22.259636206575816
23.074358119372995,8.65575380871328,0.0063958254167908405,22.507939184117607,253.78285166311767,224.76622199116338,3.206744625237487,37.34152012439995,9.091586041646563,0.004027333438331994,22.254793785281134
23.107702567522377,8.653908205155854,0.006394639965288367,22.504168096015192,253.69768624740317,224.67038166979145,3.1960697195817023,37.395481858683766,9.089610026757022,0.00402908231502956,22.249950312913406
23.141047015671763,8.652063335665757,0.006393464618806205,22.500397355952426,253.6125438407761,224.574599893115,3.1854303495310483,37.449443592967576,9.087633583351066,0.00403083271028083,22.24510578878853
23.174391463821145,8.650219197029017,0.00639229936062908,22.49662696098403,253.5274243703484,224.47887646994798,3.1748263967913446,37.50340532725139,9.085656711150037,0.004032584626064501,22.240260212221646
23.207735911970527,8.64837578603914,0.0063911441740758315,22.49285690816884,253.4423277633771,224.38321120964432,3.164257743462198,37.55736706153521,9.08367940987499,0.004034338064361954,22.23541358252716
23.24108036011991,8.646533099497065,0.006389999042498157,22.489087194569805,253.35725394725017,224.28760392209495,3.153724272035691,37.61132879581903,9.081701679246637,0.004036093027156631,22.23056589901872
23.274424808269295,8.64469113421112,0.0063888639492814285,22.48531781725399,253.27220284951989,224.19205441772502,3.143225865395079,37.66529053010284,9.079723518985434,0.004037849516434972,22.225717161009243
23.307769256418677,8.642849886997055,0.006387738877845153,22.481548773292566,253.1871743978712,224.09656250749504,3.1327624068134865,37.719252264386654,9.077744928811498,0.004039607534189944,22.220867367810893
23.34111370456806,8.641009354677996,0.006386623811641647,22.477780059760825,253.10216852013804,224.00112800289787,3.12233377995261,37.77321399867047,9.075765908444676,0.00404136708241843,22.216016518735096
23.37445815271744,8.639169534084413,0.006385518734156928,22.474011673738158,253.0171851442875,223.90575071595686,3.111939868861423,37.82717573295428,9.07378645760449,0.00404312816311789,22.21116461309252
23.407802600866827,8.637330422054134,0.006384423628911098,22.470243612308057,252.93222419843795,223.81043045922553,3.1015805579748834,37.8811374672381,9.071806576010149,0.004044890778289842,22.20631165019308
23.44114704901621,8.635492015432332,0.006383338479457131,22.466475872558128,252.84728561086374,223.71516704578667,3.091255732112661,37.935099201521915,9.069826263380572,0.004046654929939899,22.20145762934595
23.47449149716559,8.633654311071455,0.006382263269381675,22.46270845158008,252.76236930995907,223.61996028924818,3.0809652764778397,37.989060935805725,9.067845519434375,0.004048420620077903,22.19660254985954
23.507835945314973,8.631817305831271,0.006381197982305393,22.458941346469725,252.6774752242802,223.52481000374468,3.0707090766556573,38.04302267008954,9.065864343889857,0.004050187850716983,22.191746411041517
23.54118039346436,8.62998099657882,0.006380142601881906,22.455174554326955,252.59260328251392,223.42971600393466,3.0604870186122177,38.09698440437336,9.063882736465015,0.004051956623872559,22.186889212198793
23.57452484161374,8.628145380188398,0.006379097111798476,22.45140807225579,252.50775341349964,223.33467810499917,3.0502989886932412,38.150946138657176,9.061900696877537,0.004053726941562395,22.18203095263752
23.607869289763123,8.626310453541546,0.006378061495776304,22.447641897364317,252.4229255462086,223.23969612264045,3.0401448736227827,38.204907872940986,9.059918224844793,0.004055498805808857,22.177171631663068
23.641213737912505,8.624476213527027,0.0063770357375696205,22.443876026764737,252.33811960977062,223.14476987308043,3.030024560501984,38.2588696072248,9.057935320083882,0.004057272218641738,22.1723112485801
23.67455818606189,8.622642657040814,0.006376019820966332,22.440110457573336,252.25333553344447,223.0498991730596,3.019937936807815,38.31283134150862,9.05595198231155,0.004059047182090351,22.167449802692495
23.707902634211273,8.620809780986079,0.006375013729788114,22.436345186910486,252.16857324663349,222.95508383983577,3.0098848903918216,38.36679307579243,9.053968211244257,0.004060823698187834,22.16258729330337
23.741247082360655,8.618977582273171,0.006374017447889828,22.432580211900646,252.08383267889644,222.86032369118243,2.9998653094788823,38.42075481007625,9.051984006598156,0.004062601768971125,22.157723719715072
23.774591530510037,8.617146057819568,0.006373030959159963,22.42881552967237,251.99911375990948,222.76561854538596,2.9898790826659574,38.474716544360064,9.04999936808908,0.004064381396481624,22.152859081229202
23.807935978659422,8.615315204549928,0.006372054247520666,22.42505113735828,251.9144164195203,222.6709682212475,2.979926098920861,38.52867827864388,9.048014295432559,0.0040661625827645865,22.147993377146594
23.841280426808805,8.613485019396016,0.006371087296927384,22.42128703209511,251.8297405876877,222.57637253807877,2.9700062475810194,38.58264001292769,9.04602878834381,0.004067945329868,22.14312660676731
23.874624874958187,8.611655499296704,0.006370130091369189,22.417523211023635,251.74508619454014,222.48183131570153,2.9601194183522446,38.63660174721151,9.044042846537726,0.004069729639842039,22.138258769390646
23.90796932310757,8.609826641197952,0.006369182614868693,22.413759671288734,251.66045317033337,222.387344374446,2.9502655013075008,38.690563481495325,9.042056469728903,0.0040715155147401805,22.133389864315124
23.94131377125695,8.607998442052807,0.006368244851481876,22.409996410039348,251.57584144545908,222.29291153515067,2.9404443868856935,38.744525215779134,9.040069657631628,0.004073302956623002,22.128519890838515
23.974658219406336,8.606170898821365,0.006367316785298368,22.406233424428507,251.49125095046168,222.1985326191592,2.930655965890441,38.79848695006295,9.038082409959873,0.00407509196755418,22.123648848257822
24.00800266755572,8.604344008470758,0.0063663984004412345,22.40247071161329,251.4066816160231,222.1042074483199,2.920900129488867,38.85244868434677,9.036094726427276,0.004076882549598723,22.11877673586926
24.0413471157051,8.602517767975145,0.006365489681066966,22.398708268754852,251.32213337296474,222.00993584498423,2.911176769210388,38.906410418630585,9.034106606747194,0.004078674704825725,22.113903552968278
24.074691563854483,8.600692174315713,0.006364590611365712,22.394946093018437,251.2376061522536,221.91571763200665,2.9014857769455045,38.960372152914395,9.032118050632644,0.004080468435308627,22.109029298849553
24.10803601200387,8.598867224480609,0.006363701175560976,22.391184181573315,251.1530998849901,221.82155263274052,2.8918270449446046,39.01433388719821,9.030129057796344,0.0040822637431252055,22.104153972806994
24.14138046015325,8.597042915464971,0.006362821357909705,22.387422531592843,251.06861450241138,221.7274406710394,2.8822004658167626,39.06829562148203,9.028139627950688,0.004084060630356523,22.099277574133723
24.174724908302633,8.5952192442709,0.006361951142702566,22.38366114025443,250.984149935917,221.63338157125446,2.872605932528545,39.12225735576584,9.02614976080776,0.004085859099085984,22.094400102122098
24.208069356452015,8.593396207907428,0.00636109051426348,22.37990000473954,250.89970611701995,221.53937515823333,2.8630433384028233,39.176219090049656,9.02415945607932,0.0040876591513996086,22.089521556063666
24.2414138046014,8.591573803390515,0.006360239456949814,22.376139122233692,250.81528297739032,221.44542125731851,2.8535125771175793,39.23018082433347,9.022168713476814,0.004089460789388698,22.08464193524924
24.274758252750782,8.589752027743039,0.0063593979551527105,22.372378489926465,250.73088044883661,221.35151969434693,2.8440135427047393,39.28414255861729,9.02017753271138,0.004091264015151687,22.079761238968835
24.308102700900164,8.587930877994744,0.006358565993296466,22.36861810501147,250.64649846329195,221.25767029564673,2.834546129548975,39.3381042929011,9.018185913493832,0.004093068830786281,22.07487946651168
24.341447149049547,8.586110351182292,0.006357743555838867,22.36485796468639,250.56213695284427,221.16387288803912,2.8251102323865496,39.39206602718492,9.01619385553466,0.004094875238394617,22.069996617166215
24.374791597198932,8.584290444349174,0.006356930627271485,22.361098066152923,250.4777958497216,221.0701272988336,2.815705746304129,39.446027761468734,9.01420135854404,0.004096683240082822,22.065112690220108
24.408136045348314,8.582471154545726,0.006356127192118973,22.35733840661683,250.39347508628273,220.9764333558283,2.806332566737634,39.499989495752544,9.012208422231838,0.004098492837961639,22.060227684960235
24.441480493497696,8.580652478829123,0.006355333234939496,22.353578983287903,250.3091745950305,220.8827908873091,2.796990589471059,39.55395123003636,9.010215046307595,0.004100304034145661,22.055341600672705
24.47482494164708,8.57883441426334,0.006354548740325013,22.349819793379968,250.2248943086014,220.7891997220471,2.7876797106353264,39.60791296432018,9.008221230480528,0.004102116830752194,22.050454436642806
24.508169389796464,8.57701695791916,0.006353773692900514,22.34606083411089,250.14063415978342,220.6956596892985,2.7783998267071284,39.661874698603995,9.006226974459523,0.0041039312299008925,22.045566192155057
24.541513837945846,8.575200106874124,0.006353008077324488,22.34230210270256,250.05639408148562,220.60217061880195,2.7691508345077724,39.715836432887805,9.004232277953161,0.004105747233715326,22.04067686649318
24.57485828609523,8.573383858212566,0.006352251878289279,22.33854359638091,249.97217400676917,220.50873234077935,2.75993263120204,39.76979816717162,9.002237140669699,0.004107564844326795,22.035786458940116
24.60820273424461,8.571568209025534,0.006351505080520157,22.334785312375868,249.88797386882237,220.4153446859316,2.7507451142970343,39.82375990145544,9.000241562317072,0.0041093840638682134,22.030894968777996
24.641547182393996,8.569753156410831,0.00635076766877592,22.331027247921416,249.80379360099084,220.32200748544022,2.7415881816410526,39.87772163573925,8.998245542602895,0.004111204894475068,22.026002395288188
24.674891630543378,8.567938697472949,0.0063500396278492206,22.327269400255542,249.71963313673265,220.22872057096333,2.7324617314224398,39.931683370023066,8.996249081234447,0.004113027338286964,22.021108737751227
24.70823607869276,8.566124829323105,0.0063493209425656005,22.323511766620253,249.63549240966117,220.13548377463735,2.7233656621684643,39.98564510430688,8.994252177918701,0.004114851397448134,22.016213995446872
24.741580526842142,8.564311549079182,0.0063486115977841205,22.31975434426157,249.55137135352112,220.0422969290732,2.7142998727441823,40.0396068385907,8.992254832362296,0.004116677074107153,22.011318167654096
24.774924974991524,8.56249885386573,0.006347911578397712,22.315997130429512,249.4672699021957,219.94915986735583,2.705264262351319,40.09356857287451,8.99025704427154,0.0041185043704158085,22.006421253651055
24.80826942314091,8.560686740813955,0.006347220869332149,22.31224012237813,249.3831879897078,219.85607242304354,2.6962587305271475,40.14753030715833,8.988258813352438,0.004120333288528281,22.0015232527151
24.841613871290292,8.558875207061691,0.006346539455546714,22.30848331736547,249.2991255502159,219.7630344301659,2.6872831771433696,40.201492041442144,8.986260139310637,0.004122163830601845,21.99662416412279
24.874958319439674,8.55706424975339,0.006345867322034578,22.30472671265357,249.21508251801023,219.67004572322264,2.678337502405003,40.255453775725954,8.98426102185148,0.004123995998800187,21.991723987149886
24.908302767589056,8.555253866040113,0.0063452044538217026,22.30097030550848,249.13105882752382,219.5771061371829,2.66942160684927,40.30941551000977,8.982261460679995,0.004125829795292581,21.98682272107134
24.941647215738442,8.553444053079499,0.006344550835967564,22.297214093200243,249.04705441332692,219.48421550748313,2.6605353913444985,40.36337724429359,8.980261455500859,0.004127665222248383,21.981920365161304
24.974991663887824,8.551634808035766,0.006343906453565509,22.293458073002878,248.96306921013073,219.39137367002672,2.651678757089011,40.4173389785774,8.97826100601842,0.004129502281841599,21.977016918693124
25.008336112037206,8.549826128079678,0.006343271291741662,22.28970224219443,248.87910315276457,219.2985804611818,2.642851605610032,40.471300712861215,8.976260111936718,0.004131340976250598,21.972112380939326
25.041680560186588,8.548018010388546,0.006342645335655653,22.285946598056892,248.79515617621018,219.20583571778087,2.6340538387625907,40.52526244714503,8.974258772959459,0.004133181307658451,21.96720675117164
25.075025008335974,8.546210452146196,0.006342028570500946,22.282191137876268,248.7112282155788,219.1131392771187,2.6252853587284295,40.57922418142885,8.972256988790006,0.004135023278251969,21.96230002866099
25.108369456485356,8.54440345054297,0.006341420981503795,22.278435858942533,248.6273192061319,219.0204909769518,2.616546068014918,40.63318591571266,8.970254759131409,0.004136866890220596,21.957392212677473
25.141713904634738,8.542597002775691,0.006340822553923926,22.27468075854963,248.5434290832351,218.92789065549667,2.6078358694539694,40.687147649996476,8.968252083686378,0.004138712145756439,21.95248330249038
25.17505835278412,8.54079110604768,0.006340233273054909,22.270925833995488,248.45955778241907,218.83533815142943,2.599154666200958,40.74110938428029,8.966248962157286,0.004140559047056516,21.947573297368177
25.208402800933506,8.538985757568682,0.006339653124223062,22.267171082582003,248.37570523933928,218.74283330388238,2.590502361733639,40.7950711185641,8.964245394246197,0.004142407596325811,21.94266219657855
25.241747249082888,8.537180954554922,0.006339082092788181,22.263416501615037,248.2918713897876,218.65037595244587,2.5818788598510896,40.84903285284792,8.96224137965483,0.004144257795769197,21.93774999938834
25.27509169723227,8.53537669422903,0.006338520164143852,22.259662088404408,248.2080561696866,218.5579659371642,2.57328406467262,40.90299458713174,8.960236918084558,0.004146109647595714,21.932836705063572
25.308436145381652,8.533572973820071,0.006337967323716439,22.25590784026391,248.1242595150917,218.46560309853703,2.5647178806367217,40.956956321415554,8.95823200923645,0.004147963154018602,21.92792231286946
25.341780593531038,8.53176979056349,0.006337423556965732,22.252153754511287,248.04048136220734,218.37328727751537,2.556180212499996,41.01091805569936,8.956226652811225,0.004149818317255987,21.9230068220704
25.37512504168042,8.529967141701121,0.0063368888493853396,22.24839982846823,247.95672164735643,218.28101831550237,2.5476709653361076,41.06487978998318,8.954220848509268,0.004151675139530225,21.918090231929956
25.408469489829802,8.528165024481172,0.006336363186501578,22.24464605946039,247.87298030700865,218.18879605435185,2.53919004453471,41.118841524267,8.952214596030629,0.004153533623066717,21.913172541710882
25.441813937979184,8.526363436158187,0.006335846553874228,22.240892444817355,247.78925727775984,218.09662033636573,2.530737355800412,41.17280325855081,8.950207895075039,0.004155393770093382,21.90825375067509
25.47515838612857,8.524562373993058,0.006335338937096807,22.23713898187267,247.70555249633745,218.0044910042945,2.522312805151718,41.226764992834624,8.948200745341866,0.004157255582842025,21.903333858083677
25.50850283427795,8.522761835252997,0.006334840321795586,22.233385667963802,247.62186589960766,217.91240790133506,2.5139162989199884,41.28072672711844,8.946193146530158,0.0041591190635522895,21.89841286319692
25.541847282427334,8.520961817211516,0.006334350693630255,22.229632500432164,247.5381974245719,217.82037087112974,2.5055477437483957,41.33468846140226,8.944185098338636,0.004160984214466445,21.89349076527426
25.575191730576716,8.519162317148432,0.006333870038294213,22.225879476623106,247.45454700836882,217.72837975776554,2.4972070465908858,41.38865019568607,8.94217660046567,0.0041628510378290285,21.88856756357432
25.608536178726098,8.517363332349806,0.0063333983415136234,22.222126593885893,247.37091458825094,217.63643440577096,2.4888941147111474,41.442611929969885,8.940167652609297,0.004164719535889004,21.883643257354876
25.641880626875484,8.515564860107993,0.0063329355890480365,22.21837384957373,247.28730010162687,217.54453466011822,2.4806088556815746,41.4965736642537,8.938158254467215,0.004166589710900189,21.878717845872874
25.675225075024866,8.513766897721574,0.006332481766690665,22.214621241043734,247.20370348602816,217.45268036621889,2.472351177382249,41.55053539853751,8.936148405736787,0.004168461565121035,21.87379132838444
25.708569523174248,8.511969442495355,0.0063320368602675274,22.210868765656937,247.12012467911276,217.36087136992404,2.4641209879999035,41.60449713282133,8.934138106115043,0.004170335100813511,21.868863704144864
25.74191397132363,8.510172491740361,0.006331600855637968,22.2071164207783,247.03656361868582,217.26910751752303,2.45591819602691,41.658458867105146,8.932127355298649,0.004172210320242223,21.863934972408593
25.775258419473015,8.508376042773829,0.0063311737386949896,22.20336420377667,246.95302024267193,217.1773886557429,2.447742710260259,41.71242060138896,8.930116152983945,0.0041740872256750255,21.859005132429232
25.808602867622398,8.506580092919153,0.006330755495364373,22.199612112024827,246.86949448913734,217.08571463174525,2.439594439800547,41.76638233567277,8.928104498866945,0.004175965819386335,21.85407418345955
25.84194731577178,8.504784639505917,0.0063303461116052335,22.195860142899434,246.78598629626833,216.9940852931274,2.4314732940509645,41.82034406995659,8.926092392643309,0.004177846103656651,21.849142124751488
25.87529176392116,8.502989679869856,0.006329945573410269,22.192108293781068,246.70249560239424,216.90250048791984,2.423379182716286,41.87430580424041,8.924079834008346,0.004179728080766666,21.84420895555615
25.908636212070547,8.501195211352817,0.006329553866805001,22.18835656205418,246.61902234597449,216.8109600645842,2.415312015801872,41.92826753852422,8.92206682265704,0.004181611753001999,21.83927467512377
25.94198066021993,8.499401231302807,0.006329170977848254,22.184604945107136,246.5355664655959,216.719463872015,2.4072717036126656,41.982229272808034,8.920053358284028,0.0041834971226528735,21.834339282703766
25.97532510836931,8.497607737073917,0.006328796892632357,22.180853440332175,246.45212789997618,216.62801175953547,2.399258156752195,42.03619100709185,8.91803944058359,0.0041853841920144646,21.829402777544697
26.008669556518694,8.495814726026337,0.006328431597282502,22.177102045125427,246.36870658796389,216.53660357689787,2.391271286121577,42.09015274137567,8.916025069249683,0.004187272963385927,21.824465158894277
26.04201400466808,8.49402219552634,0.006328075077957174,22.173350756886887,246.2853024685546,216.44523917428228,2.383311002918531,42.14411447565948,8.914010243975904,0.004189163439069296,21.819526425999385
26.07535845281746,8.49223014294625,0.006327727320848265,22.169599573020445,246.2019154808507,216.35391840229462,2.3753772186363897,42.198076209943295,8.91199496445551,0.0041910556213695235,21.814586578106024
26.108702900966843,8.490438565664444,0.006327388312180613,22.16584849093384,246.11854556409625,216.26264111196633,2.367469845063115,42.25203794422711,8.909979230381412,0.00419294951259686,21.80964561445937
26.142047349116226,8.488647461065343,0.006327058038212275,22.162097508038702,246.03519265766286,216.17140715475327,2.359588794280317,42.30599967851092,8.907963041446175,0.004194845115069662,21.804703534303744
26.17539179726561,8.486856826539363,0.006326736485234649,22.15834662175051,245.9518567010602,216.08021638253337,2.3517339786622737,42.35996141279474,8.905946397342028,0.004196742431106297,21.799760336882613
26.208736245414993,8.485066659482946,0.00632642363957215,22.1545958294886,245.8685376339272,215.98906864760727,2.3439053108749652,42.413923147078556,8.90392929776084,0.004198641463029701,21.794816021438578
26.242080693564375,8.48327695729852,0.006326119487582353,22.150845128676178,245.7852353960142,215.8979638026961,2.336102703875092,42.46788488136237,8.901911742394123,0.0042005422131673,21.789870587213404
26.275425141713757,8.481487717394458,0.006325824015656108,22.14709451674027,245.70194992722054,215.80690170093914,2.3283260709091165,42.52184661564618,8.899893730933075,0.004202444683851656,21.78492403344799
26.308769589863143,8.47969893718513,0.006325537210217334,22.143343991111795,245.61868116757614,215.71588219589592,2.3205753255122885,42.57580834993,8.897875263068514,0.00420434887741975,21.779976359382367
26.342114038012525,8.477910614090824,0.006325259057723071,22.13959354922547,245.5354290572258,215.62490514154155,2.3128503815076975,42.62977008421382,8.895856338490912,0.004206254796211771,21.775027564255726
26.375458486161907,8.47612274553777,0.006324989544663517,22.13584318851988,245.4521935364526,215.53397039226823,2.305151153005299,42.68373181849763,8.893836956890409,0.004208162442570698,21.77007764730638
26.40880293431129,8.47433532895811,0.0063247286575621,22.13209290643742,245.36897454567125,215.4430778028827,2.297477554400972,42.737693552781444,8.891817117956771,0.004210071818843933,21.765126607771773
26.442147382460675,8.472548361789874,0.006324476382975203,22.128342700424334,245.28577202541908,215.35222722860485,2.2898295003755607,42.79165528706526,8.889796821379433,0.0042119829273871935,21.760174444888513
26.475491830610057,8.470761841477003,0.006324232707492342,22.124592567930694,245.2025859163678,215.26141852506862,2.282206905893928,42.84561702134907,8.887776066847481,0.004213895770558136,21.755221157892322
26.50883627875944,8.46897576546928,0.006323997617736367,22.120842506410373,245.119416159306,215.17065154831792,2.274609686204009,42.89957875563289,8.885754854049623,0.0042158103507176125,21.750266746018067
26.54218072690882,8.467190131222358,0.006323771100362944,22.11709251332108,245.03626269516744,215.07992615480788,2.2670377568358684,42.953540489916705,8.883733182674238,0.004217726670231102,21.74531120849974
26.575525175058203,8.465404936197732,0.006323553142060836,22.11334258612432,244.9531254649974,214.98924220140276,2.2594910336007654,43.00750222420052,8.881711052409345,0.004219644731469272,21.740354544570458
26.60886962320759,8.463620177862724,0.00632334372955225,22.109592722285413,244.8700044099771,214.8985995453752,2.2519694325902084,43.06146395848433,8.879688462942605,0.004221564536807587,21.735396753462478
26.64221407135697,8.461835853690456,0.00632314284959206,22.1058429192735,244.78689947141828,214.80799804440386,2.244472870175037,43.11542569276815,8.877665413961342,0.0042234860886251,21.730437834407187
26.675558519506353,8.460051961159865,0.00632295048896822,22.102093174561492,244.70381059076232,214.71743755657462,2.2370012630044744,43.169387427051966,8.87564190515249,0.004225409389303709,21.725477786635086
26.708902967655735,8.458268497755652,0.0063227666345022394,22.098343485626106,244.62073770956215,214.62691794037698,2.229554528005215,43.223349161335776,8.87361793620266,0.004227334441229124,21.7205166093758
26.74224741580512,8.456485460968317,0.006322591273048099,22.094593849947866,244.53768076951283,214.53643905470557,2.222132582380492,43.27731089561959,8.871593506798089,0.004229261246794682,21.715554301858095
26.775591863954503,8.45470284829407,0.006322424391492896,22.09084426501106,244.45463971243817,214.44600075885563,2.2147353436091635,43.33127262990341,8.869568616624681,0.004231189808398288,21.710590863309854
26.808936312103885,8.452920657234905,0.006322265976757343,22.08709472830376,244.37161448027297,214.35560291252574,2.207362729444789,43.38523436418723,8.867543265367958,0.00423312012843945,21.705626292958073
26.842280760253267,8.451138885298503,0.006322116015794483,22.083345237317825,244.288605015088,214.26524537581327,2.2000146579147173,43.43919609847104,8.865517452713089,0.004235052209322607,21.70066059002887
26.875625208402653,8.449357529998288,0.006321974495590488,22.079595789548875,244.2056112590897,214.17492800921633,2.192691047319176,43.493157832754854,8.86349117834489,0.0042369860534573,21.695693753747484
26.908969656552035,8.447576588853362,0.006321841403165175,22.075846382496312,244.12263315459342,214.08465067363022,2.1853918162303634,43.54711956703867,8.861464441947817,0.004238921663258185,21.69072578333827
26.942314104701417,8.445796059388513,0.006321716725570597,22.072097013663292,244.03967064405205,213.99441323034762,2.1781168834915414,43.60108130132248,8.859437243205983,0.004240859041143894,21.6857566780247
26.9756585528508,8.4440159391342,0.006321600449891937,22.06834768055672,243.95672367003604,213.90421554105728,2.1708661682161328,43.6550430356063,8.857409581803099,0.004242798189536077,21.680786437029354
27.009003001000185,8.442236225626527,0.006321492563248019,22.06459838068727,243.87379217524742,213.81405746784247,2.163639589786824,43.709004769890115,8.855381457422556,0.004244739110859806,21.675815059573925
27.042347449149567,8.440456916407253,0.006321393052789836,22.060849111569357,243.79087610251386,213.72393887318114,2.1564370678546685,43.76296650417393,8.85335286974736,0.004246681807546763,21.670842544879218
27.07569189729895,8.438678009023747,0.006321301905701544,22.05709987072115,243.70797539479682,213.63385961994297,2.149258522338191,43.81692823845774,8.851323818460164,0.0042486262820357005,21.66586889216517
27.10903634544833,8.436899501028988,0.006321219109200826,22.05335065566455,243.62508999515927,213.54381957138952,2.142103873422502,43.87088997274156,8.849294303243273,0.0042505725367656426,21.660894100650783
27.142380793597717,8.435121389981568,0.006321144650537597,22.049601463925175,243.54221984680686,213.45381859117373,2.1349730415584003,43.924851707025375,8.847264323778603,0.0042525205741808896,21.655918169554205
27.1757252417471,8.433343673445652,0.0063210785169949,22.045852293032407,243.4593648930679,213.36385654333742,2.1278659474615043,43.978813441309185,8.845233879747724,0.0042544703967306845,21.650941098092666
27.20906968989648,8.431566348990977,0.006321020695889186,22.042103140519338,243.37652507739153,213.27393329231109,2.120782512111355,44.032775175593,8.843202970831829,0.004256422006869619,21.645962885482508
27.242414138045863,8.429789414192815,0.006320971174569233,22.038354003922773,243.29370034335108,213.1840487029117,2.1137226567505474,44.08673690987682,8.841171596711774,0.00425837540705665,21.64098353093918
27.27575858619525,8.428012866631999,0.006320929940416884,22.03460488078324,243.2108906346537,213.09420264034355,2.106686302883847,44.140698644160636,8.839139757068011,0.004260330599753969,21.63600303367723
27.30910303434463,8.42623670389489,0.006320896980847277,22.03085576864499,243.12809589511363,213.0043949701963,2.0996733722773286,44.194660378444446,8.83710745158065,0.004262287587427003,21.63102139291029
27.342447482494013,8.424460923573351,0.006320872283307975,22.02710666505594,243.04531606867724,212.91462555844305,2.0926837869574926,44.24862211272826,8.835074679929422,0.004264246372546878,21.626038607851104
27.375791930643395,8.422685523264736,0.006320855835279571,22.023357567567757,242.96255109941876,212.8248942714401,2.085717469210407,44.30258384701208,8.83304144179371,0.004266206957593227,21.621054677711527
27.409136378792777,8.420910500571914,0.006320847624275745,22.019608473735772,242.8798009315386,212.73520097592694,2.0787743415808437,44.35654558129589,8.831007736852516,0.004268169345045969,21.61606960170248
27.442480826942163,8.41913585310318,0.006320847637842822,22.015859381119018,242.79706550933847,212.64554553902224,2.0718543268714087,44.41050731557971,8.828973564784478,0.004270133537390008,21.611083379034
27.475825275091545,8.417361578472326,0.00632085586356004,22.012110287280215,242.71434477727217,212.5559278282264,2.0649573481416974,44.464469049863524,8.82693892526786,0.004272099537115145,21.606096008915202
27.509169723240927,8.415587674298555,0.006320872289039538,22.008361189785756,242.6316386799014,212.4663477114173,2.0580833287074243,44.51843078414734,8.824903817980564,0.004274067346716699,21.60110749055431
27.54251417139031,8.413814138206519,0.006320896901926349,22.004612086205725,242.54894716190472,212.3768050568517,2.051232192139583,44.57239251843115,8.822868242600121,0.004276036968694724,21.596117823158618
27.575858619539694,8.412040967826282,0.006320929689898222,22.00086297411386,242.46627016809194,212.2872997331632,2.0444038622635863,44.62635425271497,8.820832198803691,0.004278008405552759,21.591127005934517
27.609203067689077,8.410268160793288,0.006320970640665725,21.997113851087573,242.38360764339194,212.19783160935998,2.0375982631584293,44.680315986998785,8.818795686268041,0.004279981659797509,21.58613503808748
27.64254751583846,8.408495714748394,0.006321019741972511,21.993364714707944,242.3009595328598,212.10840055482632,2.0308153191558342,44.734277721282595,8.816758704669605,0.004281956733940727,21.581141918822066
27.67589196398784,8.406723627337819,0.006321076981594733,21.989615562559695,242.21832578167027,212.01900643931978,2.0240549548394196,44.78823945556641,8.814721253684418,0.004283933630503052,21.57614764734193
27.709236412137226,8.404951896213134,0.0063211423473412956,21.985866392231202,242.13570633511645,211.92964913297033,2.0173170950438535,44.84220118985023,8.812683332988158,0.004285912352006626,21.571152222849793
27.74258086028661,8.403180519031269,0.006321215827054423,21.982117201314498,242.05310113861904,211.8403285062799,2.0106016648540237,44.896162924134046,8.810644942256117,0.004287892900977705,21.566155644547468
27.77592530843599,8.401409493454477,0.006321297408608534,21.97836798740524,241.97051013770616,211.751044430121,2.003908589604201,44.950124658417856,8.808606081163212,0.004289875279947547,21.56115791163584
27.809269756585373,8.399638817150338,0.0063213870799108595,21.974618748102735,241.88793327805004,211.66179677573618,1.9972377948772098,45.00408639270167,8.806566749384002,0.004291859491453027,21.556159023314866
27.84261420473476,8.397868487791712,0.006321484828902042,21.970869481009906,241.80537050542353,211.57258541473516,1.9905892065036024,45.05804812698549,8.804526946592661,0.004293845538036074,21.5511589787836
27.87595865288414,8.396098503056784,0.006321590643554699,21.967120183733314,241.72282176572662,211.48341021909712,1.9839627505608326,45.1120098612693,8.802486672462978,0.004295833422242398,21.546157777240154
27.909303101033522,8.394328860628995,0.006321704511874349,21.963370853883134,241.64028700498548,211.39427106116665,1.9773583533724357,45.16597159555312,8.800445926668376,0.0042978231466209,21.54115541788171
27.942647549182904,8.392559558197044,0.006321826421899872,21.95962148907315,241.5577661693385,211.30516781365372,1.9707759415072046,45.219933329836934,8.79840470888189,0.0042998147137250755,21.53615189990453
27.97599199733229,8.390790593454888,0.006321956361702075,21.955872086920767,241.47525920504418,211.2161003496331,1.9642154417783801,45.273895064120744,8.796363018776198,0.004301808126117101,21.531147222503954
28.009336445481672,8.389021964101731,0.006322094319384672,21.952122645046977,241.3927660584953,211.12706854254384,1.9576767812428326,45.32785679840456,8.794320856023576,0.004303803386362306,21.526141384874364
28.042680893631054,8.387253667841984,0.006322240283084614,21.94837316107639,241.31028667617852,211.03807226618642,1.9511598872002518,45.38181853268838,8.792278220295946,0.004305800497029163,21.521134386209248
28.076025341780436,8.385485702385271,0.006322394240970869,21.94462363263719,241.22782100472187,210.94911139472342,1.9446646871923405,45.435780266972195,8.790235111264822,0.004307799460691311,21.51612622570112
28.109369789929822,8.383718065446407,0.006322556181245288,21.940874057361157,241.14536899086548,210.86018580267734,1.9381911090020036,45.489742001256005,8.78819152860137,0.004309800279928056,21.511116902541588
28.142714238079204,8.38195075474541,0.006322726092142729,21.93712443288366,241.06293058147193,210.77129536493152,1.9317390806525547,45.54370373553982,8.786147471976347,0.004311802957324036,21.50610641592131
28.176058686228586,8.380183768007425,0.006322903961930286,21.93337475684364,240.98050572351343,210.68243995672537,1.9253085304069044,45.59766546982364,8.784102941060137,0.004313807495467966,21.50109476503
28.20940313437797,8.3784171029628,0.006323089778907834,21.92962502688361,240.89809436408504,210.59361945365868,1.9188993867667723,45.65162720410745,8.782057935522749,0.004315813896951828,21.496081949056446
28.24274758252735,8.376650757346992,0.006323283531408037,21.92587524064964,240.815696450402,210.50483373168584,1.9125115784718845,45.705588938391266,8.780012455033809,0.00431782216437189,21.49106796718847
28.276092030676736,8.374884728900597,0.0063234852077960505,21.92212539579136,240.7333119298067,210.41608266711728,1.9061450344991877,45.75955067267508,8.777966499262543,0.004319832300332683,21.48605281861298
28.309436478826118,8.373119015369324,0.0063236947964696545,21.91837548996198,240.65094074974758,210.32736613661808,1.8997996840620555,45.8135124069589,8.775920067877816,0.004321844307443565,21.481036502515924
28.3427809269755,8.371353614503983,0.0063239122858592105,21.914625520818237,240.5685828577895,210.2386840172067,1.893475456609503,45.86747414124271,8.773873160548098,0.004323858188316114,21.4760190180823
28.376125375124882,8.369588524060484,0.006324137664427926,21.910875486020423,240.48623820162152,210.15003618625488,1.887172281825402,45.92143587552653,8.771825776941473,0.004325873945567297,21.471000364496163
28.409469823274268,8.367823741799782,0.006324370920671292,21.907125383232355,240.403906729051,210.0614225214843,1.8808900896276965,45.975397609810344,8.769777916725628,0.00432789158181975,21.465980540940627
28.44281427142365,8.36605926548793,0.006324612043117337,21.903375210121396,240.32158838799134,209.97284290096934,1.8746288101676314,46.02935934409415,8.767729579567904,0.004329911099701706,21.460959546597838
28.476158719573032,8.364295092895999,0.006324861020327208,21.899624964358427,240.23928312649625,209.88429720313223,1.8683883738289648,46.08332107837797,8.765680765135203,0.004331932501845741,21.455937380648997
28.509503167722414,8.36253122180012,0.006325117840893976,21.89587464361786,240.15699089271268,209.79578530674542,1.862168711227204,46.13728281266179,8.763631473094076,0.004333955790887813,21.450914042274363
28.5428476158718,8.360767649981424,0.006325382493443325,21.89212424557762,240.0747116349111,209.70730709092774,1.8559697532088255,46.191244546945605,8.761581703110663,0.004335980969467945,21.445889530653197
28.576192064021182,8.359004375226066,0.006325654966634141,21.88837376791914,239.99244530148397,209.61886243514553,1.8497914308505166,46.245206281229414,8.759531454850718,0.00433800804023394,21.440863844963854
28.609536512170564,8.357241395325184,0.00632593524915703,21.884623208327362,239.9101918409428,209.53045121921053,1.8436336754583964,46.29916801551323,8.757480727979639,0.00434003700584006,21.43583698438371
28.642880960319946,8.355478708074902,0.006326223329735297,21.88087256449072,239.8279512019022,209.4420733232791,1.8374964185672622,46.35312974979705,8.755429522162398,0.0043420678689418575,21.430808948089172
28.67622540846933,8.353716311276324,0.006326519197125335,21.877121834101153,239.74572333310618,209.35372862785232,1.8313795919398237,46.40709148408086,8.753377837063567,0.004344100632200611,21.42577973525569
28.709569856618714,8.351954202735499,0.006326822840115288,21.873371014854083,239.66350818339887,209.26541701377346,1.825283127565945,46.461053218364675,8.751325672347367,0.004346135298283219,21.42074934505776
28.742914304768096,8.35019238026342,0.006327134247525991,21.869620104448412,239.58130570175894,209.17713836222788,1.8192069576618894,46.51501495264849,8.7492730276776,0.0043481718698623805,21.415717776668906
28.776258752917478,8.348430841676015,0.006327453408211152,21.86586910058652,239.49911583726353,209.08889255474188,1.8131510146695626,46.56897668693231,8.74721990271767,0.004350210349615423,21.410685029261675
28.809603201066864,8.346669584794114,0.006327780311056434,21.86211800097425,239.41693853911625,209.00067947318144,1.8071152312557666,46.62293842121612,8.745166297130622,0.004352250740223208,21.40565110200767
28.842947649216246,8.344908607443475,0.006328114944980107,21.85836680332093,239.3347737566321,208.91249899975261,1.8010995403114467,46.676900155499936,8.743112210579058,0.004354293044370546,21.40061599407749
28.876292097365628,8.343147907454714,0.006328457298933025,21.85461550533932,239.25262143923896,208.82435101699792,1.7951038749509487,46.73086188978375,8.741057642725213,0.00435633726474953,21.395579704640777
28.90963654551501,8.341387482663361,0.006328807361898345,21.850864104745675,239.17048153648352,208.73623540779903,1.7891281685112703,46.78482362406756,8.739002593230929,0.004358383404059995,21.390542232866228
28.942980993664396,8.339627330909792,0.006329165122891615,21.847112599259642,239.08835399800967,208.64815205537275,1.7831723545513263,46.83878535835138,8.736947061757657,0.004360431465002557,21.385503577921526
28.976325441813778,8.33786745003923,0.00632953057096074,21.843360986604363,239.00623877361085,208.56010084327107,1.7772363668512052,46.8927470926352,8.734891047966434,0.004362481450283723,21.38046373897339
29.00966988996316,8.336107837901743,0.006329903695186351,21.839609264506375,238.92413581316106,208.47208165538063,1.7713201394114348,46.946708826919014,8.732834551517902,0.004364533362615624,21.375422715187575
29.043014338112542,8.334348492352234,0.0063302844846810525,21.835857430695675,238.84204506666163,208.38409437592185,1.7654236064522484,47.000670561202824,8.73077757207232,0.004366587204716362,21.37038050572884
29.076358786261924,8.332589411250396,0.006330672928589789,21.832105482905664,238.75996648422458,208.2961388894467,1.7595467024128513,47.05463229548664,8.728720109289538,0.00436864297930892,21.36533710976097
29.10970323441131,8.330830592460748,0.0063310690160905125,21.828353418873174,238.67790001608034,208.2082150808397,1.7536893619506952,47.10859402977046,8.726662162829005,0.00437070068911999,21.360292526446763
29.14304768256069,8.329072033852585,0.006331472736392761,21.82460123633844,238.5958456125666,208.12032283531568,1.7478515199407503,47.16255576405427,8.72460373234977,0.004372760336880173,21.355246754948023
29.176392130710074,8.327313733299965,0.006331884078738545,21.820848933045113,238.51380322413587,208.0324620384186,1.7420331114747802,47.216517498338085,8.722544817510478,0.004374821925326963,21.350199794425592
29.209736578859456,8.32555568868173,0.0063323030324028305,21.817096506740242,238.4317728013521,207.94463257602217,1.7362340718606204,47.2704792326219,8.72048541796939,0.004376885457206459,21.345151644039312
29.24308102700884,8.32379789788145,0.006332729586692113,21.813343955174265,238.34975429489464,207.85683433432692,1.7304543366214604,47.32444096690571,8.718425533384359,0.004378950935265425,21.340102302948033
29.276425475158224,8.322040358787456,0.006333163730945404,21.80959127610101,238.26774765556232,207.76906719986175,1.7246938414951265,47.37840270118953,8.716365163412819,0.0043810183622565654,21.33505177030962
29.309769923307606,8.320283069292774,0.006333605454534446,21.805838467277688,238.18575283424386,207.68133105947996,1.7189525224333662,47.432364435473346,8.714304307711814,0.004383087740938225,21.330000045280933
29.343114371456988,8.318526027295162,0.006334054746862678,21.8020855264649,238.1037697819545,207.5936258003611,1.7132303156011373,47.48632616975716,8.712242965937989,0.0043851590740748726,21.324947127017854
29.376458819606373,8.316769230697068,0.006334511597366027,21.798332451426592,238.02179844982484,207.50595131000847,1.7075271573758948,47.54028790404097,8.710181137747579,0.004387232364436095,21.319893014675262
29.409803267755755,8.315012677405626,0.006334975995512792,21.7945792399301,237.93983878909526,207.41830747624886,1.7018429843468916,47.59424963832479,8.708118822796413,0.004389307614795358,21.314837707407044
29.443147715905138,8.313256365332645,0.0063354479308033755,21.790825889746102,237.857890751108,207.33069418723122,1.6961777333144628,47.64821137260861,8.70605602073991,0.0043913848279300335,21.30978120436607
29.47649216405452,8.311500292394589,0.006335927392770428,21.787072398648643,237.7759542873264,207.243111331426,1.6905313412893317,47.70217310689242,8.703992731233074,0.004393464006624151,21.30472350470422
29.509836612203905,8.309744456512572,0.006336414370978706,21.783318764415093,237.6940293493246,207.15555879762428,1.684903745491903,47.756134841176234,8.701928953930535,0.004395545153670873,21.299664607572385
29.543181060353287,8.307988855612349,0.006336908855025573,21.77956498482618,237.61211588878035,207.06803647493695,1.6792948833515728,47.81009657546005,8.699864688486493,0.004397628271864183,21.294604512120436
29.57652550850267,8.306233487624292,0.00633741083454013,21.775811057665962,237.53021385747994,206.98054425279363,1.6737046925060224,47.86405830974387,8.697799934554734,0.004399713364003948,21.289543217497236
29.60986995665205,8.304478350483382,0.006337920299183624,21.77205698072182,237.44832320733317,206.89308202094156,1.668133110800534,47.91802004402768,8.69573469178864,0.004401800432895741,21.28448072285065
29.643214404801437,8.302723442129203,0.006338437238650172,21.768302751784468,237.36644389035226,206.80564966944542,1.662580076287295,47.971981778311495,8.693668959841192,0.004403889481351408,21.279417027327533
29.67655885295082,8.300968760505913,0.0063389616426652255,21.764548368647926,237.28457585864976,206.71824708868525,1.657045527224711,48.02594351259531,8.691602738364956,0.0044059805121880995,21.274352130073733
29.7099033011002,8.29921430356226,0.00633949350098655,21.76079382910952,237.20271906447127,206.63087416935727,1.6515294020767188,48.07990524687912,8.689536027012084,0.004408073528227024,21.26928603023407
29.743247749249583,8.297460069251533,0.0063400328034046724,21.757039130969893,237.1208734601531,206.543530802471,1.6460316395120997,48.13386698116294,8.68746882543431,0.0044101685322933395,21.264218726952365
29.77659219739897,8.295706055531582,0.006340579539741441,21.753284272032978,237.03903899813366,206.45621687935008,1.640552178403803,48.187828715446756,8.685401133282955,0.0044122655272187256,21.259150219371396
29.80993664554835,8.293952260364787,0.006341133699851081,21.749529250105994,236.9572156309924,206.36893229163047,1.635090957828262,48.24179044973057,8.683332950208952,0.0044143645158443235,21.25408050663297
29.843281093697733,8.292198681718048,0.006341695273620213,21.745774062999452,236.8754033113885,206.2816769312596,1.6296479170647185,48.29575218401438,8.68126427586279,0.004416465501012358,21.24900958787784
29.876625541847115,8.290445317562778,0.0063422642509671345,21.742018708527144,236.79360199209134,206.19445069049576,1.6242229955945455,48.3497139182982,8.679195109894561,0.0044185684855708625,21.24393746224575
29.909969989996497,8.288692165874899,0.006342840621842377,21.738263184506124,236.71181162600038,206.10725346190776,1.6188161331005781,48.40367565258202,8.677125451953923,0.004420673472373682,21.23886412887542
29.943314438145883,8.286939224634802,0.006343424376228494,21.73450748875672,236.63003216609886,206.02008513837256,1.6134272694664398,48.45763738686583,8.675055301690152,0.004422780464281076,21.23378958690454
29.976658886295265,8.285186491827353,0.00634401550414027,21.730751619102513,236.54826356549313,205.93294561307533,1.6080563447758744,48.511599121149644,8.672984658752071,0.004424889464158792,21.228713835469783
30.010003334444647,8.283433965441885,0.006344613995624248,21.726995573370345,236.46650577738853,205.84583477950883,1.6027032993120827,48.56556085543346,8.670913522788103,0.004427000474876744,21.22363687370679
30.04334778259403,8.281681643472194,0.0063452198407589104,21.723239349390305,236.38475875510906,205.75875253147285,1.5973680735570523,48.61952258971728,8.668841893446254,0.004429113499308879,21.218558700750172
30.076692230743415,8.27992952391648,0.006345833029655386,21.719482944995715,236.30302245207386,205.6716987630713,1.5920506081909036,48.67348432400109,8.666769770374101,0.0044312285403356345,21.2134793157335
30.110036678892797,8.278177604777394,0.006346453552456052,21.715726358023133,236.22129682181514,205.584673368714,1.5867508440912244,48.727446058284904,8.664697153218812,0.004433345600847192,21.208398717789333
30.14338112704218,8.276425884061986,0.006347081399335393,21.711969586312357,236.1395818179758,205.4976762431137,1.5814687223324162,48.78140779256872,8.662624041627137,0.004435464683734984,21.20331690604918
30.17672557519156,8.274674359781717,0.006347716560500513,21.70821262770639,236.0578773942926,205.41070728128688,1.5762041841850345,48.83536952685253,8.66055043524539,0.004437585791896274,21.19823387964352
30.210070023340947,8.272923029952427,0.006348359026189655,21.704455480051458,235.97618350463088,205.3237663785517,1.570957171115142,48.88933126113635,8.658476333719468,0.004439708928234247,21.19314963770179
30.24341447149033,8.271171892594333,0.006349008786673284,21.700698141196998,235.8945001029342,205.2368534305276,1.5657276247836531,48.943292995420165,8.656401736694864,0.004441834095658621,21.18806417935238
30.27675891963971,8.269420945732016,0.006349665832254105,21.696940608995654,235.8128271432796,205.14996833313415,1.5605154870456865,48.99725472970398,8.654326643816631,0.004443961297084744,21.18297750372267
30.310103367789093,8.267670187394408,0.006350330153266314,21.693182881303244,235.7311645798348,205.06311098259087,1.5553206999499203,49.05121646398779,8.652251054729405,0.004446090535432287,21.177889609938962
30.34344781593848,8.265919615614788,0.006351001740076198,21.689424955978808,235.64951236687173,204.97628127541597,1.5501432057379427,49.10517819827161,8.65017496907738,0.004448221813625049,21.172800497126516
30.37679226408786,8.264169228430752,0.006351680583081865,21.685666830884536,235.56787045877016,204.88947910842523,1.544982946843619,49.159139932555426,8.648098386504335,0.004450355134593391,21.167710164409552
30.410136712237243,8.262419023884219,0.006352366672713523,21.681908503885822,235.48623881003132,204.80270437873153,1.5398398658924406,49.213101666839236,8.646021306653651,0.004452490501277526,21.162618610911263
30.443481160386625,8.2606690000214,0.006353059999432961,21.678149972851216,235.40461737523225,204.71595698374364,1.5347139057008963,49.26706340112305,8.643943729168235,0.004454627916619135,21.157525835753756
30.47682560853601,8.258919154892817,0.006353760553733714,21.674391235652443,235.32300610908013,204.6292368211665,1.5296050092758289,49.32102513540687,8.641865653690607,0.004456767383565771,21.15243183805811
30.510170056685393,8.257169486553249,0.006354468326141859,21.670632290164363,235.24140496637762,204.54254378899813,1.5245131198138098,49.37498686969069,8.639787079862835,0.004458908905071049,21.147336616944337
30.543514504834775,8.255419993061755,0.0063551833072144764,21.666873134265014,235.15981390202182,204.45587778553127,1.5194381807004984,49.4289486039745,8.637708007326568,0.004461052484095259,21.142240171531405
30.576858952984157,8.253670672481656,0.006355905487540645,21.663113765835554,235.07823287103204,204.36923870935135,1.5143801355100197,49.482910338258314,8.63562843572302,0.004463198123604439,21.137142500937223
30.610203401133543,8.251921522880497,0.006356634857741822,21.659354182760303,234.99666182852053,204.28262645933518,1.5093389280043341,49.53687207254213,8.633548364692986,0.004465345826569044,21.132043604278635
30.643547849282925,8.25017254233007,0.006357371408470519,21.655594382926694,234.9151007297125,204.19604093465102,1.5043145021326119,49.59083380682594,8.63146779387681,0.00446749559596375,21.12694348067141
30.676892297432307,8.248423728906387,0.006358115130411282,21.651834364225284,234.83354952991647,204.10948203475783,1.4993068020306108,49.64479554110976,8.629386722914415,0.004469647434769964,21.121842129230277
30.71023674558169,8.246675080689657,0.006358866014280615,21.648074124549765,234.75200818457284,204.02294965940328,1.4943157720200537,49.698757275393575,8.627305151445308,0.004471801345979126,21.116739549068903
30.74358119373107,8.244926595764294,0.0063596240508265196,21.644313661796925,234.67047664920702,203.9364437086242,1.489341356608012,49.752719009677385,8.625223079108533,0.004473957332584154,21.111635739299867
30.776925641880457,8.243178272218886,0.006360389230828808,21.640552973866658,234.58895487944878,203.84996408274463,1.4843835004862842,49.8066807439612,8.623140505542718,0.0044761153975840205,21.106530699034707
30.81027009002984,8.241430108146222,0.006361161545098889,21.636792058661968,234.5074428310361,203.76351068237713,1.4794421485307885,49.86064247824502,8.621057430386065,0.0044782755439838826,21.101424427383858
30.84361453817922,8.239682101643208,0.006361940984480312,21.63303091408893,234.425940459807,203.6770834084183,1.4745172458009403,49.914604212528836,8.618973853276318,0.004480437774795702,21.096316923456715
30.876958986328603,8.237934250810934,0.006362727539847796,21.629269538056736,234.34444772170144,203.59068216205173,1.4696087375390494,49.968565946812646,8.616889773850804,0.0044826020930372745,21.091208186361587
30.91030343447799,8.236186553754612,0.006363521202107734,21.625507928477617,234.26296457276501,203.5043068447448,1.4647165691697066,50.02252768109646,8.614805191746408,0.00448476850173093,21.086098215205702
30.94364788262737,8.234439008583578,0.0063643219621989065,21.621746083266917,234.18149096913803,203.4179573582487,1.4598406862991793,50.07648941538028,8.612720106599559,0.0044869370039033645,21.08098700909521
30.976992330776753,8.232691613411294,0.006365129811090888,21.617984000343004,234.10002686707514,203.33163360459795,1.454981034714805,50.13045114966409,8.610634518046277,0.0044891076025882415,21.07587456713519
31.010336778926135,8.230944366355304,0.0063659447397851265,21.614221677627345,234.01857222291537,203.24533548610836,1.4501375603843891,50.18441288394791,8.608548425722121,0.004491280300829284,21.07076088842965
31.04368122707552,8.22919726553727,0.006366766739315171,21.610459113044413,233.93712699311803,203.15906290537822,1.4453102094556052,50.238374618231724,8.606461829262235,0.004493455101671722,21.065645972081487
31.077025675224903,8.227450309082915,0.006367595800745559,21.606696304521776,233.85569113421897,203.07281576528567,1.4404989282553948,50.29233635251554,8.604374728301298,0.004495632008167079,21.060529817192545
31.110370123374285,8.225703495122021,0.0063684319151727006,21.602933249990013,233.77426460288856,202.9865939689879,1.4357036632893718,50.34629808679935,8.602287122473557,0.004497811023373213,21.055412422863554
31.143714571523667,8.223956821788438,0.006369275073724569,21.59916994738272,233.69284735587405,202.90039741992172,1.4309243612412257,50.40025982108317,8.600199011412819,0.004499992150354896,21.050293788194175
31.177059019673052,8.222210287220069,0.006370125267560815,21.59540639463655,233.6114393500255,202.81422602180254,1.426160968972132,50.454221555366985,8.598110394752448,0.004502175392182835,21.045173912282976
31.210403467822434,8.22046388955883,0.006370982487872455,21.59164258969116,233.53004054229592,202.72807967862207,1.4214134335201585,50.508183289650795,8.596021272125366,0.004504360751932316,21.04005279422743
31.243747915971817,8.218717626950667,0.0063718467258818984,21.587878530489217,233.44865088973972,202.64195829464882,1.416681702099678,50.56214502393461,8.593931643164037,0.004506548232683163,21.03493043312391
31.2770923641212,8.216971497545533,0.006372717972843806,21.584114214976385,233.36727034951704,202.55586177442706,1.4119657221007815,50.61610675821843,8.59184150750049,0.0045087378375225085,21.0298068280677
31.310436812270584,8.215225499497384,0.006373596220043512,21.580349641101353,233.28589887887946,202.46979002277615,1.40726544108869,50.670068492502246,8.589750864766318,0.004510929569547539,21.024681978152987
31.343781260419966,8.21347963096416,0.006374481458798047,21.57658480681577,233.20453643517507,202.3837429447895,1.4025808068031789,50.724030226786056,8.587659714592661,0.004513123431856881,21.01955588247287
31.37712570856935,8.211733890107773,0.006375373680456521,21.572819710074292,233.12318297587075,202.29772044583365,1.3979117671579873,50.77799196106987,8.58556805661021,0.004515319427555784,21.01442854011932
31.41047015671873,8.209988275094098,0.006376272876398763,21.56905434883453,233.04183845849997,202.21172243154768,1.3932582702402476,50.83195369535369,8.583475890449197,0.004517517559755978,21.00929995018322
31.443814604868116,8.208242784092967,0.006377179038036359,21.565288721057097,232.96050284072672,202.1257488078428,1.3886202643099008,50.8859154296375,8.581383215739427,0.004519717831576225,21.004170111754366
31.4771590530175,8.206497415278148,0.006378092156812446,21.561522824705545,232.87917608029554,202.0397994809008,1.3839976977991302,50.93987716392132,8.57929003211025,0.004521920246141253,20.99903902392142
31.51050350116688,8.204752166827348,0.006379012224201512,21.557756657746385,232.7978581350517,201.95387435717413,1.379390519311777,50.993838898205134,8.577196339190548,0.0045241248065804535,20.993906685771947
31.543847949316262,8.203007036922177,0.006379939231709407,21.553990218149092,232.71654896295217,201.86797334338428,1.3747986776227785,51.04780063248895,8.575102136608766,0.004526331516027974,20.98877309639239
31.577192397465648,8.20126202374816,0.0063808731708732075,21.55022350388607,232.63524852203662,201.7820963465213,1.3702221216775934,51.10176236677276,8.573007423992896,0.0045285403776257355,20.983638254868097
31.61053684561503,8.199517125494719,0.006381814033262053,21.546456512932675,232.55395677043865,201.69624327384352,1.3656608005916355,51.15572410105658,8.570912200970481,0.00453075139452539,20.978502160283288
31.643881293764412,8.197772340355147,0.006382761810475683,21.542689243267187,232.47267366641734,201.61041403287572,1.3611146636497087,51.209685835340395,8.568816467168608,0.004532964569880199,20.97336481172109
31.677225741913794,8.196027666526625,0.006383716494145347,21.538921692870787,232.3913991682917,201.52460853140963,1.3565836603054402,51.263647569624204,8.56672022221391,0.0045351799068503035,20.96822620826348
31.710570190063176,8.194283102210203,0.0063846780759342775,21.535153859727608,232.31013323451717,201.43882667750302,1.3520677401807233,51.31760930390802,8.564623465732561,0.004537397408602528,20.963086348991343
31.743914638212562,8.192538645610744,0.006385646547536233,21.53138574182467,232.22887582360246,201.35306837947658,1.347566853065151,51.37157103819184,8.562526197350286,0.004539617078310826,20.95794523298441
31.777259086361944,8.190794294936996,0.00638662190067663,21.527617337151906,232.14762689419726,201.26733354591732,1.3430809489154667,51.425532772475655,8.560428416692348,0.004541838919155129,20.95280285932133
31.810603534511326,8.189050048401498,0.006387604127112289,21.523848643702134,232.0663864050123,201.18162208567372,1.3386099778549965,51.479494506759465,8.55833012338356,0.004544062934320096,20.94765922707959
31.84394798266071,8.187305904220624,0.006388593218631219,21.520079659471065,231.9851543148756,201.09593390785767,1.3341538901731045,51.53345624104328,8.556231317048256,0.004546289126995367,20.942514335335563
31.877292430810094,8.185561860614552,0.006389589167052688,21.5163103824573,231.90393058270706,201.01026892184268,1.3297126363246343,51.5874179753271,8.554131997310343,0.004548517500378988,20.937368183164484
31.910636878959476,8.183817915807253,0.006390591964227012,21.5125408106623,231.82271516752473,200.92462703726332,1.3252861669293612,51.64137970961091,8.55203216379325,0.004550748057678189,20.932220769640487
31.943981327108858,8.182074068026473,0.006391601602036453,21.508770942090408,231.7415080284324,200.83900816401382,1.3208744327714415,51.695341443894726,8.54993181611995,0.004552980802102103,20.92707209383654
31.97732577525824,8.180330315503737,0.006392618072393732,21.50500077474881,231.66030912464248,200.7534122122484,1.3164773847988642,51.74930317817854,8.54783095391295,0.00455521573686698,20.921922154824475
32.01067022340762,8.178586656474337,0.0063936413672429325,21.501230306647567,231.57911841544993,200.66783909238023,1.3120949741229098,51.80326491246235,8.545729576794301,0.004557452865195978,20.916770951675016
32.04401467155701,8.176843089177302,0.006394671478559957,21.49745953579957,231.49793586025189,200.5822887150798,1.3077271520176006,51.85722664674617,8.543627684385584,0.004559692190319473,20.91161848345772
32.077359119706394,8.1750996118554,0.006395708398351148,21.493688460220564,231.41676141854683,200.49676099127493,1.3033738699191664,51.91118838102999,8.541525276307935,0.0045619337154737954,20.906464749241017
32.11070356785577,8.17335622275515,0.006396752118654321,21.489917077929107,231.33559504991416,200.41125583215097,1.2990350794254988,51.965150115313804,8.53942235218201,0.004564177443900052,20.901309748092192
32.14404801600516,8.17161292012675,0.0063978026315385465,21.486145386946607,231.25443671404275,200.32577314914727,1.294710732295613,52.019111849597614,8.537318911627981,0.004566423378844657,20.89615347907737
32.177392464154536,8.169869702224133,0.006398859929104006,21.48237338529728,231.17328637070017,200.24031285395955,1.2904007804491162,52.07307358388143,8.535214954265593,0.004568671523563203,20.890995941261536
32.21073691230392,8.168126567304915,0.006399924003481924,21.478601071008143,231.0921439797623,200.1548748585371,1.2861051759656668,52.12703531816525,8.533110479714104,0.004570921881319419,20.88583713370855
32.24408136045331,8.1663835136304,0.0064009948468344464,21.474828442109036,231.01100950118956,200.0694590750832,1.2818238710844485,52.18099705244906,8.531005487592314,0.004573174455379743,20.880677055481094
32.277425808602686,8.164640539465566,0.006402072451355584,21.471055496632584,230.929882895039,199.9840654160537,1.2775568182036334,52.234958786732875,8.528899977518538,0.004575429249017745,20.8755157056407
32.31077025675207,8.162897643079038,0.00640315680926957,21.467282232614213,230.8487641214666,199.89869379415595,1.2733039698798545,52.28892052101669,8.526793949110637,0.004577686265514209,20.870353083247757
32.34411470490146,8.161154822743113,0.0064042479128319455,21.46350864809212,230.7676531407157,199.81334412234952,1.269065278827679,52.34288225530051,8.524687401985997,0.004579945508157166,20.865189187361484
32.377459153050836,8.159412076733705,0.00640534575432985,21.4597347411073,230.68654991311715,199.7280163138435,1.2648406979190852,52.39684398958432,8.522580335761532,0.0045822069802405555,20.860024017039947
32.41080360120022,8.157669403330383,0.006406450326080777,21.455960509703488,230.60545439910547,199.64271028209805,1.2606301801829292,52.450805723868136,8.520472750053697,0.004584470685063175,20.854857571340062
32.4441480493496,8.155926800816314,0.0064075616204335795,21.452185951927213,230.5243665592084,199.55742594082147,1.2564336788044357,52.50476745815195,8.518364644478442,0.004586736625929554,20.849689849317542
32.477492497498986,8.15418426747828,0.006408679629768043,21.448411065827738,230.443286354036,199.47216320397087,1.2522511471246656,52.55872919243576,8.516256018651282,0.004589004806154211,20.844520850026985
32.51083694564837,8.15244180160667,0.006409804346495217,21.444635849457082,230.36221374430508,199.38692198575146,1.248082538640005,52.61269092671958,8.514146872187238,0.004591275229058459,20.839350572521802
32.54418139379775,8.150699401495434,0.006410935763056794,21.44086030087001,230.2811486908064,199.30170220061407,1.2439278070016457,52.6666526610034,8.512037204700869,0.004593547897967371,20.83417901585422
32.577525841947136,8.148957065442112,0.006412073871925338,21.43708441812401,230.20009115443384,199.21650376325672,1.2397869060150672,52.720614395287214,8.50992701580623,0.004595822816213153,20.82900617907532
32.610870290096514,8.147214791747816,0.006413218665605176,21.433308199279306,230.11904109618004,199.1313265886232,1.2356597896395296,52.774576129571024,8.507816305116938,0.004598099987135512,20.82383206123499
32.6442147382459,8.145472578717191,0.0064143701366306365,21.429531642398846,230.0379984771043,199.04617059190107,1.2315464119875519,52.82853786385484,8.505705072246101,0.004600379414081413,20.818656661381954
32.677559186395285,8.143730424658449,0.006415528277567332,21.42575474554828,229.95696325839262,198.96103568852305,1.2274467273244138,52.88249959813866,8.503593316806372,0.004602661100403655,20.813479978563766
32.710903634544664,8.141988327883317,0.006416693081012093,21.421977506795965,229.87593540128623,198.87592179416453,1.2233606900676373,52.93646133242247,8.501481038409912,0.0046049450494599934,20.808302011826775
32.74424808269405,8.140246286707047,0.006417864539592253,21.418199924212974,229.79491486715042,198.79082882474358,1.2192882547864832,52.990423066706285,8.499368236668396,0.004607231264614465,20.80312276021616
32.777592530843435,8.138504299448398,0.006419042645966225,21.414421995873045,229.71390161740786,198.70575669642017,1.2152293762014477,53.0443848009901,8.497254911193034,0.0046095197492418746,20.797942222775927
32.810936978992814,8.13676236442964,0.006420227392823074,21.410643719852633,229.63289561360006,198.62070532559585,1.2111840091837587,53.09834653527392,8.49514106159456,0.004611810506722308,20.7927603985489
32.8442814271422,8.135020479976522,0.00642141877288333,21.406865094230838,229.5518968173523,198.5356746289123,1.20715210875487,53.15230826955773,8.49302668748319,0.004614103540440793,20.787577286576695
32.87762587529158,8.133278644418281,0.006422616778897672,21.403086117089448,229.4709051903564,198.45066452325142,1.2031336300859663,53.206270003841546,8.490911788468713,0.004616398853789532,20.78239288589975
32.910970323440964,8.131536856087616,0.006423821403647723,21.399306786512916,229.3899206944249,198.3656749257338,1.1991285284974609,53.26023173812536,8.488796364160377,0.004618696450168513,20.77720719555732
32.94431477159035,8.129795113320686,0.006425032639946562,21.395527100588343,229.30894329144965,198.28070575371873,1.1951367594585014,53.31419347240917,8.48668041416698,0.004620996332984918,20.77202021458745
32.97765921973973,8.128053414457085,0.006426250480637293,21.39174705740549,229.22797294340666,198.19575692480242,1.1911582785864763,53.36815520669299,8.48456393809683,0.004623298505651679,20.766831942027
33.01100366788911,8.126311757839868,0.0064274749185941485,21.387966655056744,229.14700961236568,198.1108283568195,1.1871930416465135,53.42211694097681,8.482446935557736,0.0046256029715868304,20.761642376911627
33.0443481160385,8.124570141815505,0.00642870594672216,21.384185891637138,229.0660532604795,198.02591996784008,1.1832410045509987,53.476078675260624,8.480329406157026,0.0046279097342154,20.75645151827578
33.07769256418788,8.122828564733869,0.006429943557957189,21.380404765244332,228.98510385000154,197.94103167616944,1.1793021233590795,53.53004040954443,8.47821134950155,0.004630218796973768,20.751259365152727
33.11103701233726,8.121087024948247,0.006431187745265654,21.3766232739786,228.9041613432623,197.8561634003483,1.1753763542761757,53.58400214382825,8.476092765197654,0.004632530163302088,20.74606591657452
33.14438146048664,8.119345520815328,0.00643243850164454,21.37284141594284,228.82322570268812,197.7713150591518,1.1714636536534975,53.63796387811207,8.473973652851202,0.00463484383664667,20.740871171572
33.17772590863603,8.11760405069518,0.006433695820122357,21.36905918924254,228.74229689079166,197.68648657158838,1.1675639779875537,53.69192561239588,8.471854012067569,0.004637159820461158,20.735675129174812
33.21107035678541,8.11586261295124,0.006434959693757365,21.365276591985808,228.66137487016886,197.6016778568992,1.1636772839196758,53.745887346679694,8.469733842451639,0.004639478118207156,20.730477788411378
33.24441480493479,8.114121205950314,0.006436230115638873,21.36149362228333,228.5804596035141,197.5168888345577,1.159803528235529,53.79984908096351,8.467613143607794,0.0046417987333533675,20.72527914830893
33.27775925308418,8.112379828062558,0.006437507078887183,21.357710278248366,228.4995510535953,197.4321194242689,1.1559426678646338,53.85381081524733,8.465491915139939,0.004644121669374165,20.72007920789345
33.311103701233556,8.110638477661471,0.006438790576652818,21.353926557996772,228.41864918327693,197.34736954596832,1.1520946598798896,53.90777254953114,8.463370156651463,0.00464644692974927,20.714877966189725
33.34444814938294,8.10889715312388,0.006440080602117165,21.350142459646975,228.3377539555202,197.26263911982176,1.1482594614970931,53.961734283814955,8.46124786774527,0.004648774517966349,20.709675422221316
33.37779259753233,8.107155852829948,0.006441377148491991,21.346357981319937,228.2568653333393,197.17792806622464,1.144437030074467,54.01569601809877,8.459125048023779,0.004651104437524419,20.70447157501058
33.411137045681706,8.105414575163131,0.006442680209020343,21.34257312113922,228.17598327987545,197.09323630580076,1.1406273231121842,54.06965775238258,8.457001697088904,0.0046534366919251365,20.69926642357863
33.44448149383109,8.103673318510205,0.006443989776975099,21.338787877230903,228.0951077583416,197.00856375940262,1.1368302982518927,54.1236194866664,8.454877814542064,0.004655771284677515,20.694059966945368
33.47782594198048,8.10193208126122,0.006445305845659901,21.335002247723597,228.01423873202594,196.92391034810927,1.1330459132762485,54.177581220950216,8.452753399984166,0.0046581082192980764,20.688852204129454
33.511170390129855,8.10019086180951,0.006446628408409552,21.33121623074848,227.93337616431063,196.83927599322692,1.1292741261084445,54.231542955234026,8.450628453015637,0.004660447499311425,20.68364313414833
33.54451483827924,8.09844965855169,0.0064479574585886755,21.32742982443923,227.8525200186647,196.75466061628794,1.125514894811741,54.28550468951784,8.448502973236403,0.00466278912824913,20.678432756018214
33.57785928642862,8.096708469887618,0.0064492929895928084,21.323643026932054,227.77167025865668,196.67006413904966,1.1217681775890054,54.33946642380166,8.446376960245873,0.004665133109648327,20.67322106875407
33.611203734578005,8.094967294220426,0.006450634994847874,21.31985583636568,227.69082684790445,196.58548648349512,1.1180339327822366,54.39342815808548,8.444250413642955,0.0046674794470518985,20.66800807136963
33.64454818272739,8.093226129956465,0.006451983467810674,21.316068250881315,227.60998975014672,196.5009275718303,1.114312118872115,54.44738989236929,8.44212333302606,0.004669828144011949,20.66279376287739
33.67789263087677,8.091484975505313,0.006453338401968061,21.3122802686227,227.52915892919683,196.41638732648468,1.1106026944775316,54.501351626653104,8.43999571799312,0.004672179204090804,20.657578142288628
33.711237079026155,8.08974382927979,0.006454699790837341,21.308491887736025,227.44833434894886,196.3318656701113,1.1069056183551291,54.55531336093692,8.437867568141519,0.004674532630853546,20.652361208613343
33.74458152717554,8.08800268969591,0.006456067627967043,21.304703106369992,227.36751597337732,196.24736252558483,1.1032208493988465,54.60927509522073,8.435738883068167,0.0046768884278732,20.64714296086031
33.77792597532492,8.086261555172879,0.006457441906935273,21.300913922675775,227.28670376655188,196.1628778160007,1.099548346639462,54.66323682950455,8.43360966236945,0.004679246598730662,20.641923398037054
33.811270423474305,8.084520424133107,0.006458822621350946,21.297124334807013,227.20589769262122,196.07841146467607,1.0958880692441326,54.717198563788365,8.431479905641263,0.00468160714701492,20.636702519149853
33.84461487162368,8.082779295002174,0.006460209764853503,21.293334340919802,227.12509771582654,195.99396339514752,1.0922399765159463,54.77116029807218,8.429349612478976,0.004683970076321735,20.631480323203732
33.87795931977307,8.081038166208833,0.006461603331112784,21.2895439391727,227.04430380047148,195.90953353117146,1.088604027893464,54.82512203235599,8.427218782477462,0.004686335390252426,20.626256809202463
33.911303767922455,8.079297036184997,0.006463003313828919,21.28575312772669,226.96351591096195,195.825121796723,1.084980182950273,54.87908376663981,8.425087415231063,0.0046887030924146495,20.621031976148544
33.94464821607183,8.07755590336572,0.006464409706732203,21.281961904745227,226.88273401179484,195.74072811599518,1.0813684013945373,54.933045500923626,8.422955510333647,0.0046910731864267495,20.61580582304324
33.97799266422122,8.075814766189202,0.006465822503584151,21.278170268394177,226.8019580675205,195.65635241339868,1.0777686430685434,54.987007235207436,8.420823067378551,0.004693445675914959,20.610578348886552
34.011337112370605,8.074073623096766,0.006467241698175685,21.274378216841843,226.7211880428044,195.57199461356078,1.074180867948263,55.04096896949125,8.418690085958584,0.00469582056450978,20.60534955267721
34.04468156051998,8.072332472532862,0.00646866728432844,21.270585748258927,226.6404239023776,195.48765464132552,1.0706050361429018,55.09493070377507,8.416556565666065,0.004698197855849677,20.600119433412686
34.07802600866937,8.070591312945036,0.006470099255894621,21.266792860818562,226.55966561104924,195.4033324217516,1.0670411078944566,55.14889243805889,8.414422506092793,0.004700577553581405,20.59488799008918
34.11137045681875,8.068850142783951,0.00647153760675647,21.262999552696268,226.47891313372497,195.31902788011377,1.0634890435772761,55.2028541723427,8.412287906830038,0.004702959661359734,20.589655221701626
34.14471490496813,8.067108960503331,0.006472982330826652,21.25920582206996,226.3981664353916,195.23474094189942,1.0599488036976166,55.256815906626514,8.410152767468578,0.004705344182845976,20.584421127243683
34.17805935311752,8.065367764560017,0.006474433422047823,21.25541166711996,226.3174254811089,195.15047153281154,1.056420348893207,55.31077764091033,8.408017087598655,0.004707731121707124,20.579185705707747
34.2114038012669,8.063626553413883,0.006475890874393737,21.251617086028958,226.23669023602446,195.06621957876436,1.0529036399328076,55.36473937519414,8.405880866809985,0.0047101204816173735,20.573948956084912
34.24474824941628,8.061885325527884,0.00647735468186748,21.247822076982008,226.1559606653577,194.98198500588552,1.049398637715775,55.41870110947796,8.403744104691791,0.00471251226626277,20.568710877365024
34.27809269756566,8.060144079368014,0.006478824838502715,21.244026638166552,226.07523673443637,194.8977677405137,1.0459053032716283,55.472662843761775,8.401606800832763,0.004714906479334661,20.56347146853664
34.31143714571505,8.058402813403308,0.006480301338363701,21.240230767772363,225.99451840862875,194.81356770919905,1.0424235977596146,55.52662457804559,8.399468954821069,0.00471730312453057,20.55823072858702
34.34478159386443,8.056661526105833,0.0064817841755444505,21.236434463991596,225.91380565342413,194.72938483870192,1.0389534824682776,55.5805863123294,8.397330566244353,0.004719702205556007,20.55298865650216
34.37812604201381,8.054920215950684,0.0064832733441694415,21.23263772501873,225.83309843436987,194.64521905599304,1.035494918815029,55.63454804661322,8.395191634689745,0.004722103726125106,20.54774525126675
34.4114704901632,8.053178881415944,0.006484768838393013,21.22884054905058,225.7523967170972,194.56107028825124,1.032047868345715,55.688509780897036,8.393052159743846,0.004724507689959829,20.54250051186421
34.44481493831258,8.051437520982713,0.006486270652400456,21.225042934286314,225.67170046731817,194.47693846286475,1.0286122927341932,55.742471515180846,8.390912140992736,0.004726914100788464,20.537254437276648
34.47815938646196,8.049696133135075,0.006487778780406374,21.221244878927386,225.59100965084,194.39282350742934,1.0251881537819052,55.79643324946466,8.38877157802196,0.004729322962345221,20.532007026484887
34.51150383461135,8.047954716360104,0.006489293216655773,21.217446381177584,225.51032423352234,194.30872534974853,1.0217754134174486,55.85039498374848,8.386630470416534,0.00473173427837279,20.526758278468446
34.544848282760725,8.046213269147831,0.006490813955424252,21.213647439243022,225.42964418132598,194.22464391783186,1.0183740336961615,55.9043567180323,8.384488817760973,0.0047341480526259735,20.521508192205566
34.57819273091011,8.044471789991261,0.0064923409910169734,21.20984805133208,225.34896946028795,194.14057913989564,1.01498397679969,55.95831845231611,8.382346619639247,0.004736564288862909,20.51625676667317
34.611537179059496,8.04273027738634,0.006493874317769507,21.20604821565545,225.26830003651455,194.05653094436087,1.0116052050355782,56.012280186599924,8.380203875634777,0.00473898299084964,20.511004000846878
34.644881627208875,8.040988729831959,0.006495413930047212,21.202247930426097,225.18763587621004,193.97249925985375,1.008237680836842,56.06624192088374,8.378060585330495,0.004741404162360422,20.505749893701005
34.67822607535826,8.03924714582994,0.006496959822246276,21.198447193859284,225.10697694563098,193.88848401520448,1.0048813667615535,56.12020365516755,8.375916748308768,0.004743827807178261,20.500494444208567
34.711570523507646,8.037505523885038,0.006498511988792103,21.194646004172526,225.02632321114956,193.80448513944748,1.0015362254924252,56.17416538945137,8.373772364151451,0.004746253929093722,20.49523765134127
34.744914971657025,8.035763862504908,0.006500070424140391,21.19084435958561,224.94567463917605,193.7205025618194,0.9982022198363966,56.228127123735185,8.37162743243985,0.004748682531903546,20.489979514069482
34.77825941980641,8.034022160200113,0.006501635122777416,21.18704225832057,224.86503119622836,193.63653621175945,0.9948793127242159,56.282088858019,8.369481952754747,0.004751113619410892,20.484720031362283
34.81160386795579,8.032280415484108,0.006503206079218801,21.18323969860171,224.78439284888964,193.55258601890864,0.9915674672100334,56.33605059230281,8.367335924676388,0.004753547195429199,20.479459202187417
34.844948316105175,8.030538626873227,0.0065047832880105695,21.17943667865555,224.7037595638329,193.4686519131088,0.9882666464709859,56.39001232658663,8.365189347784476,0.004755983263782189,20.474197025511334
34.87829276425456,8.028796792886697,0.006506366743728411,21.175633196710848,224.623131307786,193.38473382440313,0.984976813806791,56.443974060870445,8.363042221658203,0.004758421828297274,20.468933500299137
34.91163721240394,8.027054912046594,0.006507956440978737,21.17182925099861,224.54250804758746,193.3008316830341,0.9816979326393386,56.497935795154255,8.360894545876185,0.004760862892810463,20.463668625514618
34.944981660553324,8.02531298287785,0.006509552374397113,21.168024839752036,224.46188975012493,193.21694541944328,0.9784299665122793,56.55189752943807,8.358746320016525,0.004763306461166423,20.458402400120228
34.97832610870271,8.023571003908248,0.006511154538649286,21.164219961206552,224.38127638237341,193.13307496427166,0.9751728790906272,56.60585926372189,8.356597543656783,0.004765752537218524,20.45313482307711
35.01167055685209,8.021828973668406,0.0065127629284314715,21.16041461359977,224.30066791138924,193.0492202483577,0.97192663416035,56.6598209980057,8.354448216373976,0.004768201124827366,20.447865893345067
35.045015005001474,8.020086890691765,0.006514377538469175,21.156608795171532,224.22006430430426,192.96538120273772,0.9686911956279667,56.713782732289516,8.35229833774457,0.004770652227859696,20.44259560988254
35.07835945315085,8.018344753514585,0.006515998363518177,21.152802504163834,224.13946552832147,192.8815577586446,0.9654665275201498,56.76774446657333,8.3501479073445,0.004773105850189591,20.437323971646677
35.11170390130024,8.016602560675938,0.006517625398363847,21.148995738820876,224.05887155071835,192.79774984750802,0.9622525939833206,56.82170620085715,8.347996924749141,0.004775561995703227,20.43205097759326
35.145048349449624,8.014860310717697,0.006519258637822201,21.14518849738903,223.97828233885693,192.71395740095335,0.9590493592832562,56.87566793514096,8.345845389533363,0.004778020668293699,20.426776626676748
35.178392797599,8.013118002184516,0.0065208980767382735,21.141380778116822,223.89769786018957,192.63018035080074,0.9558567878046869,56.92962966942478,8.343693301271454,0.0047804818718600465,20.42150091785023
35.21173724574839,8.011375633623828,0.006522543709987229,21.137572579254957,223.81711808220967,192.54641862906476,0.9526748440509023,56.983591403708594,8.34154065953716,0.004782945610309857,20.41622385006548
35.24508169389777,8.00963320358584,0.006524195532474569,21.13376389905628,223.73654297250272,192.4626721679543,0.9495034926433581,57.037553137992404,8.339387463903682,0.0047854118875598674,20.410945422272903
35.27842614204715,8.007890710623531,0.006525853539135033,21.12995473577578,223.6559724987403,192.37894089987196,0.9463426983212797,57.09151487227622,8.337233713943686,0.004787880707535292,20.405665633421563
35.31177059019654,8.006148153292608,0.006527517724933543,21.126145087670597,223.57540662866123,192.29522475741194,0.9431924259412726,57.14547660656004,8.335079409229278,0.004790352074168249,20.400384482459167
35.34511503834592,8.004405530151542,0.006529188084864459,21.12233495299998,223.49484533007814,192.2115236733618,0.940052640476932,57.199438340843855,8.33292454933201,0.004792825991397197,20.395101968332057
35.3784594864953,8.00266283976152,0.006530864613952776,21.118524330025323,223.41428857087382,192.12783758069975,0.9369233070184502,57.253400075127665,8.330769133822882,0.004795302463169341,20.38981808998522
35.41180393464469,8.000920080686463,0.006532547307252367,21.114713217010124,223.3337363190161,192.04416641259564,0.9338043907722314,57.30736180941148,8.328613162272344,0.004797781493444776,20.384532846362298
35.445148382794066,7.999177251493011,0.006534236159847188,21.11090161221998,223.25318854253825,191.96051010240984,0.9306958570605045,57.3613235436953,8.326456634250304,0.004800263086187615,20.379246236405564
35.47849283094345,7.99743435075049,0.006535931166851341,21.107089513922617,223.1726452095594,191.87686858369173,0.927597671320935,57.41528527797911,8.324299549326104,0.004802747245370187,20.37395825905591
35.51183727909283,7.995691377030945,0.006537632323408231,21.10327692038783,223.09210628826608,191.793241790181,0.9245097991062459,57.469247012262926,8.322141907068529,0.004805233974973569,20.36866891325288
35.545181727242216,7.993948328909093,0.0065393396246912405,21.099463829887497,223.011571746911,191.70962965580546,0.9214322060838273,57.52320874654674,8.319983707045818,0.004807723278988165,20.363378197934626
35.5785261753916,7.992205204962324,0.0065410530659031196,21.09565024069559,222.93104155383733,191.62603211468058,0.9183648580353627,57.57717048083056,8.317824948825642,0.004810215161412504,20.35808611203796
35.61187062354098,7.990462003770719,0.006542772642277213,21.091836151088156,222.85051567744586,191.54244910111072,0.915307720856443,57.63113221511437,8.315665631975122,0.004812709626251784,20.352792654498284
35.645215071690366,7.988718723916992,0.006544498349075588,21.088021559343282,222.76999408621953,191.45888054958579,0.9122607605561882,57.68509394939819,8.313505756060803,0.004815206677518117,20.347497824249622
35.67855951983975,7.986975363986518,0.006546230181590398,21.084206463741136,222.68947674871774,191.37532639478272,0.9092239432568712,57.739055683682004,8.311345320648677,0.004817706319234504,20.34220162022465
35.71190396798913,7.985231922567316,0.006547968135143683,21.08039086256391,222.60896363356176,191.29178657156433,0.9061972351935411,57.793017417965814,8.3091843253042,0.0048202085554347645,20.336904041354636
35.745248416138516,7.983488398250034,0.006549712205086948,21.07657475409587,222.5284547094591,191.2082610149787,0.9031806027136449,57.84697915224963,8.307022769592237,0.004822713390156888,20.33160508656947
35.778592864287894,7.981744789627944,0.006551462386801374,21.07275813662328,222.44794994517417,191.12474966025852,0.9001740122766567,57.90094088653345,8.304860653077093,0.004825220827448052,20.326304754797647
35.81193731243728,7.980001095296915,0.006553218675697504,21.068941008434457,222.36744930955538,191.04125244281988,0.8971774304537026,57.954902620817265,8.302697975322511,0.004827730871364659,20.32100304496629
35.845281760586666,7.978257313855449,0.006554981067216418,21.065123367819723,222.28695277152977,190.9577692982639,0.8941908239271897,58.008864355101075,8.300534735891677,0.0048302435259723565,20.315699956001097
35.878626208736044,7.976513443904623,0.006556749556827769,21.06130521307142,222.20646030007265,190.87430016237357,0.8912141594904381,58.06282608938489,8.298370934347211,0.004832758795344482,20.310395486826415
35.91197065688543,7.974769484048101,0.006558524140031311,21.057486542483897,222.12597186426117,190.79084497111447,0.8882474040473051,58.11678782366871,8.296206570251131,0.004835276683561019,20.305089636365146
35.94531510503481,7.973025432892126,0.006560304812356371,21.053667354353486,222.04548743321368,190.70740366063404,0.8852905246118254,58.17074955795252,8.294041643164933,0.004837797194709995,20.299782403538806
35.978659553184194,7.971281289045523,0.006562091569362021,21.04984764697852,221.965006976147,190.62397616726176,0.8823434883078379,58.224711292236336,8.291876152649518,0.004840320332892379,20.294473787267535
36.01200400133358,7.969537051119653,0.006563884406636593,21.046027418659307,221.88453046232752,190.5405624275068,0.8794062623686241,58.27867302652015,8.289710098265223,0.004842846102215901,20.28916378647003
36.04534844948296,7.9677927177284396,0.006565683319797874,21.042206667698135,221.80405786111504,190.45716237805905,0.8764788141365419,58.33263476080397,8.287543479571811,0.004845374506795217,20.283852400063605
36.078692897632344,7.966048287488341,0.006567488304493968,21.038385392399267,221.7235891419156,190.3737759557878,0.873561111062662,58.38659649508778,8.28537629612848,0.004847905550754092,20.278539626964154
36.11203734578173,7.964303759018361,0.006569299356401634,21.034563591068906,221.64312427422547,190.290403097742,0.8706531207064091,58.4405582293716,8.28320854749384,0.004850439238226043,20.27322546608615
36.14538179393111,7.9625591309400185,0.006571116471227597,21.030741262015226,221.56266322760996,190.2070437411488,0.8677548107351977,58.494519963655414,8.281040233225932,0.004852975573353494,20.267909916342663
36.178726242080494,7.960814401877339,0.006572939644707874,21.026918403548326,221.4822059716808,190.12369782341295,0.8648661489240734,58.54848169793922,8.278871352882236,0.0048555145602861725,20.262592976645347
36.21207069022987,7.959069570456851,0.006574768872608551,21.023095013980264,221.40175247615167,190.04036528211662,0.8619871031553565,58.60244343222304,8.27670190601963,0.004858056203180766,20.25727464590441
36.24541513837926,7.957324635307608,0.0065766041507244796,21.019271091625022,221.32130271079538,189.95704605502007,0.8591176414182825,58.65640516650686,8.27453189219442,0.004860600506203867,20.251954923028652
36.27875958652864,7.955579595061117,0.006578445474880162,21.015446634798497,221.24085664544018,189.8737400800584,0.8562577318086476,58.710366900790675,8.272361310962346,0.004863147473535188,20.24663380692546
36.31210403467802,7.953834448351375,0.006580292840930104,21.011621641818504,221.16041425000736,189.79044729534309,0.853407342528455,58.764328635074484,8.270190161878562,0.004865697109358462,20.24131129650077
36.34544848282741,7.95208919381486,0.006582146244757618,21.007796111004772,221.07997549446642,189.7071676391612,0.8505664418855574,58.8182903693583,8.26801844449764,0.004868249417866758,20.235987390659098
36.37879293097679,7.950343830090485,0.006584005682275827,21.00397004067893,220.99954034887156,189.62390104997354,0.8477349982933092,58.87225210364212,8.265846158373568,0.00487080440326256,20.230662088303525
36.41213737912617,7.948598355819653,0.00658587114942689,21.000143429164492,220.91910878333908,189.5406474664167,0.844912980270213,58.92621383792593,8.263673303059743,0.004873362069758148,20.225335388335687
36.44548182727556,7.94685276964617,0.006587742642183267,20.996316274786864,220.83868076804694,189.457406827299,0.8421003564395687,58.980175572209745,8.261499878109005,0.004875922421574253,20.220007289655797
36.478826275424936,7.945107070216309,0.006589620156545828,20.992488575873324,220.75825627326685,189.37417907160358,0.8392970955291283,59.03413730649356,8.259325883073581,0.004878485462938711,20.21467779116261
36.51217072357432,7.943361256178746,0.006591503688545233,20.988660330753035,220.6778352693041,189.29096413848475,0.8365031663707422,59.08809904077737,8.257151317505105,0.004881051198087213,20.209346891753427
36.54551517172371,7.941615326184579,0.006593393234241761,20.984831537757007,220.59741772655926,189.2077619672694,0.8337185379000196,59.14206077506119,8.254976180954648,0.0048836196312679585,20.20401459032413
36.578859619873086,7.939869278887323,0.006595288789724855,20.98100219521812,220.51700361549558,189.12457249745609,0.8309431791559783,59.196022509345006,8.252800472972698,0.0048861907667383945,20.198680885769132
36.61220406802247,7.938123112942889,0.0065971903511133365,20.97717230147109,220.43659290662504,189.0413956687143,0.8281770592807011,59.24998424362882,8.250624193109115,0.004888764608762029,20.1933457769814
36.64554851617186,7.936376827009564,0.006599097914555093,20.973341854852475,220.35618557055378,188.95823142088318,0.8254201475189938,59.30394597791263,8.248447340913206,0.004891341161611947,20.188009262852443
36.678892964321236,7.934630419748044,0.0066010114762282655,20.969510853700683,220.27578157794673,188.87507969397305,0.8226724132180452,59.35790771219645,8.24626991593367,0.004893920429571288,20.18267134227231
36.71223741247062,7.932883889821376,0.0066029310323393,20.96567929635594,220.19538089952582,188.79194042816258,0.8199338258270803,59.41186944648027,8.244091917718617,0.00489650241693274,20.177332014129593
36.74558186062,7.931137235894969,0.0066048565791244785,20.961847181160273,220.1149835060942,188.70881356379908,0.8172043548970273,59.46583118076408,8.241913345815552,0.004899087127996938,20.17199127731142
36.778926308769385,7.929390456636616,0.0066067881128492175,20.95801450645755,220.0345893685104,188.6256990413995,0.8144839700801739,59.519792915047894,8.239734199771396,0.004901674567071746,20.166649130703444
36.81227075691877,7.9276435507164225,0.006608725629808699,20.954181270593423,219.95419845770937,188.54259680164705,0.811772641129833,59.57375464933171,8.237554479132463,0.004904264738474605,20.161305573189857
36.84561520506815,7.925896516806851,0.006610669126326779,20.950347471915343,219.8738107446825,188.45950678539293,0.8090703379000072,59.62771638361553,8.235374183444499,0.004906857646536838,20.15596060365338
36.878959653217535,7.924149353582701,0.006612618598756682,20.946513108772564,219.79342620050315,188.3764289336554,0.8063770303450477,59.68167811789934,8.233193312252606,0.004909453295594917,20.15061422097526
36.912304101366914,7.9224020597210725,0.006614574043481526,20.942678179516108,219.71304479628864,188.29336318761807,0.8036926885193288,59.735639852183155,8.23101186510132,0.004912051689994382,20.14526642403526
36.9456485495163,7.92065463390139,0.006616535456912963,20.938842682498773,219.63266650324695,188.21030948863068,0.8010172825769075,59.78960158646697,8.228829841534566,0.004914652834090541,20.139917211711673
36.978992997665685,7.918907074805398,0.006618502835492292,20.935006616075125,219.5522912926293,188.12726777820896,0.7983507827711962,59.84356332075078,8.22664724109567,0.004917256732249018,20.1345665828813
37.012337445815064,7.917159381117095,0.006620476175689655,20.931169978601496,219.47191913576458,188.04423799803126,0.7956931594546303,59.8975250550346,8.224464063327352,0.004919863388844489,20.129214536419468
37.04568189396445,7.915411551522809,0.006622455474005327,20.927332768435967,219.3915500040532,187.9612200899422,0.7930443830783376,59.951486789318416,8.22228030777173,0.004922472808259196,20.1238610712
37.079026342113835,7.913663584711121,0.006624440726967761,20.923494983938358,219.31118386895074,187.8782139959486,0.7904044241918128,60.00544852360223,8.22009597397031,0.004925084994883375,20.11850618609524
37.11237079026321,7.911915479372897,0.006626431931135057,20.919656623470235,219.23082070196836,187.79521965822138,0.7877732534425871,60.05941025788604,8.217911061463987,0.0049276999531196325,20.113149879976024
37.1457152384126,7.910167234201251,0.00662842908309466,20.915817685394885,219.15046047470855,187.71223701909318,0.7851508415759023,60.11337199216986,8.215725569793076,0.0049303176873814495,20.107792151711724
37.17905968656198,7.908418847891556,0.006630432179463151,20.911978168077326,219.07010315881638,187.62926602105924,0.7825371594343875,60.16733372645368,8.213539498497267,0.004932938202088049,20.102433000170176
37.21240413471136,7.906670319141438,0.006632441216886137,20.908138069884295,218.98974872600888,187.5463066067765,0.7799321779577321,60.22129546073749,8.211352847115629,0.0049355615016687246,20.09707242421774
37.24574858286075,7.9049216466507435,0.006634456192038215,20.90429738918422,218.90939714807317,187.4633587190625,0.7773358681823648,60.275257195021304,8.20916561518663,0.00493818759056319,20.091710422719245
37.27909303101013,7.903172829121561,0.006636477101623977,20.90045612434724,218.8290483968446,187.3804223008959,0.7747482012411319,60.32921892930512,8.206977802248138,0.004940816473221243,20.086346994538044
37.31243747915951,7.9014238652581845,0.0066385039423762105,20.896614273745193,218.74870244424005,187.29749729541476,0.7721691483629733,60.38318066358894,8.204789407837385,0.00494344815410114,20.080982138535962
37.3457819273089,7.899674753767127,0.006640536711057362,20.892771835751592,218.6683592622342,187.21458364591717,0.7695986808726062,60.43714239787275,8.202600431491012,0.0049460826376687235,20.075615853573307
37.37912637545828,7.89792549335711,0.006642575404458679,20.88892880874164,218.58801882285886,187.13168129586043,0.7670367701902044,60.491104132156565,8.200410872745023,0.004948719928399538,20.07024813850887
37.41247082360766,7.896176082739038,0.0066446200194012865,20.885085191092195,218.5076810982248,187.04879018886007,0.7644833878310796,60.54506586644038,8.198220731134816,0.004951360030783525,20.06487899219994
37.44581527175704,7.894426520626001,0.006646670552734504,20.881240981181787,218.42734606047466,186.96591026868947,0.7619385054053688,60.59902760072419,8.196030006195173,0.0049540029493166165,20.05950841350228
37.47915971990643,7.892676805733273,0.0066487270013371085,20.877396177390608,218.3470136818505,186.88304147927994,0.7594020946177119,60.65298933500801,8.193838697460254,0.0049566486885038764,20.054136401270107
37.51250416805581,7.890926936778295,0.006650789362117261,20.873550778100487,218.2666839346436,186.80018376471986,0.7568741272669444,60.706951069291826,8.191646804463602,0.00495929725286056,20.048762954356135
37.54584861620519,7.889176912480667,0.006652857632011916,20.869704781694907,218.18635679119967,186.71733706925397,0.7543545752457792,60.76091280357564,8.189454326738142,0.004961948646912714,20.043388071611542
37.57919306435458,7.887426731562138,0.006654931807987192,20.86585818655897,218.1060322239336,186.63450133728296,0.7518434105404942,60.81487453785945,8.187261263816165,0.0049646028751959195,20.038011751885964
37.612537512503955,7.885676392746616,0.00665701188703795,20.862010991079416,218.02571020532596,186.55167651336384,0.749340605230624,60.86883627214327,8.18506761522935,0.004967259942253768,20.032633994027524
37.64588196065334,7.88392589476012,0.0066590978661890485,20.858163193644607,217.94539070791294,186.46886254220746,0.7468461314886451,60.92279800642709,8.182873380508735,0.004969919852638203,20.027254796882758
37.67922640880273,7.8821752363308235,0.006661189742493346,20.854314792644505,217.86507370429308,186.3860593686806,0.7443599615796712,60.9767597407109,8.180678559184754,0.004972582610913862,20.021874159296715
37.712570856952105,7.880424416188998,0.0066632875130332985,20.850465786470686,217.7847591671325,186.3032669378031,0.7418820678611413,61.030721474994714,8.1784831507872,0.004975248221656893,20.01649208011286
37.74591530510149,7.878673433067037,0.006665391174920122,20.846616173516313,217.7044470691591,186.22048519474902,0.7394124227825127,61.08468320927853,8.176287154845246,0.004977916689449535,20.011108558173156
37.77925975325088,7.876922285699436,0.006667500725294711,20.842765952176148,217.62413738314996,186.13771408484527,0.7369509988849565,61.13864494356234,8.174090570887431,0.004980588018884529,20.00572359231796
37.812604201400255,7.875170972822775,0.006669616161326153,20.838915120846536,217.54383008196046,186.05495355357124,0.7344977688010521,61.19260667784616,8.17189339844166,0.004983262214565468,20.000337181386108
37.84594864954964,7.873419493175736,0.006671737480212814,20.835063677925383,217.4635251384966,185.972203546559,0.7320527052544791,61.246568412129974,8.16969563703522,0.004985939281106485,19.994949324214883
37.87929309769902,7.871667845499063,0.0066738646791824705,20.83121162181219,217.38322252572416,185.8894640095916,0.7296157810597208,61.30053014641379,8.167497286194749,0.004988619223130584,19.98956001964
37.912637545848405,7.869916028535592,0.006675997755491464,20.827358950907986,217.30292221667403,185.80673488860427,0.727186969121755,61.3544918806976,8.165298345446258,0.004991302045268786,19.984169266495606
37.94598199399779,7.868164041030193,0.006678136706425294,20.82350566361537,217.22262418443782,185.72401612968173,0.7247662424357577,61.40845361498142,8.16309881431512,0.004993987752162319,19.978777063614277
37.97932644214717,7.866411881729807,0.006680281529298089,20.819651758338487,217.1423284021638,185.64130767905965,0.7223535740868008,61.462415349265235,8.160898692326073,0.004996676348467273,19.973383409827058
38.012670890296555,7.864659549383424,0.0066824322214538824,20.815797233483018,217.06203484306522,185.55860948312363,0.7199489372495516,61.516377083549045,8.158697979003227,0.004999367838846011,19.967988303963384
38.04601533844594,7.862907042742064,0.006684588780264626,20.811942087456174,216.98174348041192,185.47592148840826,0.7175523051879784,61.57033881783286,8.156496673870038,0.005002062227970586,19.962591744851128
38.07935978659532,7.861154360558765,0.00668675120313178,20.808086318666675,216.90145428753343,185.39324364159626,0.7151636512550497,61.62430055211668,8.154294776449339,0.005004759520523721,19.957193731316604
38.112704234744704,7.859401501588606,0.006688919487485466,20.804229925524798,216.82116723782266,185.31057588951973,0.7127829488924383,61.678262286400496,8.152092286263297,0.00500745972119937,19.951794262184524
38.14604868289408,7.857648464588675,0.006691093630785434,20.80037290644228,216.74088230472,185.2279181791583,0.7104101716302281,61.732224020684306,8.149889202833469,0.005010162834701408,19.94639333627802
38.17939313104347,7.855895248318065,0.006693273630519488,20.796515259832386,216.66059946174042,185.14527045763907,0.7080452930866176,61.78618575496812,8.147685525680732,0.00501286886574209,19.940990952418655
38.212737579192854,7.854141851537848,0.006695459484204684,20.792656984109872,216.58031868245814,185.0626326722351,0.7056882869676276,61.84014748925194,8.145481254325347,0.005015577819042563,19.935587109426375
38.24608202734223,7.852388273011105,0.006697651189387338,20.788798077690984,216.50003994049223,184.98000477036697,0.7033391270668098,61.89410922353575,8.143276388286912,0.005018289699337514,19.930181806119556
38.27942647549162,7.8506345115029035,0.006699848743642346,20.784938538993426,216.4197632095287,184.8973866996013,0.7009977872649525,61.94807095781957,8.141070927084398,0.005021004511372907,19.924775041314987
38.312770923641004,7.848880565780263,0.006702052144573588,20.781078366436407,216.33948846330935,184.8147784076493,0.6986642415297933,62.002032692103384,8.138864870236105,0.005023722259901626,19.919366813827835
38.34611537179038,7.847126434612174,0.006704261389813546,20.77721755844057,216.25921567564342,184.73217984236751,0.6963384639157285,62.0559944263872,8.136658217259692,0.005026442949687489,19.91395712247168
38.37945981993977,7.8453721167696,0.0067064764770244905,20.773356113428036,216.1789448203846,184.64959095175772,0.694020428563523,62.10995616067101,8.13445096767217,0.005029166585505701,19.908545966058494
38.41280426808915,7.843617611025432,0.006708697403896584,20.769494029822358,216.09867587145715,184.56701168396492,0.6917101097000269,62.16391789495483,8.1322431209899,0.005031893172142354,19.903133343398654
38.44614871623853,7.8418629161545175,0.0067109241681494,20.765631306048554,216.0184088028312,184.48444198727827,0.6894074816378829,62.217879629238645,8.13003467672858,0.0050346227143927514,19.897719253300906
38.47949316438792,7.840108030933624,0.0067131567675310245,20.761767940533055,215.9381435885461,184.40188181012974,0.6871125187752471,62.271841363522455,8.127825634403262,0.005037355217060673,19.89230369457241
38.5128376125373,7.838352954141464,0.006715395199819253,20.757903931703737,215.85788020268856,184.31933110109463,0.6848251955955006,62.32580309780627,8.125615993528331,0.0050400906849610416,19.88688666601867
38.54618206068668,7.836597684558648,0.0067176394628197175,20.754039277989875,215.77761861941497,184.2367898088899,0.6825454866669654,62.37976483209009,8.123405753617522,0.00504282912292399,19.88146816644361
38.57952650883606,7.834842220967699,0.0067198895543673495,20.75017397782219,215.69735881292547,184.15425788237422,0.6802733666426241,62.433726566373906,8.121194914183931,0.005045570535785742,19.876048194649528
38.61287095698545,7.833086562153054,0.006722145472326052,20.74630802963276,215.61710075747655,184.07173527054823,0.6780088102598356,62.487688300657716,8.118983474739956,0.0050483149283932155,19.87062674943707
38.64621540513483,7.831330706901026,0.006724407214588584,20.742441431855127,215.53684442740405,183.98922192255276,0.675751792340057,62.54165003494153,8.116771434797359,0.005051062305604529,19.86520382960528
38.67955985328421,7.829574653999835,0.006726674779076312,20.738574182924168,215.45658979706917,183.9067177876699,0.673502287788561,62.59561176922535,8.114558793867236,0.005053812672289462,19.85977943395156
38.712904301433596,7.82781840223955,0.0067289481637393,20.734706281276157,215.3763368409187,183.8242228153204,0.6712602715941578,62.64957350350916,8.112345551460031,0.005056566033327948,19.854353561271687
38.74624874958298,7.826061950412142,0.006731227366557211,20.730837725348767,215.29608553342706,183.7417369550661,0.6690257188289171,62.70353523779298,8.110131707085497,0.005059322393608644,19.84892621035978
38.77959319773236,7.824305297311424,0.00673351238553768,20.726968513581017,215.21583584915015,183.65926015660682,0.6667986046478926,62.757496972076794,8.107917260252734,0.005062081758029894,19.84349738000833
38.812937645881746,7.822548441733074,0.006735803218717631,20.7230986444133,215.13558776268832,183.57679236978166,0.664578904288841,62.81145870636061,8.105702210470175,0.005064844131504841,19.838067069008186
38.846282094031125,7.820791382474598,0.006738099864162347,20.719228116287347,215.05534124868677,183.49433354456679,0.6623665930719533,62.86542044064442,8.103486557245594,0.005067609518956787,19.832635276148554
38.87962654218051,7.819034118335371,0.006740402319966896,20.71535692764626,214.97509628186833,183.41188363107779,0.6601616463995743,62.91938217492824,8.101270300086089,0.005070377925317348,19.827202000216978
38.912970990329896,7.817276648116575,0.0067427105842540235,20.71148507693446,214.89485283700247,183.32944257956615,0.6579640397559329,62.973343909212055,8.09905343849806,0.0050731493555295016,19.82176723999936
38.946315438479274,7.815518970621224,0.006745024655175845,20.70761256259772,214.81461088890316,183.24701034042073,0.6557737487068686,63.027305643495865,8.096835971987296,0.005075923814548221,19.816330994279934
38.97965988662866,7.813761084654141,0.006747344530913066,20.703739383083114,214.73437041246257,183.16458686416638,0.6535907488995581,63.08126737777968,8.094617900058857,0.005078701307339613,19.81089326184129
39.013004334778046,7.8120029890219715,0.006749670209675714,20.69986553683906,214.65413138259487,183.08217210146466,0.6514150160622482,63.1352291120635,8.092399222217157,0.005081481838879191,19.805454041464344
39.046348782927424,7.810244682533148,0.006752001689701864,20.695991022315262,214.57389377430343,182.99976600311197,0.6492465260039822,63.189190846347316,8.090179937965903,0.005084265414151585,19.800013331928344
39.07969323107681,7.80848616399791,0.006754338969258589,20.69211583796275,214.49365756261787,182.91736852004038,0.6470852546143326,63.243152580631126,8.087960046808158,0.005087052038154026,19.794571132010866
39.11303767922619,7.806727432228258,0.006756682046642125,20.68823998223384,214.4134227226433,182.83497960331565,0.6449311778631335,63.29711431491494,8.085739548246309,0.005089841715898584,19.789127440487842
39.146382127375574,7.804968486037986,0.0067590309201771325,20.684363453582122,214.33318922953273,182.75259920413828,0.642784271800212,63.35107604919876,8.083518441782028,0.005092634452403554,19.783682256133496
39.17972657552496,7.803209324242665,0.006761385588217108,20.680486250462497,214.2529570584782,182.67022727384298,0.6406445125551232,63.40503778348257,8.081296726916335,0.005095430252698989,19.778235577720384
39.21307102367434,7.801449945659603,0.00676374604914401,20.676608371331113,214.17272618475107,182.58786376389668,0.6385118763368853,63.45899951776639,8.079074403149553,0.005098229121826795,19.772787404019386
39.246415471823724,7.799690349107895,0.006766112301369448,20.67272981464541,214.0924965836573,182.5055086259005,0.6363863394337121,63.512961252050204,8.076851469981339,0.005101031064840834,19.767337733799693
39.2797599199731,7.79793053340835,0.006768484343332787,20.668850578864067,214.01226823056618,182.42316181158674,0.6342678782127532,63.56692298633401,8.074627926910646,0.005103836086805268,19.761886565828807
39.31310436812249,7.796170497383544,0.0067708621735027095,20.664970662447026,213.93204110089354,182.34082327282073,0.6321564691198278,63.62088472061783,8.072403773435743,0.005106644192793386,19.75643389887254
39.346448816271874,7.794410239857762,0.00677324579037619,20.66109006385546,213.8518151701117,182.25849296159862,0.6300520886791654,63.67484645490165,8.070179009054208,0.005109455387889411,19.75097973169499
39.37979326442125,7.792649759657017,0.00677563519247991,20.6572087815518,213.77159041375057,182.1761708300477,0.6279547134931446,63.728808189185465,8.067953633262952,0.005112269677193615,19.7455240630586
39.41313771257064,7.790889055609059,0.006778030378368139,20.6533268139997,213.69136680737583,182.09385683042703,0.6258643202420296,63.782769923469274,8.065727645558177,0.005115087065814575,19.740066891724073
39.446482160720024,7.789128126543317,0.006780431346624478,20.64944415966403,213.6111443266315,182.01155091512462,0.6237808856837163,63.83673165775309,8.0635010454354,0.005117907558871175,19.734608216450418
39.4798266088694,7.787366971290936,0.006782838095861093,20.645560817010885,213.53092294719752,181.9292530366589,0.6217043866534694,63.89069339203691,8.061273832389425,0.005120731161494201,19.729148035994953
39.51317105701879,7.7856055886847635,0.00678525062471935,20.64167678450756,213.4507026448076,181.84696314767825,0.6196348000636667,63.94465512632072,8.059046005914395,0.0051235578788269625,19.723686349113258
39.546515505168166,7.783843977559318,0.006787668931868652,20.637792060622562,213.37048339524694,181.7646812009594,0.6175721029035428,63.998616860604535,8.05681756550374,0.005126387716023987,19.718223154559215
39.57985995331755,7.7820821367508,0.006790093016007337,20.633906643825576,213.29026517436168,181.68240714940768,0.6155162722389315,64.05257859488835,8.054588510650193,0.005129220678249387,19.712758451084994
39.61320440146694,7.780320065097075,0.006792522875862848,20.630020532587494,213.21004795803853,181.60014094605646,0.6134672852120133,64.10654032917216,8.052358840845777,0.005132056770677309,19.707292237441013
39.646548849616316,7.778557761437695,0.006794958510191005,20.626133725380374,213.129831722221,181.51788254406785,0.6114251190410596,64.16050206345598,8.050128555581832,0.005134895998496715,19.701824512376003
39.6798932977657,7.7767952246138465,0.006797399917776419,20.622246220677443,213.0496164429002,181.43563189673017,0.6093897510201786,64.2144637977398,8.047897654348995,0.005137738366909112,19.69635527463695
39.71323774591509,7.775032453468364,0.00679984709743211,20.618358016953117,212.9694020961301,181.35338895745883,0.6073611585190649,64.26842553202361,8.045666136637202,0.005140583881124162,19.6908845229691
39.746582194064466,7.773269446845738,0.006802300048000701,20.61446911268294,212.8891886580071,181.27115367979633,0.6053393189827477,64.32238726630743,8.043434001935667,0.005143432546363703,19.68541225611598
39.77992664221385,7.771506203592087,0.00680475876835255,20.610579506343623,212.80897610466994,181.18892601741086,0.603324209931337,64.37634900059125,8.04120124973293,0.00514628436786228,19.679938472819384
39.81327109036323,7.769742722555143,0.006807223257387278,20.60668919641302,212.72876441232566,181.10670592409582,0.6013158089597784,64.43031073487505,8.0389678795168,0.0051491393508665325,19.674463171819344
39.846615538512616,7.767979002584273,0.006809693514032732,20.602798181370105,212.64855355722574,181.02449335377045,0.5993140937375997,64.48427246915887,8.036733890774375,0.005151997500633425,19.668986351854162
39.879959986662,7.766215042530451,0.006812169537246462,20.59890645969501,212.5683435156603,180.94228826047876,0.5973190420086653,64.53823420344268,8.034499282992066,0.005154858822429658,19.663508011660387
39.91330443481138,7.764450841246255,0.006814651326013565,20.59501402986897,212.48813426398576,180.86009059838904,0.595330631590928,64.5921959377265,8.032264055655547,0.005157723321534843,19.65802814997281
39.946648882960766,7.762686397585851,0.00681713887934846,20.59112089037432,212.40792577860768,180.7779003217932,0.593348840376181,64.64615767201032,8.030028208249806,0.005160591003244784,19.652546765524487
39.97999333111015,7.760921710405005,0.006819632196293969,20.58722703969454,212.32771803596705,180.69571738510723,0.591373646329815,64.70011940629414,8.027791740259099,0.005163461872862239,19.6470638570467
40.01333777925953,7.75915677856107,0.006822131275922334,20.583332476314183,212.24751101257016,180.61354174287058,0.5894050274905711,64.75408114057795,8.025554651166981,0.005166335935702368,19.64157942326897
40.046682227408915,7.75739160091295,0.006824636117333539,20.579437198718892,212.16730468496414,180.53137334974434,0.5874429619702951,64.80804287486175,8.023316940456269,0.00516921319709293,19.636093462919053
40.080026675558294,7.755626176321145,0.0068271467196566816,20.57554120539541,212.0870990297491,180.44921216051324,0.5854874279536998,64.86200460914557,8.021078607609091,0.005172093662374503,19.630605974722958
40.11337112370768,7.75386050364769,0.006829663082049689,20.571644494831553,212.0068940235749,180.36705813008285,0.583538403698115,64.91596634342939,8.018839652106836,0.005174977336898831,19.6251169574049
40.146715571857065,7.7520945817561975,0.006832185203699232,20.567747065516212,211.92668964313896,180.2849112134814,0.5815958675332518,64.9699280777132,8.01660007343018,0.005177864226027547,19.619626409687303
40.180060020006444,7.750328409511803,0.006834713083820366,20.563848915939325,211.84648586518688,180.20277136585725,0.5796597978609584,65.02388981199702,8.01435987105906,0.005180754335133888,19.614134330290838
40.21340446815583,7.748561985781191,0.006837246721656791,20.559950044591908,211.76628266651832,180.12063854248007,0.5777301731549815,65.07785154628084,8.012119044472724,0.005183647669607965,19.608640717934406
40.24674891630521,7.74679530943257,0.006839786116481549,20.556050449966015,211.68608002396746,180.0385126987394,0.5758069719607264,65.13181328056466,8.009877593149664,0.0051865442348491666,19.603145571335087
40.28009336445459,7.7450283793356824,0.006842331267595715,20.55215013055474,211.6058779144416,179.9563937901453,0.5738901728950164,65.18577501484846,8.007635516567671,0.005189444036267847,19.5976488892082
40.31343781260398,7.743261194361788,0.00684488217432939,20.548249084852223,211.52567631487057,179.87428177232744,0.5719797546458605,65.23973674913228,8.00539281420378,0.005192347079287117,19.592150670267255
40.34678226075336,7.741493753383635,0.006847438836040938,20.544347311353622,211.44547520225117,179.7921766010335,0.5700756959722112,65.2936984834161,8.003149485534326,0.0051952533693434225,19.58665091322397
40.38012670890274,7.739726055275494,0.006850001252118393,20.540444808555115,211.36527455361897,179.71007823213105,0.5681779757037291,65.34766021769991,8.000905530034904,0.005198162911885232,19.581149616788277
40.41347115705213,7.737958098913126,0.006852569421977416,20.5365415749539,211.28507434605768,179.62798662160571,0.5662865727405496,65.40162195198373,7.998660947180363,0.0052010757123713575,19.57564677966828
40.44681560520151,7.736189883173769,0.006855143345062981,20.532637609048184,211.20487455670192,179.54590172556053,0.5644014660530491,65.45558368626754,7.996415736444825,0.005203991776271485,19.570142400570283
40.48016005335089,7.734421406936158,0.006857723020848261,20.52873290933716,211.1246751627273,179.4638235002169,0.5625226346816059,65.50954542055136,7.994169897301681,0.005206911109071233,19.56463647819879
40.51350450150027,7.732652669080486,0.0068603084488361365,20.524827474321015,211.0444761413693,179.3817519019127,0.5606500577363729,65.56350715483516,7.991923429223616,0.0052098337162691,19.559129011256505
40.54684894964966,7.730883668488429,0.006862899628557016,20.520921302500934,210.96427746989642,179.2996868871033,0.5587837143970423,65.61746888911898,7.989676331682508,0.0052127596033728196,19.553619998444272
40.58019339779904,7.7291144040430915,0.006865496559570643,20.51701439237907,210.88407912564023,179.21762841235918,0.5569235839126151,65.6714306234028,7.987428604149575,0.0052156887759031425,19.548109438461147
40.61353784594842,7.727344874629065,0.006868099241465135,20.513106742458543,210.80388108595793,179.13557643436823,0.5550696456011703,65.72539235768662,7.985180246095225,0.0052186212393944146,19.542597330004355
40.64688229409781,7.72557507913236,0.006870707673858085,20.509198351243437,210.72368332827398,179.05353090993293,0.5532218788496333,65.77935409197043,7.982931256989183,0.005221556999393806,19.537083671769295
40.68022674224719,7.723805016440437,0.006873321856394779,20.50528921723881,210.64348583004968,178.9714917959714,0.5513802631135506,65.83331582625425,7.980681636300388,0.005224496061459491,19.531568462449528
40.71357119039657,7.722034685442186,0.006875941788749681,20.50137933895064,210.56328856878991,178.88945904951663,0.5495447779168579,65.88727756053807,7.978431383497042,0.005227438431160282,19.526051700736772
40.74691563854596,7.720264085027911,0.006878567470625997,20.49746871488586,210.48309152205448,178.80743262771554,0.5477154028516521,65.94123929482187,7.976180498046616,0.005230384114079352,19.520533385320917
40.780260086695336,7.718493214089343,0.006881198901755873,20.493557343552343,210.4028946674443,178.72541248782971,0.545892117577968,65.99520102910569,7.973928979415832,0.005233333115816215,19.51501351489002
40.81360453484472,7.71672207151961,0.0068838360818996485,20.48964522345888,210.32269798259898,178.64339858723366,0.5440749018235485,66.0491627633895,7.9716768270706515,0.00523628544197827,19.509492088130273
40.84694898299411,7.714950656213249,0.006886479010846486,20.485732353115186,210.24250144522753,178.56139088341573,0.5422637353836214,66.10312449767332,7.969424040476288,0.005239241098186315,19.503969103726035
40.880293431143485,7.713178967066207,0.0068891276884147324,20.48181873103189,210.16230503304868,178.47938933397754,0.5404585981206735,66.15708623195714,7.967170619097209,0.005242200090074766,19.498444560359793
40.91363787929287,7.7114070029757835,0.006891782114451064,20.477904355720526,210.08210872385746,178.39739389663185,0.5386594699642279,66.21104796624095,7.964916562397128,0.005245162423291582,19.492918456712196
40.94698232744226,7.709634762840692,0.00689444228883095,20.473989225693522,210.0019124954858,178.31540452920495,0.5368663309106191,66.26500970052477,7.962661869838997,0.0052481281034964565,19.48739079146202
40.980326775591635,7.707862245560999,0.006897108211458305,20.470073339464204,209.92171632580124,178.23342118963393,0.535079161022773,66.31897143480857,7.960406540885012,0.0052510971363597895,19.48186156328618
41.01367122374102,7.706089450038144,0.006899779882266614,20.46615669554678,209.8415201927276,178.15144383596757,0.5332979404299816,66.37293316909239,7.958150574996615,0.005254069527565123,19.47633077085971
41.0470156718904,7.704316375174928,0.006902457301217199,20.462239292456328,209.7613240742277,178.06947242636562,0.5315226493276876,66.42689490337621,7.955893971634488,0.00525704528281395,19.470798412855796
41.080360120039785,7.702543019875506,0.006905140468300628,20.45832112870881,209.6811279483137,177.98750691909862,0.5297532679772579,66.48085663766003,7.953636730258549,0.005260024407816478,19.46526448794575
41.11370456818917,7.700769383045368,0.006907829383535682,20.454402202821036,209.60093179303374,177.9055472725468,0.5279897767057687,66.53481837194384,7.951378850327964,0.0052630069082957665,19.459728994798972
41.14704901633855,7.698995463591364,0.006910524046970934,20.450482513310686,209.52073558649064,177.82359344520123,0.5262321559057851,66.58878010622766,7.949120331301118,0.005265992789988569,19.454191932083006
41.180393464487935,7.697221260421651,0.006913224458682552,20.446562058696276,209.440539306819,177.74164539566124,0.5244803860351431,66.64274184051148,7.94686117263565,0.005268982058645777,19.448653298463505
41.21373791263731,7.6954467724457265,0.006915930618776121,20.442640837497173,209.3603429322128,177.65970308263604,0.5227344476167327,66.69670357479528,7.944601373788406,0.005271974720030785,19.443113092604236
41.2470823607867,7.693671998574397,0.006918642527385455,20.43871884823357,209.2801464408975,177.57776646494327,0.5209943212382794,66.7506653090791,7.942340934215497,0.005274970779918039,19.437571313167055
41.280426808936085,7.691896937719785,0.006921360184674171,20.434796089426488,209.19994981114831,177.49583550150902,0.519259987552133,66.80462704336291,7.940079853372221,0.005277970244094396,19.432027958811922
41.31377125708546,7.690121588795328,0.0069240835908334335,20.430872559597784,209.11975302128457,177.41391015136793,0.5175314272750479,66.85858877764673,7.937818130713148,0.005280973118364562,19.426483028196916
41.34711570523485,7.688345950715734,0.006926812746083845,20.4269482572701,209.03955604966032,177.33199037366106,0.5158086211879697,66.91255051193055,7.935555765692049,0.005283979408544493,19.4209365199782
41.380460153384234,7.686570022397018,0.006929547650674399,20.423023180966908,208.9593588746936,177.2500761276375,0.5140915501358225,66.96651224621436,7.933292757761929,0.005286989120461772,19.41538843281002
41.41380460153361,7.684793802756483,0.006932288304883727,20.419097329212466,208.87916147481616,177.16816737265333,0.5123801950272977,67.02047398049817,7.931029106375022,0.005290002259957918,19.409838765344716
41.447149049683,7.683017290712695,0.006935034709018134,20.415170700531828,208.79896382852644,177.08626406817075,0.5106745368346363,67.07443571478198,7.928764810982762,0.005293018832889018,19.40428751623271
41.48049349783238,7.6812404851855,0.0069377868634132814,20.411243293450823,208.71876591435546,177.0043661737583,0.5089745565934228,67.1283974490658,7.9264998710358325,0.005296038845124425,19.39873468412251
41.51383794598176,7.679463385095998,0.0069405447684334695,20.40731510649608,208.63856771087796,176.92247364909025,0.5072802354023714,67.18235918334962,7.924234285984113,0.005299062302545011,19.393180267660682
41.54718239413115,7.677685989366553,0.006943308424472346,20.40338613819497,208.55836919671322,176.8405864539464,0.5055915544231171,67.23632091763344,7.921968055276716,0.005302089211043657,19.387624265491876
41.58052684228053,7.6759082969207775,0.0069460778319515035,20.399456387075656,208.47817035052176,176.75870454821168,0.5039084948800058,67.29028265191725,7.919701178361956,0.005305119576530406,19.38206667625881
41.61387129042991,7.674130306683513,0.006948852991321733,20.395525851667024,208.3979711510074,176.67682789187518,0.5022310380598838,67.34424438620107,7.917433654687375,0.005308153404929347,19.37650749860227
41.6472157385793,7.672352017580856,0.006951633903062735,20.391594530498736,208.31777157691283,176.5949564450311,0.5005591653118944,67.39820612048487,7.915165483699729,0.005311190702175038,19.37094673116108
41.68056018672868,7.670573428540122,0.006954420567683198,20.387662422101187,208.23757160702286,176.51309016787727,0.4988928580472659,67.45216785476869,7.912896664844974,0.005314231474216266,19.36538437257216
41.71390463487806,7.668794538489836,0.00695721298572018,20.383729525005503,208.1573712201667,176.4312290207146,0.49723209773910604,67.5061295890525,7.910627197568279,0.0053172757270166845,19.359820421470438
41.74724908302744,7.667015346359764,0.006960011157739631,20.37979583774354,208.0771703952181,176.3493729639484,0.4955768659221977,67.56009132333632,7.9083570813140245,0.005320323466553917,19.354254876488927
41.78059353117683,7.665235851080859,0.0069628150843368255,20.37586135884788,207.99696911108435,176.26752195808592,0.493927144192792,67.61405305762014,7.9060863155258,0.005323374698817678,19.34868773625866
41.81393797932621,7.663456051585282,0.006965624766135542,20.371926086851808,207.91676734671753,176.18567596373722,0.49228291420840437,67.66801479190396,7.903814899646392,0.005326429429809584,19.343118999408723
41.84728242747559,7.66167594680639,0.006968440203788397,20.367990020289326,207.8365650811193,176.1038349416148,0.4906441576876102,67.72197652618777,7.901542833117789,0.005329487665547416,19.337548664566228
41.880626875624976,7.659895535678737,0.0069712613979766675,20.364053157695125,207.7563622933165,176.0219988525331,0.4890108564098418,67.77593826047158,7.899270115381204,0.005332549412065707,19.331976730356335
41.913971323774355,7.658114817138032,0.0069740883494112255,20.36011549760459,207.67615896238274,175.94016765740724,0.4873829922151863,67.8298999947554,7.896996745877021,0.005335614675408476,19.32640319540222
41.94731577192374,7.656333790121187,0.006976921058831109,20.356177038553806,207.59595506743736,175.85834131725437,0.4857605470041817,67.88386172903921,7.894722724044828,0.005338683461634389,19.32082805832509
41.980660220073126,7.654552453566261,0.006979759527004587,20.352237779079516,207.51575058764712,175.77651979319177,0.48414350273761825,67.93782346332303,7.8924480493234315,0.0053417557768171055,19.315251317744174
42.014004668222505,7.652770806412487,0.006982603754728375,20.34829771771914,207.4355455021937,175.6947030464377,0.48253184143633787,67.99178519760684,7.8901727211508135,0.005344831627044916,19.309672972276715
42.04734911637189,7.650988847600251,0.006985453742829067,20.34435685301077,207.35533979032368,175.61289103831027,0.4809255451810308,68.04574693189066,7.887896738964164,0.00534791101841884,19.304093020537973
42.080693564521276,7.6492065760710775,0.006988309492161127,20.340415183493146,207.27513343130445,175.53108373022704,0.4793245961120402,68.09970866617448,7.8856201021998364,0.0053509939570519065,19.2985114611412
42.114038012670655,7.647423990767632,0.006991171003608532,20.33647270770566,207.19492640446506,175.44928108370502,0.4777289764291619,68.15367040045828,7.883342810293408,0.005354080449072411,19.292928292697667
42.14738246082004,7.645641090633732,0.006994038278083637,20.332529424188348,207.11471868915976,175.36748306036088,0.4761386683914465,68.2076321347421,7.8810648626796285,0.00535717050062732,19.287343513816662
42.18072690896942,7.643857874614303,0.006996911316528773,20.328585331481882,207.03451026478646,175.28568962190928,0.47455365431700264,68.26159386902592,7.878786258792434,0.005360264117872927,19.281757123105436
42.214071357118804,7.642074341655407,0.006999790119914078,20.324640428127555,206.95430111077036,175.20390073016375,0.4729739165827987,68.31555560330973,7.876506998064961,0.005363361306980328,19.27616911916926
42.24741580526819,7.640290490704204,0.007002674689239309,20.3206947126673,206.8740912066018,175.12211634703525,0.47139943762447056,68.36951733759355,7.874227079929514,0.005366462074135784,19.270579500611376
42.28076025341757,7.638506320708968,0.007005565025532614,20.316748183643643,206.7938805317902,175.04033643453258,0.4698301999361226,68.42347907187737,7.871946503817578,0.005369566425540775,19.26498826603303
42.314104701566954,7.636721830619085,0.007008461129852214,20.312800839599728,206.71366906588455,174.95856095476233,0.4682661860701337,68.47744080616118,7.869665269159836,0.00537267436741013,19.259395414033424
42.34744914971634,7.634937019385026,0.007011363003284057,20.3088526790793,206.63345678848248,174.87678986992773,0.46670737863696493,68.53140254044499,7.867383375386137,0.0053757859059708766,19.25380094320976
42.38079359786572,7.633151885958342,0.007014270646943819,20.30490370062669,206.55324367921529,174.79502314232818,0.4651537603049663,68.5853642747288,7.865100821925501,0.00537890104746475,19.24820485215718
42.414138046015104,7.631366429291682,0.007017184061975626,20.300953902786826,206.47302971775443,174.71326073436023,0.4636053138001807,68.63932600901262,7.862817608206149,0.005382019798153163,19.24260713946884
42.44748249416448,7.629580648338756,0.007020103249553676,20.29700328410521,206.39281488380118,174.6315026085157,0.4620620219061556,68.69328774329644,7.86053373365545,0.005385142164307716,19.237007803735832
42.48082694231387,7.627794542054347,0.007023028210879937,20.29305184312791,206.31259915711001,174.54974872738225,0.46052386746374996,68.74724947758025,7.858249197699954,0.005388268152214511,19.231406843547205
42.514171390463254,7.626008109394303,0.007025958947186128,20.289099578401572,206.23238251746315,174.467999053643,0.4589908333709436,68.80121121186407,7.855963999765389,0.005391397768175032,19.225804257489976
42.54751583861263,7.624221349315526,0.007028895459732538,20.28514648847339,206.15216494468368,174.386253550076,0.4574629025826474,68.85517294614789,7.853678139276642,0.005394531018506512,19.220200044149113
42.58086028676202,7.622434260775959,0.007031837749809503,20.28119257189111,206.07194641863165,174.30451217955343,0.4559400581105121,68.90913468043169,7.851391615657782,0.005397667909540164,19.214594202107524
42.614204734911404,7.62064684273459,0.00703478581873518,20.277237827203027,205.9917269192095,174.22277490504203,0.454422283022743,68.96309641471551,7.849104428332025,0.005400808447619767,19.208986729946062
42.64754918306078,7.618859094151456,0.0070377396678575005,20.27328225295797,205.91150642634895,174.14104168960304,0.45290956044390857,69.01705814899933,7.846816576721743,0.005403952639103465,19.203377626243523
42.68089363121017,7.617071013987596,0.007040699298553097,20.269325847705293,205.83128492002868,174.05931249639008,0.45140187355475264,69.07101988328314,7.844528060248516,0.005407100490369314,19.197766889576638
42.714238079359546,7.615282601205102,0.007043664712228567,20.265368609994887,205.7510623802482,173.97758728865145,0.44989920559200997,69.12498161756696,7.842238878333038,0.005410252007807135,19.19215451852007
42.74758252750893,7.613493854767058,0.007046635910318476,20.26141053837714,205.67083878706867,173.89586602972727,0.44840153984821796,69.17894335185078,7.8399490303951875,0.0054134071978206915,19.18654051164641
42.78092697565832,7.6117047736375625,0.007049612894287147,20.257451631402965,205.5906141205716,173.81414868305058,0.4469088596715313,69.2329050861346,7.837658515853985,0.005416566066829449,19.180924867526155
42.814271423807696,7.609915356781724,0.007052595665627728,20.25349188762377,205.51038836087272,173.73243521214695,0.445421148465537,69.2868668204184,7.83536733412762,0.005419728621269083,19.17530758472775
42.84761587195708,7.608125603165649,0.007055584225863289,20.249531305591464,205.43016148813675,173.650725580634,0.44393838968906946,69.34082855470221,7.833075484633426,0.005422894867589866,19.169688661817535
42.88096032010646,7.606335511756424,0.007058578576544987,20.24556988385843,205.34993348255378,173.56901975222058,0.4424605668560274,69.39479028898603,7.830782966787894,0.005426064812255026,19.164068097359753
42.914304768255846,7.604545081522119,0.007061578719253711,20.241607620977543,205.26970432436173,173.48731769070673,0.440987663535189,69.44875202326985,7.828489780006652,0.0054292384617419965,19.15844588991656
42.94764921640523,7.602754311431784,0.007064584655599351,20.237644515502144,205.18947399382412,173.40561935998377,0.43951966335003056,69.50271375755366,7.826195923704498,0.005432415822548173,19.152822038048026
42.98099366455461,7.600963200455457,0.0070675963872216105,20.233680565986063,205.10924247124717,173.32392472403419,0.43805654997854554,69.55667549183748,7.823901397295361,0.005435596901184301,19.147196540312105
43.014338112703996,7.5991717475641085,0.0070706139157884615,20.22971577098355,205.0290097369675,173.24223374692963,0.4365983071530592,69.6106372261213,7.821606200192327,0.0054387817041746285,19.14156939526464
43.04768256085338,7.597379951729685,0.007073637242997571,20.225750129049345,204.9487757713618,173.1605463928325,0.43514491866005145,69.6645989604051,7.819310331807611,0.005441970238059414,19.13594060145937
43.08102700900276,7.595587811925081,0.00707666637057577,20.221783638738614,204.86854055484594,173.0788626259945,0.4336963683399754,69.71856069468892,7.817013791552583,0.00544516250939554,19.130310157447923
43.114371457152146,7.5937953271241385,0.007079701300279602,20.217816298606976,204.78830406786213,172.9971824107572,0.43225264008707687,69.77252242897274,7.814716578837754,0.005448358524755082,19.124678061779797
43.147715905301524,7.592002496301635,0.0070827420338940815,20.213848107210463,204.70806629089034,172.9155057115508,0.43081371784921685,69.82648416325655,7.812418693072753,0.005451558290723499,19.119044313002373
43.18106035345091,7.59020931843328,0.007085788573233867,20.209879063105546,204.62782720445855,172.8338324928942,0.42937958562769046,69.88044589754037,7.810120133666357,0.00545476181390049,19.113408909660876
43.214404801600296,7.588415792495713,0.007088840920142929,20.20590916484911,204.5475867891089,172.75216271939502,0.42795022747705314,69.93440763182419,7.807820900026486,0.005457969100905604,19.107771850298437
43.247749249749674,7.5866219174664815,0.00709189907649491,20.201938410998448,204.46734502543578,172.67049635574836,0.4265256275049398,69.988369366108,7.805520991560187,0.005461180158373242,19.102133133456036
43.28109369789906,7.5848276923240645,0.0070949630441920685,20.197966800111264,204.38710189405919,172.588833366738,0.4251057698718885,70.0423311003918,7.803220407673638,0.00546439499295101,19.096492757672497
43.314438146048445,7.583033116047828,0.007098032825166285,20.193994330745653,204.30685737563277,172.50717371723408,0.423690638791166,70.09629283467562,7.800919147772131,0.005467613611302868,19.09085072148451
43.347782594197824,7.581238187618045,0.00710110842137893,20.1900210014601,204.22661145085385,172.4255173721944,0.4222802185285924,70.15025456895944,7.798617211260121,0.0054708360201097895,19.085207023426616
43.38112704234721,7.579442906015894,0.007104189834820952,20.186046810813476,204.14636410045443,172.34386429666398,0.42087449340236316,70.20421630324326,7.796314597541152,0.0054740622260684895,19.079561662031193
43.41447149049659,7.577647270223423,0.0071072770675121,20.182071757365023,204.0661153051857,172.2622144557735,0.41947344778287804,70.25817803752707,7.794011306017911,0.005477292235889513,19.073914635828462
43.447815938645974,7.575851279223578,0.00711037012150174,20.178095839674356,203.9858650458382,172.18056781474056,0.4180770660925657,70.31213977181089,7.791707336092204,0.00548052605629773,19.06826594334648
43.48116038679536,7.5740549320001636,0.007113468998868845,20.174119056301453,203.90561330325335,172.09892433886802,0.41668533280571096,70.36610150609471,7.789402687164959,0.005483763694037871,19.06261558311113
43.51450483494474,7.572258227537864,0.007116573701721956,20.170141405806646,203.82536005828533,172.01728399354462,0.4152982324482824,70.42006324037851,7.787097358636209,0.005487005155870805,19.05696355364613
43.54784928309412,7.570461164822225,0.007119684232198545,20.166162886750612,203.74510529184042,171.93564674424445,0.4139157495977584,70.47402497466233,7.784791349905122,0.00549025044857045,19.051309853473022
43.5811937312435,7.568663742839644,0.007122800592465731,20.162183497694375,203.66484898483705,171.85401255652624,0.4125378688829599,70.52798670894614,7.782484660369975,0.005493499578927437,19.045654481111153
43.61453817939289,7.566865960577371,0.0071259227847203415,20.15820323719928,203.58459111824195,171.77238139603352,0.4111645749838743,70.58194844322996,7.780177289428144,0.005496752553749776,19.039997435077694
43.64788262754227,7.565067817023497,0.007129050811188772,20.15422210382702,203.5043316730531,171.69075322849397,0.4097958526314891,70.63591017751378,7.77786923647615,0.005500009379861741,19.03433871388763
43.68122707569165,7.56326931116695,0.007132184674126496,20.150240096139587,203.42407063030052,171.60912801971938,0.4084316866076202,70.6898719117976,7.775560500909586,0.00550327006410191,19.02867831605374
43.71457152384104,7.561470441997497,0.007135324375818628,20.1462572126993,203.34380797105385,171.52750573560547,0.4070720617447434,70.74383364608141,7.773251082123165,0.005506534613323401,19.023016240086587
43.74791597199042,7.559671208505721,0.007138469918580134,20.142273452068785,203.26354367639692,171.44588634213105,0.4057169629258254,70.79779538036522,7.770940979510707,0.005509803034399164,19.017352484494563
43.7812604201398,7.557871609683023,0.007141621304755558,20.138288812810952,203.18327772746807,171.36426980535794,0.4043663750841559,70.85175711464903,7.768630192465151,0.005513075334219428,19.011687047783827
43.81460486828919,7.556071644521622,0.0071447785367186175,20.13430329348902,203.10301010541724,171.28265609143108,0.40302028320318006,70.90571884893285,7.766318720378516,0.0055163515196874485,19.00601992845834
43.847949316438566,7.554271312014536,0.007147941616872744,20.13031689266648,203.02274079145636,171.20104516657747,0.4016786723163319,70.95968058321667,7.764006562641923,0.005519631597723585,19.00035112501983
43.88129376458795,7.5524706111555995,0.007151110547651291,20.12632960890712,202.9424697667896,171.1194369971071,0.4003415275068663,71.01364231750048,7.7616937186456045,0.005522915575265941,18.994680635967807
43.91463821273734,7.550669540939415,0.00715428533151726,20.122341440774978,202.86219701269502,171.03783154941073,0.3990088339076954,71.0676040517843,7.759380187778886,0.005526203459269369,18.989008459799557
43.947982660886716,7.548868100361384,0.007157465970962901,20.118352386834363,202.78192251045155,170.95622878996107,0.39768057670122303,71.12156578606812,7.757065969430175,0.00552949525670349,18.983334595010135
43.9813271090361,7.547066288417698,0.007160652468510252,20.11436244564986,202.70164624138482,170.87462868531264,0.3963567411191772,71.17552752035192,7.754751062986983,0.005532790974552755,18.977659040092338
44.01467155718549,7.545264104105313,0.007163844826711352,20.110371615786274,202.62136818685153,170.79303120210045,0.3950373124424492,71.22948925463574,7.752435467835904,0.005536090619821556,18.971981793536745
44.048016005334865,7.54346154642196,0.007167043048147969,20.106379895808676,202.54108832823164,170.71143630704034,0.3937222760009285,71.28345098891955,7.750119183362629,0.0055393941995324205,18.96630285383169
44.08136045348425,7.541658614366119,0.007170247135431185,20.102387284282365,202.46080664694892,170.62984396692806,0.3924116171733396,71.33741272320337,7.747802208951937,0.005542701720721073,18.960622219463232
44.11470490163363,7.539855306937044,0.007173457091201961,20.098393779772863,202.38052312444464,170.54825414864013,0.39110532138708004,71.39137445748719,7.745484543987682,0.005546013190440735,18.954939888915195
44.148049349783015,7.538051623134732,0.00717667291813132,20.094399380845942,202.3002377422064,170.46666681913248,0.38980337411805654,71.445336191771,7.743166187852809,0.005549328615762754,18.94925586066914
44.1813937979324,7.536247561959916,0.0071798946189201365,20.090404086067558,202.21995048174318,170.38508194544033,0.3885057608905272,71.49929792605481,7.740847139929348,0.005552648003775694,18.943570133204357
44.21473824608178,7.5344431224140855,0.0071831221962986224,20.086407894003887,202.13966132459277,170.30349949467873,0.38721246727693703,71.55325966033863,7.7385273995983965,0.005555971361583291,18.93788270499788
44.248082694231165,7.532638303499443,0.007186355653027001,20.08241080322131,202.05937025233493,170.2219194340409,0.3859234788977583,71.60722139462244,7.736206966240126,0.005559298696304474,18.932193574524426
44.28142714238055,7.5308331042189245,0.007189594991895589,20.078412812286402,201.97907724656847,170.14034173079892,0.3846387814213318,71.66118312890626,7.733885839233796,0.005562630015078387,18.926502740256478
44.31477159052993,7.529027523576188,0.007192840215724693,20.074413919765934,201.898782288934,170.05876635230334,0.38335836056370776,71.71514486319008,7.731564017957747,0.005565965325062934,18.920810200664228
44.348116038679315,7.527221560575606,0.007196091327364006,20.07041412422684,201.81848536108674,169.9771932659828,0.38208220208848437,71.7691065974739,7.729241501789366,0.005569304633429515,18.915115954215562
44.38146048682869,7.525415214222249,0.007199348329693336,20.066413424236238,201.73818644472775,169.89562243934307,0.3808102918066523,71.82306833175771,7.726918290105139,0.005572647947367418,18.909419999376087
44.41480493497808,7.523608483521888,0.007202611225622632,20.06241181836142,201.65788552157983,169.81405383996756,0.37954261557643587,71.87703006604151,7.724594382280585,0.00557599527408449,18.903722334609093
44.448149383127465,7.521801367481007,0.007205880018092011,20.058409305169825,201.57758257340865,169.73248743551744,0.37827915930313555,71.93099180032533,7.722269777690322,0.0055793466208062135,18.8980229583756
44.48149383127684,7.519993865106765,0.007209154710070957,20.054405883229048,201.49727758198117,169.65092319373016,0.37701990893897214,71.98495353460915,7.719944475708019,0.005582701994773643,18.892321869134282
44.51483827942623,7.518185975407,0.0072124353045592395,20.050401551106848,201.4169705291275,169.56936108241953,0.37576485048292835,72.03891526889296,7.717618475706391,0.0055860614032433855,18.88661906534151
44.54818272757561,7.516377697390238,0.0072157218045867675,20.046396307371097,201.336661396685,169.48780106947612,0.3745139699805973,72.09287700317678,7.71529177705723,0.005589424853492736,18.880914545451354
44.58152717572499,7.5145690300656645,0.007219014213213839,20.042390150589817,201.25635016653513,169.40624312286607,0.37326725352402257,72.1468387374606,7.712964379131391,0.00559279235281818,18.875208307915543
44.61487162387438,7.512759972443143,0.007222312533530083,20.038383079331155,201.1760368205691,169.32468721063168,0.37202468725154686,72.20080047174442,7.710636281298774,0.005596163908530057,18.8695003511835
44.64821607202376,7.510950523533185,0.007225616768655619,20.034375092163366,201.09572134073693,169.2431333008903,0.37078625734765663,72.25476220602822,7.708307482928326,0.005599539527957044,18.863790673702287
44.68156052017314,7.509140682346961,0.0072289269217406605,20.030366187654828,201.01540370898292,169.16158136183452,0.3695519500428289,72.30872394031203,7.705977983388069,0.0056029192184468115,18.858079273916648
44.71490496832253,7.507330447896279,0.007232242995966073,20.026356364374017,200.93508390730514,169.0800313617316,0.3683217516133776,72.36268567459585,7.70364778204506,0.005606302987365067,18.85236615026898
44.74824941647191,7.505519819193597,0.007235564994542011,20.022345620889514,200.8547619177344,168.99848326892365,0.3670956483813015,72.41664740887967,7.701316878265393,0.005609690842093471,18.84665130119933
44.78159386462129,7.503708795252,0.007238892920709301,20.01833395576998,200.77443772230248,168.91693705182666,0.36587362671413204,72.47060914316349,7.698985271414225,0.005613082790029658,18.840934725145384
44.81493831277067,7.501897375085213,0.0072422267777388725,20.01432136758417,200.6941113030993,168.83539267893124,0.36465567302478175,72.5245708774473,7.696652960855748,0.00561647883859255,18.83521642054249
44.84828276092006,7.500085557707563,0.007245566568932541,20.010307854900912,200.6137826422205,168.7538501188007,0.3634417737713923,72.57853261173112,7.694319945953212,0.005619878995220461,18.829496385823624
44.88162720906944,7.49827334213402,0.007248912297621364,20.0062934162891,200.53345172180587,168.67230934007307,0.36223191545718547,72.63249434601492,7.691986226068886,0.005623283267366078,18.823774619419396
44.91497165721882,7.496460727380144,0.007252263967167293,20.002278050317702,200.45311852402023,168.5907703114585,0.36102608463031305,72.68645608029874,7.689651800564083,0.005626691662500873,18.818051119758035
44.94831610536821,7.494647712462096,0.007255621580962354,19.99826175555574,200.3727830310448,168.50923300173997,0.3598242678837049,72.74041781458256,7.687316668799159,0.005630104188115757,18.812325885265412
44.98166055351759,7.492834296396661,0.0072589851424297025,19.994244530572274,200.29244522510896,168.42769737977414,0.35862645185492276,72.79437954886637,7.684980830133496,0.005633520851720069,18.806598914364994
45.01500500166697,7.491020478201192,0.007262354655021739,19.99022637393642,200.21210508845124,168.34616341448884,0.35743262322601016,72.84834128315019,7.682644283925513,0.005636941660839441,18.800870205477878
45.04834944981636,7.489206256893633,0.00726573012222193,19.986207284217315,200.13176260334927,168.26463107488422,0.35624276872334465,72.90230301743401,7.680307029532649,0.005640366623016004,18.79513975702275
45.081693897965735,7.487391631492518,0.007269111547543802,19.98218725998415,200.05141775210785,168.18310033003257,0.3550568751174905,72.95626475171782,7.677969066311384,0.005643795745813902,18.78940756741591
45.11503834611512,7.485576601016948,0.00727249893453231,19.978166299806105,199.97107051704515,168.10157114907736,0.35387492922305014,73.01022648600163,7.675630393617209,0.005647229036816593,18.78367363507126
45.148382794264506,7.483761164486592,0.007275892286761573,19.974144402252406,199.8907208805208,168.02004350123312,0.3526969178985207,73.06418822028544,7.6732910108046575,0.005650666503622619,18.77793795840029
45.181727242413885,7.481945320921688,0.007279291607837019,19.970121565892264,199.81036882493203,167.93851735578582,0.351522828046145,73.11814995456926,7.67095091722726,0.005654108153849747,18.77220053581208
45.21507169056327,7.480129069343023,0.007282696901394134,19.9660977892949,199.73001433267248,167.85699268209154,0.35035264661176607,73.17211168885308,7.66861011223759,0.005657553995135683,18.76646136571327
45.24841613871265,7.478312408771932,0.007286108171100025,19.962073071029536,199.64965738618207,167.77546944957675,0.34918636058468394,73.2260734231369,7.666268595187232,0.0056610040351368724,18.760720446508113
45.281760586862035,7.4764953382303,0.00728952542065105,19.95804740966536,199.56929796793563,167.69394762773823,0.3480239569975095,73.28003515742071,7.663926365426773,0.005664458281526414,18.754977776598412
45.31510503501142,7.474677856740562,0.007292948653775006,19.954020803771567,199.48893606040886,167.61242718614304,0.34686542292602063,73.33399689170453,7.661583422305819,0.005667916741994474,18.749233354383524
45.3484494831608,7.472859963325667,0.007296377874229774,19.949993251917302,199.40857164613044,167.53090809442708,0.3457107454890186,73.38795862598833,7.659239765172989,0.005671379424254091,18.743487178260395
45.381793931310185,7.471041657009098,0.007299813085805093,19.945964752671703,199.3282047076397,167.44939032229576,0.34455991184818485,73.44192036027215,7.65689539337592,0.005674846336037338,18.73773924662352
45.41513837945957,7.469222936814863,0.007303254292319983,19.941935304603835,199.24783522750567,167.36787383952375,0.34341290920793793,73.49588209455597,7.654550306261242,0.005678317485092195,18.731989557864928
45.44848282760895,7.467403801767477,0.007306701497625075,19.937904906282743,199.1674631883294,167.28635861595413,0.3422697248152921,73.54984382883978,7.652204503174587,0.005681792879186371,18.726238110374215
45.481827275758334,7.465584250891971,0.0073101547056011375,19.933873556277398,199.08708857272978,167.2048446214987,0.34113034595971353,73.6038055631236,7.649857983460609,0.005685272526107953,18.720484902538505
45.51517172390771,7.463764283213883,0.007313613920160942,19.929841253156734,199.00671136335166,167.12333182613773,0.3399947599729827,73.65776729740742,7.647510746462954,0.005688756433664081,18.71472993274246
45.5485161720571,7.4619438977592285,0.0073170791452467,19.92580799548958,198.92633154288217,167.04182019991856,0.33886295422904883,73.71172903169123,7.645162791524247,0.0056922446096789175,18.708973199368277
45.581860620206484,7.460123093554539,0.007320550384832315,19.92177378184473,198.84594909400383,166.9603097129572,0.3377349161438933,73.76569076597504,7.642814117986131,0.005695737061994389,18.703214700795662
45.61520506835586,7.458301869626818,0.007324027642921954,19.917738610790863,198.76556399945414,166.87880033543667,0.33661063317538803,73.81965250025885,7.640464725189231,0.005699233798476195,18.697454435401852
45.64854951650525,7.456480225003548,0.00732751092355186,19.9137024808966,198.68517624197617,166.7972920376069,0.3354900928231561,73.87361423454267,7.638114612473178,0.005702734827008517,18.6916924015616
45.681893964654634,7.454658158712687,0.007331000230787947,19.90966539073044,198.60478580434784,166.7157847897849,0.3343732826284333,73.92757596882649,7.6357637791765836,0.005706240155492514,18.68592859764717
45.71523841280401,7.452835669782669,0.0073344955687278885,19.90562733886079,198.5243926693719,166.63427856235464,0.33326019017392916,73.9815377031103,7.633412224637046,0.005709749791849551,18.680163022028317
45.7485828609534,7.451012757242381,0.007337996941499732,19.901588323855947,198.4439968198731,166.55277332576614,0.33215080308368894,74.03549943739412,7.63105994819114,0.005713263744021856,18.6743956730723
45.78192730910278,7.449189420121165,0.007341504353263675,19.897548344284093,198.36359823870134,166.47126905053528,0.3310451090229566,74.08946117167794,7.628706949174454,0.005716782019970945,18.66862654914388
45.81527175725216,7.447365657448826,0.0073450178082098815,19.893507398713282,198.28319690873823,166.38976570724452,0.329943095698036,74.14342290596174,7.626353226921517,0.005720304627675726,18.662855648605294
45.84861620540155,7.445541468255594,0.007348537310560241,19.889465485711444,198.20279281287503,166.308263266541,0.3288447508561563,74.19738464024556,7.6239987807658585,0.0057238315751336885,18.65708296981625
45.88196065355093,7.443716851572151,0.00735206286456725,19.885422603846372,198.12238593404274,166.22676169913765,0.32775006228533543,74.25134637452938,7.6216436100399845,0.005727362870367052,18.651308511133948
45.91530510170031,7.441891806429611,0.007355594474515515,19.88137875168569,198.04197625518808,166.14526097581256,0.3266590178142421,74.3053081088132,7.619287714075387,0.005730898521415794,18.64553227091307
45.9486495498497,7.440066331859517,0.007359132144720043,19.87733392779692,197.96156375928823,166.06376106740856,0.32557160531206314,74.35926984309701,7.616931092202498,0.005734438536338046,18.639754247505746
45.981993997999076,7.438240426893824,0.00736267587952739,19.873288130747383,197.88114842933655,165.98226194483286,0.3244878126883673,74.41323157738083,7.614573743750745,0.005737982923212699,18.633974439261554
46.01533844614846,7.436414090564903,0.007366225683315091,19.86924135910425,197.80073024835733,165.9007635790567,0.323407627892971,74.46719331166464,7.612215668048513,0.005741531690139946,18.62819284452756
46.04868289429784,7.434587321905551,0.007369781560492616,19.865193611434528,197.72030919938894,165.81926594111624,0.3223310389158048,74.52115504594845,7.609856864423164,0.005745084845239488,18.622409461648264
46.082027342447226,7.432760119948948,0.007373343515500445,19.861144886305024,197.63988526551302,165.73776900211047,0.3212580337867782,74.57511678023226,7.607497332201004,0.0057486423966487685,18.616624288965593
46.11537179059661,7.4309324837286805,0.007376911552810283,19.85709518228239,197.55945842981865,165.6562727332023,0.3201886005756497,74.62907851451608,7.60513707070731,0.005752204352524792,18.610837324818927
46.14871623874599,7.429104412278726,0.00738048567692526,19.85304449793305,197.47902867541816,165.57477710561773,0.3191227273918913,74.6830402487999,7.60277607926632,0.005755770721050228,18.60504856754508
46.182060686895376,7.427275904633456,0.007384065892380256,19.848992831823253,197.3985959854561,165.49328209064618,0.31806040238455685,74.73700198308372,7.600414357201235,0.00575934151042465,18.599258015478284
46.215405135044755,7.425446959827618,0.00738765220374178,19.844940182519043,197.31816034309142,165.41178765963966,0.3170016137421514,74.79096371736753,7.598051903834197,0.005762916728867101,18.59346566695021
46.24874958319414,7.42361757689632,0.007391244615607241,19.840886548586237,197.23772173151187,165.33029378401199,0.315946349692499,74.84492545165135,7.595688718486299,0.005766496384617968,18.587671520289927
46.282094031343526,7.42178775487506,0.0073948431326059366,19.836831928590435,197.15728013393183,165.24880043524016,0.3148945985026121,74.89888718593515,7.593324800477596,0.0057700804859393325,18.58187557382392
46.315438479492904,7.419957492799687,0.0073984477593987165,19.832776321097015,197.07683553357754,165.16730758486267,0.31384634847856074,74.95284892021897,7.59096014912709,0.005773669041112961,18.57607782587608
46.34878292764229,7.41812678970641,0.007402058500678671,19.828719724671117,196.99638791370305,165.08581520447976,0.312801587965343,75.00681065450279,7.5885947637527185,0.0057772620584387825,18.57027827476769
46.382127375791676,7.416295644631793,0.007405675361169503,19.82466213787764,196.91593725759998,165.00432326575353,0.3117603053467552,75.0607723887866,7.586228643671346,0.0057808595462375215,18.56447691881743
46.415471823941054,7.414464056612742,0.007409298345627262,19.820603559281246,196.8354835485566,164.92283174040682,0.3107224890452629,75.11473412307042,7.583861788198828,0.00578446151285614,18.558673756341378
46.44881627209044,7.412632024686496,0.007412927458839387,19.816543987446316,196.7550267698962,164.84134060022345,0.3096881275218709,75.16869585735424,7.581494196649908,0.005788067966657783,18.55286878565298
46.48216072023982,7.41079954789065,0.007416562705626044,19.812483420937003,196.67456690496473,164.7598498170488,0.30865720927599816,75.22265759163805,7.579125868338289,0.005791678916026501,18.54706200506305
46.515505168389204,7.408966625263104,0.007420204090837909,19.808421858317153,196.59410393713122,164.67835936278766,0.3076297228453457,75.27661932592186,7.576756802576609,0.005795294369368256,18.54125341287981
46.54884961653859,7.407133255842092,0.00742385161935834,19.804359298150377,196.5136378497916,164.59686920940564,0.30660565680577256,75.33058106020567,7.574386998676428,0.005798914335111032,18.53544300740881
46.58219406468797,7.405299438666164,0.007427505296102003,19.800295738999964,196.43316862634848,164.51537932892822,0.3055849997711672,75.38454279448949,7.572016455948242,0.005802538821702639,18.52963078695297
46.615538512837354,7.403465172774187,0.007431165126016694,19.796231179428947,196.35269625023932,164.43388969344096,0.3045677403933212,75.43850452877331,7.569645173701463,0.005806167837609617,18.52381674981256
46.64888296098674,7.401630457205322,0.007434831114080721,19.792165618000052,196.27222070491842,164.35240027508843,0.3035538673618029,75.49246626305712,7.567273151244439,0.005809801391320847,18.518000894285198
46.68222740913612,7.399795290999029,0.007438503265305323,19.788099053275683,196.19174197386042,164.27091104607422,0.30254336940383225,75.54642799734094,7.564900387884441,0.005813439491351202,18.51218321866586
46.715571857285504,7.397959673195082,0.007442181584733099,19.784031483817955,196.11126004057022,164.18942197866207,0.30153623528415474,75.60038973162476,7.562526882927647,0.005817082146231812,18.506363721246842
46.74891630543488,7.396123602833519,0.007445866077439958,19.77996290818867,196.0307748885638,164.10793304517324,0.30053245380491717,75.65435146590856,7.560152635679169,0.0058207293645158404,18.500542400317766
46.78226075358427,7.394287078954671,0.007449556748532597,19.775893324949273,195.95028650137664,164.026444217988,0.29953201380554195,75.70831320019238,7.5577776454430134,0.005824381154779046,18.494719254165584
46.81560520173365,7.392450100599152,0.007453253603150699,19.771822732660915,195.8697948625775,163.94495546954525,0.2985349041626044,75.7622749344762,7.555401911522117,0.005828037525619426,18.488894281074572
46.84894964988303,7.390612666807839,0.0074569566464655,19.767751129884395,195.78929995574268,163.86346677234144,0.2975411137897095,75.81623666876001,7.5530254332183295,0.005831698485654956,18.483067479326323
46.88229409803242,7.388774776621878,0.007460665883681578,19.763678515180164,195.70880176448574,163.78197809893103,0.29655063163736556,75.87019840304383,7.550648209832382,0.005835364043523037,18.477238847199704
46.9156385461818,7.386936429082671,0.007464381320034751,19.759604887108313,195.6283002724268,163.70048942192594,0.2955634466928651,75.92416013732765,7.548270240663935,0.005839034207885315,18.47140838297091
46.94898299433118,7.38509762323188,0.007468102960793722,19.7555302442286,195.54779546320805,163.6190007139955,0.29457954798016006,75.97812187161145,7.545891525011555,0.005842708987428154,18.465576084913447
46.98232744248057,7.383258358111409,0.007471830811259115,19.751454585100387,195.4672873204994,163.5375119478659,0.2935989245597407,76.03208360589527,7.543512062172679,0.005846388390855344,18.459741951298067
47.015671890629946,7.3814186327634115,0.007475564876764696,19.747377908282683,195.38677582798204,163.45602309632062,0.2926215655285137,76.08604534017908,7.541131851443683,0.0058500724268934125,18.45390598039283
47.04901633877933,7.379578446230272,0.0074793051626762756,19.74330021233411,195.30626096937186,163.3745341321992,0.29164746001968034,76.1400070744629,7.538750892119806,0.005853761104292204,18.44806817046308
47.08236078692872,7.377737797554608,0.00748305167439208,19.73922149581291,195.22574272838636,163.29304502839776,0.2906765972026174,76.19396880874672,7.536369183495197,0.005857454431823953,18.442228519771408
47.115705235078096,7.375896685779265,0.007486804417342869,19.73514175727692,195.14522108877304,163.21155575786867,0.2897089662827552,76.24793054303053,7.5339867248628964,0.0058611524182810406,18.436387026577695
47.14904968322748,7.374055109947305,0.007490563396992252,19.73106099528359,195.06469603430781,163.13006629361988,0.28874455650145736,76.30189227731435,7.531603515514817,0.005864855072476209,18.430543689139057
47.18239413137686,7.372213069102007,0.007494328618836728,19.726979208389942,194.98416754877363,163.0485766087153,0.2877833571359026,76.35585401159815,7.529219554741772,0.005868562403248487,18.424698505709866
47.215738579526246,7.370370562286862,0.007498100088404731,19.722896395152606,194.903635615966,162.96708667627428,0.28682535749896443,76.40981574588197,7.52683484183346,0.0058722744194596,18.41885147454177
47.24908302767563,7.3685275885455495,0.007501877811257861,19.718812554127787,194.82310021972168,162.88559646947067,0.2858705469390928,76.46377748016579,7.524449376078451,0.005875991129990621,18.413002593883633
47.28242747582501,7.36668414692196,0.007505661792990302,19.71472768387124,194.742561343889,162.804105961534,0.2849189148401955,76.5177392144496,7.522063156764197,0.005879712543745915,18.40715186198154
47.315771923974395,7.364840236460178,0.007509452039229884,19.71064178293831,194.66201897231747,162.72261512574843,0.28397045062152004,76.57170094873342,7.519676183177034,0.0058834386696538276,18.40129927707883
47.34911637212378,7.36299585620446,0.00751324855563601,19.70655484988389,194.58147308890423,162.64112393545213,0.2830251437375361,76.62566268301724,7.51728845460216,0.00588716951666514,18.39544483741606
47.38246082027316,7.361151005199255,0.007517051347901823,19.702466883262424,194.50092367755104,162.55963236403798,0.2820829836778186,76.67962441730106,7.51489997032366,0.005890905093751028,18.389588541231
47.415805268422545,7.359305682489182,0.007520860421752856,19.69837788162789,194.42037072217693,162.47814038495267,0.28114395996692965,76.73358615158486,7.512510729624454,0.0058946454099043045,18.383730386758607
47.449149716571924,7.357459887119026,0.007524675782948814,19.69428784353383,194.3398142067233,162.39664797169652,0.28020806216430444,76.78754788586868,7.5101207317863645,0.005898390474145852,18.377870372231083
47.48249416472131,7.355613618133739,0.0075284974372809964,19.690196767533276,194.25925411515254,162.31515509782355,0.27927527986413214,76.8415096201525,7.507729976090065,0.005902140295517122,18.372008495877797
47.515838612870695,7.353766874578429,0.007532325390574705,19.68610465217882,194.1786904314388,162.23366173694097,0.27834560269524256,76.89547135443631,7.505338461815092,0.005905894883080996,18.366144755925323
47.549183061020074,7.35191965549836,0.007536159648687689,19.68201149602255,194.09812313958108,162.15216786270938,0.27741902032099,76.94943308872013,7.5029461882398305,0.00590965424592436,18.360279150597414
47.58252750916946,7.350071959938936,0.007540000217512139,19.677917297616062,194.0175522235957,162.07067344884177,0.27649552243913805,77.00339482300394,7.500553154641535,0.005913418393158552,18.354411678115003
47.615871957318845,7.348223786945711,0.007543847102972084,19.673822055510467,193.93697766751532,161.9891784691043,0.2755750987817456,77.05735655728776,7.4981593602963095,0.005917187333917334,18.348542336696205
47.64921640546822,7.346375135564357,0.00754770031102569,19.66972576825636,193.8563994553919,161.9076828973147,0.2746577391150522,77.11131829157156,7.4957648044791,0.0059209610773552435,18.342671124556286
47.68256085361761,7.344526004840696,0.007551559847663791,19.66562843440382,193.77581757129832,161.8261867073437,0.27374343323936456,77.16528002585538,7.493369486463705,0.005924739632650244,18.336798039907674
47.71590530176699,7.342676393820664,0.007555425718911605,19.661530052502428,193.69523199931228,161.74468987311369,0.27283217098894336,77.2192417601392,7.490973405522783,0.005928523009009311,18.33092308095996
47.74924974991637,7.340826301550308,0.00755929793082694,19.65743062110121,193.61464272355624,161.66319236859832,0.27192394223188904,77.27320349442302,7.488576560927821,0.0059323112156582595,18.32504624591987
47.78259419806576,7.3389757270758045,0.007563176489501383,19.653330138748682,193.53404972814283,161.5816941678235,0.2710187368700307,77.32716522870683,7.486178951949146,0.005936104261846541,18.319167532991294
47.81593864621514,7.337124669443421,0.007567061401059771,19.649228603992814,193.4534529972178,161.50019524486567,0.2701165448388138,77.38112696299065,7.4837805778559305,0.005939902156848356,18.31328694037522
47.84928309436452,7.335273127699532,0.007570952671661022,19.645126015381017,193.37285251493756,161.4186955738526,0.2692173561071862,77.43508869727447,7.481381437916185,0.005943704909962583,18.307404466269805
47.8826275425139,7.3334211008906145,0.007574850307497671,19.641022371460163,193.29224826547693,161.33719512896312,0.268321160677489,77.48905043155827,7.478981531396745,0.0059475125305105125,18.301520108870296
47.91597199066329,7.331568588063222,0.0075787543147953764,19.636917670776555,193.21164023303174,161.25569388442602,0.2674279485853441,77.54301216584209,7.476580857563271,0.00595132502783489,18.29563386636907
47.94931643881267,7.329715588264006,0.007582664699813872,19.63281191187593,193.1310284018125,161.17419181452107,0.26653770989954373,77.5969739001259,7.474179415680267,0.005955142411304352,18.289745736955595
47.98266088696205,7.3278621005396865,0.007586581468846556,19.62870509330345,193.05041275604705,161.09268889357773,0.2656504347219405,77.65093563440972,7.4717772050110565,0.0059589646903154036,18.28385571881647
48.01600533511144,7.326008123937065,0.007590504628221431,19.6245972136037,192.96979327998147,161.01118509597563,0.26476611318733567,77.70489736869354,7.469374224817773,0.005962791874283815,18.277963810135372
48.04934978326082,7.324153657503005,0.007594434184299151,19.62048827132066,192.88916995787355,160.92968039614394,0.26388473546337227,77.75885910297735,7.46697047436139,0.005966623972650355,18.27207000909307
48.0826942314102,7.322298700284432,0.007598370143475108,19.61637826499773,192.8085427740015,160.84817476856125,0.2630062917504234,77.81282083726117,7.464565952901689,0.005970460994881379,18.26617431386741
48.11603867955959,7.32044325132833,0.007602312512178127,19.612267193177708,192.72791171266633,160.76666818775544,0.26213077228148335,77.86678257154497,7.462160659697265,0.0059743029504679855,18.260276722633336
48.149383127708965,7.318587309681739,0.007606261296872289,19.608155054402765,192.6472767581718,160.68516062830378,0.26125816732206125,77.92074430582879,7.459754594005525,0.005978149848923715,18.254377233562835
48.18272757585835,7.316730874391731,0.007610216504054275,19.604041847214468,192.56663789485356,160.60365206483155,0.26038846717006997,77.97470604011261,7.457347755082687,0.00598200169978466,18.248475844824963
48.21607202400774,7.314873944505431,0.007614178140255872,19.599927570153756,192.48599510704935,160.52214247201331,0.25952166215572026,78.02866777439642,7.454940142183762,0.005985858512615589,18.24257255458584
48.249416472157115,7.313016519069986,0.007618146212042347,19.595812221760937,192.40534837911966,160.44063182457148,0.25865774264141234,78.08262950868024,7.452531754562593,0.0059897202970062334,18.236667361008635
48.2827609203065,7.311158597132585,0.007622120726014477,19.59169580057569,192.324697695449,160.35912009727713,0.25779669902162894,78.13659124296406,7.450122591471808,0.005993587062568002,18.23076026225356
48.31610536845589,7.309300177740429,0.007626101688806033,19.58757830513702,192.24404304042054,160.2776072649488,0.25693852172282866,78.19055297724788,7.447712652162823,0.005997458818937969,18.224851256477866
48.349449816605265,7.30744125994074,0.007630089107085925,19.583459733983315,192.16338439844245,160.19609330245294,0.2560832012033392,78.24451471153168,7.445301935885871,0.006001335575779556,18.21894034183582
48.38279426475465,7.305581842780753,0.007634082987556903,19.57934008565228,192.0827217539456,160.11457818470348,0.25523072795325163,78.2984764458155,7.44289044188997,0.006005217342780851,18.213027516478725
48.41613871290403,7.303721925307706,0.007638083336957049,19.57521935868097,192.00205509135876,160.03306188666153,0.2543810924943146,78.35243818009931,7.440478169422917,0.006009104129652563,18.207112778554894
48.449483161053415,7.301861506568836,0.007642090162058446,19.57109755160575,191.92138439514994,159.95154438333515,0.25353428537982814,78.40639991438313,7.4380651177313055,0.006012995946129714,18.201196126209656
48.4828276092028,7.300000585611384,0.0076461034696677435,19.566974662962306,191.84070964977417,159.87002564977965,0.25269029719453984,78.46036164866695,7.435651286060529,0.006016892801978093,18.195277557585335
48.51617205735218,7.298139161482574,0.007650123266626226,19.562850691285657,191.76003083973532,159.7885056610967,0.25184911855454023,78.51432338295076,7.433236673654738,0.00602079470698547,18.189357070821266
48.549516505501565,7.296277233229606,0.00765414955981008,19.558725635110097,191.67934794951745,159.70698439243404,0.2510107401071567,78.56828511723458,7.430821279756868,0.006024701670964063,18.183434664053745
48.58286095365095,7.294414799899675,0.0076581823561306965,19.554599492969242,191.59866096364456,159.62546181898625,0.25017515253085126,78.62224685151838,7.428405103608647,0.0060286137037525965,18.17751033541608
48.61620540180033,7.2925518605399375,0.007662221662533311,19.550472263395992,191.51796986665235,159.54393791599352,0.24934234653511636,78.6762085858022,7.425988144450564,0.006032530815216536,18.17158408303855
48.649549849949715,7.2906884141975175,0.007666267485998679,19.546343944922523,191.43727464307622,159.46241265874173,0.24851231286037143,78.73017032008602,7.4235704015218795,0.006036453015245843,18.165655905048386
48.68289429809909,7.288824459919505,0.007670319833542101,19.5422145360803,191.35657527747736,159.3808860225626,0.24768504227786028,78.78413205436983,7.4211518740606275,0.006040380313753638,18.15972579956979
48.71623874624848,7.28695999675294,0.007674378712214992,19.538084035400054,191.2758717544342,159.29935798283282,0.24686052558954738,78.83809378865365,7.418732561303596,0.0060443127206799944,18.15379376472391
48.749583194397864,7.2850950237448195,0.007678444129102315,19.533952441411767,191.19516405854017,159.2178285149746,0.2460387536280178,78.89205552293747,7.416312462486354,0.006048250245995687,18.14785979862887
48.78292764254724,7.283229539942078,0.007682516091325141,19.52981975264469,191.1144521743897,159.13629759445467,0.2452197172563732,78.94601725722129,7.41389157684321,0.006052192899692275,18.141923899399707
48.81627209069663,7.281363544391593,0.0076865946060390026,19.525685967627325,191.03373608660797,159.0547651967847,0.24440340736813065,78.99997899150509,7.411469903607254,0.0060561406917881075,18.135986065148405
48.84961653884601,7.27949703614018,0.007690679680435952,19.521551084887406,190.9530157798239,158.973231297521,0.2435898148871223,79.0539407257889,7.409047442010308,0.006060093632328936,18.130046293983867
48.88296098699539,7.277630014234573,0.0076947713217419295,19.517415102951905,190.87229123868732,158.89169587226374,0.24277893076739368,79.10790246007272,7.406624191282947,0.0060640517313873,18.124104584011924
48.91630543514478,7.275762477721434,0.007698869537219112,19.51327802034702,190.79156244785625,158.81015889665744,0.24197074599310336,79.16186419435654,7.4042001506545185,0.006068014999060106,18.118160933335325
48.94964988329416,7.273894425647341,0.00770297433416444,19.50913983559817,190.710829392005,158.72862034639036,0.24116525157842264,79.21582592864036,7.401775319353084,0.006071983445468556,18.112215340053694
48.98299433144354,7.272025857058788,0.007707085719911272,19.50500054722999,190.63009205582043,158.64708019719478,0.24036243856743564,79.26978766292417,7.399349696605468,0.006075957080764187,18.1062678022636
49.01633877959293,7.270156771002165,0.007711203701827901,19.50086015376631,190.54935042400598,158.5655384248459,0.2395622980340398,79.32374939720799,7.396923281637232,0.006079935915125907,18.100318318058473
49.04968322774231,7.268287166523769,0.007715328287318253,19.496718653730177,190.46860448127063,158.48399500516234,0.23876482108184677,79.3777111314918,7.394496073672669,0.006083919958755929,18.09436688552864
49.08302767589169,7.266417042669787,0.007719459483821893,19.492576045643816,190.38785421235184,158.4024499140058,0.23796999884408254,79.43167286577561,7.392068071934804,0.006087909221884073,18.08841350276129
49.11637212404107,7.2645463984863055,0.007723597298814327,19.488432328028637,190.30709960198772,158.32090312728104,0.23717782248349098,79.48563460005943,7.389639275645415,0.006091903714768465,18.082458167840507
49.14971657219046,7.262675233019282,0.0077277417398073246,19.484287499405234,190.22634063493328,158.23935462093505,0.23638828319223285,79.53959633434324,7.387209684024988,0.006095903447693845,18.076500878847224
49.18306102033984,7.260803545314556,0.007731892814347501,19.480141558293365,190.14557729595091,158.15780437095728,0.23560137219179011,79.59355806862706,7.384779296292729,0.00609990843096943,18.07054163385923
49.21640546848922,7.258931334417844,0.007736050530018105,19.47599450321195,190.06480956983717,158.07625235337966,0.23481708073286717,79.64751980291088,7.382348111666577,0.006103918674930726,18.064580430951157
49.249749916638606,7.25705859937472,0.0077402148944378975,19.471846332679075,189.98403744137235,157.99469854427574,0.23403540009529392,79.7014815371947,7.3799161293632025,0.006107934189946161,18.058617268194496
49.28309436478799,7.255185339230631,0.007744385915262891,19.46769704521196,189.90326089536654,157.91314291976124,0.2332563215879288,79.7554432714785,7.377483348597975,0.00611195498640779,18.052652143657564
49.31643881293737,7.253311553030869,0.0077485636001837,19.463546639326985,189.82247991663738,157.83158545599323,0.23247983654856208,79.80940500576231,7.375049768584983,0.00611598107473426,18.0466850554055
49.349783261086756,7.251437239820583,0.007752747956928121,19.459395113539642,189.74169449001653,157.7500261291703,0.23170593634381959,79.86336674004613,7.372615388537026,0.006120012465372756,18.040716001500268
49.383127709236135,7.249562398644765,0.007756938993259477,19.455242466364567,189.6609046003555,157.66846491553213,0.2309346123690669,79.91732847432995,7.370180207665617,0.006124049168799129,18.034744980000657
49.41647215738552,7.24768702854824,0.0077611367169787,19.451088696315512,189.580110232502,157.58690179135925,0.23016585604831297,79.97129020861377,7.367744225180967,0.006128091195515568,18.02877198896223
49.449816605534906,7.2458111285756805,0.007765341135921769,19.44693380190534,189.4993113713303,157.50533673297355,0.2293996588341156,80.02525194289758,7.365307440291987,0.0061321385560494535,18.02279702643737
49.483161053684285,7.243934697771566,0.007769552257961915,19.44277778164602,189.4185080017208,157.4237697167365,0.22863601220748675,80.0792136771814,7.362869852206293,0.006136191260957713,18.01682009047525
49.51650550183367,7.24205773518022,0.007773770091008332,19.438620634048615,189.33770010856765,157.34220071905096,0.22787490767779597,80.1331754114652,7.360431460130199,0.006140249320829205,18.010841179121822
49.54984994998305,7.240180239845769,0.007777994643007549,19.43446235762329,189.25688767676917,157.2606297163594,0.22711633678267798,80.18713714574902,7.357992263268703,0.006144312746275897,18.004860290419817
49.583194398132434,7.238302210812158,0.007782225921942524,19.430302950879287,189.1760706912512,157.17905668514453,0.22636029108793765,80.24109888003284,7.355552260825502,0.006148381547938652,17.998877422408736
49.61653884628182,7.236423647123128,0.007786463935832579,19.426142412324925,189.0952491369342,157.09748160192837,0.22560676218745626,80.29506061431665,7.353111452002978,0.006152455736487886,17.99289257312482
49.6498832944312,7.234544547822232,0.007790708692734115,19.421980740467593,189.01442299875987,157.01590444327314,0.2248557417030985,80.34902234860047,7.3506698360021945,0.006156535322622601,17.986905740601106
49.683227742580584,7.232664911952811,0.007794960200740291,19.417817933813737,188.93359226168604,156.93432518578007,0.22410722128461802,80.40298408288429,7.348227412022898,0.006160620317067982,17.980916922867333
49.71657219072997,7.230784738557995,0.007799218467982083,19.413653990868877,188.85275691067278,156.85274380608962,0.22336119260956686,80.4569458171681,7.345784179263502,0.00616471073057591,17.97492611794999
49.74991663887935,7.228904026680697,0.007803483502626135,19.409488910137554,188.7719169306861,156.77116028088116,0.22261764738320086,80.51090755145191,7.34334013692111,0.0061688065739316155,17.968933323872317
49.783261087028734,7.2270227753636105,0.0078077553128771075,19.40532269012337,188.69107230672972,156.68957458687305,0.2218765773383879,80.56486928573572,7.340895284191497,0.006172907857947961,17.962938538654264
49.81660553517811,7.2251409836492,0.0078120339069761395,19.401155329328954,188.61022302377899,156.60798670082198,0.22113797423551676,80.61883102001954,7.338449620269095,0.006177014593464191,17.956941760312482
49.8499499833275,7.223258650579695,0.00781631929320295,19.39698682625596,188.52936906684872,156.5263965995232,0.22040182986240484,80.67279275430336,7.336003144347009,0.006181126791349369,17.950942986860355
49.883294431476884,7.221375775197092,0.00782061147987301,19.392817179405057,188.44851042096866,156.4448042598102,0.21966813603420693,80.72675448858718,7.333555855617008,0.0061852444625029165,17.944942216307947
49.91663887962626,7.219492356543133,0.00782491047534017,19.388646387275934,188.36764707115213,156.36320965855413,0.2189368845933244,80.78071622287099,7.331107753269518,0.006189367617852478,17.938939446662033
49.94998332777565,7.217608393659319,0.007829216287995003,19.384474448367282,188.28677900245168,156.28161277266435,0.21820806740931423,80.8346779571548,7.328658836493621,0.006193496268352193,17.93293467592606
49.983327775925034,7.215723885586889,0.007833528926266669,19.38030136117678,188.2059061998999,156.20001357908745,0.21748167637879895,80.88863969143861,7.326209104477042,0.006197630424985782,17.92692790210014
50.01667222407441,7.213838831366831,0.007837848398621165,19.37612712420111,188.12502864857305,156.11841205480792,0.21675770342537645,80.94260142572243,7.323758556406178,0.006201770098771787,17.92091912318109
50.0500166722238,7.211953230039854,0.0078421747135623,19.371951735935934,188.04414633353412,156.03680817684685,0.21603614049952924,80.99656316000625,7.321307191466059,0.006205915300753111,17.914908337162355
50.083361120373176,7.2100670806463985,0.00784650787963156,19.36777519487588,187.96325923987513,155.95520192226263,0.2153169795785373,81.05052489429006,7.318855008840356,0.006210066042002571,17.908895542034056
50.11670556852256,7.20818038222663,0.007850847905408463,19.363597499514555,187.8823673526745,155.87359326815056,0.21460021266638593,81.10448662857388,7.31640200771139,0.0062142223336238995,17.90288073578294
50.15005001667195,7.206293133820434,0.007855194799510988,19.359418648344516,187.8014706570455,155.7919821916426,0.21388583179367912,81.1584483628577,7.3139481872601175,0.006218384186751241,17.89686391639242
50.183394464821326,7.204405334467398,0.007859548570593925,19.35523863985728,187.72056913807774,155.71036866990693,0.2131738290175499,81.2124100971415,7.311493546666122,0.006222551612546626,17.890845081842507
50.21673891297071,7.202516983206818,0.007863909227350977,19.351057472543314,187.63966278091783,155.62875268014795,0.21246419642157222,81.26637183142532,7.309038085107618,0.006226724622199743,17.88482423010985
50.2500833611201,7.200628079077696,0.007868276778513376,19.346875144892003,187.55875157068235,155.54713419960646,0.21175692611567296,81.32033356570913,7.306581801761456,0.006230903226934215,17.878801359167714
50.283427809269476,7.198738621118721,0.007872651232851868,19.342691655391693,187.47783549251344,155.4655132055588,0.21105201023604428,81.37429529999295,7.30412469580311,0.006235087438004636,17.87277646698598
50.31677225741886,7.196848608368274,0.007877032599173925,19.338507002529635,187.39691453156422,155.3838896753171,0.21034944094505603,81.42825703427677,7.3016667664066714,0.006239277266692406,17.8667495515311
50.35011670556824,7.194958039864413,0.0078814208863264,19.334321184791996,187.31598867298675,155.30226358622866,0.20964921043116883,81.48221876856059,7.29920801274485,0.006243472724310156,17.86072061076614
50.383461153717626,7.193066914644889,0.00788581610319386,19.33013420066387,187.2350579019621,155.2206349156768,0.20895131090884664,81.5361805028444,7.296748433988975,0.006247673822202469,17.854689642650754
50.41680560186701,7.191175231747107,0.007890218258700546,19.325946048629223,187.15412220365047,155.13900364107917,0.20825573461847088,81.5901422371282,7.294288029308984,0.006251880571743972,17.848656645141148
50.45015005001639,7.189282990208152,0.007894627361808354,19.321756727170946,187.07318156325766,155.0573697398888,0.2075624738262545,81.64410397141202,7.291826797873421,0.006256092984337264,17.842621616190097
50.483494498165776,7.18739018906476,0.007899043421518221,19.317566234770798,186.99223596596005,154.97573318959311,0.20687152082415428,81.69806570569584,7.289364738849431,0.006260311071415304,17.836584553746953
50.516838946315154,7.185496827353325,0.007903466446869636,19.313374569909413,186.9112853969771,154.8940939677141,0.20618286792978696,81.75202743997966,7.286901851402775,0.00626453484444777,17.830545455757594
50.55018339446454,7.183602904109896,0.007907896446941266,19.309181731066325,186.83032984151131,154.8124520518084,0.205496507486343,81.80598917426347,7.284438134697804,0.006268764314930716,17.824504320164476
50.583527842613925,7.181708418370165,0.007912333430851102,19.304987716719907,186.74936928479326,154.73080741946666,0.20481243186250137,81.85995090854729,7.281973587897462,0.0062729994943911075,17.818461144906554
50.616872290763304,7.179813369169454,0.007916777407755158,19.30079252534739,186.6684037120501,154.6491600483133,0.2041306334523453,81.91391264283111,7.27950821016329,0.0062772403943882876,17.812415927919325
50.65021673891269,7.177917755542726,0.007921228386849286,19.29659615542488,186.5874331085235,154.56750991600657,0.20345110467527638,81.96787437711491,7.277042000655421,0.006281487026513751,17.806368667134805
50.683561187062075,7.176021576524568,0.00792568637736798,19.292398605427287,186.5064574594535,154.48585700023844,0.20277383797593235,82.02183611139873,7.274574958532563,0.006285739402388595,17.800319360481513
50.716905635211454,7.174124831149192,0.007930151388586302,19.288199873828397,186.42547675010266,154.40420127873426,0.2020988258241014,82.07579784568254,7.272107082952008,0.006289997533662984,17.79426800588447
50.75025008336084,7.17222751845042,0.00793462342981705,19.283999959100797,186.34449096572789,154.3225427292524,0.2014260607146386,82.12975957996636,7.269638373069626,0.006294261432022017,17.788214601265185
50.78359453151022,7.170329637461692,0.007939102510413519,19.2797988597159,186.26350009160703,154.24088132958457,0.20075553516738331,82.18372131425018,7.267168828039879,0.006298531109184093,17.782159144541673
50.816938979659604,7.168431187216044,0.007943588639767763,19.275596574143936,186.18250411302023,154.15921705755488,0.20008724172707557,82.237683048534,7.264698447015779,0.006302806576895666,17.776101633628397
50.85028342780899,7.166532166746124,0.007948081827312626,19.271393100853935,186.1015030152478,154.07754989102068,0.19942117296327289,82.29164478281781,7.26222722914892,0.006307087846935932,17.770042066436314
50.88362787595837,7.164632575084162,0.00795258208251963,19.267188438313735,186.0204967835897,153.99587980787132,0.19875732147026814,82.34560651710161,7.259755173589454,0.006311374931117631,17.76398044087282
50.91697232410775,7.162732411261978,0.007957089414900495,19.262982584989953,185.9394854033543,153.9142067860285,0.19809567986700685,82.39956825138543,7.257282279486104,0.006315667841285231,17.757916754841787
50.95031677225714,7.160831674310982,0.00796160383400656,19.258775539347987,185.85846885984168,153.83253080344628,0.19743624079700536,82.45352998566925,7.25480854598614,0.006319966589312807,17.751851006243495
50.98366122040652,7.15893036326215,0.0079661253494294,19.254567299852027,185.77744713837498,153.7508518381102,0.19677899692826908,82.50749171995307,7.252333972235383,0.006324271187106197,17.745783192974677
51.0170056685559,7.15702847714604,0.007970653970801121,19.250357864965018,185.6964202242793,153.66916986803813,0.1961239409532102,82.56145345423688,7.249858557378227,0.006328581646609546,17.739713312928508
51.05035011670528,7.155126014992768,0.007975189707792893,19.24614723314867,185.61538810288525,153.5874848712789,0.1954710655885682,82.6154151885207,7.247382300557597,0.006332897979795191,17.73364136399455
51.08369456485467,7.153222975832014,0.007979732570116888,19.24193540286344,185.5343507595315,153.50579682591302,0.19482036357532662,82.66937692280452,7.244905200914968,0.006337220198667848,17.727567344058798
51.11703901300405,7.151319358693009,0.007984282567524991,19.237722372568545,185.453308179564,153.42410571005215,0.19417182767863408,82.72333865708832,7.242427257590358,0.006341548315266267,17.721491251003634
51.15038346115343,7.149415162604537,0.00798883970981085,19.23350814072191,185.37226034834293,153.342411501839,0.19352545068772317,82.77730039137214,7.23994846972232,0.006345882341662995,17.715413082707833
51.18372790930282,7.147510386594921,0.007993404006806946,19.229292705780235,185.29120725122473,153.26071417944684,0.19288122541583028,82.83126212565595,7.237468836447939,0.006350222289961775,17.70933283704657
51.217072357452196,7.145605029692024,0.00799797546838744,19.225076066198902,185.21014887357137,153.17901372107985,0.1922391447001159,82.88522385993977,7.23498835690283,0.00635456817229699,17.70325051189135
51.25041680560158,7.14369909092324,0.008002554104466389,19.220858220432028,185.1290852007609,153.0973101049726,0.1915992014015843,82.93918559422359,7.23250703022114,0.006358920000839815,17.697166105110096
51.28376125375097,7.1417925693154904,0.008007139924999724,19.216639166932435,185.04801621817546,153.01560330938986,0.19096138840500548,82.9931473285074,7.2300248555355395,0.006363277787796192,17.691079614567062
51.317105701900346,7.139885463895216,0.008011732939983434,19.212418904151644,184.9669419112011,152.93389331262662,0.190325698618835,83.04710906279122,7.22754183197722,0.006367641545401811,17.684991038122863
51.35045015004973,7.137977773688373,0.008016333159454601,19.20819743053987,184.88586226522435,152.8521800930077,0.1896921249751349,83.10107079707502,7.225057958675888,0.006372011285926837,17.678900373634423
51.38379459819912,7.1360694977204275,0.008020940593491328,19.20397474454601,184.80477726564885,152.77046362888763,0.18906066042949604,83.15503253135884,7.222573234759757,0.006376387021676662,17.672807618955044
51.417139046348495,7.134160635016348,0.008025555252212933,19.19975084461764,184.723686897876,152.68874389865056,0.18843129796095984,83.20899426564266,7.220087659355564,0.0063807687649899865,17.666712771934318
51.45048349449788,7.1322511846006,0.0080301771457807,19.19552572920101,184.6425911473279,152.60702088070997,0.18780403057193867,83.26295599992648,7.217601231588538,0.0063851565282366605,17.66061583041814
51.48382794264726,7.130341145497148,0.008034806284395953,19.191299396741027,184.56148999941038,152.52529455350876,0.18717885128813988,83.31691773421029,7.215113950582412,0.006389550323820354,17.65451679224875
51.517172390796645,7.128430516729434,0.008039442678302372,19.187071845681245,184.48038343954858,152.44356489551842,0.18655575315848727,83.37087946849411,7.212625815459427,0.006393950164184774,17.64841565526464
51.55051683894603,7.126519297320386,0.008044086337784454,19.18284307446388,184.3992714531765,152.36183188523955,0.18593472925504395,83.42484120277793,7.2101368253403155,0.006398356061803011,17.642312417300623
51.58386128709541,7.124607486292408,0.008048737273169721,19.178613081529782,184.31815402571883,152.2800955012015,0.1853157726729357,83.47880293706173,7.2076469793442985,0.00640276802918265,17.636207076187773
51.617205735244795,7.12269508266737,0.0080533954948258,19.174381865318423,184.2370311426258,152.1983557219618,0.18469887653027312,83.53276467134555,7.2051562765890855,0.006407186078867078,17.630099629753442
51.65055018339418,7.12078208546661,0.008058061013163144,19.170149424267915,184.1559027893275,152.1166125261066,0.18408403396807685,83.58672640562936,7.2026647161908794,0.0064116102234350655,17.623990075821226
51.68389463154356,7.118868493710926,0.008062733838633438,19.16591575681498,184.07476895128943,152.03486589225022,0.1834712381501999,83.64068813991318,7.200172297264348,0.0064160404754980555,17.61787841221099
51.717239079692945,7.11695430642056,0.00806741398173122,19.161680861394938,183.99362961396253,151.95311579903446,0.18286048226325163,83.694649874197,7.197679018922642,0.0064204768477000825,17.611764636738815
51.75058352784232,7.115039522615211,0.008072101452992813,19.15744473644172,183.91248476280535,151.87136222512947,0.18225175951652312,83.74861160848081,7.1951848802773934,0.006424919352724476,17.60564874721705
51.78392797599171,7.113124141314012,0.008076796262996417,19.153207380387855,183.83133438328014,151.7896051492326,0.18164506314191062,83.80257334276463,7.192689880438695,0.0064293680032898246,17.599530741454235
51.817272424141095,7.1112081615355365,0.008081498422362849,19.148968791664444,183.75017846086453,151.7078445500689,0.1810403863938408,83.85653507704843,7.190194018515115,0.00643382281214684,17.593410617255152
51.85061687229047,7.109291582297787,0.008086207941755082,19.144728968701173,183.66901698103285,151.62608040639049,0.18043772254919554,83.91049681133225,7.187697293613669,0.006438283792082602,17.587288372420765
51.88396132043986,7.1073744026181815,0.008090924831879742,19.1404879099263,183.5878499292616,151.54431269697648,0.1798370649072373,83.96445854561607,7.185199704839846,0.0064427509559211536,17.581164004748253
51.917305768589245,7.105456621513576,0.008095649103484426,19.13624561376664,183.50667729103296,151.46254140063337,0.1792384067895346,84.01842027989989,7.182701251297588,0.006447224316521271,17.575037512030974
51.95065021673862,7.103538238000221,0.00810038076736058,19.132002078647567,183.4254990518477,151.38076649619384,0.17864174153988774,84.0723820141837,7.180201932089276,0.006451703886774591,17.56890889205845
51.98399466488801,7.10161925109378,0.008105119834341675,19.127757302992997,183.3443151971851,151.29898796251734,0.17804706252425434,84.12634374846752,7.1777017463157415,0.006456189679609343,17.562778142616384
52.01733911303739,7.09969965980932,0.00810986631530542,19.12351128522539,183.26312571255343,151.21720577848976,0.17745436313067706,84.18030548275134,7.175200693076277,0.006460681707994969,17.55664526148665
52.05068356118677,7.097779463161306,0.008114620221171251,19.11926402376573,183.18193058344787,151.1354199230232,0.17686363676920788,84.23426721703514,7.172698771468597,0.006465179984931676,17.550510246447256
52.08402800933616,7.095858660163587,0.008119381562902404,19.115015517033537,183.100729795377,151.05363037505572,0.1762748768718367,84.28822895131896,7.170195980588856,0.006469684523456566,17.54437309527235
52.11737245748554,7.093937249829393,0.00812415035150496,19.11076576344683,183.01952333384742,150.97183711355103,0.17568807689241753,84.34219068560277,7.167692319531646,0.0064741953366444956,17.538233805732215
52.15071690563492,7.092015231171349,0.008128926598028757,19.106514761422147,182.9383111843837,150.89004011749918,0.17510323030659564,84.39615241988659,7.165187787389983,0.006478712437607165,17.53209237559327
52.1840613537843,7.090092603201431,0.008133710313567436,19.10226250937452,182.85709333249463,150.80823936591494,0.1745203306117354,84.45011415417041,7.162682383255311,0.006483235839490403,17.525948802618014
52.21740580193369,7.088169364931003,0.008138501509257177,19.098009005717476,182.77586976370097,150.72643483783915,0.17393937132684717,84.50407588845422,7.160176106217481,0.006487765555475007,17.51980308456507
52.25075025008307,7.086245515370774,0.008143300196278586,19.093754248863032,182.69464046353826,150.64462651233725,0.17336034599251668,84.55803762273804,7.15766895536478,0.006492301598784126,17.513655219189147
52.28409469823245,7.084321053530814,0.00814810638585548,19.08949823722166,182.6134054175202,150.5628143684998,0.17278324817083193,84.61199935702184,7.155160929783903,0.00649684398267567,17.507505204241056
52.31743914638184,7.082395978420549,0.00815292008925691,19.08524096920233,182.5321646111878,150.48099838544272,0.1722080714453117,84.66596109130566,7.152652028559949,0.00650139272044286,17.501353037467663
52.35078359453122,7.0804702890487405,0.008157741317794225,19.080982443212456,182.45091803007284,150.3991785423059,0.17163480942083484,84.71992282558948,7.1501422507764225,0.006505947825417345,17.495198716611892
52.3841280426806,7.078543984423493,0.00816257008282397,19.076722657657896,182.36966565972384,150.31735481825405,0.1710634557235694,84.7738845598733,7.147631595515235,0.006510509310969392,17.489042239412743
52.41747249082999,7.07661706355224,0.008167406395746167,19.072461610942973,182.28840748566702,150.23552719247618,0.17049400400090023,84.82784629415711,7.145120061856698,0.006515077190505298,17.48288360360525
52.450816938979365,7.074689525441745,0.008172250268006132,19.068199301470433,182.20714349345482,150.1536956441854,0.16992644792135994,84.88180802844093,7.1426076488795,0.006519651477466241,17.476722806920474
52.48416138712875,7.072761369098087,0.008177101711093074,19.063935727641454,182.12587366863585,150.07186015261874,0.16936078117455786,84.93576976272475,7.140094355660733,0.006524232185333732,17.47055984708552
52.517505835278136,7.070832593526673,0.008181960736540584,19.059670887855635,182.04459799675567,149.99002069703744,0.16879699747110982,84.98973149700855,7.137580181275879,0.006528819327630081,17.464394721823503
52.550850283427515,7.068903197732206,0.008186827355927104,19.05540478051099,181.9633164633735,149.90817725672582,0.16823509054256858,85.04369323129237,7.135065124798788,0.0065334129179111956,17.45822742885353
52.5841947315769,7.066973180718696,0.008191701580875711,19.05113740400394,181.8820290540406,149.82632981099195,0.16767505414135317,85.09765496557618,7.132549185301698,0.006538012969772021,17.452057965890724
52.617539179726286,7.065042541489456,0.0081965834230554,19.04686875672929,181.8007357543197,149.74447833916736,0.16711688204068115,85.15161669986,7.13003236185522,0.006542619496847384,17.445886330646182
52.650883627875665,7.063111279047082,0.008201472894178571,19.042598837080245,181.71943654976292,149.66262282060632,0.1665605680344978,85.20557843414382,7.127514653528338,0.006547232512810186,17.439712520826998
52.68422807602505,7.061179392393467,0.008206370006003839,19.038327643448405,181.63813142594006,149.58076323468651,0.16600610593740753,85.25954016842763,7.124996059388384,0.006551852031369051,17.4335365341362
52.71757252417443,7.059246880529772,0.008211274770334266,19.034055174223706,181.55682036841597,149.49889956080793,0.16545348958460554,85.31350190271144,7.1224765785010655,0.0065564780662708865,17.427358368272785
52.750916972323814,7.057313742456447,0.008216187199019606,19.02978142779448,181.4755033627566,149.41703177839386,0.16490271283180902,85.36746363699525,7.119956209930458,0.006561110631307483,17.421178020931716
52.7842614204732,7.055379977173197,0.008221107303953732,19.025506402547403,181.3941803945269,149.33515986688937,0.16435376955518866,85.42142537127907,7.117434952738972,0.006565749740304721,17.414995489803875
52.81760586862258,7.053445583678998,0.008226035097076763,19.02123009686751,181.31285144930115,149.2532838057623,0.16380665365130084,85.47538710556289,7.114912805987378,0.006570395407127629,17.40881077257607
52.850950316771964,7.051510560972081,0.00823097059037415,19.016952509138164,181.231516512656,149.17140357450236,0.16326135903701955,85.5293488398467,7.112389768734786,0.006575047645681856,17.402623866931037
52.88429476492135,7.049574908049931,0.008235913795877509,19.012673637741067,181.15017557016688,149.0895191526216,0.16271787964946888,85.58331057413052,7.109865840038664,0.006579706469913102,17.396434770547412
52.91763921307073,7.047638623909274,0.008240864725664866,19.008393481056245,181.06882860740203,149.0076305196534,0.16217620944595576,85.63727230841434,7.107341018954794,0.006584371893804373,17.39024348109973
52.950983661220114,7.045701707546068,0.00824582339185916,19.004112037462043,180.98747560994047,148.92573765515274,0.16163634240390198,85.69123404269814,7.1048153045373015,0.006589043931376184,17.3840499962584
52.98432810936949,7.043764157955529,0.008250789806630361,18.999829305335112,180.9061165633677,148.8438405386969,0.16109827252077882,85.74519577698196,7.102288695838641,0.0065937225966938,17.377854313689724
53.01767255751888,7.041825974132072,0.008255763982194079,18.9955452830504,180.82475145325984,148.76193914988332,0.16056199381403838,85.79915751126578,7.099761191909603,0.006598407903861393,17.371656431055865
53.051017005668264,7.039887155069357,0.008260745930813738,18.991259968981158,180.74338026520144,148.68003346833154,0.16002750032104854,85.85311924554959,7.09723279179928,0.006603099867020759,17.365456346014838
53.08436145381764,7.0379476997602435,0.008265735664797663,18.986973361498908,180.66200298477168,148.5981234736815,0.159494786099026,85.90708097983341,7.094703494555096,0.006607798500355093,17.359254056220507
53.11770590196703,7.036007607196812,0.008270733196501876,18.98268545897345,180.58061959756108,148.51620914559422,0.15896384522497042,85.96104271411723,7.092173299222787,0.006612503818089329,17.35304955932258
53.15105035011641,7.034066876370342,0.008275738538328494,18.978396259772868,180.49923008914692,148.43429046375127,0.1584346717955985,86.01500444840104,7.089642204846389,0.006617215834487585,17.346842852966574
53.18439479826579,7.03212550627131,0.008280751702727374,18.97410576226348,180.41783444511717,148.35236740785456,0.15790725992727783,86.06896618268485,7.08711021046824,0.006621934563851746,17.34063393479382
53.21773924641518,7.030183495889393,0.008285772702195191,18.969813964809877,180.33643265105957,148.27043995762682,0.15738160375596288,86.12292791696866,7.08457731512899,0.006626660020526843,17.334422802441463
53.25108369456456,7.0282408442134425,0.00829080154927526,18.965520865774877,180.25502469256622,148.18850809281025,0.15685769743712832,86.17688965125248,7.082043517867577,0.006631392218902165,17.328209453542435
53.28442814271394,7.026297550231502,0.008295838256558647,18.961226463519548,180.17361055521206,148.1065717931676,0.15633553514570453,86.2308513855363,7.0795088177212415,0.00663613117340344,17.321993885725472
53.31777259086333,7.024353612930782,0.008300882836683456,18.956930756403164,180.09219022459837,148.0246310384812,0.15581511107601304,86.28481311982011,7.0769732137254895,0.006640876898498556,17.315776096615046
53.351117039012706,7.022409031297667,0.008305935302336578,18.95263374278324,180.01076368630362,147.9426858085531,0.15529641944170228,86.33877485410393,7.0744367049141355,0.006645629408698377,17.309556083831417
53.38446148716209,7.020463804317697,0.008310995666250884,18.948335421015493,179.92933092591926,147.86073608320476,0.15477945447568206,86.39273658838775,7.071899290319256,0.006650388718554935,17.303333844990597
53.41780593531147,7.018517930975581,0.008316063941208185,18.944035789453835,179.84789192903622,147.77878184227728,0.15426421043006075,86.44669832267155,7.069360968971212,0.006655154842659062,17.29710937770433
53.451150383460856,7.016571410255165,0.008321140140037422,18.93973484645038,179.76644668124752,147.69682306563044,0.15375068157608066,86.50066005695537,7.066821739898619,0.0066599277956431524,17.29088267958008
53.48449483161024,7.014624241139449,0.00832622427561674,18.935432590355422,179.68499516813102,147.6148597331436,0.1532388622040545,86.55462179123919,7.064281602128373,0.006664707592187582,17.284653748221046
53.51783927975962,7.012676422610569,0.008331316360871656,18.93112901951743,179.60353737528342,147.53289182471448,0.15272874662330208,86.608583525523,7.061740554685631,0.0066694942470097674,17.278422581226142
53.551183727909006,7.010727953649798,0.00833641640877608,18.92682413228305,179.5220732882887,147.45091932026006,0.15222032916208636,86.66254525980682,7.059198596593802,0.006674287774869654,17.27218917618996
53.58452817605839,7.0087788332375265,0.00834152443235247,18.922517926997074,179.4406028927387,147.36894219971515,0.1517136041675516,86.71650699409064,7.056655726874553,0.006679088190571051,17.2659535307028
53.61787262420777,7.006829060353279,0.008346640444671727,18.91821040200247,179.3591261742207,147.28696044303365,0.15120856600565952,86.77046872837445,7.054111944547802,0.006683895508960897,17.259715642350617
53.651217072357156,7.00487863397568,0.008351764458854535,18.913901555640326,179.27764311831635,147.20497403018695,0.15070520906112658,86.82443046265826,7.0515672486316925,0.006688709744926408,17.253475508715056
53.684561520506534,7.002927553082476,0.00835689648806882,18.909591386249872,179.1961537106227,147.12298294116516,0.15020352773736237,86.87839219694207,7.049021638142623,0.006693530913395768,17.247233127373384
53.71790596865592,7.000975816650514,0.00836203654553263,18.905279892168462,179.11465793670925,147.04098715597598,0.1497035164564068,86.93235393122589,7.046475112095227,0.0066983590293458115,17.24098849589854
53.751250416805306,6.99902342365573,0.00836718464451231,18.900967071731582,179.03315578217803,146.95898665464475,0.14920516965886813,86.98631566550971,7.043927669502373,0.006703194107794297,17.234741611859093
53.784594864954684,6.997070373073158,0.008372340798324808,18.89665292327281,178.95164723260154,146.87698141721444,0.14870848180386134,87.04027739979352,7.0413793093751424,0.006708036163800544,17.228492472819223
53.81793931310407,6.995116663876922,0.008377505020335187,18.892337445123843,178.8701322735704,146.79497142374578,0.14821344736894632,87.09423913407734,7.038830030722849,0.006712885212468704,17.222241076338722
53.85128376125345,6.993162295040209,0.008382677323958653,18.88802063561445,178.78861089065657,146.71295665431614,0.14772006085006675,87.14820086836116,7.036279832553023,0.006717741268947799,17.215987419972993
53.884628209402834,6.991207265535296,0.008387857722659754,18.8837024930725,178.70708306944908,146.63093708902053,0.1472283167614883,87.20216260264496,7.033728713871406,0.006722604348428912,17.20973150127302
53.91797265755222,6.989251574333515,0.008393046229953094,18.879383015823937,178.62554879552712,146.54891270797054,0.14673820963573833,87.25612433692878,7.031176673681944,0.006727474466144334,17.203473317785345
53.9513171057016,6.987295220405267,0.008398242859403932,18.875062202192755,178.54400805446247,146.46688349129488,0.1462497340235452,87.3100860712126,7.0286237109867855,0.006732351637374217,17.197212867052105
53.984661553850984,6.9853382027199995,0.00840344762462622,18.870740050501038,178.46246083183615,146.38484941913842,0.14576288449377656,87.36404780549641,7.026069824786296,0.006737235877444362,17.19095014661099
54.01800600200037,6.983380520246213,0.008408660539285186,18.86641655906889,178.38090711321732,146.30281047166278,0.14527765563338021,87.41800953978023,7.023515014079017,0.006742127201721304,17.184685153995215
54.05135045014975,6.981422171951451,0.008413881617095645,18.86209172621447,178.2993468841914,146.22076662904593,0.14479404204732324,87.47197127406405,7.0209592778616825,0.006747025625617243,17.178417886733545
54.084694898299134,6.979463156802292,0.008419110871824358,18.857765550253973,178.21778013031746,146.13871787148184,0.14431203835853232,87.52593300834786,7.0184026151292285,0.006751931164590772,17.172148342350255
54.11803934644851,6.977503473764349,0.008424348317287205,18.853438029501618,178.1362068371672,146.0566641791807,0.14383163920783387,87.57989474263167,7.015845024874754,0.0067568438341444265,17.165876518365145
54.1513837945979,6.975543121802252,0.008429593967351776,18.849109162269624,178.05462699030548,145.97460553236812,0.1433528392538939,87.63385647691548,7.013286506089539,0.0067617636498228375,17.15960241229349
54.18472824274728,6.973582099879653,0.008434847835936059,18.844778946868235,177.97304057530397,145.89254191128575,0.14287563317315996,87.6878182111993,7.0107270577630345,0.006766690627217316,17.15332602164606
54.21807269089666,6.9716204069592145,0.008440109937009619,18.840447381605696,177.8914475777214,145.81047329619048,0.1424000156598007,87.74177994548312,7.0081666788828665,0.006771624781969195,17.14704734392911
54.25141713904605,6.969658042002609,0.008445380284593641,18.836114464788228,177.8098479831229,145.72839966735495,0.14192598142564708,87.79574167976693,7.005605368434819,0.0067765661297601865,17.140766376644358
54.28476158719543,6.967695003970504,0.008450658892759581,18.831780194720036,177.72824177705945,145.64632100506657,0.14145352520013404,87.84970341405075,7.00304312540283,0.006781514686318653,17.134483117288966
54.31810603534481,6.9657312918225625,0.008455945775631317,18.827444569703307,177.64662894508575,145.56423728962807,0.1409826417302421,87.90366514833457,7.000479948768996,0.006786470467420525,17.12819756335555
54.3514504834942,6.9637669045174295,0.008461240947383706,18.82310758803818,177.56500947276436,145.4821485013568,0.14051332578043765,87.95762688261837,6.9979158375135695,0.006791433488887628,17.121909712332137
54.384794931643576,6.961801841012745,0.008466544422244884,18.818769248022765,177.48338334564414,145.40005462058537,0.14004557213261618,88.01158861690219,6.995350790614927,0.006796403766585104,17.11561956170218
54.41813937979296,6.959836100265105,0.008471856214493291,18.814429547953086,177.4017505492619,145.31795562766013,0.13957937558604352,88.065550351186,6.992784807049589,0.006801381316424048,17.109327108944527
54.45148382794235,6.957869681230095,0.008477176338460547,18.810088486123156,177.32011106917633,145.23585150294295,0.13911473095729826,88.11951208546982,6.990217885792225,0.006806366154368384,17.10303235153345
54.484828276091726,6.955902582862241,0.008482504808529896,18.80574606082487,177.23846489091977,145.1537422268088,0.13865163308021405,88.17347381975364,6.987650025815627,0.006811358296423708,17.09673528693858
54.51817272424111,6.95393480411504,0.008487841639137695,18.801402270348063,177.15681200003195,145.07162777964743,0.13819007680582174,88.22743555403746,6.985081226090707,0.006816357758642744,17.09043591262491
54.5515171723905,6.951966343940941,0.00849318684477297,18.797057112980482,177.07515238205505,144.98950814186273,0.13773005700229324,88.28139728832127,6.982511485586502,0.006821364557126856,17.08413422605282
54.584861620539876,6.949997201291325,0.00849854043997666,18.792710587007775,176.99348602251152,144.90738329387176,0.1372715685548834,88.33535902260508,6.979940803270164,0.006826378708025194,17.077830224678017
54.61820606868926,6.948027375116518,0.008503902439343295,18.788362690713473,176.9118129069313,144.82525321610558,0.13681460636587328,88.38932075688889,6.977369178106953,0.006831400227531748,17.071523905951548
54.65155051683864,6.946056864365781,0.008509272857519857,18.784013422379008,176.83013302084456,144.74311788900894,0.136359165354514,88.44328249117271,6.974796609060228,0.006836429131886373,17.06521526731977
54.684894964988025,6.944085667987291,0.008514651709208008,18.779662780283683,176.74844634977276,144.66097729303948,0.13590524045696992,88.49724422545653,6.97222309509146,0.0068414654373827625,17.058904306224363
54.71823941313741,6.942113784928154,0.008520039009160957,18.775310762704663,176.6667528792335,144.5788314086685,0.13545282662626223,88.55120595974034,6.969648635160215,0.006846509160359517,17.05259102010232
54.75158386128679,6.940141214134374,0.008525434772186626,18.770957367916967,176.5850525947376,144.49668021637962,0.1350019188322131,88.60516769402416,6.967073228224147,0.00685156031720207,17.046275406385895
54.784928309436175,6.938167954550874,0.008530839013145856,18.766602594193476,176.5033454818003,144.41452369667,0.13455251206138955,88.65912942830798,6.964496873238995,0.006856618924345635,17.03995746250263
54.818272757585554,6.936194005121478,0.008536251746954151,18.762246439804905,176.42163152592096,144.33236183004936,0.13410460131704788,88.71309116259178,6.961919569158583,0.006861684998275003,17.033637185875328
54.85161720573494,6.934219364788897,0.00854167298858089,18.7578889030198,176.33991071261178,144.25019459704,0.13365818161907764,88.7670528968756,6.959341314934807,0.006866758555521505,17.02731457392204
54.884961653884325,6.932244032494728,0.008547102753048964,18.753529982104528,176.25818302736144,144.16802197817628,0.13321324800394696,88.82101463115941,6.956762109517628,0.0068718396126627905,17.020989624056043
54.918306102033704,6.930268007179453,0.008552541055436172,18.74916967532327,176.17644845567187,144.0858439540052,0.1327697955246473,88.87497636544323,6.954181951855084,0.006876928186330478,17.01466233368586
54.95165055018309,6.9282912877824305,0.008557987910874273,18.74480798093801,176.09470698302871,144.0036605050858,0.1323278192506375,88.92893809972705,6.951600840893279,0.0068820242932048775,17.00833270021522
54.984994998332475,6.926313873241886,0.008563443334551099,18.740444897208533,176.0129585949133,143.92147161198906,0.13188731426779007,88.98289983401087,6.949018775576359,0.006887127950012915,17.002000721043046
55.01833944648185,6.9243357624949065,0.008568907341707475,18.736080422392405,175.9312032768092,143.83927725529776,0.13144827567833606,89.03686156829468,6.9464357548465285,0.006892239173532401,16.995666393563468
55.05168389463124,6.9223569544774275,0.008574379947640424,18.73171455474496,175.84944101420018,143.757077415606,0.1310106986008106,89.09082330257849,6.94385177764404,0.006897357980592352,16.989329715165763
55.08502834278062,6.920377448124246,0.0085798611677013,18.727347292519326,175.76767179254034,143.67487207351996,0.1305745781699989,89.1447850368623,6.941266842907186,0.0069024843880701485,16.982990683234398
55.11837279093,6.918397242368993,0.008585351017297729,18.722978633966356,175.6858955973121,143.59266120965665,0.13013990953688132,89.19874677114612,6.938680949572283,0.006907618412890398,16.976649295148974
55.15171723907939,6.916416336144143,0.008590849511892467,18.718608577334685,175.60411241396878,143.5104448046447,0.12970668786858097,89.25270850542994,6.936094096573696,0.006912760072031455,16.97030554828423
55.18506168722877,6.914434728380993,0.008596356667003447,18.714237120870667,175.52232222796633,143.4282228391234,0.1292749083483086,89.30667023971375,6.933506282843812,0.0069179093825240436,16.963959440010047
55.21840613537815,6.912452418009671,0.008601872498204911,18.709864262818392,175.44052502476018,143.34599529374324,0.12884456617530932,89.36063197399757,6.930917507313034,0.00692306636144562,16.957610967691405
55.25175058352754,6.9104694039591115,0.00860739702112663,18.705490001419673,175.35872078979506,143.263762149165,0.12841565656480972,89.41459370828139,6.9283277689097815,0.006928231025925668,16.951260128688386
55.28509503167692,6.908485685157077,0.00861293025145589,18.701114334914045,175.27690950850342,143.18152338606075,0.12798817474796464,89.46855544256519,6.925737066560486,0.0069334033931463925,16.944906920356175
55.3184394798263,6.906501260530112,0.008618472204934524,18.696737261538726,175.1950911663334,143.09927898511205,0.1275621159718033,89.52251717684901,6.923145399189588,0.006938583480340196,16.938551340045
55.35178392797568,6.904516129003579,0.008624022897362067,18.69235877952865,175.1132657487038,143.01702892701167,0.12713747549917745,89.57647891113282,6.920552765719513,0.006943771304787792,16.932193385100174
55.38512837612507,6.902530289501619,0.008629582344593897,18.687978887116426,175.03143324104786,142.9347731924619,0.12671424860870814,89.63044064541664,6.917959165070698,0.006948966883823612,16.925833052862043
55.41847282427445,6.900543740947167,0.008635150562543272,18.683597582532343,174.94959362877233,142.85251176217537,0.12629243059473347,89.68440237970046,6.915364596161569,0.006954170234837775,16.919470340666024
55.45181727242383,6.898556482261924,0.008640727567180035,18.67921486400434,174.86774689729998,142.77024461687404,0.12587201676725623,89.73836411398428,6.912769057908527,0.006959381375267558,16.91310524584252
55.48516172057322,6.896568512366377,0.00864631337453083,18.67483072975804,174.78589303202654,142.68797173729016,0.12545300245189125,89.79232584826809,6.910172549225958,0.006964600322603456,16.906737765716954
55.518506168722595,6.894579830179771,0.008651908000680135,18.670445178016692,174.70403201836677,142.60569310416517,0.1250353829898147,89.8462875825519,6.907575069026224,0.006969827094390107,16.900367897609758
55.55185061687198,6.892590434620108,0.008657511461769527,18.6660582070012,174.6221638417027,142.52340869824982,0.12461915373771068,89.90024931683571,6.904976616219649,0.006975061708224185,16.893995638836326
55.58519506502137,6.890600324604144,0.00866312377399972,18.66166981493008,174.5402884874255,142.44111850030419,0.12420431006772081,89.95421105111953,6.9023771897145245,0.006980304181752017,16.88762098670705
55.618539513170745,6.888609499047377,0.008668744953627494,18.65728000001948,174.45840594092127,142.35882249109727,0.12379084736739226,90.00817278540335,6.8997767884170935,0.0069855545326737755,16.881243938527245
55.65188396132013,6.886617956864061,0.008674375016968947,18.65288876048316,174.37651618755993,142.2765206514076,0.12337876103962653,90.06213451968716,6.897175411231566,0.006990812778748136,16.87486449159721
55.68522840946952,6.884625696967159,0.008680013980397642,18.648496094532476,174.2946192127098,142.19421296202165,0.12296804650262841,90.11609625397098,6.894573057060086,0.0069960789377817995,16.86848264321215
55.718572857618895,6.88263271826837,0.008685661860346614,18.644102000376364,174.2127150017351,142.11189940373475,0.12255869918985493,90.17005798825478,6.891969724802745,0.0070013530276359206,16.86209839066219
55.75191730576828,6.88063901967812,0.008691318673307092,18.639706476221367,174.13080353999186,142.02957995735125,0.12215071454996472,90.2240197225386,6.88936541335757,0.007006635066227156,16.855711731232365
55.78526175391766,6.878644600105533,0.008696984435828762,18.635309520271573,174.04888481282643,141.947254603683,0.12174408804676735,90.27798145682242,6.886760121620526,0.007011925071525995,16.849322662202592
55.818606202067045,6.8766494584584485,0.008702659164520734,18.630911130728656,173.96695880558457,141.8649233235506,0.12133881515917264,90.33194319110623,6.884153848485489,0.00701722306155409,16.842931180847685
55.85195065021643,6.874653593643403,0.00870834287605089,18.626511305791826,173.8850255035911,141.78258609778248,0.1209348913811408,90.38590492539005,6.8815465928442565,0.007022529054387376,16.83653728443729
55.88529509836581,6.872657004565628,0.008714035587147874,18.62211004365785,173.80308489218476,141.700242907215,0.12053231222163248,90.43986665967387,6.87893835358656,0.00702784306816251,16.83014097023593
55.918639546515195,6.870659690129037,0.008719737314598075,18.61770734252102,173.72113695667986,141.61789373269212,0.12013107320455788,90.49382839395768,6.876329129600023,0.007033165121065597,16.823742235502962
55.95198399466458,6.868661649236226,0.008725448075248868,18.613303200573156,173.63918168239064,141.53553855506553,0.11973116986872805,90.54779012824149,6.873718919770176,0.00703849523133835,16.817341077492557
55.98532844281396,6.866662880788458,0.008731167886006759,18.608897616003592,173.55721905461633,141.45317735519413,0.11933259776780475,90.6017518625253,6.871107722980451,0.0070438334172793675,16.810937493453704
56.018672890963344,6.864663383685667,0.008736896763839389,18.60449058699916,173.47524905866496,141.3708101139443,0.1189353524702511,90.65571359680912,6.86849553811217,0.007049179697242859,16.804531480630178
56.05201733911272,6.86266315682645,0.00874263472577432,18.60008211174421,173.3932716798226,141.28843681218953,0.11853942955928243,90.70967533109294,6.865882364044542,0.007054534089635754,16.798123036260545
56.08536178726211,6.860662199108041,0.008748381788899251,18.595672188420547,173.3112869033686,141.20605743080992,0.1181448246328167,90.76363706537676,6.86326819965465,0.007059896612920013,16.791712157578125
56.118706235411494,6.858660509426342,0.008754137970363013,18.591260815207473,173.22929471458096,141.12367195069325,0.11775153330342648,90.81759879966057,6.860653043817476,0.007065267285620105,16.785298841811006
56.15205068356087,6.856658086675877,0.008759903287374922,18.586847990281758,173.14729509872126,141.04128035273308,0.11735955119828936,90.87156053394439,6.858036895405845,0.007070646126311865,16.778883086182013
56.18539513171026,6.854654929749808,0.008765677757206818,18.58243371181761,173.065288041061,140.95888261783003,0.11696887395913932,90.92552226822819,6.855419753290464,0.007076033153627719,16.772464887908715
56.218739579859644,6.8526510375399186,0.008771461397189964,18.578017977986697,172.98327352684146,140.87647872689075,0.11657949724221878,90.97948400251201,6.852801616339891,0.007081428386258467,16.766044244203346
56.25208402800902,6.8506464089366155,0.008777254224718393,18.573600786958117,172.90125154130413,140.79406866082843,0.11619141671823038,91.03344573679583,6.850182483420545,0.007086831842952283,16.75962115227289
56.28542847615841,6.848641042828917,0.008783056257246997,18.56918213689841,172.81922206967664,140.71165240056226,0.11580462807228784,91.08740747107964,6.847562353396684,0.007092243542511627,16.753195609318983
56.31877292430779,6.846634938104446,0.008788867512293541,18.564762025971515,172.73718509720854,140.6292299270174,0.11541912700386915,91.14136920536346,6.844941225130403,0.007097663503795022,16.74676761253793
56.35211737245717,6.844628093649421,0.008794688007437606,18.560340452338785,172.65514060908671,140.54680122112472,0.11503490922676815,91.19533093964728,6.842319097481648,0.00710309174572506,16.74033715912072
56.38546182060656,6.842620508348648,0.008800517760320498,18.55591741415897,172.5730885905418,140.46436626382052,0.11465197046904696,91.2492926739311,6.839695969308194,0.007108528287277806,16.733904246252955
56.41880626875594,6.840612181085528,0.008806356788646606,18.551492909588212,172.49102902676546,140.3819250360471,0.11427030647298866,91.3032544082149,6.8370718394656285,0.0071139731474869254,16.72746887111488
56.45215071690532,6.838603110742027,0.00881220511018248,18.54706693678002,172.4089619029475,140.2994775187516,0.11388991299504941,91.35721614249871,6.834446706807364,0.007119426345446022,16.721031030881342
56.4854951650547,6.836593296198699,0.008818062742759047,18.542639493885275,172.32688720426916,140.21702369288698,0.11351078580581234,91.41117787678253,6.831820570184634,0.007124887900307802,16.714590722721802
56.518839613204086,6.834582736334641,0.008823929704268514,18.538210579052233,172.24480491591385,140.13456353941052,0.11313292068993916,91.46513961106635,6.8291934284464615,0.007130357831280878,16.708147943800295
56.55218406135347,6.832571430027517,0.008829806012667616,18.53378019042646,172.1627150230298,140.05209703928483,0.11275631344612438,91.51910134535017,6.826565280439681,0.007135836157631102,16.7017026912754
56.58552850950285,6.830559376153544,0.008835691685975831,18.529348326150895,172.0806175107824,139.96962417347726,0.11238095988704816,91.57306307963398,6.823936125008925,0.007141322898689999,16.6952549623003
56.618872957652236,6.82854657358747,0.008841586742277264,18.524914984365783,171.99851236430933,139.88714492295952,0.11200685583932968,91.6270248139178,6.821305960996614,0.0071468180738445885,16.688804754022694
56.65221740580162,6.826533021202601,0.008847491199719821,18.520480163208692,171.9163995687558,139.80465926870855,0.11163399714348095,91.6809865482016,6.818674787242947,0.007152321702540683,16.6823520635848
56.685561853951,6.82451871787074,0.008853405076514869,18.516043860814495,171.83427910924004,139.72216719170427,0.11126237965386045,91.73494828248542,6.816042602585902,0.007157833804285612,16.675896888123354
56.718906302100386,6.822503662462241,0.008859328390938814,18.51160607531537,171.7521509708857,139.6396686729321,0.110891999238627,91.78891001676924,6.813409405861238,0.007163354398647508,16.669439224769594
56.752250750249765,6.820487853845957,0.008865261161332029,18.50716680484078,171.67001513879353,139.55716369338066,0.11052285177969402,91.84287175105305,6.810775195902466,0.007168883505252115,16.662979070649232
56.78559519839915,6.818471290889246,0.0088712034061012,18.502726047517445,171.58787159806155,139.47465223404257,0.11015493317268328,91.89683348533687,6.808139971540858,0.007174421143783843,16.65651642288243
56.818939646548536,6.816453972457979,0.008877155143716186,18.498283801469377,171.5057203337779,139.3921342759145,0.10978823932687981,91.95079521962069,6.805503731605447,0.0071799673339942235,16.650051278583835
56.852284094697914,6.814435897416516,0.00888311639271326,18.493840064817828,171.4235613310231,139.3096097999965,0.10942276616518641,92.0047569539045,6.802866474923018,0.007185522095692287,16.643583634862512
56.8856285428473,6.812417064627695,0.00888908717169341,18.4893948356813,171.34139457485693,139.22707878729187,0.10905850962407757,92.0587186881883,6.800228200318083,0.007191085448747259,16.637113488821953
56.918972990996686,6.810397472952848,0.008895067499324023,18.484948112175534,171.2592200503468,139.1445412188076,0.10869546565355517,92.11268042247212,6.797588906612894,0.007196657413091487,16.630640837560048
56.952317439146064,6.8083771212517625,0.008901057394338496,18.48049989241349,171.1770377425281,139.0619970755533,0.10833363021710304,92.16664215675594,6.794948592627445,0.007202238008719852,16.624165678169092
56.98566188729545,6.80635600838271,0.00890705687553534,18.476050174505346,171.0948476364402,138.97944633854223,0.10797299929164211,92.22060389103976,6.792307257179437,0.007207827255686509,16.617688007735744
57.01900633544483,6.804334133202404,0.00891306596178026,18.471598956558488,171.0126497171154,138.89688898878993,0.1076135688674858,92.27456562532358,6.78966489908429,0.0072134251741058746,16.61120782334102
57.052350783594214,6.802311494566016,0.00891908467200479,18.46714623667748,170.93044396955705,138.81432500731484,0.10725533494829494,92.32852735960739,6.787021517155138,0.007219031784161095,16.604725122060294
57.0856952317436,6.8002880913271575,0.008925113025208792,18.462692012964084,170.84823037877507,138.73175437513788,0.10689829355103436,92.38248909389121,6.7843771102028265,0.007224647106094616,16.598239900963268
57.11903967989298,6.798263922337883,0.008931151040457294,18.45823628351723,170.76600892976742,138.64917707328254,0.10654244070592765,92.43645082817501,6.781731677035892,0.007230271160210659,16.59175215711396
57.152384128042364,6.796238986448672,0.008937198736883705,18.453779046433016,170.68377960750652,138.5665930827746,0.10618777245641321,92.49041256245883,6.7790852164605635,0.007235903966878306,16.58526188757068
57.18572857619175,6.794213282508421,0.008943256133688206,18.44932029980469,170.60154239697508,138.48400238464154,0.10583428485910056,92.54437429674265,6.776437727280757,0.007241545546530835,16.578769089386025
57.21907302434113,6.792186809364452,0.008949323250139248,18.444860041722624,170.51929728311913,138.40140495991335,0.10548197398372662,92.59833603102646,6.773789208298071,0.007247195919662507,16.572273759606865
57.252417472490514,6.790159565862488,0.008955400105573559,18.44039827027435,170.43704425089976,138.31880078962155,0.1051308359131112,92.65229776531028,6.7711396583117605,0.007252855106829566,16.56577589527431
57.28576192063989,6.788131550846652,0.00896148671939479,18.435934983544495,170.354783285246,138.2361898547993,0.10478086674311435,92.7062594995941,6.768489076118776,0.007258523128658729,16.559275493423726
57.31910636878928,6.78610276315946,0.008967583111075973,18.431470179614813,170.27251437109499,138.15357213648136,0.10443206258259244,92.76022123387791,6.7658374605137075,0.007264200005837644,16.552772551084693
57.35245081693866,6.784073201641813,0.008973689300157931,18.42700385656413,170.19023749334227,138.0709476157038,0.10408441955335507,92.81418296816172,6.763184810288807,0.007269885759117544,16.546267065280986
57.38579526508804,6.782042865132999,0.008979805306251892,18.422536012468413,170.10795263690693,137.98831627350424,0.10373793379012201,92.86814470244553,6.760531124233972,0.007275580409316281,16.53975903303058
57.41913971323743,6.780011752470662,0.008985931149036461,18.418066645400646,170.0256597866735,137.9056780909209,0.10339260144047978,92.92210643672935,6.757876401136748,0.007281283977317612,16.533248451345635
57.452484161386806,6.777979862490824,0.008992066848260519,18.41359575343091,169.94335892751917,137.82303304899338,0.10304841866483974,92.97606817101317,6.755220639782306,0.00728699648406795,16.526735317232443
57.48582860953619,6.775947194027848,0.008998212423742002,18.40912333462635,169.86105004431448,137.7403811287616,0.10270538163639426,93.03002990529698,6.75256383895344,0.007292717950577578,16.520219627691446
57.51917305768558,6.77391374591446,0.009004367895368954,18.404649387051126,169.77873312191525,137.65772231126664,0.10236348654107505,93.0839916395808,6.749905997430589,0.007298448397929173,16.513701379717226
57.552517505834956,6.771879516981725,0.009010533283100147,18.40017390876647,169.69640814516677,137.57505657754993,0.1020227295775104,93.13795337386462,6.74724711399179,0.007304187847267743,16.50718057029847
57.58586195398434,6.769844506059035,0.009016708606963169,18.395696897830604,169.61407509888852,137.4923839086531,0.10168310695698293,93.19191510814842,6.744587187412694,0.007309936319803928,16.50065719641795
57.61920640213373,6.767808711974109,0.009022893887057244,18.39121835229878,169.5317339679066,137.40970428561792,0.10134461490338745,93.24587684243224,6.741926216466553,0.007315693836816826,16.494131255052523
57.652550850283106,6.76577213355299,0.009029089143551475,18.386738270223248,169.44938473702362,137.32701768948655,0.10100724965318908,93.29983857671606,6.739264199924217,0.007321460419653137,16.487602743173102
57.68589529843249,6.763734769620036,0.009035294396687495,18.382256649653254,169.36702739103856,137.244324101301,0.10067100745538131,93.35380031099987,6.7366011365541265,0.007327236089723855,16.48107165774465
57.71923974658187,6.761696618997897,0.009041509666776682,18.377773488635007,169.2846619147226,137.16162350210277,0.1003358845714444,93.40776204528369,6.733937025122293,0.007333020868505927,16.47453799572615
57.752584194731256,6.75965768050753,0.009047734974202628,18.373288785211706,169.2022882928498,137.07891587293335,0.10000187727530352,93.4617237795675,6.7312718643923235,0.007338814777550782,16.46800175407061
57.78592864288064,6.757617952968177,0.00905397033942034,18.368802537423495,169.1199065101702,136.99620119483345,0.09966898185328767,93.51568551385132,6.728605653125379,0.007344617838473377,16.461462929725016
57.81927309103002,6.755577435197358,0.009060215782956998,18.364314743307464,169.0375165514306,136.91347944884313,0.09933719460408852,93.56964724813513,6.725938390080191,0.007350430072956568,16.45492151963036
57.852617539179406,6.753536126010876,0.009066471325412936,18.359825400897645,168.9551184013558,136.83075061600198,0.0990065118387185,93.62360898241894,6.723270074013043,0.007356251502753565,16.448377520721564
57.88596198732879,6.751494024222787,0.009072736987459314,18.355334508224985,168.87271204465836,136.748014677348,0.09867692988047061,93.67757071670276,6.720600703677774,0.007362082149686831,16.44183092992753
57.91930643547817,6.749451128645425,0.009079012789841303,18.350842063317362,168.79029746604942,136.66527161391897,0.09834844506487712,93.73153245098658,6.717930277825761,0.007367922035644886,16.435281744171053
57.952650883627555,6.74740743808935,0.009085298753376164,18.34634806419954,168.7078746502034,136.58252140675046,0.09802105373966893,93.7854941852704,6.715258795205902,0.007373771182584524,16.42872996036886
57.985995331776934,6.745362951363387,0.009091594898955805,18.341852508893172,168.62544358180324,136.49976403687737,0.09769475226473505,93.83945591955421,6.7125862545646555,0.007379629612538903,16.422175575431567
58.01933977992632,6.743317667274585,0.009097901247544515,18.3373553954168,168.5430042455089,136.41699948533267,0.09736953701208163,93.89341765383803,6.709912654645982,0.007385497347606016,16.415618586263687
58.052684228075705,6.741271584628229,0.009104217820180697,18.332856721785834,168.46055662597666,136.33422773314797,0.09704540436579258,93.94737938812183,6.707237994191355,0.007391374409954196,16.409058989763565
58.086028676225084,6.73922470222781,0.009110544637976751,18.328356486012538,168.37810070782197,136.25144876135255,0.09672235072198851,94.00134112240565,6.704562271939766,0.007397260821824035,16.402496782823416
58.11937312437447,6.737177018875048,0.009116881722119255,18.32385468610602,168.29563647567673,136.16866255097423,0.09640037248878683,94.05530285668947,6.701885486627706,0.007403156605527071,16.395931962329264
58.15271757252385,6.73512853336986,0.009123229093870559,18.319351320072226,168.2131639141429,136.08586908303852,0.09607946608626215,94.10926459097328,6.699207636989155,0.0074090617834426595,16.38936452516095
58.18606202067323,6.733079244510357,0.00912958677456602,18.314846385913928,168.13068300781273,136.00306833856848,0.09575962794640619,94.1632263252571,6.696528721755577,0.007414976378021075,16.382794468192102
58.21940646882262,6.731029151092848,0.009135954785617392,18.310339881630693,168.04819374126512,135.9202602985851,0.0954408545130882,94.21718805954092,6.693848739655934,0.007420900411790575,16.376221788290138
58.252750916972,6.728978251911812,0.009142333148510855,18.305831805218908,167.9656960990559,135.83744494410644,0.0951231422420154,94.27114979382473,6.691167689416649,0.007426833907345838,16.369646482316227
58.28609536512138,6.7269265457599134,0.00914872188480949,18.301322154671745,167.88319006574193,135.7546222561482,0.09480648760069356,94.32511152810854,6.688485569761612,0.0074327768873543015,16.36306854712527
58.31943981327077,6.724874031427975,0.009155121016151489,18.29681092797914,167.80067562584884,135.67179221572303,0.09449088706838775,94.37907326239235,6.6858023794121735,0.007438729374557732,16.356487979565895
58.35278426142015,6.722820707704977,0.009161530564251105,18.292298123127807,167.71815276389884,135.58895480384052,0.09417633713608327,94.43303499667617,6.683118117087141,0.007444691391770421,16.349904776480454
58.38612870956953,6.720766573378052,0.009167950550899317,18.28778373810121,167.6356214643908,135.5061100015073,0.09386283430644622,94.48699673095999,6.6804327815027555,0.0074506629618763314,16.34331893470495
58.41947315771891,6.718711627232476,0.009174380997963465,18.283267770879554,167.55308171182455,135.4232577897266,0.09355037509378553,94.5409584652438,6.677746371372708,0.007456644107833363,16.33673045106909
58.4528176058683,6.716655868051658,0.009180821927389277,18.278750219439782,167.47053349066155,135.34039814949833,0.09323895602401303,94.59492019952762,6.675058885408115,0.007462634852678607,16.330139322396228
58.48616205401768,6.714599294617129,0.009187273361197831,18.274231081755545,167.38797678537424,135.25753106181853,0.09292857363460573,94.64888193381142,6.672370322317521,0.007468635219517583,16.323545545503336
58.51950650216706,6.712541905708547,0.009193735321489066,18.26971035579721,167.3054115803963,135.17465650768,0.09261922447456694,94.70284366809524,6.66968068080688,0.007474645231530996,16.316949117201016
58.55285095031645,6.710483700103666,0.009200207830439878,18.265188039531832,167.22283786015944,135.09177446807095,0.092310905104388,94.75680540237906,6.666989959579566,0.0074806649119759285,16.31035003429347
58.58619539846583,6.70842467657836,0.009206690910306268,18.26066413092316,167.14025560906947,135.00888492397644,0.09200361209600992,94.81076713666288,6.664298157336348,0.007486694284183598,16.303748293578487
58.61953984661521,6.7063648339065836,0.009213184583422332,18.256138627931605,167.05766481153483,134.92598785637662,0.09169734203278541,94.86472887094669,6.661605272775385,0.007492733371556869,16.297143891847394
58.6528842947646,6.704304170860381,0.009219688872200236,18.25161152851424,166.97506545193104,134.84308324624772,0.0913920915094408,94.91869060523051,6.658911304592225,0.007498782197575947,16.290536825885084
58.686228742913976,6.702242686209879,0.00922620379913173,18.24708283062479,166.8924575146203,134.76017107456147,0.09108785713203833,94.97265233951433,6.6562162514798136,0.007504840785800831,16.283927092469973
58.71957319106336,6.700180378723266,0.009232729386787193,18.242552532213615,166.80984098395646,134.67725132228475,0.09078463551793797,95.02661407379813,6.653520112128447,0.007510909159862595,16.27731468837399
58.75291763921275,6.6981172471668,0.009239265657818102,18.2380206312277,166.7272158442746,134.59432397038006,0.09048242329576038,95.08057580808195,6.650822885225798,0.007516987343469796,16.270699610362545
58.786262087362125,6.69605329030479,0.009245812634953814,18.233487125610637,166.64458207988827,134.5113889998048,0.09018121710534938,95.13453754236576,6.648124569456897,0.007523075360409527,16.26408185519452
58.81960653551151,6.693988506899586,0.009252370341005064,18.22895201330263,166.56193967510708,134.42844639151127,0.08988101359773387,95.18849927664958,6.6454251635041235,0.007529173234544542,16.257461419622263
58.8529509836609,6.6919228957115795,0.009258938798862209,18.224415292240455,166.47928861420345,134.34549612644656,0.08958180943509148,95.2424610109334,6.642724666047195,0.007535280989811394,16.250838300391536
58.886295431810275,6.6898564554991955,0.00926551803149703,18.219876960357478,166.39662888145315,134.26253818555278,0.08928360129071101,95.29642274521721,6.640023075763166,0.007541398650227719,16.244212494241534
58.91963987995966,6.687789185018867,0.009272108061962516,18.21533701558362,166.31396046110612,134.179572549766,0.08898638584895552,95.35038447950103,6.637320391326427,0.007547526239891154,16.23758399790485
58.95298432810904,6.6857210830250535,0.009278708913391831,18.210795455845368,166.231283337406,134.09659920001707,0.08869015980522549,95.40434621378483,6.63461661140869,0.007553663782973366,16.230952808107446
58.986328776258425,6.68365214827021,0.009285320609000683,18.20625227906573,166.14859749455343,134.01361811723098,0.08839491986592182,95.45830794806865,6.6319117346789636,0.0075598113037259945,16.224318921568653
59.01967322440781,6.6815823795047855,0.009291943172085858,18.201707483164242,166.0659029167722,133.9306292823265,0.08810066274840983,95.51226968235247,6.6292057598035825,0.007565968826481178,16.217682335001133
59.05301767255719,6.67951177547723,0.009298576626027993,18.19716106605698,165.98319958822842,133.8476326762169,0.08780738518098224,95.56623141663628,6.626498685446162,0.007572136375648316,16.21104304511089
59.086362120706575,6.677440334933956,0.009305220994288335,18.1926130256565,165.9004874930966,133.7646282798087,0.08751508390282271,95.6201931509201,6.623790510267614,0.007578313975713159,16.204401048597195
59.11970656885595,6.675368056619359,0.009311876300412043,18.188063359871855,165.81776661552846,133.68161607400236,0.08722375566397003,95.67415488520392,6.621081232926129,0.0075845016512463646,16.197756342152648
59.15305101700534,6.67329493927579,0.009318542568026797,18.183512066608568,165.73503693965836,133.59859603969159,0.0869333972252817,95.72811661948774,6.6183708520771845,0.007590699426898305,16.19110892246308
59.186395465154725,6.671220981643558,0.009325219820844067,18.178959143768644,165.65229844959993,133.5155681577637,0.08664400535839802,95.78207835377154,6.615659366373512,0.007596907327396897,16.184458786207593
59.2197399133041,6.669146182460917,0.00933190808265972,18.174404589250535,165.56955112944493,133.43253240909905,0.08635557684570604,95.83604008805536,6.6129467744651045,0.0076031253775525635,16.177805930058486
59.25308436145349,6.6670705404640564,0.00933860737735218,18.169848400949125,165.48679496328197,133.34948877457106,0.086068108480304,95.89000182233917,6.610233074999214,0.007609353602258073,16.1711503506813
59.286428809602874,6.664994054387093,0.009345317728885368,18.165290576755737,165.4040299351735,133.26643723504588,0.08578159706596551,95.94396355662299,6.607518266620325,0.007615592026485114,16.164492044734743
59.31977325775225,6.662916722962071,0.00935203916130694,18.16073111455811,165.3212560291577,133.18337777138288,0.0854960394171042,95.9979252909068,6.604802347970158,0.007621840675284761,16.157831008870676
59.35311770590164,6.660838544918936,0.009358771698751102,18.156170012240374,165.23847322926864,133.10031036443343,0.0852114323587378,96.05188702519062,6.602085317687671,0.007628099573796582,16.15116723973415
59.38646215405102,6.658759518985545,0.009365515365435822,18.15160726768306,165.15568151950515,133.01723499504183,0.0849277727264538,96.10584875947444,6.599367174409033,0.007634368747239463,16.14450073396332
59.4198066022004,6.656679643887646,0.009372270185665395,18.147042878763077,165.07288088387122,132.93415164404448,0.08464505736637311,96.15981049375824,6.596647916767633,0.007640648220913807,16.137831488189445
59.45315105034979,6.654598918348869,0.009379036183829745,18.14247684335369,164.99007130632728,132.8510602922698,0.08436328313511587,96.21377222804206,6.593927543394051,0.007646938020205035,16.131159499036887
59.48649549849917,6.652517341090732,0.009385813384405113,18.13790915932453,164.90725277082942,132.7679609205387,0.08408244689976616,96.26773396232588,6.591206052916084,0.0076532381705826215,16.124484763123085
59.51983994664855,6.650434910832611,0.009392601811955429,18.13333982454156,164.8244252613175,132.68485350966347,0.08380254553783714,96.3216956966097,6.588483443958689,0.0076595486975967585,16.1178072770585
59.55318439479794,6.6483516262917455,0.00939940149112965,18.12876883686707,164.74158876170472,132.6017380404483,0.0835235759372364,96.37565743089351,6.585759715144017,0.007665869626880682,16.111127037446643
59.58652884294732,6.646267486183229,0.00940621244666533,18.124196194159662,164.6587432558837,132.518614493689,0.0832455349962314,96.42961916517733,6.5830348650913955,0.007672200984158917,16.104444040884037
59.6198732910967,6.644182489219989,0.009413034703386631,18.119621894274236,164.575888727742,132.43548285017258,0.08296841962341486,96.48358089946115,6.580308892417312,0.007678542795235546,16.09775828396019
59.65321773924608,6.642096634112794,0.009419868286206928,18.115045935061996,164.4930251611319,132.35234309067752,0.08269222673767058,96.53754263374495,6.5775817957354015,0.007684895086000202,16.091069763257572
59.68656218739547,6.640009919570242,0.009426713220126845,18.110468314370408,164.41015253989886,132.26919519597365,0.08241695326813883,96.59150436802877,6.5748535736564575,0.007691257882430004,16.084378475351617
59.71990663554485,6.637922344298731,0.009433569530235698,18.10588903004319,164.32727084786004,132.1860391468211,0.0821425961541826,96.64546610231258,6.57212422478841,0.007697631210587763,16.077684416810683
59.75325108369423,6.635833907002486,0.00944043724171177,18.101308079920337,164.24438006881542,132.10287492397165,0.08186915234535358,96.6994278365964,6.569393747736307,0.0077040150966189835,16.07098758419603
59.786595531843616,6.633744606383511,0.009447316379822343,18.09672546183805,164.16148018655707,132.01970250816697,0.0815966188013577,96.75338957088022,6.566662141102326,0.007710409566756844,16.06428797406179
59.819939979992995,6.6316544411416105,0.009454206969925603,18.092141173628782,164.07857118484029,131.93652188013974,0.08132499249202194,96.80735130516403,6.563929403485769,0.0077168146473266365,16.057585582955017
59.85328442814238,6.629563409974368,0.009461109037467729,18.08755521312117,163.99565304740528,131.85333302061292,0.08105427039726035,96.86131303944785,6.561195533483035,0.007723230364735554,16.050880407415562
59.886628876291766,6.627471511577141,0.009468022607986456,18.08296757814006,163.91272575798612,131.7701359102998,0.08078444950704053,96.91527477373165,6.558460529687621,0.007729656745479648,16.044172443976116
59.919973324441145,6.625378744643043,0.009474947707109226,18.078378266506473,163.82978930027653,131.68693052990346,0.08051552682135017,96.96923650801547,6.5557243906901075,0.007736093816144981,16.03746168916218
59.95331777259053,6.6232851078629436,0.00948188436055553,18.073787276037613,163.74684365795667,131.60371686011715,0.08024749935016345,97.02319824229929,6.55298711507817,0.0077425416034047735,16.030748139492033
59.986662220739916,6.621190599925462,0.009488832594135677,18.069194604546826,163.6638888147045,131.52049488162388,0.07998036411340846,97.0771599765831,6.550248701436534,0.007749000134017481,16.02403179147672
60.020006668889295,6.619095219516944,0.009495792433751147,18.06460024984362,163.58092475414588,131.43726457509618,0.07971411814093333,97.13112171086692,6.547509148347006,0.007755469434834468,16.01731264162002
60.05335111703868,6.616998965321467,0.009502763905395955,18.0600042097336,163.497951459914,131.3540259211961,0.07944875847247346,97.18508344515074,6.544768454388446,0.007761949532798398,16.010590686418457
60.08669556518806,6.614901836020826,0.00950974703515587,18.05540648201852,163.41496891560908,131.27077890057507,0.07918428215761876,97.23904517943456,6.542026618136753,0.00776844045493784,16.00386592236123
60.120040013337444,6.612803830294529,0.009516741849210983,18.05080706449623,163.33197710481033,131.18752349387398,0.07892068625578075,97.29300691371836,6.539283638164871,0.007774942228373223,15.997138345930226
60.15338446148683,6.610704946819764,0.00952374837383238,18.04620595496064,163.2489760110762,131.10425968172189,0.07865796783615984,97.34696864800217,6.536539513042769,0.0077814548803172455,15.990407953599991
60.18672890963621,6.6086051842714335,0.009530766635385908,18.041603151201787,163.16596561795157,131.0209874447378,0.07839612397771271,97.40093038228599,6.533794241337438,0.0077879784380712825,15.98367474183771
60.220073357785594,6.606504541322103,0.009537796660330356,18.03699865100571,163.08294590894883,130.93770676352872,0.07813515176911992,97.45489211656981,6.531047821612871,0.007794512929025244,15.976938707103162
60.25341780593498,6.604403016642017,0.009544838475219428,18.03239245215455,162.99991686757068,130.85441761869052,0.07787504830875347,97.50885385085363,6.528300252430083,0.007801058380667076,15.970199845848747
60.28676225408436,6.602300608899081,0.009551892106701482,18.027784552426446,162.9168784772938,130.7711199908075,0.07761581070464464,97.56281558513744,6.525551532347071,0.007807614820574578,15.96345815451941
60.320106702233744,6.600197316758853,0.00955895758151867,18.02317494959558,162.83383072156934,130.68781386045228,0.0773574360744515,97.61677731942126,6.52280165991882,0.007814182276416273,15.956713629552668
60.35345115038312,6.598093138884527,0.009566034926509301,18.018563641432124,162.75077358383118,130.60449920818525,0.07709992154542761,97.67073905370506,6.5200506336972905,0.007820760775955594,15.949966267378555
60.38679559853251,6.5959880739369465,0.009573124168606494,18.013950625702243,162.66770704749348,130.5211760145553,0.07684326425438906,97.72470078798888,6.517298452231417,0.007827350347050104,15.943216064419605
60.420140046681894,6.593882120574569,0.009580225334841024,18.009335900168104,162.58463109594456,130.4378442600989,0.07658746134768352,97.7786625222727,6.514545114067085,0.007833951017647786,15.93646301709084
60.45348449483127,6.591775277453465,0.009587338452338095,18.00471946258781,162.50154571255368,130.3545039253401,0.07633250998115801,97.83262425655651,6.511790617747127,0.007840562815789686,15.929707121799739
60.48682894298066,6.589667543227317,0.00959446354832077,18.000101310715436,162.41845088066043,130.27115499079062,0.0760784073201275,97.88658599084033,6.509034961811327,0.00784718576961837,15.922948374946229
60.520173391130044,6.5875589165473984,0.009601600650108622,17.995481442300974,162.33534658360412,130.1877974369494,0.07582515053934329,97.94054772512415,6.5062781447964,0.007853819907365795,15.91618677292265
60.55351783927942,6.585449396062578,0.009608749785119094,17.99085985509036,162.25223280467404,130.1044312443029,0.0755727368229616,97.99450945940796,6.503520165235978,0.007860465257359738,15.909422312113733
60.58686228742881,6.583338980419293,0.009615910980868196,17.98623654682542,162.16910952715054,130.0210563933244,0.07532116336451233,98.04847119369177,6.500761021660613,0.007867121848025708,15.902654988896586
60.620206735578186,6.581227668261551,0.009623084264968655,17.981611515243895,162.08597673429978,129.9376728644741,0.07507042736686788,98.10243292797558,6.49800071259776,0.007873789707884875,15.895884799640664
60.65355118372757,6.579115458230922,0.009630269665133025,17.976984758079386,162.00283440934774,129.85428063819924,0.07482052604221176,98.1563946622594,6.495239236571762,0.00788046886555131,15.889111740707738
60.68689563187696,6.577002348966512,0.009637467209171956,17.972356273061372,161.91968253551494,129.77087969493306,0.07457145661200795,98.21035639654322,6.492476592103852,0.00788715934973801,15.882335808451897
60.720240080026336,6.574888339104984,0.009644676924997087,17.967726057915172,161.83652109598123,129.68747001509607,0.0743232163069701,98.26431813082704,6.489712777712158,0.007893861189259284,15.87555699921951
60.75358452817572,6.572773427280513,0.009651898840618334,17.96309411036197,161.75335007391726,129.60405157909446,0.07407580236703011,98.31827986511085,6.486947791911647,0.00790057441302232,15.868775309349202
60.7869289763251,6.5706576121248,0.009659132984146517,17.958460428118723,161.6701694524705,129.52062436732075,0.0738292120413081,98.37224159939467,6.484181633214168,0.007907299050033826,15.861990735171826
60.820273424474486,6.568540892267061,0.00966637938379275,17.953825008898253,161.58697921475704,129.43718836015367,0.07358344258808151,98.42620333367847,6.481414300128416,0.00791403512940097,15.855203273010465
60.85361787262387,6.566423266334002,0.009673638067869212,17.94918785040914,161.50377934387393,129.3537435379575,0.0733384912747547,98.48016506796229,6.478645791159916,0.007920782680328085,15.848412919180374
60.88696232077325,6.564304732949825,0.009680909064790591,17.94454895035575,161.42056982289515,129.27028988108242,0.07309435537782857,98.5341268022461,6.475876104811021,0.007927541732115607,15.841619669988972
60.920306768922636,6.56218529073621,0.0096881924030715,17.93990830643822,161.33735063487438,129.18682736986403,0.07285103218287002,98.58808853652992,6.473105239580927,0.007934312314169271,15.834823521735837
60.95365121707202,6.560064938312309,0.0096954881113301,17.935265916352435,161.25412176283268,129.10335598462345,0.07260851898448238,98.64205027081374,6.470333193965624,0.007941094455994276,15.828024470712656
60.9869956652214,6.557943674294733,0.009702796218286203,17.93062177779,161.17088318977463,129.0198757056669,0.0723668130862748,98.69601200509756,6.467559966457911,0.007947888187193847,15.821222513203212
61.020340113370786,6.55582149729754,0.00971011675276401,17.925975888438277,161.0876348986786,128.9363865132857,0.0721259118008322,98.74997373938137,6.464785555547377,0.007954693537474288,15.814417645483365
61.053684561520164,6.553698405932236,0.009717449743690152,17.9213282459803,161.00437687250073,128.8528883877562,0.07188581244968592,98.80393547366518,6.462009959720401,0.007961510536644493,15.807609863821018
61.08702900966955,6.551574398807752,0.009724795220095181,17.9166788480948,160.92110909416738,128.76938130933945,0.0716465123632835,98.857897207949,6.459233177460129,0.007968339214612232,15.8007991644761
61.120373457818935,6.5494494745304355,0.009732153211114073,17.912027692456196,160.83783154659065,128.68586525828098,0.07140800888095913,98.91185894223281,6.456455207246465,0.00797517960138622,15.793985543700533
61.153717905968314,6.547323631704054,0.009739523745986155,17.907374776734557,160.75454421265314,128.60234021481108,0.0711702993509041,98.96582067651663,6.453676047556088,0.007982031727085143,15.787168997738233
61.1870623541177,6.545196868929769,0.009746906854057286,17.902720098595612,160.6712470752037,128.51880615914413,0.07093338113013727,99.01978241080045,6.450895696862404,0.007988895621925722,15.780349522825057
61.220406802267085,6.543069184806132,0.009754302564776822,17.898063655700696,160.5879401170854,128.43526307147874,0.07069725158447569,99.07374414508426,6.448114153635562,0.007995771316228754,15.773527115188791
61.253751250416464,6.5409405779290735,0.009761710907701428,17.893405445706794,160.50462332110337,128.3517109319974,0.07046190808850539,99.12770587936807,6.445331416342442,0.008002658840421306,15.766701771049135
61.28709569856585,6.5388110468918965,0.009769131912493206,17.888745466266453,160.4212966700296,128.2681497208665,0.07022734802555186,99.18166761365188,6.442547483446623,0.008009558225034666,15.75987348661766
61.32044014671523,6.536680590285264,0.009776565608922167,17.884083715027842,160.33796014663994,128.18457941823632,0.06999356878765167,99.2356293479357,6.4397623534083985,0.008016469500701446,15.753042258097784
61.353784594864614,6.534549206697184,0.009784012026865097,17.879420189634676,160.2546137336581,128.10100000424038,0.06976056777552257,99.28959108221952,6.436976024684757,0.00802339269816207,15.74620808168477
61.387129043014,6.532416894713005,0.009791471196305945,17.87475488772624,160.1712574137898,128.0174114589957,0.0695283423985353,99.34355281650333,6.434188495729384,0.008030327848266705,15.739370953565691
61.42047349116338,6.530283652915405,0.009798943147337291,17.87008780693735,160.08789116971815,127.93381376260251,0.06929689007468444,99.39751455078715,6.431399764992621,0.008037274981967163,15.732530869919385
61.45381793931276,6.528149479884377,0.00980642791015967,17.865418944898337,160.00451498410547,127.85020689514397,0.0690662082305598,99.45147628507097,6.428609830921494,0.008044234130323645,15.725687826916463
61.48716238746214,6.526014374197224,0.009813925515084235,17.860748299235066,159.92112883957603,127.76659083668638,0.06883629430131787,99.50543801935477,6.425818691959675,0.008051205324505574,15.718841820719266
61.52050683561153,6.5238783344285505,0.009821435992529423,17.856075867568876,159.837732718736,127.6829655672787,0.06860714573065294,99.55939975363859,6.423026346547485,0.008058188595788064,15.711992847481833
61.55385128376091,6.521741359150235,0.009828959373024904,17.85140164751659,159.7543266041711,127.59933106695226,0.06837875997076936,99.6133614879224,6.420232793121869,0.00806518397555138,15.705140903349882
61.58719573191029,6.519603446931443,0.009836495687209814,17.846725636690486,159.67091047842962,127.51568731572107,0.06815113448235267,99.66732322220622,6.417438030116415,0.0080721914952908,15.6982859844608
61.62054018005968,6.5174645963386055,0.00984404496583485,17.842047832698306,159.58748432403814,127.43203429358141,0.0679242667345413,99.72128495649004,6.41464205596132,0.008079211186608743,15.691428086943608
61.65388462820906,6.5153248059354,0.009851607239762004,17.837368233143202,159.50404812349987,127.34837198051147,0.06769815420489884,99.77524669077386,6.411844869083385,0.008086243081215415,15.684567206918919
61.68722907635844,6.513184074282761,0.009859182539963887,17.83268683562376,159.42060185928517,127.26470035647176,0.06747279437938596,99.82920842505767,6.409046467906005,0.008093287210933331,15.677703340498939
61.72057352450783,6.511042399938839,0.009866770897526142,17.828003637733943,159.3371455138445,127.18101940140397,0.06724818475233194,99.88317015934147,6.406246850849163,0.008100343607696297,15.670836483787426
61.753917972657206,6.508899781459026,0.00987437234364615,17.82331863706312,159.25367906959704,127.09732909523208,0.06702432282640736,99.93713189362529,6.40344601632941,0.008107412303545773,15.663966632879657
61.78726242080659,6.506756217395912,0.009881986909636088,17.818631831196004,159.17020250893796,127.01362941786107,0.06680120611259614,99.99109362790911,6.400643962759863,0.008114493330634572,15.657093783862418
61.82060686895598,6.504611706299298,0.009889614626919589,17.81394321771269,159.0867158142404,126.92992034917759,0.06657883213016784,100.04505536219293,6.397840688550196,0.008121586721234142,15.650217932813987
61.853951317105356,6.502466246716169,0.009897255527035478,17.809252794188577,159.00321896783532,126.84620186904921,0.06635719840665016,100.09901709647674,6.395036192106628,0.008128692507722735,15.643339075804077
61.88729576525474,6.500319837190696,0.009904909641636327,17.8045605581944,158.91971195204033,126.76247395732463,0.06613630247780115,100.15297883076056,6.3922304718318985,0.0081358107225928,15.636457208893832
61.92064021340413,6.498172476264212,0.009912577002490108,17.799866507296194,158.83619474913783,126.6787365938333,0.06591614188758244,100.20694056504438,6.389423526125283,0.008142941398452478,15.629572328135799
61.953984661553505,6.496024162475215,0.00992025764148076,17.79517063905528,158.75266734138836,126.59498975838545,0.06569671418813133,100.26090229932818,6.38661535338256,0.008150084568022731,15.622684429573896
61.98732910970289,6.493874894359343,0.009927951590606597,17.790472951028253,158.66912971102096,126.51123343077171,0.0654780169397337,100.314864033612,6.383805951996003,0.00815724026413535,15.615793509243378
62.02067355785227,6.491724670449374,0.009935658881983427,17.785773440766953,158.5855818402452,126.4274675907631,0.0652600477107971,100.36882576789581,6.380995320354385,0.008164408519741767,15.608899563170834
62.054018006001655,6.489573489275208,0.009943379547842926,17.78107210581846,158.50202371122455,126.34369221811079,0.06504280407782362,100.42278750217963,6.378183456842961,0.008171589367909834,15.60200258737414
62.08736245415104,6.487421349363867,0.009951113620535749,17.77636894372509,158.41845530611383,126.2599072925463,0.06482628362538283,100.47674923646345,6.37537035984344,0.008178782841819969,15.595102577862438
62.12070690230042,6.4852682492394615,0.009958861132528625,17.771663952024344,158.33487660702463,126.17611279378042,0.06461048394608507,100.53071097074726,6.372556027734003,0.008185988974771146,15.588199530636116
62.154051350449805,6.483114187423211,0.009966622116407396,17.76695712824892,158.25128759605485,126.09230870150436,0.06439540264055454,100.58467270503108,6.369740458889273,0.008193207800180766,15.581293441686778
62.18739579859919,6.480959162433397,0.009974396604876297,17.76224846992669,158.1676882552579,126.00849499538819,0.06418103731740278,100.63863443931488,6.366923651680304,0.008200439351580725,15.574384306997203
62.22074024674857,6.478803172785385,0.009982184630758945,17.75753797458067,158.0840785666768,125.92467165508192,0.06396738559320202,100.6925961735987,6.364105604474569,0.00820768366261938,15.567472122541318
62.254084694897955,6.476646216991591,0.00998998622699979,17.752825639729036,158.0004585123145,125.84083866021444,0.06375444509245845,100.74655790788252,6.3612863156359785,0.0082149407670711,15.56055688428422
62.28742914304733,6.474488293561478,0.009997801426661642,17.748111462885063,157.9168280741376,125.75699599039386,0.0635422134475864,100.80051964216634,6.3584657835248235,0.008222210698824083,15.553638588182077
62.32077359119672,6.472329401001548,0.010005630262929457,17.743395441557126,157.83318723410008,125.67314362520716,0.06333068829888128,100.85448137645015,6.355644006497793,0.00822949349188665,15.546717230182146
62.354118039346105,6.470169537815319,0.01001347276910845,17.738677573248726,157.7495359741182,125.58928154421989,0.06311986729449387,100.90844311073397,6.3528209829079625,0.008236789180389538,15.539792806222737
62.38746248749548,6.46800870250333,0.0100213289786271,17.73395785545839,157.6658742760766,125.50540972697644,0.06290974809040399,100.96240484501779,6.349996711104774,0.0082440977985836,15.532865312233177
62.42080693564487,6.4658468935631195,0.010029198925034928,17.72923628567972,157.582202121844,125.42152815299953,0.06270032835039445,101.01636657930159,6.34717118943402,0.008251419380837139,15.525934744133783
62.45415138379425,6.463684109489208,0.010037082642004596,17.724512861401355,157.49851949323394,125.33763680178987,0.06249160574602509,101.0703283135854,6.34434441623784,0.008258753961643626,15.519001097835838
62.48749583194363,6.461520348773102,0.010044980163332018,17.71978758010695,157.41482637205766,125.2537356528266,0.06228357795660668,101.12429004786922,6.3415163898547275,0.00826610157562136,15.512064369241578
62.52084028009302,6.4593556099032705,0.010052891522936818,17.715060439275156,157.33112274008786,125.16982468556655,0.06207624266917566,101.17825178215304,6.338687108619483,0.00827346225750734,15.50512455424413
62.5541847282424,6.457189891365139,0.01006081675486427,17.710331436379626,157.24740857905937,125.0859038794444,0.061869597578467876,101.23221351643686,6.335856570863222,0.008280836042163852,15.498181648727513
62.58752917639178,6.4550231916410725,0.010068755893282535,17.70560056888896,157.1636838706741,125.00197321387229,0.06166364038689307,101.28617525072067,6.333024774913368,0.008288222964578786,15.491235648566603
62.62087362454117,6.452855509210369,0.01007670897248656,17.700867834266717,157.0799485966312,124.91803266823985,0.0614583688045095,101.34013698500449,6.330191719093631,0.008295623059861746,15.48428654962709
62.65421807269055,6.450686842549247,0.010084676026896241,17.696133229971398,156.99620273855766,124.83408222191393,0.06125378054899856,101.3940987192883,6.327357401723993,0.008303036363245187,15.477334347765458
62.68756252083993,6.448517190130834,0.010092657091059299,17.691396753456385,156.91244627808723,124.75012185423859,0.06104987334563893,101.44806045357211,6.324521821120715,0.008310462910094633,15.470379038828982
62.72090696898931,6.446346550425147,0.010100652199649575,17.686658402170004,156.82867919679651,124.66615154453459,0.060846644927281784,101.50202218785593,6.321684975596305,0.00831790273589711,15.463420618655647
62.7542514171387,6.444174921899092,0.010108661387468349,17.681918173555434,156.7449014762536,124.58217127209949,0.06064409303432533,101.55598392213975,6.318846863459518,0.008325355876266337,15.456459083074163
62.78759586528808,6.4420023030164435,0.01011668468944528,17.67717606505071,156.6611130979859,124.49818101620748,0.060442215414689776,101.60994565642356,6.31600748301534,0.008332822366945696,15.449494427903927
62.82094031343746,6.439828692237841,0.010124722140638249,17.672432074088732,156.57731404348033,124.41418075610922,0.060241009823792276,101.66390739070738,6.31316683256498,0.008340302243806042,15.442526648954978
62.85428476158685,6.437654088020771,0.010132773776235863,17.66768619809721,156.49350429419857,124.33017047103164,0.060040474024521784,101.7178691249912,6.310324910405846,0.008347795542842769,15.435555742027965
62.88762920973623,6.435478488819548,0.010140839631554316,17.66293843449867,156.40968383158182,124.2461501401774,0.05984060578721463,101.771830859275,6.30748171483155,0.008355302300183389,15.428581702914153
62.92097365788561,6.4333018930853205,0.010148919742041511,17.65818878071043,156.32585263702657,124.16211974272551,0.05964140288962935,101.82579259355882,6.304637244131891,0.008362822552088079,15.421604527395363
62.954318106035,6.431124299266038,0.010157014143275264,17.653437234144565,156.24201069190357,124.07807925783027,0.05944286311692191,101.87975432784263,6.301791496592837,0.008370356334942734,15.414624211243945
62.987662554184375,6.428945705806463,0.01016512287096582,17.648683792207922,156.15815797755045,123.99402866462208,0.059244984261621454,101.93371606212645,6.298944470496516,0.008377903685265928,15.407640750222756
63.02100700233376,6.426766111148131,0.010173245960955079,17.643928452302077,156.07429447527463,123.90996794220624,0.059047764123605496,101.98767779641027,6.296096164121209,0.008385464639709293,15.400654140085134
63.054351450483146,6.424585513729361,0.010181383449216841,17.639171211823328,155.9904201663401,123.82589706966345,0.05885120051007551,102.04163953069408,6.293246575741329,0.008393039235053587,15.393664376574852
63.087695898632525,6.422403911985232,0.010189535371858604,17.634412068162664,155.90653503200537,123.74181602604966,0.05865529123553258,102.0956012649779,6.290395703627406,0.008400627508209963,15.386671455426095
63.12104034678191,6.420221304347573,0.010197701765120911,17.629651018705758,155.82263905346719,123.65772479039535,0.058460034121753046,102.1495629992617,6.287543546046105,0.008408229496230171,15.37967537236344
63.154384794931296,6.41803768924495,0.010205882665380226,17.62488806083295,155.73873221190132,123.57362334170598,0.058265426997764345,102.20352473354552,6.284690101260167,0.00841584523629491,15.372676123101817
63.187729243080675,6.415853065102656,0.01021407810914569,17.620123191919223,155.65481448845307,123.48951165896145,0.0580714676998209,102.25748646782934,6.281835367528433,0.008423474765719313,15.365673703346475
63.22107369123006,6.413667430342694,0.01022228813306325,17.61535640933418,155.570885864232,123.40538972111598,0.05787815407137978,102.31144820211316,6.27897934310582,0.008431118121955844,15.35866810879296
63.25441813937944,6.411480783383769,0.010230512773913927,17.610587710442033,155.4869463203258,123.32125750709804,0.05768548396307733,102.36540993639697,6.276122026243306,0.008438775342591968,15.351659335127083
63.287762587528825,6.40929312264127,0.010238752068616233,17.605817092601583,155.40299583776985,123.23711499581006,0.057493455232704535,102.41937167068079,6.273263415187913,0.008446446465347385,15.344647378024868
63.32110703567821,6.4071044465272715,0.010247006054225833,17.601044553166204,155.31903439757912,123.15296216612862,0.057302065745183754,102.4733334049646,6.270403508182707,0.00845413152808228,15.337632233152558
63.35445148382759,6.4049147534504955,0.010255274767935158,17.59627008948382,155.23506198072397,123.06879899690347,0.057111313372544756,102.52729513924841,6.267542303466785,0.008461830568796532,15.33061389616656
63.387795931976974,6.402724041816324,0.01026355824707588,17.591493698896873,155.15107856815754,122.98462546695829,0.056921195993901066,102.58125687353223,6.264679799275247,0.008469543625623953,15.323592362713413
63.42114038012635,6.400532310026765,0.010271856529117825,17.586715378742337,155.06708414078625,122.90044155508967,0.05673171149542649,102.63521860781604,6.2618159938392,0.008477270736839097,15.316567628429764
63.45448482827574,6.398339556480466,0.010280169651672168,17.581935126351663,154.9830786794862,122.81624724006794,0.05654285777033131,102.68918034209986,6.258950885385736,0.008485011940857327,15.309539688942353
63.487829276425124,6.396145779572667,0.010288497652488113,17.577152939050784,154.89906216511005,122.73204250063571,0.05635463271883939,102.74314207638368,6.256084472137923,0.008492767276230771,15.302508539867933
63.5211737245745,6.393950977695222,0.010296840569456955,17.57236881416009,154.81503457845065,122.64782731550906,0.05616703424816438,102.7971038106675,6.253216752314779,0.008500536781650615,15.295474176813283
63.55451817272389,6.391755149236558,0.010305198440610617,17.5675827489944,154.73099590029213,122.56360166337615,0.05598006027248648,102.85106554495131,6.250347724131296,0.008508320495956768,15.288436595375169
63.587862620873274,6.389558292581678,0.01031357130412369,17.562794740862955,154.6469461113782,122.47936552289787,0.05579370871292946,102.90502727923511,6.247477385798385,0.008516118458125414,15.281395791140294
63.62120706902265,6.3873604061121485,0.010321959198313762,17.558004787069393,154.5628851924019,122.39511887270746,0.05560797749753758,102.95898901351893,6.244605735522878,0.008523930707276054,15.27435175968528
63.65455151717204,6.385161488206073,0.010330362161640363,17.55321288491172,154.47881312403888,122.31086169140997,0.05542286456125216,103.01295074780275,6.241732771507535,0.00853175728267367,15.267304496576635
63.68789596532142,6.382961537238092,0.010338780232707977,17.548419031682307,154.39472988692913,122.22659395758261,0.05523836784588902,103.06691248208656,6.238858491950993,0.008539598223725926,15.260253997370715
63.7212404134708,6.380760551579361,0.010347213450264698,17.54362322466787,154.31063546166632,122.14231564977408,0.05505448530011544,103.12087421637038,6.235982895047783,0.008547453569981139,15.253200257613688
63.75458486162019,6.37855852959755,0.010355661853205557,17.538825461149415,154.22652982881374,122.05802674650498,0.05487121487942736,103.1748359506542,6.233105978988303,0.00855532336113788,15.246143272841515
63.78792930976957,6.37635546965681,0.010364125480569357,17.534025738402296,154.14241296891146,121.97372722626693,0.05468855454612668,103.22879768493802,6.230227741958819,0.008563207637040743,15.239083038579919
63.82127375791895,6.374151370117779,0.010372604371542525,17.529224053696094,154.05828486244533,121.88941706752308,0.054506502269298415,103.28275941922182,6.227348182141429,0.008571106437677719,15.23201955034432
63.85461820606834,6.371946229337558,0.010381098565457878,17.524420404294677,153.97414548987285,121.80509624870737,0.05432505602478853,103.33672115350564,6.224467297714069,0.008579019803186287,15.224952803639848
63.887962654217716,6.369740045669699,0.010389608101796455,17.51961478745615,153.88999483161828,121.72076474822467,0.05414421379518106,103.39068288778945,6.221585086850498,0.008586947773852688,15.217882793961275
63.9213071023671,6.367532817464197,0.010398133020188311,17.514807200432823,153.80583286807078,121.63642254445062,0.05396397356977572,103.44464462207327,6.218701547720261,0.008594890390108018,15.210809516792988
63.95465155051648,6.365324543067467,0.010406673360410967,17.509997640471216,153.72165957957657,121.55206961573117,0.05378433334456571,103.49860635635709,6.215816678488706,0.008602847692532773,15.203732967608968
63.987995998665866,6.36311522082233,0.010415229162392856,17.505186104812026,153.63747494645048,121.46770594038243,0.05360529112221537,103.5525680906409,6.212930477316967,0.008610819721863476,15.196653141872755
64.02134044681524,6.360904849068019,0.010423800466211795,17.500372590690105,153.5532789489678,121.38333149669113,0.05342684491203797,103.6065298249247,6.210042942361926,0.008618806518981689,15.1895700350374
64.05468489496464,6.358693426140137,0.0104323873120984,17.495557095334437,153.4690715673726,121.29894626291339,0.05324899272997337,103.66049155920852,6.207154071776225,0.008626808124921694,15.182483642545437
64.08802934311402,6.356480950370664,0.010440989740433108,17.490739615968128,153.3848527818679,121.21455021727542,0.05307173259856645,103.71445329349234,6.2042638637082375,0.008634824580871938,15.175393959828863
64.1213737912634,6.354267420087935,0.010449607791749716,17.485920149808386,153.3006225726211,121.13014333797295,0.05289506254694466,103.76841502777616,6.201372316302064,0.008642855928171395,15.168300982309082
64.15471823941279,6.352052833616627,0.010458241506734557,17.481098694066482,153.21638091974913,121.04572560317105,0.052718980610796155,103.82237676205997,6.1984794276974995,0.008650902208309193,15.16120470539688
64.18806268756217,6.3498371892777365,0.010466890926228026,17.47627524594775,153.132127803364,120.96129699100375,0.05254348483234834,103.87633849634379,6.195585196030055,0.008658963462935685,15.1541051244924
64.22140713571154,6.347620485388594,0.01047555609122577,17.471449802651556,153.04786320350996,120.8768574795748,0.0523685732603457,103.93030023062761,6.192689619430913,0.008667039733852834,15.147002234985093
64.25475158386092,6.34540272026281,0.010484237042876817,17.46662236137127,152.96358710019956,120.79240704695601,0.05219424395002816,103.98426196491141,6.1897926960269185,0.008675131063017068,15.139896032253695
64.28809603201032,6.34318389221029,0.010492933822487309,17.461792919294275,152.87929947341607,120.70794567118827,0.05202049496310955,104.03822369919523,6.186894423940576,0.00868323749254361,15.132786511666179
64.3214404801597,6.340963999537202,0.010501646471518885,17.456961473601897,152.7950003031023,120.62347333028049,0.05184732436775623,104.09218543347905,6.183994801290025,0.008691359064704496,15.125673668579733
64.35478492830907,6.33874304054599,0.010510375031592072,17.45212802146944,152.7106895691659,120.53899000221065,0.05167473023856531,104.14614716776286,6.181093826189029,0.008699495821925394,15.11855749834071
64.38812937645847,6.336521013535323,0.010519119544483636,17.44729256006611,152.6263672514571,120.45449566492417,0.05150271065654321,104.20010890204668,6.1781914967469564,0.00870764780679366,15.111437996284609
64.42147382460784,6.334297916800103,0.010527880052129762,17.442455086555032,152.54203332981638,120.36999029633435,0.05133126370908475,104.2540706363305,6.175287811068791,0.008715815062058728,15.104315157736034
64.45481827275722,6.332073748631448,0.010536656596625567,17.437615598093227,152.45768778402382,120.28547387432255,0.05116038748995147,104.30803237061431,6.172382767255075,0.008723997630625603,15.097188978008647
64.48816272090662,6.329848507316678,0.010545449220226417,17.432774091831554,152.37333059383323,120.20094637673752,0.05099008009925043,104.36199410489812,6.169476363401935,0.008732195555562115,15.090059452405159
64.521507169056,6.327622191139295,0.01055425796534946,17.427930564914746,152.28896173894339,120.11640778139537,0.05082033964341355,104.41595583918193,6.166568597601042,0.008740408880099056,15.08292657621726
64.55485161720537,6.325394798378972,0.01056308287457147,17.423085014481334,152.20458119903364,120.03185806607928,0.05065116423517592,104.46991757346575,6.1636594679396035,0.008748637647626038,15.075790344725606
64.58819606535477,6.323166327311535,0.01057192399063284,17.41823743766365,152.12018895374027,119.94729720853933,0.05048255199355526,104.52387930774957,6.1607489725003495,0.00875688190169455,15.068650753199766
64.62154051350414,6.3209367762089546,0.010580781356435857,17.413387831587816,152.03578498263948,119.86272518649255,0.050314501043831,104.57784104203338,6.157837109361531,0.008765141686027149,15.061507796898217
64.65488496165352,6.318706143339325,0.01058965501504824,17.408536193373692,151.95136926529864,119.7781419776224,0.050147009517523065,104.6318027763172,6.154923876596881,0.008773417044505015,15.054361471068272
64.68822940980291,6.316474426966857,0.010598545009700516,17.40368252013489,151.86694178121598,119.69354755957886,0.049980075552371474,104.68576451060102,6.1520092722756115,0.008781708021175855,15.047211770946063
64.7215738579523,6.314241625351849,0.010607451383789096,17.39882680897872,151.78250250987756,119.60894190997789,0.04981369729231564,104.73972624488482,6.149093294462415,0.008790014660255738,15.040058691756498
64.75491830610167,6.312007736750692,0.010616374180876036,17.39396905700618,151.69805143070752,119.52432500640177,0.04964787288747336,104.79368797916864,6.146175941217415,0.008798337006125763,15.032902228713223
64.78826275425105,6.30977275941583,0.0106253134446902,17.38910926131195,151.61358852309655,119.43969682639819,0.04948260049412058,104.84764971345245,6.143257210596168,0.008806675103331128,15.025742377018572
64.82160720240044,6.30753669159577,0.010634269219128996,17.384247418984334,151.52911376639412,119.35505734748074,0.049317878274670796,104.90161144773627,6.140337100649667,0.008815028996592155,15.018579131863579
64.85495165054982,6.305299531535053,0.010643241548256138,17.379383527105272,151.44462713992252,119.27040654712849,0.0491537043976548,104.95557318202009,6.137415609424301,0.008823398730795974,15.01141248842788
64.8882960986992,6.303061277474234,0.010652230476305716,17.374517582750304,151.36012862293927,119.18574440278539,0.04899007703769986,105.0095349163039,6.134492734961844,0.008831784350998195,15.004242441879702
64.9216405468486,6.3008219276498805,0.010661236047680548,17.369649582988526,151.27561819467334,119.10107089186066,0.04882699437550985,105.06349665058772,6.13156847529945,0.008840185902427857,14.997068987375835
64.95498499499797,6.298581480294547,0.010670258306955643,17.36477952488262,151.19109583432075,119.01638599172834,0.048664454597845026,105.11745838487153,6.128642828469636,0.008848603430485545,14.989892120061588
64.98832944314735,6.296339933636768,0.01067929729887579,17.359907405488777,151.10656152102348,118.93168967972716,0.0485024558975015,105.17142011915534,6.12571579250024,0.008857036980740123,14.982711835070718
65.02167389129674,6.294097285901028,0.010688353068358527,17.3550332218567,151.0220152338755,118.84698193316007,0.04834099647329134,105.22538185343916,6.122787365414454,0.008865486598937043,14.975528127525445
65.05501833944612,6.291853535307767,0.010697425660493975,17.35015697102958,150.93745695195884,118.76226272929453,0.04818007453002285,105.27934358772298,6.11985754523077,0.008873952330998618,14.968340992536385
65.0883627875955,6.28960868007335,0.01070651512054608,17.34527865004408,150.8528866542754,118.67753204536209,0.048019688278480153,105.3333053220068,6.116926329962982,0.008882434223017769,14.961150425202511
65.12170723574489,6.2873627184100425,0.010715621493954412,17.34039825593027,150.76830431981642,118.59278985855755,0.047859835935403355,105.38726705629061,6.113993717620158,0.008890932321265404,14.953956420611117
65.15505168389427,6.285115648526025,0.010724744826331813,17.335515785711685,150.68370992750914,118.50803614604015,0.04770051572346914,105.44122879057443,6.111059706206641,0.00889944667219044,14.946758973837785
65.18839613204365,6.282867468625348,0.010733885163468718,17.330631236405207,150.59910345625514,118.42327088493207,0.047541725871270514,105.49519052485823,6.108124293722017,0.008907977322415592,14.939558079946341
65.22174058019303,6.2806181769079314,0.010743042551331381,17.325744605021104,150.51448488489504,118.33849405231892,0.04738346461329732,105.54915225914205,6.1051874781610955,0.008916524318741483,14.932353733988798
65.25508502834242,6.278367771569545,0.010752217036065485,17.320855888563003,150.429854192249,118.25370562524941,0.04722573018991652,105.60311399342586,6.1022492575139315,0.008925087708154577,14.92514593100536
65.2884294764918,6.276116250801794,0.010761408663993699,17.315965084027837,150.34521135707976,118.1689055807351,0.04706852084735293,105.65707572770968,6.09930962976576,0.008933667537815613,14.917934666024344
65.32177392464118,6.273863612792091,0.010770617481618725,17.311072188405827,150.26055635810235,118.08409389574989,0.04691183483766936,105.7110374619935,6.096368592897007,0.008942263855067679,14.910719934062152
65.35511837279057,6.271609855723662,0.010779843535623224,17.30617719868049,150.17588917400153,117.99927054723052,0.04675567041874719,105.76499919627732,6.0934261448832725,0.008950876707437853,14.903501730123239
65.38846282093995,6.2693549777755075,0.01078908687287097,17.30128011182859,150.0912097834122,117.91443551207561,0.04660002585426736,105.81896093056113,6.090482283695316,0.00895950614263335,14.896280049200058
65.42180726908933,6.2670989771224095,0.010798347540408752,17.296380924820102,150.00651816492734,117.82958876714625,0.04644489941369074,105.87292266484494,6.0875370072990025,0.008968152208541896,14.889054886273021
65.45515171723872,6.264841851934889,0.010807625585464208,17.29147963461822,149.92181429708413,117.74473028926491,0.046290289372238815,105.92688439912875,6.084590313655361,0.00897681495324325,14.881826236310483
65.4884961653881,6.262583600379215,0.010816921055449923,17.2865762381793,149.83709815839686,117.65986005521606,0.04613619401087499,105.98084613341257,6.081642200720498,0.008985494424998037,14.874594094268668
65.52184061353748,6.260324220617372,0.01082623399796191,17.281670732452866,149.75236972732242,117.57497804174554,0.04598261161628483,106.03480786769639,6.078692666445621,0.008994190672252836,14.867358455091654
65.55518506168687,6.2580637108070425,0.010835564460783157,17.276763114381563,149.66762898227213,117.49008422556003,0.0458295404808575,106.0887696019802,6.075741708777001,0.009002903743643889,14.860119313711317
65.58852950983625,6.2558020691016,0.010844912491881267,17.271853380901142,149.58287590161646,117.40517858332757,0.04567697890266673,106.14273133626402,6.072789325655974,0.009011633687994385,14.85287666504729
65.62187395798563,6.253539293650091,0.010854278139411555,17.266941528940436,149.49811046368023,117.32026109167703,0.04552492518545153,106.19669307054784,6.069835515018898,0.009020380554312236,14.84563050400693
65.65521840613502,6.2512753825972105,0.010863661451716963,17.262027555421326,149.41333264675043,117.23533172719772,0.04537337763859768,106.25065480483164,6.066880274797169,0.009029144391800744,14.838380825485265
65.6885628542844,6.249010334083291,0.01087306247732939,17.257111457258734,149.32854242905097,117.15039046643929,0.04522233457711899,106.30461653911546,6.063923602917183,0.009037925249853558,14.831127624364976
65.72190730243378,6.246744146244287,0.010882481264971496,17.252193231360575,149.24373978878302,117.0654372859118,0.04507179432163819,106.35857827339927,6.0609654973003195,0.009046723178053172,14.823870895516317
65.75525175058316,6.244476817211753,0.010891917863554588,17.247272874627757,149.15892470408352,116.98047216208508,0.044921755198368496,106.41254000768309,6.058005955862936,0.009055538226177292,14.816610633797112
65.78859619873255,6.242208345112834,0.010901372322182882,17.242350383954136,149.07409715303947,116.89549507138892,0.04477221553909505,106.46650174196691,6.055044976516342,0.009064370444197481,14.809346834052693
65.82194064688193,6.239938728070232,0.010910844690151914,17.23742575622649,148.98925711372073,116.81050599021222,0.04462317368115639,106.52046347625073,6.052082557166778,0.009073219882275416,14.802079491115844
65.8552850950313,6.237667964202214,0.010920335016952264,17.23249898832452,148.90440456412887,116.72550489490378,0.04447462796742567,106.57442521053454,6.049118695715407,0.009082086590770836,14.794808599806784
65.8886295431807,6.235396051622573,0.010929843352266997,17.22757007712079,148.8195394822165,116.6404917617711,0.04432657674629254,106.62838694481835,6.046153390058306,0.009090970620243447,14.787534154933125
65.92197399133008,6.233122988440619,0.010939369745975135,17.222639019480724,148.73466184590515,116.55546656708074,0.04417901837164479,106.68234867910216,6.0431866380864205,0.009099872021445509,14.7802561512898
65.95531843947946,6.230848772761169,0.0109489142481513,17.217705812262583,148.64977163304823,116.4704292870581,0.04403195120284976,106.73631041338598,6.040218437685573,0.009108790845329794,14.772974583659044
65.98866288762885,6.2285734026845105,0.010958476909067429,17.212770452317404,148.5648688214759,116.38537989788671,0.04388537360473626,106.7902721476698,6.0372487867364395,0.009117727143049753,14.76568944681036
66.02200733577823,6.22629687630641,0.010968057779194221,17.207832936489027,148.47995338895095,116.30031837570888,0.043739283947576625,106.84423388195361,6.034277683114516,0.009126680965955262,14.758400735500429
66.0553517839276,6.224019191718063,0.010977656909199454,17.20289326161403,148.3950253132106,116.21524469662432,0.04359368060706826,106.89819561623743,6.03130512469012,0.009135652365597184,14.751108444473113
66.088696232077,6.221740347006105,0.010987274349952052,17.1979514245217,148.31008457192115,116.13015883669095,0.04344856196431555,106.95215735052125,6.028331109328376,0.009144641393735137,14.743812568459408
66.12204068022638,6.219460340252584,0.010996910152520637,17.19300742203406,148.22513114271206,116.04506077192437,0.04330392640581228,107.00611908480505,6.025355634889174,0.009153648102326079,14.736513102177366
66.15538512837576,6.217179169534943,0.011006564368177346,17.18806125096578,148.14016500316535,115.95995047829763,0.04315977232342327,107.06008081908887,6.022378699227172,0.00916267254353284,14.72921004033208
66.18872957652513,6.2148968329259935,0.011016237048395112,17.18311290812417,148.05518613081836,115.87482793174063,0.043016098114366644,107.11404255337268,6.019400300191774,0.009171714769725574,14.721903377615634
66.22207402467453,6.212613328493904,0.011025928244851544,17.17816239030916,147.97019450315364,115.78969310814034,0.04287290218119596,107.1680042876565,6.016420435627107,0.009180774833477668,14.714593108707051
66.2554184728239,6.2103286543021925,0.011035638009428217,17.173209694313286,147.88519009760012,115.70454598334064,0.04273018293178268,107.22196602194032,6.013439103371997,0.009189852787567324,14.70727922827224
66.28876292097328,6.208042808409691,0.011045366394212828,17.168254816921635,147.80017289155364,115.61938653314184,0.042587938779298194,107.27592775622414,6.010456301259977,0.00919894868498888,14.69996173096399
66.32210736912268,6.205755788870536,0.011055113451500289,17.163297754911845,147.71514286234816,115.5342147333005,0.04244616814219616,107.32988949050795,6.007472027119238,0.0092080625789404,14.692640611421881
66.35545181727205,6.20346759373415,0.01106487923379147,17.158338505054044,147.63009998727637,115.44903055952928,0.04230486944419522,107.38385122479175,6.004486278772628,0.009217194522830994,14.685315864272253
66.38879626542143,6.201178221045224,0.011074663793797046,17.153377064110874,147.54504424357327,115.36383398749685,0.042164041114261246,107.43781295907557,6.001499054037635,0.009226344570283589,14.677987484128169
66.42214071357083,6.19888766884369,0.011084467184436298,17.148413428837394,147.45997560843242,115.27862499282705,0.04202368158658973,107.49177469335939,5.998510350726353,0.009235512775131557,14.670655465589359
66.4554851617202,6.196595935164719,0.011094289458840936,17.14344759598114,147.37489405898904,115.19340355109975,0.041883789300588864,107.5457364276432,5.995520166645469,0.009244699191418055,14.66331980324217
66.48882960986958,6.1943030180386875,0.011104130670352144,17.138479562282004,147.28979957233966,115.10816963784957,0.04174436270086159,107.59969816192702,5.9925284995962675,0.009253903873408019,14.65598049165954
66.52217405801898,6.192008915491164,0.011113990872525011,17.13350932447229,147.20469212552177,115.02292322856619,0.041605400237188735,107.65365989621084,5.98953534737458,0.009263126875578518,14.648637525400929
66.55551850616835,6.189713625542891,0.01112387011912744,17.12853687927661,147.11957169552085,114.93766429869395,0.04146690036451174,107.70762163049466,5.986540707770779,0.009272368252622367,14.641290899012288
66.58886295431773,6.187417146209772,0.011133768464142825,17.12356222341194,147.03443825927567,114.85239282363204,0.041328861542915145,107.76158336477846,5.983544578569762,0.009281628059452856,14.633940607026002
66.62220740246711,6.185119475502836,0.0111436859617705,17.118585353587513,146.9492917936878,114.76710877873342,0.04119128223760991,107.81554509906228,5.980546957550935,0.009290906351201045,14.626586643960845
66.6555518506165,6.182820611428233,0.01115362266642528,17.11360626650483,146.8641322755794,114.68181213930536,0.041054160918915915,107.8695068333461,5.977547842488167,0.009300203183213522,14.619229004321923
66.68889629876588,6.180520551987212,0.01116357863274084,17.10862495885764,146.77895968173775,114.59650288060892,0.0409174960622455,107.92346856762991,5.974547231149817,0.00930951861106384,14.611867682600653
66.72224074691526,6.178219295176099,0.011173553915568851,17.103641427331883,146.69377398889804,114.51118097785877,0.04078128614808588,107.97743030191373,5.971545121298678,0.009318852690546792,14.604502673274704
66.75558519506465,6.17591683898628,0.011183548569982871,17.09865566860568,146.60857517374745,114.42584640622286,0.0406455296619827,108.03139203619754,5.9685415106919635,0.009328205477677822,14.597133970807917
66.78892964321403,6.173613181404183,0.011193562651275052,17.093667679349316,146.5233632129222,114.34049914082243,0.04051022509452316,108.08535377048136,5.9655363970813085,0.009337577028699456,14.589761569650314
66.82227409136341,6.171308320411244,0.011203596214961207,17.08867745622518,146.43813808298273,114.25513915673116,0.04037537094131891,108.13931550476516,5.962529778212728,0.009346967400079568,14.582385464238003
66.8556185395128,6.16900225398392,0.011213649316779265,17.08368499588775,146.35289976046835,114.16976642897606,0.04024096570298969,108.19327723904898,5.959521651826592,0.009356376648508042,14.575005648993141
66.88896298766218,6.166694980093627,0.011223722012692535,17.078690294983584,146.2676482218435,114.08438093253584,0.04010700788514657,108.2472389733328,5.956512015657632,0.009365804830906715,14.567622118323897
66.92230743581156,6.164386496706765,0.011233814358889413,17.073693350151267,146.18238344353165,113.9989826423421,0.03997349599837512,108.30120070761662,5.9535008674349115,0.009375252004427886,14.560234866624398
66.95565188396095,6.162076801784653,0.011243926411784013,17.068694158021376,146.09710540190892,113.91357153327772,0.039840428558219024,108.35516244190043,5.950488204881789,0.009384718226449987,14.55284388827467
66.98899633211033,6.159765893283549,0.011254058228018648,17.06369271521648,146.01181407328173,113.82814758017781,0.039707804085163736,108.40912417618425,5.947474025715922,0.009394203554585277,14.545449177640606
67.02234078025971,6.157453769154608,0.011264209864463744,17.058689018351092,145.92650943391456,113.74271075782886,0.039575621104619714,108.46308591046805,5.944458327649234,0.009403708046678972,14.538050729073895
67.0556852284091,6.155140427343856,0.011274381378221317,17.053683064031617,145.8411914600138,113.65726104096811,0.0394438781469061,108.51704764475187,5.941441108387889,0.009413231760805297,14.530648536911979
67.08902967655848,6.152825865792198,0.011284572826621918,17.048674848856393,145.7558601277272,113.57179840428452,0.03931257374723463,108.57100937903569,5.938422365632281,0.009422774755275741,14.523242595478015
67.12237412470786,6.150510082435365,0.011294784267229768,17.04366436941557,145.67051541316053,113.48632282241724,0.03918170644569308,108.6249711133195,5.935402097077018,0.009432337088641309,14.51583289908082
67.15571857285724,6.148193075203914,0.011305015757841244,17.038651622291148,145.5851572923619,113.40083426995608,0.039051274787229064,108.67893284760332,5.93238030041089,0.009441918819685254,14.508419442014798
67.18906302100663,6.145874842023213,0.011315267356488454,17.033636604056923,145.49978574131185,113.31533272144155,0.038921277321633856,108.73289458188714,5.929356973316858,0.009451520007431533,14.501002218559929
67.22240746915601,6.143555380813392,0.011325539121438207,17.028619311278447,145.41440073595172,113.22981815136353,0.03879171260352653,108.78685631617095,5.926332113472025,0.009461140711144761,14.493581222981677
67.25575191730539,6.141234689489348,0.011335831111193871,17.023599740513024,145.3290022521611,113.144290534162,0.038662579192337544,108.84081805045476,5.9233057185476135,0.009470780990325977,14.486156449530972
67.28909636545478,6.138912765960721,0.011346143384496894,17.018577888309643,145.24359026576593,113.05874984422654,0.03853387565229277,108.89477978473857,5.920277786208952,0.00948044090471932,14.478727892444121
67.32244081360416,6.136589608131863,0.011356476000327539,17.01355375120899,145.1581647525311,112.9731960558959,0.038405600552397806,108.94874151902239,5.917248314115467,0.009490120514317166,14.471295545942805
67.35578526175354,6.134265213901827,0.01136682901790774,17.00852732574338,145.0727256881818,112.8876291434581,0.03827775246642179,109.00270325330621,5.91421729992063,0.009499819879350939,14.463859404233986
67.38912970990293,6.131939581164333,0.011377202496698682,17.003498608436743,144.98727304836743,112.80204908114943,0.03815032997288151,109.05666498759003,5.911184741271964,0.009509539060299834,14.456419461509872
67.42247415805231,6.129612707807768,0.011387596496405658,16.99846759580461,144.90180680869372,112.71645584315542,0.038023331655025965,109.11062672187384,5.908150635811008,0.009519278117891553,14.448975711947869
67.45581860620169,6.127284591715146,0.011398011076976723,16.993434284354038,144.81632694469872,112.63084940360952,0.03789675610082013,109.16458845615766,5.905114981173298,0.009529037113097914,14.441528149710503
67.48916305435108,6.124955230764089,0.011408446298606705,16.988398670583617,144.73083343187827,112.54522973659311,0.03777060190292958,109.21855019044146,5.902077774988346,0.009538816107140205,14.434076768945392
67.52250750250046,6.122624622826818,0.01141890222173508,16.98336075098342,144.64532624566888,112.4595968161357,0.037644867658704874,109.27251192472528,5.8990390148796275,0.00954861516149663,14.426621563785192
67.55585195064984,6.12029276577012,0.011429378907049537,16.978320522034995,144.55980536143633,112.37395061621422,0.03751955197016563,109.3264736590091,5.895998698464548,0.009558434337891598,14.419162528347531
67.58919639879922,6.117959657455329,0.011439876415486142,16.973277980211286,144.47427075450076,112.28829111075278,0.03739465344398533,109.38043539329291,5.892956823354426,0.009568273698304746,14.41169965673496
67.62254084694861,6.115625295738305,0.011450394808231203,16.968233121976645,144.38872240012287,112.20261827362268,0.037270170691475576,109.43439712757673,5.889913387154472,0.009578133304972163,14.404232943034906
67.65588529509799,6.1132896784694175,0.011460934146723167,16.963185943786804,144.3031602735094,112.11693207864215,0.03714610232857096,109.48835886186055,5.886868387463763,0.009588013220382068,14.3967623813196
67.68922974324737,6.1109528034935074,0.011471494492651226,16.95813644208879,144.21758434979154,112.03123249957547,0.03702244697581325,109.54232059614436,5.883821821875219,0.009597913507279085,14.389287965646036
67.72257419139676,6.108614668649885,0.011482075907959622,16.95308461332095,144.13199460406253,111.94551951013364,0.03689920325833639,109.59628233042817,5.880773687975595,0.00960783422867326,14.381809690055922
67.75591863954614,6.106275271772299,0.01149267845484662,16.948030453912885,144.0463910113607,111.85979308397359,0.036776369805851195,109.65024406471198,5.877723983345443,0.009617775447828568,14.37432754857561
67.78926308769552,6.103934610688909,0.011503302195768783,16.942973960285443,143.96077354663717,111.7740531946979,0.03665394525262983,109.7042057989958,5.874672705559098,0.009627737228271944,14.366841535216048
67.82260753584491,6.101592683222276,0.011513947193438073,16.937915128850655,143.87514218481016,111.68829981585483,0.036531928237490914,109.75816753327962,5.8716198521846525,0.00963771963379493,14.359351643972726
67.85595198399429,6.099249487189323,0.011524613510826712,16.932853956011726,143.78949690072375,111.60253292093766,0.0364103174037844,109.81212926756344,5.8685654207839315,0.009647722728449404,14.351857868825615
67.88929643214367,6.09690502040133,0.011535301211166301,16.927790438162997,143.703837669179,111.51675248338482,0.036289111399376205,109.86609100184725,5.865509408912471,0.009657746576551175,14.3443602037391
67.92264088029306,6.094559280663897,0.011546010357950895,16.9227245716899,143.61816446489772,111.43095847657932,0.03616830887663337,109.92005273613107,5.862451814119508,0.009667791242690023,14.33685864266197
67.95598532844244,6.092212265776936,0.01155674101493746,16.917656352968944,143.53247726254736,111.34515087384887,0.036047908492409214,109.97401447041487,5.859392633947936,0.009677856791717749,14.329353179527303
67.98932977659182,6.089863973534635,0.0115674932461461,16.91258577836767,143.4467760367453,111.25932964846518,0.03592790890802814,110.02797620469869,5.8563318659343,0.009687943288757201,14.321843808252439
68.02267422474121,6.087514401725433,0.01157826711586336,16.90751284424461,143.3610607620443,111.17349477364368,0.035808308789270785,110.0819379389825,5.853269507608765,0.009698050799204236,14.314330522738919
68.05601867289059,6.085163548132023,0.011589062688641915,16.902437546949276,143.27533141293142,111.08764622254414,0.035689106806359415,110.13589967326632,5.8502055564950926,0.009708179388723447,14.306813316872432
68.08936312103997,6.082811410531285,0.011599880029304597,16.8973598828221,143.18958796382705,111.00178396826881,0.03557030163394292,110.18986140755014,5.847140010110614,0.009718329123251422,14.299292184522743
68.12270756918934,6.080457986694311,0.01161071920294144,16.892279848194423,143.10383038910194,110.91590798386392,0.03545189195108208,110.24382314183396,5.844072865966227,0.00972850006900745,14.29176711954365
68.15605201733874,6.0781032743863435,0.011621580274915057,16.88719743938844,143.0180586630702,110.83001824231798,0.035333876441234945,110.29778487611777,5.841004121566347,0.009738692292481194,14.284238115772924
68.18939646548812,6.075747271366766,0.011632463310859343,16.882112652717183,142.93227275996688,110.74411471656212,0.0352162537922423,110.35174661040158,5.837933774408898,0.009748905860441887,14.276705167032235
68.2227409136375,6.073389975389098,0.011643368376683401,16.877025484484477,142.84647265396154,110.65819737947037,0.03509902269631291,110.4057083446854,5.834861821985284,0.00975914083994039,14.269168267127116
68.25608536178689,6.0710313842009285,0.0116542955385706,16.8719359309849,142.76065831919652,110.57226620385792,0.034982181850008925,110.45967007896921,5.8317882617803685,0.00976939729830497,14.261627409846886
68.28942980993627,6.068671495543939,0.011665244862980814,16.86684398850378,142.67482972971942,110.48632116248254,0.03486572995423169,110.51363181325303,5.828713091272437,0.009779675303144504,14.254082588964588
68.32277425808564,6.066310307153846,0.011676216416652079,16.861749653317105,142.5889868595217,110.40036222804297,0.03474966571420702,110.56759354753684,5.825636307933202,0.009789974922359366,14.246533798236957
68.35611870623504,6.063947816760386,0.011687210266601744,16.85665292169153,142.5031296825318,110.31438937317915,0.03463398783947078,110.62155528182066,5.822557909227753,0.009800296224129089,14.238981031404332
68.38946315438442,6.061584022087307,0.011698226480129314,16.851553789884342,142.4172581726201,110.2284025704724,0.034518695043854894,110.67551701610448,5.819477892614538,0.009810639276921666,14.231424282190604
68.4228076025338,6.059218920852323,0.01170926512481451,16.846452254143397,142.33137230358844,110.14240179244436,0.03440378604547257,110.72947875038828,5.816396255545351,0.009821004149495613,14.223863544303164
68.45615205068319,6.056852510767097,0.011720326268522287,16.841348310707104,142.2454720491788,110.05638701155706,0.03428925956670435,110.7834404846721,5.8133129954652905,0.009831390910895745,14.216298811432823
68.48949649883257,6.054484789537221,0.011731409979401732,16.836241955804386,142.15955738307107,109.9703582002127,0.034175114334183986,110.83740221895592,5.810228109812736,0.00984179963045665,14.208730077253762
68.52284094698194,6.052115754862191,0.011742516325890554,16.831133185654647,142.07362827886269,109.88431533075345,0.03406134907878387,110.89136395323973,5.807141596019347,0.009852230377813433,14.20115733542349
68.55618539513132,6.049745404435367,0.011753645376712602,16.826021996467723,141.98768471011388,109.7982583754605,0.033947962535601395,110.94532568752355,5.804053451510013,0.00986268322288947,14.193580579582743
68.58952984328072,6.0473737359439745,0.011764797200882533,16.820908384443868,141.90172665030317,109.71218730655495,0.033834953443944486,110.99928742180737,5.8009636737028325,0.009873158235905868,14.185999803355456
68.6228742914301,6.045000747069065,0.011775971867705452,16.81579234577369,141.81575407284026,109.62610209619668,0.03372232054731801,111.05324915609118,5.797872260009102,0.009883655487383463,14.178415000348691
68.65621873957947,6.042626435485481,0.011787169446779908,16.81067387663814,141.72976695107997,109.5400027164839,0.033610062593409346,111.10721089037499,5.794779207833274,0.009894175048138564,14.170826164152553
68.68956318772887,6.040250798861844,0.01179839000799895,16.805552973208453,141.64376525830983,109.45388913945342,0.03349817833407479,111.1611726246588,5.791684514572935,0.00990471698928704,14.16323328834015
68.72290763587824,6.037873834860539,0.011809633621550027,16.80042963164614,141.5577489677438,109.36776133708054,0.03338666652532565,111.21513435894262,5.788588177618796,0.009915281382254296,14.155636366467538
68.75625208402762,6.035495541137663,0.011820900357918886,16.795303848102897,141.4717180525409,109.28161928127781,0.03327552592731417,111.26909609322644,5.785490194354646,0.009925868298763622,14.148035392073636
68.78959653217701,6.033115915343011,0.011832190287889352,16.790175618720642,141.3856724857844,109.1954629438954,0.03316475530431999,111.32305782751025,5.782390562157339,0.00993647781084576,14.140430358680172
68.8229409803264,6.03073495512007,0.011843503482547455,16.78504493963142,141.29961224048958,109.10929229672121,0.03305435342473642,111.37701956179407,5.779289278396765,0.009947109990840643,14.132821259791617
68.85628542847577,6.028352658105955,0.01185484001327882,16.779911806957386,141.21353728961176,109.02310731147941,0.03294431906105652,111.43098129607789,5.776186340435822,0.009957764911393068,14.125208088895123
68.88962987662516,6.025969021931424,0.011866199951774122,16.77477621681076,141.12744760603465,108.93690795983147,0.03283465098985958,111.48494303036169,5.773081745630382,0.009968442645457884,14.117590839460446
68.92297432477454,6.023584044220807,0.0118775833700281,16.769638165293806,141.04134316257498,108.85069421337448,0.032725347991797674,111.53890476464551,5.769975491329295,0.009979143266308587,14.109969504939908
68.95631877292392,6.0211977225920315,0.011888990340343726,16.764497648498775,140.95522393198195,108.76446604364239,0.032616408851581846,111.59286649892933,5.766867574874328,0.009989866847526667,14.102344078768308
68.98966322107331,6.018810054656545,0.011900420935331182,16.75935466250787,140.86908988693364,108.67822342210417,0.032507832357968655,111.64682823321314,5.7637579936001595,0.010000613463011156,14.094714554362863
69.0230076692227,6.0164210380193355,0.011911875227910738,16.754209203393216,140.78294100005306,108.59196632016497,0.03239961730374691,111.70078996749696,5.760646744834339,0.010011383186980062,14.087080925123145
69.05635211737207,6.014030670278861,0.011923353291314229,16.74906126721681,140.69677724386878,108.50569470916443,0.03229176248572399,111.75475170178078,5.7575338258972755,0.010022176093965949,14.079443184431012
69.08969656552145,6.011638949027056,0.011934855199086767,16.743910850030503,140.61059859086456,108.41940856037738,0.03218426670471259,111.8087134360646,5.754419234102189,0.01003299225882253,14.071801325650533
69.12304101367084,6.009245871849291,0.011946381025089462,16.73875794787592,140.52440501344344,108.33310784501325,0.0320771287655173,111.8626751703484,5.751302966755119,0.010043831756731509,14.06415534212795
69.15638546182022,6.006851436324346,0.011957930843497949,16.733602556784476,140.4381964839294,108.24679253421556,0.03197034747692155,111.91663690463221,5.748185021154859,0.010054694663193049,14.056505227191574
69.1897299099696,6.004455640024386,0.011969504728807482,16.728444672777286,140.35197297460064,108.16046259906197,0.03186392165167411,111.97059863891603,5.745065394592954,0.01006558105403549,14.048850974151744
69.22307435811899,6.002058480514932,0.011981102755832154,16.723284291865152,140.26573445765007,108.07411801056364,0.03175785010647588,112.02456037319985,5.7419440843536655,0.010076491005416147,14.041192576300745
69.25641880626837,5.999659955354834,0.011992724999709587,16.71812141004852,140.17948090519906,107.9877587396651,0.031652131661967044,112.07852210748366,5.738821087713938,0.010087424593816943,14.033530026912738
69.28976325441775,5.997260062096241,0.012004371535898485,16.71295602331744,140.09321228929227,107.90138475724382,0.03154676514271362,112.13248384176748,5.735696401943378,0.010098381896052834,14.025863319243712
69.32310770256714,5.9948587982845805,0.012016042440183894,16.70778812765151,140.00692858192858,107.81499603411012,0.03144174937719446,112.1864455760513,5.732570024304236,0.010109362989276043,14.01819244653139
69.35645215071652,5.992456161458525,0.012027737788676631,16.702617719019873,139.9206297550031,107.72859254100673,0.03133708319778847,112.2404073103351,5.729441952051361,0.010120367950968349,14.01051740199518
69.3897965988659,5.990052149149964,0.012039457657817155,16.697444793381123,139.83431578035953,107.6421742486083,0.03123276544076125,112.29436904461892,5.726312182432175,0.01013139685895079,14.002838178836083
69.42314104701529,5.987646758883977,0.012051202124375746,16.692269346683315,139.74798662976758,107.55574112752137,0.031128794946252418,112.34833077890274,5.723180712686668,0.010142449791383535,13.995154770236658
69.45648549516467,5.985239988178809,0.012062971265454024,16.687091374863897,139.66164227491709,107.46929314828401,0.031025170558262743,112.40229251318655,5.720047540047329,0.01015352682676205,13.987467169360901
69.48982994331405,5.982831834545837,0.01207476515848788,16.681910873849667,139.57528268743624,107.38283028136532,0.030921891124640995,112.45625424747037,5.716912661739148,0.010164628043927395,13.979775369354225
69.52317439146343,5.980422295489542,0.012086583881248362,16.676727839556737,139.48890783885918,107.2963524971652,0.030818955497071508,112.51021598175419,5.713776074979589,0.010175753522066937,13.972079363343365
69.55651883961282,5.9780113685074845,0.012098427511845394,16.67154226789051,139.40251770067871,107.20985976601418,0.030716362531061064,112.564177716038,5.710637776978547,0.010186903340709588,13.964379144436302
69.5898632877622,5.9755990510902715,0.012110296128725767,16.6663541547456,139.31611224427652,107.12335205817286,0.03061411108592655,112.6181394503218,5.7074977649383225,0.010198077579734939,13.956674705722216
69.62320773591158,5.973185340721528,0.012122189810678762,16.66116349600584,139.22969144099687,107.03682934383168,0.03051220002478186,112.67210118460562,5.704356036053594,0.010209276319372199,13.948966040271374
69.65655218406097,5.970770234877875,0.012134108636835294,16.655970287544175,139.1432552620838,106.95029159311079,0.03041062821452555,112.72606291888944,5.701212587511391,0.010220499640197006,13.941253141135087
69.68989663221035,5.968353731028893,0.012146052686672853,16.65077452522268,139.05680367872282,106.8637387760595,0.03030939452582822,112.78002465317326,5.698067416491057,0.010231747623143883,13.93353600134564
69.72324108035973,5.965935826637082,0.012158022040013395,16.645576204892475,138.97033666201693,106.77717086265565,0.03020849783311973,112.83398638745707,5.694920520164238,0.010243020349502653,13.92581461391621
69.75658552850912,5.9635165191578645,0.012170016777028317,16.640375322393723,138.88385418298364,106.6905878228062,0.030107937014576924,112.88794812174089,5.691771895694834,0.010254317900917513,13.918088971840781
69.7899299766585,5.9610958060395225,0.012182036978238515,16.635171873555546,138.7973562125832,106.60398962634596,0.03000771095211115,112.9419098560247,5.688621540238983,0.010265640359395081,13.910359068094099
69.82327442480788,5.958673684723187,0.01219408272451781,16.629965854196,138.71084272169665,106.5173762430378,0.02990781853135562,112.99587159030851,5.685469450945015,0.010276987807302266,13.902624895631565
69.85661887295727,5.956250152642796,0.012206154097094177,16.624757260122056,138.62431368112402,106.430747642572,0.029808258641653144,113.04983332459233,5.682315624953434,0.01028836032736442,13.894886447389174
69.88996332110665,5.9538252072250755,0.012218251177550463,16.619546087129482,138.5377690615822,106.34410379456614,0.02970903017604394,113.10379505887614,5.679160059396892,0.010299758002679455,13.88714371628346
69.92330776925603,5.951398845889505,0.01223037404782815,16.614332331002903,138.4512088337278,106.2574446685648,0.02961013203125308,113.15775679315996,5.676002751400149,0.010311180916709664,13.87939669521139
69.95665221740542,5.9489710660482835,0.012242522790227937,16.609115987515658,138.36463296812067,106.17077023403897,0.029511563107678242,113.21171852744378,5.672843698080045,0.010322629153285436,13.871645377050307
69.9899966655548,5.94654186510631,0.012254697487414049,16.603897052429833,138.2780414352679,106.08408046038609,0.02941332230937773,113.2656802617276,5.669682896545477,0.010334102796611608,13.863889754657853
70.02334111370418,5.944111240461132,0.012266898222412064,16.59867552149617,138.19143420557714,105.99737531692915,0.029315408544058032,113.3196419960114,5.666520343897355,0.010345601931264183,13.85612982087188
70.05668556185356,5.941679189502937,0.012279125078614827,16.593451390454028,138.10481124938286,105.91065477291683,0.02921782072306173,113.37360373029522,5.663356037228572,0.010357126642190781,13.848365568510374
70.09003001000295,5.9392457096145055,0.012291378139781761,16.58822465503136,138.01817253695796,105.82391879752294,0.029120557761355415,113.42756546457903,5.660189973623996,0.010368677014725084,13.840596990371408
70.12337445815233,5.936810798171198,0.012303657490043859,16.582995310944646,137.93151803845834,105.73716735984641,0.02902361857751776,113.48152719886285,5.657022150160413,0.01038025313457493,13.832824079233022
70.1567189063017,5.934374452540898,0.012315963213901972,16.577763353898856,137.8448477240079,105.65040042891026,0.0289270020937273,113.53548893314667,5.6538525639065,0.01039185508783072,13.825046827853182
70.1900633544511,5.931936670084006,0.012328295396231701,16.5725287795874,137.75816156361392,105.56361797366199,0.028830707235750437,113.58945066743048,5.650681211922814,0.010403482960969355,13.817265228969678
70.22340780260048,5.929497448153392,0.012340654122283768,16.567291583692104,137.67145952723106,105.47681996297277,0.02873473293292974,113.6434124017143,5.647508091261726,0.01041513684085032,13.809479275300042
70.25675225074986,5.927056784094373,0.012353039477687561,16.562051761883122,137.5847415847089,105.39000636563739,0.028639078118171797,113.6973741359981,5.644333198967412,0.010426816814719417,13.80168895954149
70.29009669889925,5.9246146752446665,0.012365451548452597,16.556809309818924,137.4980077058353,105.30317715037339,0.028543741727935366,113.75133587028192,5.641156532075827,0.010438522970220495,13.793894274370833
70.32344114704863,5.9221711189343775,0.012377890420969264,16.55156422314624,137.411257860311,105.21633228582138,0.02844872270221979,113.80529760456574,5.637978087614652,0.010450255395383764,13.78609521244439
70.356785595198,5.919726112485956,0.01239035618201294,16.54631649750001,137.32449201774537,105.12947174054429,0.02835401998455287,113.85925933884955,5.634797862603279,0.010462014178636169,13.77829176639792
70.3901300433474,5.917279653214162,0.012402848918744649,16.54106612850334,137.2377101476979,105.04259548302693,0.028259632521979352,113.91322107313337,5.631615854052777,0.010473799408803547,13.770483928846536
70.42347449149678,5.914831738426041,0.012415368718715524,16.53581311176745,137.15091221960228,104.95570348167604,0.02816555926504925,113.96718280741719,5.62843205896584,0.010485611175106284,13.762671692384615
70.45681893964615,5.912382365420888,0.012427915669864871,16.53055744289164,137.06409820284352,104.86879570481969,0.02807179916780591,114.021144541701,5.625246474336773,0.010497449567167312,13.754855049585723
70.49016338779553,5.909931531490204,0.012440489860526267,16.52529911746322,136.97726806670897,104.78187212070645,0.0279783511877747,114.07510627598481,5.6220590971514675,0.010509314675018349,13.74703399300255
70.52350783594493,5.907479233917684,0.012453091379426955,16.52003813105748,136.8904217804133,104.69493269750599,0.027885214285951133,114.12906801026863,5.618869924387338,0.010521206589091633,13.739208515166794
70.5568522840943,5.905025469979168,0.01246572031569319,16.51477447923764,136.80355931307292,104.60797740330807,0.02779238742678964,114.18302974455244,5.615678953013323,0.01053312540023048,13.731378608589113
70.59019673224368,5.902570236942612,0.012478376758848457,16.5095081575548,136.71668063373795,104.5210062061223,0.027699869578191694,114.23699147883626,5.612486179989825,0.010545071199689485,13.723544265759019
70.62354118039308,5.900113532068048,0.01249106079881885,16.50423916154788,136.629785711357,104.43401907387747,0.02760765971149458,114.29095321312008,5.609291602268691,0.010557044079130787,13.715705479144793
70.65688562854245,5.89765535260757,0.012503772525933323,16.49896748674358,136.54287451481028,104.34701597442216,0.02751575680145998,114.3449149474039,5.6060952167931655,0.010569044130636439,13.707862241193423
70.69023007669183,5.8951956958052785,0.01251651203092776,16.49369312865635,136.45594701288823,104.25999687552326,0.02742415982626232,114.39887668168771,5.60289702049788,0.010581071446707186,13.700014544330493
70.72357452484123,5.892734558897249,0.01252927940494623,16.488416082788294,136.36900317429286,104.17296174486589,0.02733286776747765,114.45283841597151,5.5996970103088,0.010593126120260064,13.692162380960125
70.7569189729906,5.8902719391115115,0.012542074739542308,16.483136344629173,136.28204296763352,104.08591055005346,0.027241879610072326,114.50680015025533,5.596495183143192,0.010605208244637766,13.684305743464868
70.79026342113998,5.887807833668006,0.012554898126683055,16.477853909656314,136.19506636145923,103.99884325860702,0.027151194342391508,114.56076188453915,5.593291535909597,0.010617317913606702,13.676444624205628
70.82360786928938,5.885342239778547,0.012567749658750172,16.47256877333458,136.10807332420268,103.9117598379647,0.027060810956148044,114.61472361882296,5.590086065507782,0.010629455221355492,13.668579015521571
70.85695231743875,5.882875154646792,0.012580629428544361,16.46728093111633,136.021063824229,103.82466025548153,0.026970728446411393,114.66868535310678,5.586878768828729,0.010641620262510138,13.660708909730054
70.89029676558813,5.880406575468207,0.01259353752928382,16.461990378441328,135.9340378298088,103.73754447842917,0.026880945811596238,114.7226470873906,5.583669642754579,0.010653813132125024,13.652834299126527
70.92364121373751,5.877936499430029,0.012606474054610383,16.45669711073675,135.84699530913812,103.65041247399522,0.026791462053451388,114.77660882167442,5.580458684158598,0.010666033925688424,13.644955175984434
70.9569856618869,5.875464923711233,0.012619439098589202,16.451401123417067,135.7599362303011,103.56326420928312,0.02670227617704876,114.83057055595822,5.577245889905161,0.010678282739128634,13.637071532555156
70.99033011003628,5.872991845482487,0.012632432755714403,16.446102411884052,135.6728605613089,103.47609965131139,0.02661338719077237,114.88453229024203,5.57403125684969,0.010690559668810407,13.62918336106788
71.02367455818566,5.870517261906137,0.012645455120907072,16.4408009715267,135.58576827009674,103.38891876701379,0.02652479410630707,114.93849402452585,5.570814781838627,0.010702864811537698,13.621290653729545
71.05701900633505,5.868041170136149,0.012658506289521415,16.43549679772116,135.49865932449276,103.30172152323846,0.02643649593862774,114.99245575880967,5.567596461709422,0.01071519826456731,13.613393402724743
71.09036345448443,5.865563567318085,0.012671586357344732,16.430189885830742,135.41153369223443,103.21450788674778,0.026348491705988384,115.04641749309349,5.564376293290459,0.010727560125596846,13.605491600215629
71.12370790263381,5.863084450589065,0.012684695420602288,16.42488023120579,135.32439134098112,103.12727782421784,0.02626078042991109,115.1003792273773,5.56115427340105,0.010739950492775424,13.597585238341823
71.1570523507832,5.860603817077721,0.012697833575957721,16.419567829183677,135.23723223829043,103.04003130223788,0.02617336113517511,115.15434096166112,5.557930398851378,0.01075236946470648,13.589674309220333
71.19039679893258,5.858121663904182,0.012711000920515882,16.414252675088743,135.15005635164968,102.9527682873105,0.02608623284980624,115.20830269594492,5.554704666442474,0.010764817140443512,13.581758804945453
71.22374124708196,5.855637988180013,0.012724197551825953,16.408934764232235,135.0628636484396,102.86548874585063,0.02599939460506581,115.26226443022874,5.551477072966167,0.010777293619498814,13.573838717588664
71.25708569523135,5.853152787008192,0.012737423567883667,16.403614091912257,134.97565409594299,102.77819264418528,0.025912845435439893,115.31622616451256,5.548247615205065,0.010789799001849669,13.565914039198574
71.29043014338073,5.850666057483066,0.012750679067135035,16.39829065341371,134.888427661368,102.69087994855333,0.025826584378628826,115.37018789879637,5.545016289932502,0.010802333387930761,13.557984761800785
71.32377459153011,5.848177796690328,0.012763964148475738,16.392964444008257,134.80118431182066,102.60355062510521,0.025740610475536184,115.42414963308019,5.54178309391251,0.010814896878645288,13.550050877397839
71.3571190396795,5.84568800170695,0.012777278911257118,16.38763545895424,134.7139240143214,102.51620463990179,0.025654922770258316,115.47811136736401,5.538548023899781,0.010827489575364878,13.542112377969088
71.39046348782888,5.843196669601177,0.012790623455286327,16.38230369349666,134.6266467357972,102.42884195891486,0.02556952031007376,115.53207310164782,5.5353110766396085,0.01084011157992656,13.534169255470614
71.42380793597826,5.84070379743247,0.012803997880832063,16.37696914286708,134.5393524430728,102.34146254802623,0.025484402145432412,115.58603483593163,5.532072248867888,0.010852762994647082,13.52622150183516
71.45715238412764,5.83820938225147,0.012817402288622649,16.371631802283606,134.4520411028926,102.25406637302726,0.025399567329945243,115.63999657021544,5.528831537311049,0.010865443922318719,13.51826910897198
71.49049683227703,5.8357134210999675,0.012830836779852677,16.366291666950822,134.36471268189246,102.16665339961887,0.025315014920373524,115.69395830449926,5.525588938686022,0.010878154466210443,13.510312068766803
71.52384128042641,5.833215911010853,0.012844301456183007,16.360948732059715,134.2773671466243,102.07922359341052,0.025230743976618626,115.74792003878308,5.522344449700213,0.010890894730076534,13.502350373081704
71.55718572857579,5.830716849008091,0.01285779641974641,16.355602992787656,134.19000446354798,101.99177691992053,0.025146753561711258,115.8018817730669,5.51909806705145,0.01090366481815381,13.494384013755003
71.59053017672518,5.828216232106667,0.012871321773146791,16.350254444298294,134.10262459902597,101.90431334457489,0.02506304274180126,115.85584350735071,5.515849787427941,0.010916464835162731,13.486412982601177
71.62387462487456,5.8257140573125525,0.012884877619464285,16.344903081741556,134.0152275193137,101.81683283270726,0.02497961058614722,115.90980524163453,5.51259960750826,0.010929294886322922,13.478437271410781
71.65721907302394,5.82321032162267,0.012898464062256773,16.33954890025354,133.92781319058196,101.7293353495584,0.02489645616710594,115.96376697591833,5.509347523961279,0.010942155077341337,13.47045687195032
71.69056352117333,5.8207050220248515,0.01291208120556388,16.33419189495648,133.84038157890612,101.64182086027598,0.02481357856012231,116.01772871020215,5.506093533446144,0.010955045514422519,13.462471775962157
71.72390796932271,5.818198155497804,0.012925729153909198,16.32883206095871,133.7529326502629,101.55428932991413,0.02473097684371902,116.07169044448597,5.502837632612229,0.01096796630427247,13.454481975164441
71.75725241747209,5.815689719011048,0.012939408012301841,16.323469393354554,133.66546637052735,101.4667407234324,0.024648650099486157,116.12565217876978,5.499579818099102,0.010980917554094654,13.446487461250964
71.79059686562148,5.813179709524902,0.012953117886241051,16.318103887224314,133.57798270547926,101.37917500569606,0.024566597412071095,116.1796139130536,5.496320086536472,0.010993899371598163,13.438488225891087
71.82394131377086,5.8106681239904265,0.012966858881717894,16.312735537634186,133.49048162079882,101.29159214147526,0.024484817869168427,116.23357564733742,5.493058434544173,0.011006911865005539,13.430484260729653
71.85728576192024,5.808154959349401,0.012980631105220094,16.307364339636226,133.4029630820765,101.20399209544513,0.024403310561509645,116.28753738162123,5.489794858732094,0.011019955143044713,13.42247555738685
71.89063021006962,5.805640212534254,0.012994434663731135,16.301990288268254,133.31542705479333,101.11637483218433,0.024322074582853053,116.34149911590504,5.486529355700164,0.01103302931496062,13.414462107458137
71.92397465821901,5.8031238804680445,0.013008269664736886,16.296613378553833,133.22787350433816,101.02874031617549,0.024241109029973777,116.39546085018885,5.483261922038291,0.011046134490515511,13.406443902514132
71.95731910636839,5.800605960064412,0.013022136216225898,16.291233605502175,133.1403023959939,100.94108851180434,0.024160413002653758,116.44942258447267,5.4799925543263255,0.011059270779986226,13.398420934100496
71.99066355451777,5.798086448227545,0.013036034426695577,16.285850964108104,133.0527136949474,100.85341938335974,0.024079985603671538,116.50338431875649,5.476721249134032,0.011072438294179143,13.39039319373786
72.02400800266716,5.795565341852123,0.013049964405150603,16.280465449352008,132.9651073662843,100.76573289503256,0.02399982593879243,116.5573460530403,5.473448003021032,0.011085637144425585,13.382360672921699
72.05735245081654,5.793042637823282,0.013063926261109887,16.275077056199738,132.8774833749933,100.6780290109156,0.023919933116758652,116.61130778732412,5.470172812536768,0.011098867442584216,13.374323363122231
72.09069689896592,5.790518333016575,0.013077920104606856,16.269685779602572,132.78984168594727,100.59030769500316,0.02384030624927927,116.66526952160794,5.46689567422047,0.011112129301049618,13.36628125578432
72.12404134711531,5.787992424297925,0.013091946046195416,16.264291614497157,132.70218226392979,100.50256891119051,0.023760944451020297,116.71923125589174,5.463616584601087,0.011125422832749367,13.358234342327362
72.15738579526469,5.785464908523584,0.013106004196949768,16.258894555805437,132.61450507362844,100.4148126232734,0.023681846839595063,116.77319299017556,5.460335540197268,0.011138748151146684,13.350182614145163
72.19073024341407,5.782935782540084,0.01312009466846946,16.253494598434585,132.52681007960237,100.32703879494747,0.023603012535554205,116.82715472445938,5.457052537517321,0.011152105370255504,13.342126062605878
72.22407469156346,5.780405043184207,0.013134217572881527,16.24809173727698,132.43909724634116,100.23924738980826,0.023524440662375884,116.8811164587432,5.453767573059154,0.011165494604628706,13.334064679051858
72.25741913971284,5.777872687282936,0.013148373022844703,16.242685967210093,132.3513665381959,100.15143837135041,0.023446130346456262,116.93507819302701,5.450480643310242,0.011178915969369898,13.325998454799576
72.29076358786222,5.775338711653393,0.013162561131552217,16.23727728309644,132.26361791944387,100.06361170296682,0.023368080717099473,116.98903992731083,5.44719174474758,0.011192369580136462,13.317927381139484
72.32410803601161,5.772803113102823,0.013176782012733326,16.231865679783535,132.1758513542297,99.97576734794893,0.023290290906508183,117.04300166159464,5.443900873837638,0.011205855553135689,13.30985144933594
72.35745248416099,5.77026588842853,0.01319103578065862,16.22645115210383,132.08806680662565,99.88790526948569,0.023212760049773906,117.09696339587845,5.440608027036317,0.011219374005136307,13.301770650627063
72.39079693231037,5.767727034417847,0.013205322550141929,16.22103369487461,132.00026424056867,99.80002543066348,0.023135487284867234,117.15092513016226,5.437313200788912,0.011232925053472185,13.29368497622466
72.42414138045974,5.765186547848079,0.01321964243654562,16.215613302897975,131.91244361990783,99.71212779446535,0.023058471752628457,117.20488686444608,5.434016391530058,0.011246508816037823,13.28559441731408
72.45748582860914,5.7626444254864575,0.013233995555779865,16.21018997096075,131.8246049083653,99.62421232377042,0.02298171259675781,117.2588485987299,5.430717595683701,0.011260125411299948,13.277498965054134
72.49083027675852,5.760100664090109,0.013248382024309833,16.204763693834426,131.73674806958184,99.53627898135395,0.022905208963806212,117.31281033301372,5.427416809663023,0.011273774958296385,13.269398610576959
72.5241747249079,5.757555260405992,0.013262801959156295,16.199334466275104,131.64887306707584,99.44832772988613,0.022828960003165463,117.36677206729753,5.424114029870419,0.0112874575766354,13.261293344987907
72.55751917305729,5.7550082111708685,0.013277255477902218,16.1939022830234,131.56097986425536,99.36035853193235,0.022752964867059012,117.42073380158135,5.420809252697465,0.011301173386513015,13.253183159365454
72.59086362120667,5.752459513111237,0.013291742698691463,16.188467138804427,131.47306842443575,99.27237134995191,0.022677222710532536,117.47469553586515,5.417502474524836,0.01131492250870286,13.245068044761068
72.62420806935604,5.749909162943313,0.013306263740236213,16.183029028327677,131.38513871079542,99.1843661462984,0.02260173269144434,117.52865727014897,5.414193691722284,0.011328705064565195,13.236947992199081
72.65755251750544,5.7473571573729485,0.013320818721817609,16.17758794628699,131.29719068644206,99.09634288321817,0.022526493970456186,117.58261900443279,5.410882900648597,0.011342521176052724,13.228822992676617
72.69089696565482,5.744803493095622,0.013335407763292216,16.172143887360477,131.2092243143286,99.00830152285099,0.022451505711023972,117.6365807387166,5.4075700976515275,0.011356370965706838,13.220693037163432
72.7242414138042,5.742248166796366,0.013350030985091832,16.166696846210446,131.12123955733975,98.92024202722868,0.022376767079388255,117.69054247300042,5.404255279067764,0.011370254556666098,13.212558116601812
72.75758586195359,5.739691175149718,0.013364688508229632,16.161246817483327,131.03323637821882,98.83216435827467,0.02230227724456509,117.74450420728424,5.400938441222893,0.011384172072675319,13.204418221906476
72.79093031010296,5.737132514819701,0.013379380454301959,16.155793795809647,130.94521473961927,98.74406847780429,0.02222803537833689,117.79846594156804,5.397619580431327,0.011398123638077764,13.196273343964432
72.82427475825234,5.734572182459736,0.01339410694549374,16.150337775803894,130.8571746040619,98.65595434752308,0.02215404065524304,117.85242767585186,5.394298692996275,0.011412109377827793,13.188123473634867
72.85761920640172,5.732010174712626,0.013408868104580573,16.144878752064518,130.76911593396233,98.56782192902723,0.022080292252570775,117.90638941013567,5.390975775209688,0.011426129417491266,13.179968601749039
72.89096365455111,5.7294464882104945,0.013423664054932009,16.1394167191738,130.68103869164472,98.47967118380271,0.02200678935034607,117.96035114441949,5.387650823352206,0.011440183883243703,13.171808719110132
72.9243081027005,5.726881119574734,0.013438494920516098,16.133951671697826,130.59294283928114,98.39150207322467,0.02193353113132459,118.01431287870331,5.384323833693132,0.01145427290188734,13.16364381649317
72.95765255084987,5.7243140654159586,0.013453360825902703,16.128483604186393,130.50482833896544,98.30331455855693,0.02186051678098239,118.06827461298712,5.380994802490349,0.011468396600844193,13.155473884644861
72.99099699899926,5.721745322333961,0.013468261896268225,16.12301251117295,130.41669515265838,98.21510860095168,0.02178774548750701,118.12223634727094,5.377663725990305,0.01148255510816216,13.14729891428351
73.02434144714864,5.7191748869176635,0.013483198257396134,16.117538387174534,130.32854324220213,98.12688416144901,0.021715216441788514,118.17619808155474,5.374330600427943,0.01149674855252291,13.139118896098871
73.05768589529802,5.716602755745049,0.013498170035684046,16.11206122669166,130.24037256932837,98.03864120097566,0.021642928837410348,118.23015981583856,5.370995422026657,0.011510977063238526,13.130933820752029
73.09103034344741,5.714028925383137,0.013513177358145253,16.10658102420831,130.1521830956683,97.9503796803455,0.021570881870640372,118.28412155012238,5.367658186998233,0.011525240770258518,13.12274367887527
73.1243747915968,5.7114533923879165,0.013528220352415271,16.101097774191814,130.0639747827085,97.86209956025832,0.021499074740422102,118.3380832844062,5.36431889154283,0.01153953980418149,13.114548461071998
73.15771923974617,5.708876153304298,0.013543299146751123,16.095611471092795,129.9757475918421,97.77380080129944,0.021427506648365624,118.39204501869001,5.360977531848893,0.011553874296246285,13.106348157916546
73.19106368789556,5.706297204666065,0.013558413870039343,16.090122109345078,129.88750148433292,97.68548336393923,0.021356176798738725,118.44600675297383,5.357634104093121,0.011568244378345029,13.098142759954104
73.22440813604494,5.703716542995825,0.013573564651796943,16.08462968336566,129.7992364213258,97.59714720853275,0.021285084398458217,118.49996848725765,5.354288604440424,0.011582650183024517,13.08993225770057
73.25775258419432,5.701134164804958,0.013588751622178725,16.079134187554594,129.71095236385437,97.50879229531895,0.02121422865708089,118.55393022154145,5.35094102904384,0.011597091843484151,13.0817166416424
73.29109703234371,5.698550066593543,0.013603974911976468,16.073635616294922,129.62264927282942,97.42041858441982,0.021143608786794877,118.60789195582527,5.347591374044528,0.011611569493592901,13.073495902236536
73.32444148049309,5.695964244850347,0.01361923465262682,16.06813396395263,129.53432710902857,97.33202603584076,0.021073224002410903,118.66185369010908,5.3442396355716815,0.011626083267883917,13.065270029910225
73.35778592864247,5.693376696052736,0.013634530976212623,16.062629224876524,129.4459858331393,97.2436146094691,0.02100307352135341,118.7158154243929,5.340885809742492,0.011640633301559818,13.057039015060928
73.39113037679185,5.690787416666638,0.013649864015469892,16.05712139339821,129.35762540570053,97.15518426507407,0.020933156563652012,118.76977715867672,5.337529892662095,0.011655219730501489,13.048802848056162
73.42447482494124,5.688196403146491,0.013665233903788248,16.051610463831967,129.26924578714429,97.06673496230604,0.0208634723519327,118.82373889296053,5.334171880423516,0.011669842691264858,13.04056151923338
73.45781927309062,5.685603651935178,0.013680640775217466,16.04609643047471,129.18084693776984,96.97826666069591,0.020794020111409368,118.87770062724435,5.330811769107609,0.011684502321088273,13.032315018899839
73.49116372124,5.68300915946399,0.0136960847644701,16.04057928760589,129.09242881777595,96.88977931965482,0.020724799069874962,118.93166236152815,5.32744955478303,0.011699198757904547,13.02406333733248
73.52450816938939,5.680412922152558,0.013711566006927299,16.035059029487428,129.0039913872066,96.8012728984733,0.020655808457693086,118.98562409581197,5.3240852335061515,0.011713932140332374,13.015806464777771
73.55785261753877,5.677814936408809,0.013727084638641508,16.029535650363638,128.91553460600423,96.71274735632089,0.020587047507789426,119.03958583009579,5.320718801321035,0.011728702607689882,13.007544391451594
73.59119706568815,5.675215198628899,0.013742640796340461,16.024009144461136,128.82705843398094,96.62420265224536,0.020518515455643073,119.0935475643796,5.317350254259361,0.011743510299996011,12.999277107539108
73.62454151383754,5.672613705197165,0.013758234617432148,16.018479505988772,128.73856283082338,96.53563874517212,0.020450211539278177,119.14750929866342,5.313979588340371,0.011758355357968918,12.991004603194586
73.65788596198692,5.670010452486082,0.013773866240008991,16.012946729137568,128.6500477560938,96.44705559390427,0.020382134999255466,119.20147103294724,5.310606799570833,0.011773237923044137,12.982726868541327
73.6912304101363,5.667405436856178,0.013789535802852805,16.007410808080603,128.56151316923098,96.3584531571209,0.020314285078663695,119.25543276723106,5.307231883944976,0.01178815813736781,12.974443893671486
73.72457485828569,5.664798654656002,0.013805243445436415,16.001871736972955,128.472959029547,96.26983139337733,0.020246661023111262,119.30939450151486,5.303854837444426,0.011803116143804028,12.966155668645946
73.75791930643507,5.66219010222207,0.013820989307930824,15.996329509951622,128.38438529621268,96.18119026110472,0.020179262080717977,119.36335623579868,5.300475656038167,0.011818112085943057,12.957862183494173
73.79126375458445,5.659579775878781,0.013836773531207961,15.990784121135441,128.29579192829945,96.09252971860833,0.020112087502106493,119.4173179700825,5.29709433568247,0.011833146108098158,12.949563428214086
73.82460820273383,5.6569676719383954,0.013852596256847297,15.985235564624999,128.2071788847183,96.00384972406835,0.020045136540394044,119.47127970436631,5.293710872320841,0.011848218355315144,12.941259392771912
73.85795265088322,5.654353786700947,0.013868457627136201,15.979683834502545,128.11854612427803,95.915150235538,0.01997840845118418,119.52524143865013,5.2903252618839804,0.011863328973382365,12.932950067102055
73.8912970990326,5.651738116454205,0.01388435778507823,15.974128924831943,128.02989360564413,95.82643121094398,0.01991190249255853,119.57920317293394,5.286937500289702,0.011878478108824059,12.924635441106938
73.92464154718198,5.649120657473609,0.013900296874395122,15.968570829658548,127.94122128734969,95.73769260808518,0.019845617925068393,119.63316490721776,5.283547583442894,0.011893665908914252,12.916315504656872
73.95798599533137,5.646501406022213,0.013916275039534512,15.96300954300915,127.85252912781345,95.64893438463248,0.01977955401172661,119.68712664150156,5.280155507235455,0.011908892521677232,12.907990247589924
73.99133044348075,5.643880358350618,0.013932292425669705,15.957445058891874,127.76381708529821,95.5601564981277,0.019713710017999465,119.74108837578538,5.276761267546225,0.01192415809588774,12.899659659711727
74.02467489163013,5.64125751069693,0.013948349178708495,15.951877371296113,127.67508511796491,95.47135890598356,0.01964808521179838,119.7950501100692,5.27336486024095,0.011939462781090041,12.891323730795401
74.05801933977952,5.6386328592866795,0.013964445445294984,15.946306474192422,127.58633318381172,95.38254156548243,0.01958267886347175,119.84901184435302,5.269966281172208,0.01195480672758854,12.882982450581363
74.0913637879289,5.6360064003327865,0.013980581372817547,15.940732361532469,127.4975612407211,95.2937044337764,0.019517490245797024,119.90297357863683,5.266565526179359,0.011970190086459156,12.874635808777187
74.12470823607828,5.633378130035471,0.013996757109409109,15.9351550272489,127.40876924644331,95.20484746788581,0.019452518633972432,119.95693531292065,5.263162591088481,0.011985613009555595,12.866283795057473
74.15805268422767,5.63074804458222,0.014012972803955578,15.929574465255298,127.31995715858311,95.11597062469949,0.01938776330560894,120.01089704720447,5.259757471712298,0.01200107564950628,12.857926399063677
74.19139713237705,5.62811614014771,0.014029228606098038,15.923990669446077,127.23112493462297,95.02707386097347,0.019323223540722398,120.06485878148827,5.256350163850149,0.012016578159728071,12.849563610403976
74.22474158052643,5.625482412893751,0.014045524666240625,15.918403633696395,127.14227253189893,94.9381571333307,0.01925889862172528,120.11882051577209,5.252940663287907,0.012032120694431091,12.84119541865312
74.25808602867582,5.622846858969225,0.01406186113555178,15.912813351862063,127.05339990761605,94.84922039826023,0.019194787833418877,120.1727822500559,5.249528965797923,0.012047703408616554,12.832821813352277
74.2914304768252,5.620209474510025,0.014078238165971558,15.90721981777948,126.96450701884402,94.76026361211674,0.019130890462985356,120.22674398433972,5.246115067138973,0.01206332645809023,12.824442784008882
74.32477492497458,5.6175702556389915,0.01409465591021512,15.901623025265517,126.87559382251187,94.67128673111978,0.019067205799979677,120.28070571862354,5.24269896305618,0.012078989999461097,12.816058320096477
74.35811937312396,5.61492919846585,0.014111114521779655,15.896022968117435,126.7866602754079,94.58228971135306,0.019003733136321872,120.33466745290735,5.239280649280962,0.012094694190145572,12.807668411054562
74.39146382127335,5.612286299087141,0.014127614154947336,15.890419640112812,126.69770633418904,94.49327250876371,0.018940471766289026,120.38862918719117,5.235860121530982,0.012110439188385076,12.799273046288462
74.42480826942273,5.6096415535861714,0.014144154964790899,15.884813035009445,126.60873195536759,94.40423507916202,0.01887742098650759,120.44259092147497,5.232437375510068,0.012126225153236012,12.79087221516914
74.4581527175721,5.606994958032945,0.014160737107178897,15.879203146545246,126.5197370953147,94.3151773782206,0.01881458009594538,120.49655265575879,5.229012406908156,0.012142052244584409,12.782465907033053
74.4914971657215,5.604346508484085,0.014177360738781355,15.87358996843816,126.43072171026797,94.22609936147325,0.018751948395903908,120.55051439004261,5.2255852114012376,0.0121579206231495,12.774054111182007
74.52484161387088,5.6016962009827935,0.014194026017074701,15.86797349438609,126.341685756316,94.13700098431518,0.018689525190010627,120.60447612432642,5.2221557846512665,0.012173830450481907,12.765636816882976
74.55818606202025,5.599044031558762,0.014210733100345471,15.862353718066785,126.25262918941131,94.04788220200138,0.018627309784211045,120.65843785861024,5.218724122306137,0.012189781888982683,12.757214013367967
74.59153051016965,5.596389996228125,0.014227482147697323,15.856730633137747,126.16355196535066,93.95874296964669,0.018565301486761148,120.71239959289406,5.215290219999593,0.0122057751018992,12.748785689833854
74.62487495831903,5.59373409099338,0.014244273319055588,15.851104233236157,126.07445403981119,93.86958324222462,0.018503499608219714,120.76636132717788,5.211854073351161,0.012221810253331827,12.740351835442192
74.6582194064684,5.591076311843341,0.014261106775173848,15.845474511978757,125.9853353682964,93.78040297456721,0.018441903461440513,120.82032306146168,5.208415677966112,0.012237887508244054,12.731912439319107
74.6915638546178,5.588416654753041,0.014277982677636143,15.839841462961777,125.89619590619132,93.6912021213635,0.01838051236156475,120.8742847957455,5.204975029435353,0.01225400703245996,12.723467490555073
74.72490830276718,5.585755115683697,0.014294901188865505,15.834205079760833,125.80703560872716,93.60198063715977,0.01831932562601353,120.92824653002931,5.201532123335404,0.012270168992675424,12.715016978204794
74.75825275091655,5.5830916905826244,0.014311862472127637,15.82856535593082,125.71785443097413,93.51273847635825,0.01825834257448015,120.98220826431313,5.198086955228316,0.012286373556468413,12.706560891287031
74.79159719906593,5.5804263753831735,0.014328866691538706,15.822922285005847,125.62865232788246,93.42347559321655,0.018197562528922535,121.03616999859695,5.1946395206615925,0.01230262089229399,12.698099218784419
74.82494164721533,5.577759166004658,0.014345914012066707,15.817275860499098,125.53942925422446,93.33419194184694,0.018136984813555766,121.09013173288076,5.191189815168144,0.012318911169499451,12.689631949643319
74.8582860953647,5.575090058352299,0.014363004599540957,15.811626075902783,125.45018516465237,93.24488747621592,0.0180766087548446,121.14409346716458,5.187737834266208,0.012335244558324637,12.68115907277364
74.89163054351408,5.572419048317135,0.014380138620655219,15.805972924687993,125.36092001365199,93.15556215014294,0.018016433681495827,121.19805520144838,5.184283573459274,0.012351621229904988,12.672680577048668
74.92497499166348,5.569746131775973,0.014397316242976514,15.800316400304636,125.27163375556744,93.06621591730024,0.017956458924450906,121.2520169357322,5.180827028236042,0.012368041356291258,12.664196451304914
74.95831943981285,5.567071304591308,0.014414537634945875,15.794656496181338,125.18232634458447,92.9768487312119,0.0178966838168786,121.30597867001602,5.177368194070326,0.012384505110439804,12.655706684341931
74.99166388796223,5.564394562611251,0.014431802965888613,15.788993205725312,125.0929977347502,92.88746054525296,0.017837107694167426,121.35994040429983,5.173907066421005,0.01240101266622764,12.64721126492214
75.02500833611163,5.561715901669464,0.014449112406017074,15.7833265223223,125.00364787994468,92.79805131264894,0.017777729893918286,121.41390213858365,5.170443640731947,0.012417564198457305,12.63871018177067
75.058352784261,5.55903531758509,0.014466466126440066,15.777656439336447,124.914276733911,92.7086209864751,0.017718549755937216,121.46786387286747,5.1669779124319275,0.012434159882855348,12.630203423575157
75.09169723241038,5.55635280616267,0.01448386429916377,15.771982950110194,124.8248842502242,92.61916951965534,0.017659566622227927,121.52182560715129,5.163509876934584,0.012450799896092012,12.621690978985615
75.12504168055978,5.553668363192086,0.014501307097101917,15.766306047964205,124.73547038232039,92.529696864962,0.017600779836984493,121.57578734143509,5.160039529638327,0.012467484415778265,12.613172836614224
75.15838612870915,5.5509819844484785,0.014518794694078886,15.760625726197247,124.64603508346094,92.4402029750147,0.017542188746584184,121.6297490757189,5.156566865926277,0.012484213620472983,12.604648985035153
75.19173057685853,5.548293665692177,0.014536327264839277,15.754941978086077,124.55657830676951,92.35068780227981,0.017483792699580007,121.68371081000272,5.153091881166188,0.012500987689693889,12.596119412784416
75.22507502500791,5.5456034026686245,0.01455390498504922,15.749254796885364,124.46710000521308,92.26115129906948,0.017425591046693646,121.73767254428654,5.149614570710381,0.012517806803915437,12.587584108359652
75.2584194731573,5.542911191108304,0.014571528031306461,15.74356417582756,124.37760013159122,92.17159341754105,0.01736758314080809,121.79163427857036,5.146134929895669,0.012534671144581873,12.579043060219972
75.29176392130668,5.540217026726673,0.014589196581143766,15.737870108122824,124.28807863855081,92.08201410969639,0.01730976833696059,121.84559601285417,5.142652954043291,0.012551580894116704,12.570496256785777
75.32510836945606,5.53752090522407,0.01460691081303858,15.732172586958885,124.19853547858095,91.9924133273808,0.017252145992335374,121.89955774713799,5.139168638458826,0.01256853623591975,12.561943686438553
75.35845281760545,5.534822822285657,0.014624670906414916,15.726471605500947,124.10897060400877,91.90279102228249,0.017194715466256477,121.9535194814218,5.135681978432138,0.012585537354382826,12.553385337520735
75.39179726575483,5.532122773581339,0.014642477041653078,15.720767156891618,124.01938396700493,91.81314714593185,0.017137476120180798,122.00748121570561,5.1321929692372805,0.012602584434889758,12.544821198335459
75.42514171390421,5.529420754765677,0.014660329400093774,15.71505923425074,123.92977551957298,91.72348164970028,0.017080427317690747,122.06144294998943,5.128701606132432,0.012619677663822352,12.536251257146418
75.4584861620536,5.5267167614778225,0.014678228164047439,15.709347830675322,123.84014521356522,91.63379448479974,0.017023568424487368,122.11540468427324,5.125207884359839,0.012636817228579001,12.527675502177692
75.49183061020298,5.52401078934145,0.0146961735167971,15.703632939239432,123.75049300066505,91.54408560228224,0.01696689880838325,122.16936641855706,5.121711799145713,0.012654003317566536,12.519093921613509
75.52517505835236,5.521302833964652,0.014714165642607416,15.697914552994076,123.66081883238985,91.4543549530383,0.01691041783929538,122.22332815284088,5.118213345700164,0.01267123612021674,12.510506503598101
75.55851950650175,5.51859289093988,0.014732204726729772,15.692192664967077,123.5711226600965,91.36460248779656,0.01685412488923826,122.27728988712468,5.114712519217141,0.012688515826990217,12.501913236235495
75.59186395465113,5.515880955843865,0.014750290955410953,15.686467268163007,123.48140443498193,91.27482815712308,0.016798019332316942,122.3312516214085,5.111209314874325,0.012705842629377132,12.493314107589311
75.62520840280051,5.51316702423753,0.014768424515897502,15.680738355563024,123.39166410806753,91.18503191142032,0.01674210054471994,122.38521335569231,5.107703727833076,0.012723216719919554,12.484709105682603
75.6585528509499,5.510451091665929,0.014786605596443535,15.675005920124793,123.30190163021412,91.09521370092668,0.016686367904712358,122.43917508997613,5.104195753238355,0.01274063829220413,12.476098218497633
75.69189729909928,5.5077331536581315,0.014804834386317064,15.66926995478237,123.21211695211521,91.00537347571483,0.016630820792629078,122.49313682425995,5.100685386218625,0.012758107540875765,12.467481433975694
75.72524174724866,5.505013205727182,0.014823111075808304,15.66353045244608,123.12231002429202,90.915511185692,0.016575458590867724,122.54709855854377,5.097172621885807,0.012775624661645819,12.458858740016924
75.75858619539804,5.502291243369994,0.014841435856234923,15.657787406002406,123.03248079710538,90.82562678059834,0.016520280683881828,122.60106029282758,5.093657455335158,0.012793189851290774,12.450230124480063
75.79193064354743,5.499567262067273,0.01485980891994916,15.652040808313878,122.94262922073821,90.73572021000635,0.016465286458174033,122.65502202711139,5.090139881645233,0.012810803307671667,12.441595575182317
75.82527509169681,5.496841257283436,0.01487823046034522,15.646290652218955,122.85275524520716,90.64579142332005,0.016410475302289295,122.7089837613952,5.086619895877778,0.012828465229735497,12.432955079899116
75.85861953984619,5.494113224466536,0.014896700671867056,15.640536930531916,122.76285882036039,90.55584036977422,0.01635584660680797,122.76294549567902,5.083097493077663,0.012846175817520648,12.424308626363933
75.89196398799558,5.491383159048165,0.014915219750014802,15.63477963604273,122.67293989586169,90.4658669984334,0.016301399764339097,122.81690722996284,5.079572668272799,0.01286393527217044,12.415656202268076
75.92530843614496,5.488651056443379,0.01493378789135102,15.62901876151695,122.582998421217,90.37587125819105,0.01624713416951373,122.87086896424665,5.076045416474044,0.012881743795931986,12.406997795260473
75.95865288429434,5.485916912050606,0.014952405293509273,15.623254299695596,122.49303434574126,90.28585309776858,0.016193049218978094,122.92483069853047,5.072515732675143,0.012899601592170077,12.398333392947489
75.99199733244373,5.4831807212515775,0.014971072155201317,15.61748624329502,122.40304761859328,90.19581246571491,0.016139144311386855,122.97879243281429,5.06898361185263,0.012917508865378239,12.389662982892718
76.02534178059311,5.480442479411221,0.014989788676224662,15.611714585006816,122.31303818874756,90.10574931040503,0.0160854188473966,123.03275416709809,5.065449048965754,0.012935465821176882,12.380986552616763
76.05868622874249,5.477702181877595,0.015008555057468233,15.605939317497665,122.22300600500041,90.01566358003969,0.016031872229659,123.08671590138191,5.061912038956385,0.012953472666330382,12.372304089597032
76.09203067689188,5.474959823981782,0.015027371500921725,15.600160433409235,122.13295101597292,89.92555522264387,0.0159785038628142,123.14067763566572,5.058372576748943,0.012971529608747593,12.363615581267531
76.12537512504126,5.472215401037825,0.015046238209682664,15.594377925358069,122.04287317010308,89.83542418606672,0.015925313153484343,123.19463936994954,5.054830657250297,0.012989636857490558,12.354921015018656
76.15871957319064,5.469468908342614,0.01506515538796473,15.588591785935439,121.95277241565844,89.74527041797963,0.01587229951026675,123.24860110423336,5.0512862753497005,0.013007794622792845,12.346220378196984
76.19206402134002,5.466720341175818,0.015084123241102972,15.582802007707231,121.86264870072569,89.65509386587635,0.015819462343727532,123.30256283851718,5.047739425918696,0.013026003116053423,12.337513658105042
76.22540846948941,5.4639696947997844,0.015103141975564047,15.577008583213825,121.77250197319732,89.56489447707135,0.015766801066394893,123.35652457280099,5.044190103811027,0.013044262549854899,12.328800842001124
76.25875291763879,5.461216964459463,0.01512221179895302,15.571211504969977,121.68233218079821,89.47467219869948,0.015714315092752753,123.4104863070848,5.040638303862553,0.01306257313796698,12.320081917099042
76.29209736578817,5.458462145382296,0.01514133292002252,15.565410765464673,121.59213927106757,89.3844269777145,0.0156620038392341,123.46444804136861,5.037084020891154,0.013080935095350727,12.311356870567911
76.32544181393756,5.455705232778144,0.015160505548677582,15.55960635716102,121.5019231913556,89.29415876088848,0.015609866724214527,123.51840977565243,5.033527249696666,0.013099348638181482,12.302625689531967
76.35878626208694,5.452946221839189,0.015179729895986642,15.553798272496113,121.41168388883311,89.20386749481085,0.015557903168005875,123.57237150993625,5.0299679850607735,0.013117813983841375,12.293888361070303
76.39213071023632,5.450185107739843,0.015199006174188269,15.54798650388091,121.32142131048589,89.11355312588749,0.015506112592849612,123.62633324422006,5.026406221746927,0.013136331350937202,12.285144872216682
76.42547515838571,5.447421885636657,0.015218334596700888,15.5421710437001,121.23113540310847,89.02321560033968,0.015454494422910548,123.68029497850388,5.022841954500255,0.013154900959306806,12.27639520995929
76.45881960653509,5.444656550668225,0.015237715378127573,15.536351884311971,121.14082611331256,88.93285486420324,0.01540304808427042,123.7342567127877,5.019275178047463,0.013173523030020581,12.267639361240505
76.49216405468447,5.441889097955088,0.01525714873426759,15.530529018048293,121.05049338751401,88.84247086332732,0.015351773004921396,123.7882184470715,5.015705887096763,0.01319219778540588,12.258877312956722
76.52550850283386,5.439119522599653,0.015276634882123174,15.524702437214167,120.96013717194886,88.75206354337404,0.015300668614759842,123.84218018135532,5.012134076337762,0.013210925449041606,12.250109051958056
76.55885295098324,5.436347819686085,0.015296174039909741,15.518872134087912,120.8697574126628,88.66163284981694,0.015249734345579972,123.89614191563913,5.008559740441392,0.013229706245773408,12.241334565048165
76.59219739913262,5.433573984280216,0.015315766427060814,15.513038100920912,120.77935405550264,88.57117872794035,0.01519896963106743,123.95010364992295,5.004982874059801,0.013248540401723529,12.232553838984007
76.62554184728201,5.430798011429446,0.015335412264239904,15.5072003299375,120.68892704612156,88.48070112283807,0.015148373906793062,124.00406538420677,5.001403471826259,0.013267428144290895,12.223766860475589
76.65888629543139,5.428019896162651,0.015355111773347493,15.501358813334827,120.59847632999563,88.39019997941278,0.015097946610206702,124.05802711849059,4.997821528355078,0.013286369702174193,12.214973616185757
76.69223074358077,5.425239633490088,0.015374865177531711,15.495513543282701,120.50800185238846,88.299675242375,0.01504768718063081,124.1119888527744,4.994237038241515,0.013305365305371835,12.206174092729958
76.72557519173014,5.42245721840329,0.015394672701193348,15.489664511923479,120.41750355837691,88.20912685624182,0.014997595059254258,124.1659505870582,4.990649996061668,0.013324415185192328,12.197368276676004
76.75891963987954,5.419672645874964,0.015414534569998228,15.483811711371906,120.32698139283724,88.11855476533599,0.014947669689126168,124.21991232134202,4.987060396372393,0.013343519574267866,12.188556154543816
76.79226408802892,5.41688591085891,0.015434451010884224,15.477955133715003,120.23643530046122,88.02795891378528,0.014897910515149725,124.27387405562584,4.9834682337111875,0.013362678706554158,12.179737712805204
76.8256085361783,5.4140970082898985,0.015454422252072554,15.472094771011909,120.14586522572834,87.93733924552089,0.01484831698407591,124.32783578990966,4.97987350259613,0.013381892817350893,12.17091293788363
76.85895298432769,5.411305933083586,0.015474448523072856,15.466230615293732,120.05527111292253,87.84669570427685,0.014798888544497407,124.38179752419347,4.976276197525747,0.013401162143307672,12.162081816153954
76.89229743247706,5.408512680136407,0.015494530054695945,15.46036265856345,119.96465290612898,87.75602823358889,0.014749624646842542,124.43575925847729,4.97267631297894,0.013420486922429815,12.153244333942196
76.92564188062644,5.405717244325472,0.015514667079061163,15.454490892795718,119.87401054924136,87.66533677679332,0.014700524743369067,124.48972099276111,4.969073843414878,0.01343986739409496,12.14440047752529
76.95898632877584,5.4029196205084675,0.015534859829607959,15.448615309936763,119.78334398592786,87.5746212770261,0.01465158828815807,124.54368272704491,4.965468783272887,0.013459303799053373,12.135550233130829
76.99233077692521,5.400119803523552,0.015555108541101235,15.442735901904218,119.69265315967529,87.48388167722173,0.014602814737108023,124.59764446132873,4.961861126972371,0.013478796379445815,12.12669358693683
77.0256752250746,5.3973177881892465,0.015575413449644526,15.436852660587004,119.60193801375344,87.39311792011219,0.014554203547928607,124.65160619561254,4.9582508689127085,0.013498345378814678,12.11783052507148
77.05901967322399,5.39451356930434,0.015595774792687601,15.430965577845143,119.51119849123788,87.30232994822593,0.014505754180134698,124.70556792989636,4.95463800347314,0.01351795104210622,12.108961033612882
77.09236412137336,5.39170714164778,0.015616192809038358,15.425074645509666,119.4204345349821,87.21151770388703,0.014457466095040478,124.75952966418018,4.951022525012678,0.013537613615689448,12.100085098588808
77.12570856952274,5.388898499978555,0.015636667738868532,15.41917985538241,119.32964608765204,87.12068112921335,0.014409338755753261,124.813491398464,4.947404427869994,0.013557333347357323,12.091202705976427
77.15905301767212,5.386087639035613,0.015657199823727135,15.413281199235914,119.23883309168372,87.02982016611665,0.014361371627167684,124.86745313274781,4.943783706363323,0.013577110486342268,12.08231384170206
77.19239746582151,5.383274553537717,0.015677789306548562,15.407378668813243,119.14799548931902,86.93893475630011,0.014313564175959633,124.92141486703161,4.940160354790367,0.013596945283331689,12.073418491640936
77.2257419139709,5.380459238183383,0.01569843643166458,15.401472255827859,119.05713322257799,86.84802484125873,0.014265915870580443,124.97537660131543,4.936534367428179,0.01361683799046762,12.064516641616908
77.25908636212027,5.377641687650731,0.01571914144481058,15.39556195196345,118.96624623328596,86.757090362277,0.01421842618125088,125.02933833559925,4.932905738533064,0.013636788861367285,12.055608277402209
77.29243081026966,5.374821896597386,0.015739904593139273,15.38964774887378,118.87533446304163,86.66613126042817,0.014171094579955253,125.08330006988307,4.929274462340472,0.013656798151125322,12.04669338471717
77.32577525841904,5.371999859660391,0.01576072612522914,15.383729638182567,118.78439785322485,86.57514747657378,0.014123920540435663,125.13726180416688,4.925640533064884,0.01367686611632757,12.03777194922997
77.35911970656842,5.36917557145606,0.01578160629109682,15.37780761148328,118.6934363450135,86.4841389513615,0.014076903538185978,125.1912235384507,4.922003944899731,0.013696993015069799,12.028843956556374
77.39246415471781,5.366349026579882,0.01580254534220368,15.37188166033902,118.60244987936497,86.39310562522454,0.014030043050446132,125.24518527273452,4.918364692017257,0.013717179106955947,12.019909392259446
77.42580860286719,5.363520219606423,0.0158235435314698,15.365951776282351,118.51143839701562,86.3020474383808,0.013983338556196304,125.29914700701832,4.9147227685684305,0.013737424653119676,12.010968241849302
77.45915305101657,5.360689145089184,0.015844601113283015,15.360017950815156,118.42040183848279,86.21096433083102,0.013936789536151017,125.35310874130214,4.91107816868282,0.013757729916227866,12.002020490782806
77.49249749916596,5.357855797560507,0.015865718343511328,15.354080175408448,118.32934014407658,86.11985624235822,0.013890395472753479,125.40707047558595,4.907430886468496,0.01377809516049306,11.993066124463324
77.52584194731534,5.355020171531455,0.01588689547951017,15.34813844150225,118.23825325386962,86.02872311252634,0.013844155850169824,125.46103220986977,4.9037809160119235,0.013798520651694568,11.984105128240447
77.55918639546472,5.3521822614916905,0.015908132780136554,15.3421927405054,118.1471411077173,85.93756488067892,0.01379807015428328,125.51499394415359,4.900128251377836,0.013819006657176227,11.975137487409688
77.59253084361411,5.349342061909362,0.015929430505758676,15.336243063795422,118.0560036452577,85.84638148593812,0.013752137872688513,125.5689556784374,4.896472886609146,0.013839553445868428,11.966163187212247
77.62587529176349,5.346499567230995,0.015950788918268385,15.330289402718336,117.96484080590075,85.75517286720365,0.013706358494685992,125.62291741272122,4.892814815726804,0.013860161288292894,11.957182212834677
77.65921973991287,5.343654771881361,0.01597220828108924,15.324331748588511,117.873652528832,85.66393896315134,0.013660731511276216,125.67687914700502,4.889154032729705,0.013880830456574322,11.948194549408631
77.69256418806225,5.34080767026336,0.01599368885919071,15.318370092688495,117.78243875300949,85.57267971223183,0.013615256415154061,125.73084088128884,4.885490531594578,0.013901561224463324,11.939200182010591
77.72590863621164,5.337958256757909,0.01601523091909854,15.312404426268845,117.69119941715962,85.4813950526698,0.01356993270070319,125.78480261557266,4.881824306275856,0.013922353867333924,11.93019909566154
77.75925308436102,5.335106525723815,0.01603683472890702,15.306434740547981,117.59993445979254,85.39008492246252,0.013524759863990448,125.83876434985648,4.878155350705571,0.013943208662206297,11.921191275326718
77.7925975325104,5.332252471497651,0.016058500558288183,15.300461026711986,117.50864381916875,85.29874925937843,0.013479737402760154,125.89272608414029,4.874483658793235,0.013964125887752291,11.912176705915297
77.82594198065979,5.329396088393641,0.01608022867850576,15.294483275914462,117.41732743333094,85.20738800095631,0.013434864816428586,125.94668781842411,4.870809224425717,0.013985105824307188,11.903155372280096
77.85928642880917,5.326537370703531,0.016102019362426452,15.288501479276356,117.32598524008849,85.11600108450386,0.01339014160607847,126.00064955270793,4.867132041467137,0.014006148753893569,11.894127259217308
77.89263087695855,5.323676312696466,0.016123872884532164,15.282515627885777,117.23461717701011,85.0245884470963,0.013345567274453338,126.05461128699173,4.863452103758742,0.014027254960219152,11.885092351466175
77.92597532510794,5.320812908618864,0.01614578952093009,15.27652571279784,117.14322318144151,84.9331500255754,0.013301141325951994,126.10857302127555,4.859769405118782,0.014048424728700194,11.876050633708704
77.95931977325732,5.317947152694288,0.016167769549366627,15.270531725034479,117.05180319047244,84.84168575654783,0.013256863266623124,126.16253475555936,4.856083939342399,0.014069658346467524,11.867002090569367
77.9926642214067,5.315079039123332,0.01618981324923961,15.264533655584279,116.96035714097309,84.7501955763846,0.013212732604159684,126.21649648984318,4.852395700201484,0.014090956102378868,11.857946706614783
78.02600866955609,5.312208562083474,0.016211920901610204,15.258531495402302,116.86888496956334,84.65867942121892,0.013168748847893434,126.270458224127,4.848704681444596,0.014112318287043242,11.848884466353441
78.05935311770547,5.309335715728957,0.01623409278921436,15.252525235409902,116.7773866126295,84.56713722694535,0.013124911508789595,126.32441995841081,4.845010876796799,0.014133745192819448,11.83981535423537
78.09269756585485,5.306460494190666,0.016256329196476297,15.24651486649456,116.6858620063131,84.47556892921872,0.01308122009944125,126.37838169269463,4.841314279959559,0.0141552371138401,11.83073935465184
78.12604201400423,5.303582891575982,0.01627863040952207,15.24050037950969,116.59431108650719,84.38397446345238,0.013037674134064068,126.43234342697843,4.8376148846106215,0.014176794346017929,11.821656451935048
78.15938646215362,5.300702901968669,0.01630099671619078,15.23448176527447,116.5027337888794,84.2923537648172,0.012994273128490781,126.48630516126225,4.833912684403861,0.014198417187059288,11.812566630357793
78.192730910303,5.297820519428724,0.01632342840604766,15.228459014573655,116.41113004883302,84.20070676824011,0.012951016600165934,126.54026689554607,4.830207672969195,0.014220105936488602,11.803469874133198
78.22607535845238,5.294935737992249,0.01634592577039721,15.222432118157384,116.31949980152376,84.10903340840258,0.012907904068140404,126.59422862982989,4.826499843912427,0.014241860895647709,11.794366167414346
78.25941980660177,5.2920485516713285,0.016368489102297785,15.216401066741023,116.22784298187742,84.01733361973982,0.012864935053066075,126.6481903641137,4.822789190815134,0.014263682367720569,11.785255494294002
78.29276425475115,5.289158954453881,0.016391118696572452,15.210365851004953,116.13615952455548,83.92560733643901,0.012822109077190596,126.70215209839752,4.819075707234524,0.014285570657739768,11.77613783880426
78.32610870290053,5.286266940303524,0.01641381484982369,15.204326461594396,116.04444936396601,83.83385449243795,0.012779425664351926,126.75611383268132,4.815359386703311,0.014307526072601634,11.76701318491622
78.35945315104992,5.2833725031594385,0.01643657786044599,15.198282889119215,115.95271243427642,83.74207502142369,0.012736884339973156,126.81007556696514,4.811640222729602,0.014329548921089971,11.757881516539697
78.3927975991993,5.280475636936243,0.01645940802864171,15.19223512415375,115.86094866939011,83.65026885683167,0.012694484631057218,126.86403730124896,4.807918208796743,0.014351639513877124,11.748742817522853
78.42614204734868,5.277576335523831,0.016482305656431516,15.186183157236593,115.76915800296833,83.55843593184343,0.012652226066181533,126.91799903553277,4.8041933383632,0.014373798163549055,11.73959707165189
78.45948649549807,5.274674592787252,0.016505271047670664,15.180126978870424,115.67734036840402,83.4665761793861,0.012610108175492877,126.97196076981659,4.800465604862417,0.014396025184611623,11.730444262650703
78.49283094364745,5.271770402566555,0.016528304508061083,15.174066579521806,115.58549569882737,83.37468953213022,0.012568130490702144,127.02592250410041,4.7967350017026815,0.014418320893508288,11.721284374180541
78.52617539179683,5.268863758676658,0.016551406345168797,15.168001949620997,115.49362392713506,83.28277592248897,0.012526292545079061,127.07988423838422,4.793001522267013,0.01444068560864257,11.71211738983971
78.5595198399462,5.265954654907199,0.01657457686843353,15.161933079561733,115.40172498593229,83.1908352826164,0.012484593873447055,127.13384597266803,4.7892651599129925,0.014463119650380864,11.702943293163166
78.5928642880956,5.263043085022392,0.01659781638918678,15.15585995970106,115.30979880758332,83.09886754440606,0.012443034012178089,127.18780770695184,4.785525907972648,0.014485623341078075,11.693762067622238
78.62620873624498,5.260129042760881,0.0166211252206637,15.149782580359119,115.21784532418098,83.00687263948952,0.012401612499187526,127.24176944123566,4.781783759752311,0.014508197005083578,11.68457369662423
78.65955318439435,5.2572125218356005,0.016644503678021418,15.143700931818946,115.12586446755415,82.91485049923511,0.012360328873928897,127.29573117551948,4.778038708532471,0.014530840968762065,11.675378163512113
78.69289763254375,5.2542935159336155,0.016667952078348723,15.13761500432627,115.0338561692577,82.82280105474611,0.012319182677388869,127.3496929098033,4.774290747567657,0.014553555560513626,11.666175451564165
78.72624208069313,5.251372018715991,0.0166914707406851,15.131524788089322,114.9418203605996,82.7307242368598,0.012278173452082151,127.40365464408711,4.770539870086269,0.014576341110779623,11.656965543993596
78.7595865288425,5.248448023817621,0.01671505998603301,15.125430273278619,114.84975697259375,82.63861997614529,0.012237300742046316,127.45761637837093,4.76678606929046,0.014599197952068108,11.64774842394824
78.7929309769919,5.245521524847095,0.01673872013737689,15.119331450026754,114.75766593600113,82.54648820290257,0.012196564092836785,127.51157811265473,4.763029338355974,0.014622126418959549,11.638524074510146
78.82627542514128,5.242592515386542,0.016762451519692953,15.113228308428205,114.66554718129858,82.45432884716095,0.012155963051521834,127.56553984693855,4.759269670432013,0.014645126848131722,11.629292478695247
78.85961987329065,5.239660988991469,0.016786254459969306,15.107120838539112,114.57340063870168,82.36214183867718,0.012115497166677461,127.61950158122237,4.7555070586411015,0.014668199578376083,11.620053619453007
78.89296432144005,5.23672693919062,0.016810129287218627,15.101009030377067,114.48122623813853,82.26992710693429,0.012075165988382382,127.67346331550618,4.7517414960789175,0.014691344950607902,11.610807479666034
78.92630876958943,5.233790359485816,0.016834076332497592,15.094892873920928,114.38902390926431,82.17768458114001,0.012034969068213105,127.72742504979,4.747972975814173,0.014714563307890775,11.601554042149735
78.9596532177388,5.230851243351794,0.0168580959289174,15.088772359110559,114.29679358145879,82.08541419022504,0.01199490595923887,127.78138678407382,4.7442014908884325,0.014737854995442529,11.592293289651911
78.9929976658882,5.227909584236053,0.016882188411664355,15.082647475846656,114.20453518381784,81.99311586284153,0.011954976216016664,127.83534851835763,4.740427034316004,0.014761220360664459,11.583025204852431
79.02634211403758,5.224965375558699,0.016906354118013493,15.076518213990516,114.11224864515872,81.90078952736177,0.01191517939458638,127.88931025264144,4.73664959908376,0.014784659753152952,11.573749770362832
79.05968656218695,5.222018610712283,0.01693059338734805,15.070384563363822,114.0199338940148,81.80843511187632,0.011875515052465736,127.94327198692525,4.732869178150998,0.01480817352471533,11.564466968725933
79.09303101033633,5.219069283061642,0.016954906561171004,15.064246513748419,113.92759085863285,81.71605254419268,0.01183598274864547,127.99723372120907,4.729085764449288,0.014831762029392301,11.55517678241547
79.12637545848573,5.216117385943722,0.01697929398312603,15.058104054886089,113.83521946697857,81.6236417518331,0.011796582043584348,128.0511954554929,4.7252993508823105,0.014855425623464908,11.545879193835713
79.1597199066351,5.213162912667439,0.017003755999012327,15.051957176478348,113.74281964672547,81.53120266203376,0.011757312499204378,128.1051571897767,4.7215099303257215,0.014879164665487951,11.53657418532108
79.19306435478448,5.210205856513505,0.017028292956803495,15.045805868186205,113.65039132525712,81.43873520174287,0.011718173678885857,128.15911892406052,4.717717495626981,0.014902979516296449,11.527261739135723
79.22640880293388,5.207246210734249,0.017052905206661178,15.039650119629936,113.55793442966589,81.3462392976186,0.011679165147462504,128.21308065834432,4.713922039605203,0.014926870539028001,11.517941837473197
79.25975325108325,5.2042839685534705,0.017077593100955385,15.033489920388877,113.46544888674518,81.25371487602798,0.011640286471216739,128.26704239262816,4.710123555050997,0.014950838099142265,11.508614462455988
79.29309769923263,5.201319123166258,0.017102356994281226,15.027325260001167,113.37293462301983,81.16116186304504,0.011601537217874701,128.32100412691196,4.706322034726308,0.014974882564430256,11.499279596135189
79.32644214738202,5.198351667738829,0.017127197243476805,15.021156127963534,113.28039156468448,81.0685801844492,0.011562916956601556,128.3749658611958,4.70251747136426,0.0149990043050506,11.489937220490033
79.3597865955314,5.195381595408349,0.01715211420763935,15.014982513731068,113.18781963765825,80.97596976572339,0.011524425257996705,128.4289275954796,4.698709857668995,0.015023203693532088,11.480587317427565
79.39313104368078,5.19240889928276,0.017177108248144668,15.008804406716967,113.09521876754917,80.8833305320524,0.011486061694088917,128.4828893297634,4.6948991863155145,0.015047481104802031,11.47122986878217
79.42647549183017,5.189433572440622,0.017202179728666084,15.00262179629232,113.00258887967543,80.79066240832151,0.011447825838331654,128.53685106404723,4.6910854499495,0.015071836916202199,11.46186485631519
79.45981993997955,5.1864556079309265,0.017227329015190807,14.996434671785876,112.90992989904112,80.69796531911447,0.011409717265598343,128.59081279833103,4.68726864118717,0.015096271507502767,11.452492261714536
79.49316438812893,5.183474998772917,0.017252556476039425,14.990243022483774,112.81724175034924,80.60523918871168,0.01137173555217756,128.64477453261486,4.683448752615104,0.015120785260937571,11.443112066594223
79.52650883627831,5.180491737955924,0.01727786248188378,14.984046837629332,112.72452435800537,80.51248394108877,0.011333880275768374,128.69873626689866,4.6796257767900755,0.015145378561207314,11.433724252494004
79.5598532844277,5.177505818439169,0.01730324740576851,14.977846106422792,112.63177764608905,80.41969949991434,0.01129615101547567,128.7526980011825,4.675799706238894,0.015170051795510635,11.424328800878923
79.59319773257708,5.174517233151611,0.017328711623125975,14.971640818021084,112.53900153838609,80.326885788549,0.011258547351805464,128.8066597354663,4.671970533458217,0.015194805353557335,11.414925693138896
79.62654218072646,5.171525974991737,0.017354255511798727,14.96543096153757,112.44619595836649,80.2340427300427,0.01122106886666017,128.8606214697501,4.668138250914391,0.015219639627588875,11.405514910588266
79.65988662887585,5.1685320368273935,0.017379879452056518,14.95921652604179,112.35336082918039,80.14117024713337,0.011183715143334036,128.91458320403393,4.66430285104329,0.0152445550124095,11.396096434465417
79.69323107702523,5.165535411495608,0.01740558382661961,14.952997500559249,112.26049607367045,80.04826826224529,0.011146485766508498,128.96854493831773,4.660464326250125,0.015269551905392963,11.386670245932306
79.72657552517461,5.162536091802393,0.017431369020673358,14.946773874071123,112.16760161435646,79.95533669748697,0.011109380322247502,129.02250667260157,4.656622668909283,0.015294630706514658,11.377236326074039
79.759919973324,5.159534070522558,0.017457235421892498,14.940545635514024,112.07467737344096,79.86237547464924,0.01107239839799294,129.07646840688537,4.652777871364141,0.01531979181836256,11.367794655898429
79.79326442147338,5.1565293403995325,0.017483183420458348,14.93431277377975,111.98172327281534,79.76938451520371,0.011035539582560113,129.1304301411692,4.648929925926895,0.015345035646166131,11.35834521633555
79.82660886962276,5.153521894145167,0.017509213409083266,14.928075277715026,111.88873923402667,79.67636374030079,0.010998803466133083,129.184391875453,4.645078824878387,0.015370362597819404,11.34888798823731
79.85995331777215,5.150511724439543,0.017535325783025402,14.921833136121228,111.7957251783152,79.58331307076757,0.010962189640260115,129.2383536097368,4.64122456046792,0.015395773083895534,11.339422952376976
79.89329776592153,5.147498823930787,0.017561520940114213,14.915586337754151,111.70268102660233,79.49023242710652,0.010925697697849223,129.29231534402064,4.637367124913073,0.015421267517676952,11.329950089448738
79.92664221407091,5.144483185234864,0.017587799280768857,14.909334871323722,111.60960669944912,79.39712172949277,0.010889327233163562,129.34627707830444,4.633506510399532,0.015446846315165944,11.320469380067259
79.9599866622203,5.1414648009353945,0.01761416120802247,14.903078725493748,111.51650211712176,79.3039808977729,0.010853077841816905,129.40023881258827,4.629642709080889,0.015472509895121962,11.31098080476718
79.99333111036968,5.138443663583453,0.017640607127538555,14.896817888881657,111.42336719953208,79.21080985146281,0.010816949120769257,129.45420054687207,4.625775713078485,0.015498258679074502,11.301484344002729
80.02667555851906,5.135419765697364,0.017667137447636826,14.890552350058211,111.33020186626739,79.11760850974551,0.010780940668322235,129.5081622811559,4.621905514481192,0.015524093091348973,11.291979978147168
80.06002000666844,5.132393099762509,0.017693752579313365,14.884282097547237,111.23700603657639,79.02437679146945,0.010745052084114672,129.5621240154397,4.618032105345253,0.01555001355909129,11.282467687492401
80.09336445481783,5.129363658231116,0.017720452936263915,14.878007119825371,111.14377962937226,78.9311146151463,0.010709282969118196,129.6160857497235,4.614155477694066,0.015576020512282239,11.272947452248436
80.12670890296721,5.1263314335220755,0.01774723893490333,14.871727405321776,111.05052256321308,78.8378218989495,0.010673632925632759,129.67004748400734,4.610275623518023,0.015602114383778651,11.263419252542958
80.16005335111659,5.123296418020709,0.01777411099439037,14.86544294241786,110.95723475634428,78.74449856071146,0.01063810155728217,129.72400921829114,4.606392534774306,0.015628295609320508,11.253883068420846
80.19339779926598,5.120258604078581,0.01780106953665077,14.859153719446999,110.86391612664248,78.6511445179222,0.010602688469009742,129.77797095257498,4.6025062033866835,0.015654564627565457,11.244338879843639
80.22674224741536,5.117217984013287,0.017828114986398483,14.852859724694271,110.7705665916481,78.55775968772703,0.010567393267073932,129.83193268685878,4.598616621245331,0.0156809218801075,11.234786666689116
80.26008669556474,5.114174550108241,0.017855247771159478,14.84656094639615,110.67718606855732,78.46434398692449,0.010532215559043875,129.8858944211426,4.594723780206633,0.015707367811499555,11.225226408750755
80.29343114371413,5.111128294612461,0.017882468321294642,14.840257372740218,110.58377447420325,78.37089733196427,0.010497154953795057,129.9398561554264,4.5908276720929795,0.015733902869290942,11.215658085737276
80.32677559186351,5.10807920974037,0.017909777070025935,14.83394899186493,110.49033172507441,78.2774196389454,0.010462211061505022,129.99381788971021,4.586928288692568,0.0157605275040373,11.206081677272106
80.36012004001289,5.105027287671561,0.017937174453456075,14.827635791859251,110.3968577373107,78.18391082361377,0.010427383493648985,130.04777962399405,4.583025621759219,0.01578724216933735,11.196497162892907
80.39346448816228,5.1019725205506,0.017964660910596012,14.821317760762419,110.30335242669155,78.09037080136034,0.010392671862995459,130.10174135827785,4.5791196630121505,0.015814047321847956,11.186904522051066
80.42680893631166,5.09891490048679,0.017992236883386723,14.814994886563628,110.20981570862261,77.99679948721862,0.010358075783602089,130.15570309256168,4.575210404135776,0.015840943421318292,11.17730373411115
80.46015338446104,5.095854419553974,0.01801990281672778,14.808667157201738,110.116247498182,77.90319679586331,0.010323594870811224,130.20966482684548,4.571297836779536,0.01586793093061615,11.167694778350466
80.49349783261042,5.092791069790286,0.0180476591584965,14.802334560564976,110.02264771005697,77.80956264160704,0.01028922874124571,130.2636265611293,4.567381952557642,0.015895010315748467,11.158077633958456
80.52684228075981,5.089724843197943,0.018075506359577716,14.79599708449063,109.92901625857738,77.71589693839897,0.010254977012804601,130.31758829541312,4.5634627430489125,0.015922182045894788,11.148452280036254
80.56018672890919,5.0866557317430265,0.01810344487388613,14.789654716764757,109.8353530577087,77.62219959982255,0.01022083930465896,130.37155002969692,4.559540199796518,0.015949446593422876,11.1388186955961
80.59353117705857,5.083583727355241,0.018131475158395673,14.783307445121878,109.74165802104848,77.52847053909301,0.010186815237247586,130.42551176398075,4.555614314307817,0.015976804433932592,11.12917685956085
80.62687562520796,5.08050882192769,0.0181595976731599,14.776955257244655,109.64793106181772,77.43470966905527,0.010152904432272741,130.47947349826455,4.551685078054109,0.016004256046269722,11.119526750763429
80.66022007335734,5.077431007316655,0.018187812881342417,14.770598140763605,109.55417209285713,77.34091690218185,0.010119106512696076,130.53343523254838,4.547752482470437,0.016031801912560827,11.109868347946284
80.69356452150672,5.074350275341344,0.01821612124924168,14.764236083256757,109.46038102665929,77.24709215057032,0.010085421102734301,130.5873969668322,4.543816518955375,0.016059442518238768,11.100201629760877
80.72690896965611,5.0712666177836745,0.01824452324631893,14.757869072249372,109.3665577753043,77.15323532594121,0.010051847827855074,130.64135870111602,4.539877178870783,0.016087178352065745,11.09052657476708
80.76025341780549,5.068180026388033,0.01827301934522211,14.751497095213608,109.27270225051136,77.05934633963581,0.010018386314772882,130.69532043539982,4.535934453541626,0.01611500990617714,11.080843161432695
80.79359786595487,5.065090492861027,0.018301610021815583,14.745120139568195,109.17881436361374,76.9654251026135,0.009985036191444769,130.74928216968362,4.531988334255725,0.016142937676094097,11.07115136813284
80.82694231410426,5.061998008871259,0.01833029575520808,14.738738192678122,109.08489402555449,76.87147152544978,0.00995179708706632,130.80324390396746,4.528038812263548,0.016170962160764392,11.061451173149424
80.86028676225364,5.05890256604908,0.018359077027778354,14.73235124185432,108.99094114689316,76.7774855183339,0.009918668632067489,130.85720563825126,4.524085878777983,0.01619908386258198,11.051742554670586
80.89363121040302,5.055804155986337,0.018387954325204386,14.725959274353315,108.89695563779861,76.68346699106615,0.009885650458108457,130.9111673725351,4.520129524974099,0.01622730328742358,11.042025490790094
80.92697565855241,5.052702770236138,0.018416928136490825,14.719562277376916,108.8029374080485,76.58941585305584,0.009852742198075562,130.9651291068189,4.516169741988949,0.016255620944680967,11.03229995950683
80.96032010670179,5.0495984003126075,0.018445998954000627,14.713160238071891,108.70888636702456,76.49533201331893,0.00981994348607728,131.01909084110272,4.5122065209213025,0.016284037347284206,11.022565938724144
80.99366455485116,5.046491037690614,0.018475167273479153,14.706753143529587,108.61480242371124,76.40121538047507,0.009787253957440052,131.07305257538653,4.508239852831453,0.016312553011739846,11.012823406249357
81.02700900300054,5.043380673805551,0.01850443359408736,14.700340980785663,108.52068548668838,76.307065862746,0.009754673248704264,131.12701430967033,4.504269728740943,0.016341168458150302,11.003072339793084
81.06035345114994,5.040267300053048,0.01853379841842857,14.693923736819679,108.42653546414363,76.21288336795213,0.009722200997620273,131.18097604395416,4.500296139632362,0.01636988421026266,10.99331271696871
81.09369789929931,5.037150907788745,0.0185632622525824,14.687501398554812,108.3323522638586,76.11866780351093,0.00968983684314431,131.23493777823796,4.496319076449101,0.016398700795485718,10.983544515291783
81.1270423474487,5.034031488328022,0.018592825606128897,14.681073952857474,108.23813579319946,76.02441907643413,0.00965758042543446,131.2888995125218,4.492338530095104,0.016427618744930386,10.9737677121794
81.16038679559809,5.0309090329457264,0.018622488992183963,14.674641386536974,108.14388595912864,75.9301370933247,0.009625431385846666,131.3428612468056,4.488354491434646,0.01645663859343807,10.963982284949621
81.19373124374746,5.027783532875934,0.018652252927427563,14.668203686345182,108.04960266820228,75.83582176037523,0.00959338936693083,131.39682298108943,4.484366951292058,0.01648576087961007,10.954188210820822
81.22707569189684,5.024654979311667,0.01868211793213756,14.661760838976154,107.95528582654663,75.74147298336459,0.0095614540124267,131.45078471537323,4.480375900451531,0.016514986145854137,10.944385466911163
81.26042014004624,5.021523363404632,0.018712084530216787,14.655312831065778,107.86093533988291,75.6470906676557,0.009529624967259986,131.50474644965703,4.476381329656823,0.016544314938402624,10.93457403023787
81.29376458819561,5.018388676264959,0.01874215324922813,14.648859649191445,107.76655111350898,75.55267471819312,0.009497901877538425,131.55870818394087,4.472383229611044,0.0165737478073578,10.92475387771669
81.32710903634499,5.015250908960918,0.018772324620426523,14.642401279871642,107.6721330522994,75.45822503949995,0.009466284390547832,131.61266991822467,4.46838159097638,0.016603285306714417,10.914924986161216
81.36045348449439,5.012110052518649,0.018802599178790128,14.635937709565624,107.57768106071484,75.36374153567547,0.009434772154748118,131.6666316525085,4.464376404373857,0.016632927994405727,10.905087332282273
81.39379793264376,5.0089660979218955,0.0188329774630533,14.629468924673027,107.48319504276367,75.2692241103927,0.009403364819769494,131.7205933867923,4.460367660383093,0.016662676432333687,10.8952408926873
81.42714238079314,5.005819036111709,0.01886346001573945,14.622994911533508,107.38867490204859,75.17467266689508,0.009372062036408469,131.77455512107613,4.456355349542021,0.016692531186403244,10.885385643879655
81.46048682894252,5.002668857986192,0.018894047383197343,14.616515656426362,107.29412054172786,75.08008710799461,0.009340863456624028,131.82851685535994,4.452339462346653,0.01672249282656103,10.875521562258033
81.49383127709191,4.999515554400189,0.01892474011563012,14.610031145570147,107.1995318645251,74.98546733606828,0.00930976873353373,131.88247858964374,4.4483199892507885,0.01675256192682206,10.865648624115735
81.52717572524129,4.996359116165026,0.018955538767133406,14.603541365122323,107.10490877272562,74.89081325305608,0.009278777521409903,131.93644032392757,4.444296920665794,0.016782739065323866,10.855766805640085
81.56052017339067,4.9931995340482045,0.018986443895727196,14.597046301178837,107.01025116817317,74.79612476045762,0.009247889475675765,131.99040205821137,4.440270246960305,0.016813024824346236,10.845876082911719
81.59386462154006,4.990036798773123,0.019017456063394902,14.590545939773763,106.91555895227123,74.70140175932976,0.009217104252901539,132.0443637924952,4.4362399584599785,0.01684341979035984,10.835976431903935
81.62720906968944,4.9868709010187775,0.019048575836112493,14.584040266878908,106.8208320259633,74.6066441502835,0.009186421510800756,132.098325526779,4.432206045447216,0.016873924554054717,10.826067828482019
81.66055351783882,4.983701831419474,0.0190798037838892,14.577529268403413,106.72607028976579,74.51185183348144,0.009155840908226336,132.15228726106284,4.428168498160881,0.016904539710383644,10.816150248402526
81.69389796598821,4.980529580564523,0.01911114048080131,14.571012930193358,106.6312736437201,74.41702470863468,0.009125362105166837,132.20624899534664,4.424127306796062,0.01693526585860404,10.806223667312684
81.72724241413759,4.977354138997951,0.019142586505030694,14.564491238031383,106.5364419874271,74.3221626750001,0.009094984762742729,132.26021072963044,4.420082461503757,0.016966103602309043,10.796288060749593
81.76058686228697,4.974175497218186,0.019174142438897993,14.557964177636263,106.44157522002632,74.22726563137738,0.00906470854320251,132.31417246391428,4.416033952390619,0.01699705354947413,10.78634340413961
81.79393131043636,4.970993645677754,0.019205808868902677,14.551431734662502,106.34667324018884,74.13233347610581,0.009034533109919066,132.36813419819808,4.411981769518668,0.017028116312484923,10.77638967279761
81.82727575858574,4.967808574782989,0.019237586385761177,14.544893894699957,106.25173594612765,74.03736610706218,0.009004458127385874,132.4220959324819,4.407925902905017,0.017059292508195868,10.766426841926291
81.86062020673512,4.964620274893701,0.01926947558444266,14.538350643273391,106.15676323558486,73.94236342165682,0.008974483261213247,132.4760576667657,4.403866342521579,0.017090582757954293,10.756454886615444
81.89396465488451,4.961428736322868,0.01930147706420899,14.531801965842071,106.06175500584382,73.84732531683099,0.008944608178124645,132.53001940104954,4.399803078294784,0.017121987687651795,10.746473781841258
81.92730910303389,4.958233949336333,0.019333591428652243,14.525247847799356,105.96671115370015,73.7522516890541,0.008914832545953016,132.58398113533335,4.395736100105295,0.017153507927758348,10.73648350246558
81.96065355118327,4.955035904152474,0.01936581928573781,14.518688274472272,105.87163157547879,73.65714243432038,0.008885156033637012,132.63794286961715,4.391665397787698,0.017185144113366326,10.72648402323516
81.99399799933265,4.95183459094189,0.019398161247838233,14.512123231121086,105.77651616702428,73.5619974481459,0.008855578311217346,132.69190460390098,4.387590961130236,0.01721689688424033,10.716475318780967
82.02734244748204,4.948629999827065,0.01943061793177827,14.505552702938866,105.68136482370595,73.46681662556526,0.008826099049833168,132.74586633818478,4.383512779874496,0.017248766884849078,10.706457363617403
82.06068689563142,4.945422120882064,0.019463189958872446,14.498976675051077,105.58617744039866,73.37159986112897,0.008796717921718366,132.7998280724686,4.379430843715112,0.017280754764418028,10.696430132141561
82.0940313437808,4.942210944132182,0.0194958779549701,14.492395132515119,105.4909539114939,73.27634704889975,0.008767434600197894,132.85378980675242,4.375345142299461,0.01731286117696038,10.686393598632478
82.12737579193019,4.938996459553624,0.01952868255049113,14.485808060319895,105.39569413088475,73.18105808244971,0.008738248759684177,132.90775154103625,4.371255665227374,0.017345086781339808,10.676347737250365
82.16072024007957,4.935778657073163,0.01956160438047235,14.47921544338538,105.30039799197677,73.08573285485687,0.008709160075673527,132.96171327532005,4.367162402050814,0.017377432241299392,10.666292522035857
82.19406468822895,4.932557526567813,0.019594644084608974,14.472617266562159,105.20506538766803,72.99037125870235,0.008680168224742449,133.01567500960385,4.363065342273579,0.017409898225516685,10.656227926909207
82.22740913637834,4.929333057864477,0.019627802307297337,14.46601351463098,105.10969621037592,72.89497318606668,0.00865127288454409,133.06963674388768,4.358964475350973,0.017442485407642677,10.646153925669502
82.26075358452772,4.926105240739612,0.019661079697677317,14.45940417230231,105.01429035198184,72.79953852852681,0.00862247373380469,133.1235984781715,4.354859790689521,0.017475194466349472,10.636070491993928
82.2940980326771,4.92287406491887,0.019694476909676687,14.452789224215861,104.91884770389325,72.7040671771525,0.008593770452319963,133.17756021245532,4.3507512776466255,0.017508026085385216,10.625977599436913
82.32744248082649,4.919639520076764,0.019727994602058166,14.446168654940148,104.82336815697639,72.6085590225034,0.008565162720951513,133.23152194673912,4.34663892553027,0.0175409809536102,10.615875221429379
82.36078692897587,4.916401595836307,0.019761633438459228,14.439542448972006,104.72785160159698,72.51301395462536,0.008536650221623381,133.28548368102295,4.342522723598678,0.01757405976505395,10.605763331277872
82.39413137712525,4.913160281768654,0.01979539408744165,14.432910590736126,104.63229792760099,72.41743186304713,0.008508232637318397,133.33944541530676,4.338402661059999,0.017607263218950755,10.595641902163813
82.42747582527463,4.909915567392744,0.019829277222534518,14.426273064584583,104.5367070243163,72.32181263677683,0.008479909652074727,133.39340714959056,4.334278727071981,0.01764059201980774,10.585510907142618
82.46082027342402,4.906667442174947,0.019863283522284832,14.419629854796367,104.44107878054028,72.22615616429891,0.008451680950982322,133.4473688838744,4.330150910741641,0.017674046877437576,10.575370319142927
82.4941647215734,4.903415895528685,0.01989741367029815,14.412980945576884,104.34541308454065,72.13046233357012,0.008423546220179469,133.5013306181582,4.326019201124934,0.017707628507019225,10.565220110965717
82.52750916972278,4.900160916814071,0.019931668355290994,14.406326321057483,104.24970982406272,72.03473103201637,0.008395505146849261,133.55529235244202,4.321883587226408,0.017741337629140222,10.555060255283482
82.56085361787217,4.896902495337538,0.01996604827113706,14.399665965294957,104.15396888630322,71.93896214652902,0.008367557419216083,133.60925408672583,4.317744057998876,0.01777517496985222,10.544890724639385
82.59419806602155,4.893640620351461,0.020000554116916643,14.392999862271068,104.05819015792578,71.84315556346151,0.008339702726542244,133.66321582100963,4.313600602343078,0.017809141260727208,10.534711491446398
82.62754251417093,4.890375281053779,0.020035186596963492,14.386327995892023,103.96237352505925,71.74731116862549,0.008311940759124427,133.71717755529346,4.309453209107321,0.017843237238901827,10.524522527986429
82.66088696232032,4.887106466587609,0.020069946420915846,14.379650349987983,103.86651887327072,71.65142884728726,0.008284271208290275,133.77113928957726,4.305301867087158,0.017877463647137146,10.514323806409475
82.6942314104697,4.883834166040873,0.02010483430376868,14.372966908312582,103.7706260875895,71.55550848416445,0.00825669376639502,133.8251010238611,4.301146565024997,0.017911821233861116,10.50411529873269
82.72757585861908,4.8805583684459,0.020139850965919942,14.366277654542364,103.67469505248535,71.45954996342192,0.008229208126817945,133.8790627581449,4.29698729160981,0.017946310753241268,10.493896976839583
82.76092030676847,4.877279062779027,0.020174997133225698,14.359582572276306,103.57872565187127,71.36355316866799,0.00820181398395909,133.93302449242873,4.2928240354767055,0.01798093296522248,10.48366881247902
82.79426475491785,4.87399623796022,0.020210273537049173,14.352881645035287,103.48271776910734,71.26751798295115,0.008174511033235797,133.98698622671253,4.2886567852066335,0.018015688635593843,10.473430777264422
82.82760920306723,4.87070988285267,0.02024568091431777,14.346174856261582,103.38667128697746,71.171444288756,0.008147298971079311,134.04094796099633,4.284485529325983,0.018050578536033837,10.463182842672776
82.8609536512166,4.86741998626237,0.020281220007569722,14.339462189318288,103.29058608769729,71.07533196799912,0.00812017749493143,134.09490969528017,4.280310256306228,0.01808560344417749,10.452924980043756
82.894298099366,4.864126536937743,0.02031689156501277,14.332743627488831,103.19446205291578,70.97918090202589,0.008093146303241127,134.14887142956397,4.27613095456357,0.018120764143670007,10.442657160578802
82.92764254751538,4.860829523569199,0.02035269634057686,14.326019153976421,103.09829906370217,70.88299097160592,0.008066205095461246,134.2028331638478,4.271947612458555,0.018156061424223942,10.432379355340165
82.96098699566475,4.85752893478875,0.020388635093969924,14.319288751903507,103.00209700055217,70.78676205692977,0.008039353572045063,134.2567948981316,4.267760218295703,0.018191496081679276,10.422091535249987
82.99433144381415,4.854224759169565,0.020424708590731457,14.312552404311202,102.90585574336187,70.69049403760445,0.008012591434443057,134.31075663241543,4.263568760323122,0.018227068918056345,10.411793671089303
83.02767589196353,4.850916985225567,0.0204609176022899,14.305810094158788,102.80957517145652,70.5941867926497,0.007985918385099542,134.36471836669924,4.259373226732144,0.018262780741631277,10.40148573349716
83.0610203401129,4.847605601411006,0.020497262906022017,14.299061804323115,102.71325516356069,70.49784020049408,0.00795933412744934,134.41868010098304,4.255173605656934,0.018298632366980903,10.391167692969594
83.0943647882623,4.844290596120021,0.020533745285305504,14.292307517598037,102.61689559779587,70.4014541389706,0.007932838365914503,134.47264183526687,4.25096988517409,0.018334624615055913,10.380839519858657
83.12770923641168,4.840971957686215,0.020570365529581292,14.285547216693876,102.52049635169816,70.30502848531292,0.007906430805901072,134.52660356955067,4.246762053302266,0.018370758313229457,10.37050118437145
83.16105368456105,4.837649674382214,0.020607124434409683,14.278780884236829,102.42405730218849,70.20856311615103,0.00788011115379572,134.5805653038345,4.242550098001776,0.01840703429537818,10.360152656569133
83.19439813271045,4.834323734419222,0.02064402280153429,14.272008502768388,102.32757832558217,70.11205790750702,0.007853879116962522,134.6345270381183,4.238334007174193,0.01844345340193124,10.349793906365912
83.22774258085983,4.830994125946593,0.020681061438935774,14.265230054744785,102.23105929757958,70.01551273479146,0.007827734403739737,134.68848877240214,4.234113768661945,0.01848001647994391,10.339424903528029
83.2610870290092,4.8276608370513525,0.020718241160898064,14.25844552253636,102.13450009326702,69.91892747279809,0.0078016767234365385,134.74245050668594,4.229889370247918,0.01851672438315524,10.32904561767275
83.2944314771586,4.8243238557577754,0.02075556278806864,14.251654888427016,102.03790058710678,69.82230199570071,0.007775705786329729,134.79641224096974,4.225660799655036,0.018553577972057964,10.318656018267331
83.32777592530798,4.820983170026908,0.020793027147520887,14.244858134613585,101.94126065293774,69.72563617704809,0.007749821303660629,134.85037397525358,4.221428044545866,0.01859057811396986,10.308256074627984
83.36112037345735,4.8176387677561125,0.02083063507281645,14.238055243205256,101.84458016396259,69.6289298897599,0.0077240229876317625,134.90433570953738,4.217191092522186,0.018627725683093656,10.29784575591884
83.39446482160673,4.814290636778593,0.020868387404069412,14.231246196222928,101.74785899276033,69.5321830061221,0.0076983105514037125,134.9582974438212,4.212949931124573,0.018665021560591306,10.28742503115086
83.42780926975612,4.810938764862949,0.02090628498801423,14.224430975598642,101.6510970112655,69.43539539778311,0.007672683709091907,135.012259178105,4.208704547831971,0.01870246663464319,10.276993869180817
83.4611537179055,4.807583139712669,0.020944328678065314,14.217609563174925,101.554294090764,69.33856693574857,0.007647142175763481,135.06622091238884,4.204454930061286,0.018740061800536043,10.26655223871018
83.49449816605488,4.804223748965672,0.020982519334388106,14.21078194070419,101.45745010190005,69.24169749037733,0.007621685667434077,135.12018264667265,4.200201065166931,0.018777807960716715,10.256100108284057
83.52784261420427,4.800860580193816,0.021020857823963374,14.203948089848087,101.36056491466843,69.1447869313767,0.007596313901064655,135.17414438095645,4.195942940440414,0.018815706024875894,10.245637446290097
83.56118706235365,4.79749362090241,0.021059345020658624,14.19710799217688,101.26363839839807,69.04783512779794,0.007571026594558429,135.22810611524028,4.191680543109864,0.018853756910007333,10.23516422095735
83.59453151050303,4.794122858529729,0.0210979818052912,14.1902616291688,101.1666704217532,68.95084194803178,0.007545823466757648,135.28206784952408,4.187413860339636,0.018891961540498187,10.224680400355219
83.62787595865242,4.790748280446495,0.021136769065701947,14.18340898220939,101.06966085275747,68.85380725980315,0.007520704237440501,135.3360295838079,4.183142879229824,0.018930320848190324,10.214185952392262
83.6612204068018,4.787369873955409,0.02117570769682559,14.176550032590878,100.97260955873055,68.75673093016749,0.007495668627318049,135.38999131809172,4.178867586815843,0.018968835772463426,10.203680844815148
83.69456485495118,4.783987626290609,0.021214798600759328,14.169684761511487,100.87551640633816,68.65961282550498,0.007470716358031017,135.44395305237555,4.174587970067945,0.01900750726030407,10.19316504520741
83.72790930310057,4.780601524617174,0.02125404268683697,14.162813150074772,100.77838126155456,68.56245281151612,0.0074458471521468015,135.49791478665935,4.1703040158907765,0.019046336266387125,10.182638520988357
83.76125375124995,4.777211556030614,0.021293440871699692,14.155935179288988,100.68120398967598,68.4652507532173,0.007421060733156342,135.55187652094315,4.166015711122924,0.019085323753157305,10.172101239411903
83.79459819939933,4.773817707556338,0.02133299407937462,14.149050830066365,100.58398445530345,68.36800651493536,0.0073963568254710186,135.60583825522698,4.161723042536422,0.01912447069090182,10.161553167565362
83.82794264754871,4.770419966149125,0.021372703241342456,14.142160083222432,100.48672252233963,68.27071996030264,0.007371735154419631,135.6597999895108,4.157425996836314,0.019163778057834518,10.1509942723683
83.8612870956981,4.767018318692601,0.021412569296618434,14.135262919475363,100.3894180539951,68.1733909522525,0.007347195446245315,135.71376172379462,4.153124560660135,0.0192032468401688,10.140424520571283
83.89463154384748,4.763612751998699,0.021452593191826942,14.128359319445241,100.29207091277908,68.07601935301386,0.007322737428102554,135.76772345807842,4.14881872057749,0.019242878032215784,10.12984387875475
83.92797599199686,4.760203252807121,0.021492775881280134,14.121449263653375,100.19468096046876,67.97860502410649,0.007298360828054051,135.82168519236225,4.144508463089506,0.01928267263645132,10.119252313327687
83.96132044014625,4.756789807784774,0.021533118327053836,14.114532732521578,100.09724805814871,67.88114782633531,0.0072740653750677986,135.87564692664606,4.140193774628398,0.01932263166361091,10.108649790526515
83.99466488829563,4.753372403525236,0.02157362149906825,14.107609706371468,99.99977206617697,67.78364761978584,0.0072498507990140255,135.92960866092986,4.135874641556931,0.019362756132761155,10.098036276413735
84.02800933644501,4.7499510265481995,0.021614286375171213,14.100680165423732,99.90225284418199,67.68610426381889,0.0072257168306621685,135.9835703952137,4.131551050167957,0.01940304707140541,10.087411736876746
84.0613537845944,4.746525663298892,0.021655113941213666,14.09374408979741,99.80469025105222,67.58851761706497,0.007201663201677901,136.0375321294975,4.127222986683895,0.01944350551555375,10.076776137626561
84.09469823274378,4.743096300147517,0.021696105191136735,14.086801459509141,99.70708414496721,67.4908875374192,0.007177689644620193,136.09149386378132,4.122890437256231,0.019484132509822776,10.066129444196527
84.12804268089316,4.73966292338868,0.021737261127052356,14.079852254472431,99.6094343833346,67.393213882036,0.007153795892938258,136.14545559806513,4.1185533879650045,0.019524929107512762,10.055471621941038
84.16138712904255,4.73622551924081,0.02177858275933137,14.072896454496908,99.51174082283602,67.29549650732363,0.0071299816809686275,136.19941733234896,4.114211824818282,0.019565896370711475,10.04480263603421
84.19473157719193,4.7327840738455675,0.021820071106683218,14.06593403928756,99.41400331938547,67.19773526893874,0.007106246743932225,136.25337906663276,4.109865733751665,0.01960703537037754,10.034122451468633
84.22807602534131,4.7293385732672615,0.02186172719624658,14.05896498844397,99.31622172815744,67.09993002178085,0.0070825908179313925,136.30734080091656,4.105515100627726,0.019648347186437168,10.023431033053956
84.2614204734907,4.725889003492246,0.021903552063677535,14.051989281459537,99.21839590354031,67.0020806199868,0.007059013639946923,136.3613025352004,4.101159911235506,0.01968983290787326,10.012728345415622
84.29476492164008,4.7224353504283245,0.02194554675323479,14.045006897720727,99.12052569916874,66.90418691692527,0.00703551494783522,136.4152642694842,4.096800151289966,0.0197314936328224,10.00201435299348
84.32810936978946,4.718977599904123,0.021987712317872332,14.03801781650625,99.02261096790538,66.80624876519062,0.0070120944803253,136.46922600376803,4.092435806431451,0.019773330468677266,9.991289020040433
84.36145381793884,4.7155157376685075,0.022030049819327886,14.031022016986293,98.92465156181072,66.7082660165981,0.006988751977015932,136.52318773805183,4.088066862225149,0.01981534453217585,9.980552310621063
84.39479826608823,4.712049749389927,0.02207256032821997,14.024019478221705,98.82664733219137,66.61023852217703,0.006965487178372722,136.57714947233566,4.08369330416052,0.019857536949505063,9.969804188610228
84.42814271423761,4.708579620655819,0.022115244924133602,14.01701017916321,98.72859812953027,66.51216613216587,0.006942299825725262,136.63111120661947,4.0793151176507605,0.019899908856392583,9.959044617691678
84.46148716238699,4.705105336971949,0.022158104695720514,14.009994098650559,98.63050380353762,66.41404869600574,0.00691918966126423,136.68507294090327,4.074932288032245,0.0199424613982242,9.948273561356633
84.49483161053638,4.701626883761785,0.02220114074079325,14.00297121541173,98.53236420309702,66.31588606233466,0.006896156428038486,136.7390346751871,4.070544800563929,0.019985195730130658,9.93749098290234
84.52817605868576,4.698144246365859,0.02224435416642156,13.9959415080621,98.43417917630099,66.21767807898189,0.006873199869952301,136.7929964094709,4.06615264042682,0.020028113017101855,9.926696845430655
84.56152050683514,4.694657410041094,0.022287746089030086,13.988904955103582,98.3359485704214,66.11942459296125,0.0068503197317624255,136.84695814375473,4.06175579272335,0.02007121443407906,9.915891111846548
84.59486495498453,4.6911663599601585,0.022331317634497302,13.9818615349238,98.23767223189698,66.02112545046553,0.006827515759075286,136.90091987803854,4.057354242476847,0.020114501166080847,9.905073744856686
84.62820940313391,4.687671081210805,0.0223750699382603,13.974811225795225,98.13935000635583,65.92278049686023,0.006804787698344197,136.95488161232237,4.0529479746309,0.02015797440829369,9.894244706967894
84.66155385128329,4.684171558795183,0.022419004145409354,13.967754005874308,98.04098173857464,65.82438957667708,0.006782135296866449,137.00884334660617,4.048536974048797,0.020201635366193012,9.883403960485696
84.69489829943268,4.680667777629175,0.02246312141079693,13.960689853200613,97.94256727249521,65.72595253360812,0.006759558302780593,137.06280508088997,4.044121225512896,0.02024548525563982,9.872551467512764
84.72824274758206,4.677159722541701,0.022507422899139703,13.953618745695938,97.84410645122486,65.62746921049907,0.006737056465063598,137.1167668151738,4.039700713724044,0.020289525303011646,9.86168718994742
84.76158719573144,4.673647378274032,0.022551909785126355,13.946540661163422,97.74559911700216,65.52893944934321,0.006714629533528036,137.1707285494576,4.035275423300962,0.020333756745300323,9.850811089482095
84.79493164388082,4.67013072947908,0.02259658325352144,13.939455577286635,97.64704511120632,65.43036309127442,0.00669227725881934,137.22469028374144,4.030845338779609,0.020378180830237905,9.839923127601738
84.82827609203021,4.6666097607207035,0.022641444499275867,13.932363471628701,97.54844427436169,65.33173997656122,0.006669999392413007,137.27865201802524,4.026410444612578,0.020422798816400915,9.829023265582272
84.86162054017959,4.663084456472994,0.0226864947276397,13.925264321631364,97.44979644610632,65.23306994460012,0.006647795686611875,137.33261375230907,4.021970725168457,0.020467611973342355,9.81811146448899
84.89496498832897,4.659554801119536,0.022731735154267622,13.918158104614056,97.35110146520402,65.13435283390837,0.006625665894543298,137.38657548659287,4.017526164731202,0.0205126215817022,9.807187685174963
84.92830943647836,4.656020778952692,0.02277716700533668,13.911044797772972,97.25235916953808,65.0355884821177,0.006603609770156473,137.44053722087668,4.013076747499482,0.020557828933333838,9.796251888279409
84.96165388462774,4.652482374172878,0.022822791517657925,13.903924378180147,97.1535693960898,64.93677672596789,0.006581627068219676,137.4944989551605,4.008622457586038,0.02060323533141977,9.785304034226051
84.99499833277712,4.648939570887796,0.022868609938795824,13.896796822782465,97.05473198094965,64.83791740129921,0.006559717544317509,137.5484606894443,4.0041632790170345,0.020648842090602446,9.774344083221493
85.02834278092651,4.645392353111694,0.022914623527180187,13.889662108400724,96.95584675928446,64.7390103430458,0.006537880954848205,137.60242242372814,3.999699195731383,0.020694650537110188,9.763371995253513
85.06168722907589,4.641840704764605,0.02296083355222863,13.882520211728671,96.85691356536199,64.64005538522869,0.006516117057020959,137.65638415801195,3.995230191580101,0.020740662008882634,9.752387730089422
85.09503167722526,4.6382846096715875,0.023007241294468954,13.875371109331997,96.75793223253024,64.54105236094892,0.006494425608853153,137.71034589229578,3.9907562503256027,0.020786877855698976,9.741391247274306
85.12837612537466,4.634724051561937,0.02305384804565577,13.868214777647363,96.65890259320554,64.4420011023801,0.006472806369167703,137.76430762657958,3.9862773556410476,0.020833299439308766,9.730382506129374
85.16172057352404,4.631159014068412,0.02310065510889872,13.861051192981405,96.55982447885387,64.34290144076131,0.0064512590975904,137.81826936086338,3.981793491109645,0.02087992813357222,9.71936146575016
85.19506502167341,4.627589480726436,0.023147663798785058,13.853880331509702,96.46069772002576,64.2437532063899,0.006429783554547217,137.8722310951472,3.977304640223946,0.02092676532458649,9.708328085004807
85.22840946982281,4.624015434973311,0.02319487544151074,13.84670216927578,96.36152214630766,64.14455622861425,0.0064083795012616065,137.92619282943102,3.9728107863851703,0.020973812410825476,9.697282322532295
85.26175391797219,4.620436860147395,0.023242291375002846,13.839516682190073,96.26229758631851,64.04531033582616,0.0063870466997519295,137.98015456371485,3.9683119129024624,0.021021070803273003,9.686224136740627
85.29509836612156,4.616853739487287,0.023289912949054338,13.832323846028872,96.16302386773197,63.94601535545324,0.006365784912828727,138.03411629799865,3.963808002992217,0.02106854192557534,9.67515348580506
85.32844281427094,4.6132660561310175,0.023337741525457336,13.825123636433291,96.06370081724054,63.8466711139519,0.0063445939040921275,138.08807803228248,3.959299039777323,0.02111622721417082,9.66407032766625
85.36178726242034,4.609673793115195,0.023385778478132415,13.817916028908195,95.96432826055324,63.74727743679908,0.006323473437929203,138.14203976656628,3.954785006286455,0.021164128118440654,9.652974620028424
85.39513171056971,4.606076933374176,0.023434025193268305,13.810700998821128,95.86490602239509,63.64783414848496,0.006302423279511374,138.1960015008501,3.950265885453319,0.021212246100845735,9.64186632035751
85.42847615871909,4.602475459739209,0.023482483069456554,13.803478521401233,95.76543392650186,63.54834107250491,0.006281443194791778,138.24996323513392,3.945741660115927,0.021260582637090752,9.630745385879266
85.46182060686849,4.598869354937572,0.023531153517835884,13.796248571738152,95.66591179559202,63.44879803135177,0.006260532950502641,138.30392496941772,3.9412123130158325,0.021309139216258842,9.619611773577372
85.49516505501786,4.595258601591716,0.023580037962226078,13.789011124780936,95.56633945138657,63.34920484650797,0.006239692314152754,138.35788670370155,3.9366778267973825,0.021357917340972473,9.608465440191528
85.52850950316724,4.591643182218364,0.023629137839276546,13.781766155336898,95.46671671457564,63.24956133843716,0.006218921054024811,138.41184843798536,3.9321381840069276,0.021406918527536137,9.597306342215486
85.56185395131664,4.5880230792276455,0.023678454598611946,13.774513638070518,95.36704340482767,63.149867326576576,0.0061982189391728715,138.4658101722692,3.927593367092077,0.021456144306110786,9.586134435895111
85.59519839946601,4.584398274922182,0.023727989702975048,13.767253547502293,95.26731934078066,63.05012262932844,0.006177585739419819,138.519771906553,3.923043358400901,0.021505596220855225,9.574949677226419
85.62854284761539,4.580768751496187,0.0237777446283798,13.759985858007555,95.16754434001668,62.95032706405181,0.00615702122535473,138.5737336408368,3.91848814018114,0.021555275830096917,9.563752021953544
85.66188729576479,4.577134491034549,0.02382772086425952,13.752710543815365,95.06771821907677,62.850480447054295,0.006136525168330396,138.62769537512062,3.9139276945793906,0.021605184706481977,9.552541425566716
85.69523174391416,4.573495475511907,0.023877919913625187,13.745427579007288,94.96784079343425,62.750582593583644,0.006116097340460751,138.68165710940443,3.909362003640344,0.021655324437158986,9.54131784330029
85.72857619206354,4.569851686791706,0.023928343293213458,13.738136937516233,94.86791187749193,62.65063331781901,0.006095737514618316,138.73561884368826,3.904791049305923,0.02170569662392931,9.530081230130587
85.76192064021292,4.566203106625256,0.023978992533649386,13.73083859312523,94.76793128459322,62.550632432862415,0.006075445464431706,138.78958057797206,3.9002148134144887,0.021756302883427024,9.518831540773906
85.79526508836231,4.562549716650773,0.024029869179606683,13.72353251946625,94.66789882695872,62.45057975073016,0.006055220964283089,138.8435423122559,3.8956332776999822,0.021807144847277592,9.507568729684317
85.82860953651169,4.558891498392411,0.02408097478996547,13.716218690018948,94.56781431574716,62.350475082343806,0.006035063789305725,138.8975040465397,3.8910464237911166,0.02185822416229163,9.496292751051644
85.86195398466107,4.555228433259285,0.024132310937979972,13.708897078109452,94.46767756099733,62.25031823752152,0.006014973715381385,138.9514657808235,3.8864542332105043,0.02190954249062422,9.485003558799244
85.89529843281046,4.551560502544473,0.024183879211442365,13.701567656909079,94.36748837164383,62.150109024968685,0.005994950519137941,139.00542751510733,3.8818566873737983,0.02196110150996503,9.473701106581847
85.92864288095984,4.547887687424042,0.024235681212856262,13.694230399433117,94.26724655548358,62.049847252269615,0.005974993977946845,139.05938924939113,3.877253767588838,0.02201290291370595,9.462385347783385
85.96198732910922,4.544209968956,0.024287718559600782,13.686885278539496,94.16695191919827,61.94953272587728,0.005955103869920633,139.11335098367496,3.872645455054766,0.02206494841114576,9.451056235514763
85.99533177725861,4.540527328079305,0.02433999288410879,13.679532266927545,94.06660426832005,61.84916525110498,0.005935279973910482,139.16731271795877,3.8680317308611505,0.02211723972765885,9.439713722611629
86.02867622540799,4.53683974561282,0.02439250583404395,13.672171337136664,93.96620340724049,61.74874463211659,0.00591552206950378,139.2212744522426,3.8634125759870743,0.02216977860489601,9.428357761632084
86.06202067355737,4.533147202254263,0.0244452590724746,13.664802461544998,93.86574913917235,61.64827067191695,0.005895829937021614,139.2752361865264,3.8587879713002384,0.022222566800962372,9.41698830485442
86.09536512170676,4.52944967857916,0.02449825427805844,13.657425612368119,93.76524126617724,61.547743172342564,0.0058762033575163585,139.3291979208102,3.854157897556068,0.02227560609063266,9.405605304274818
86.12870956985614,4.525747155039772,0.0245514931452235,13.650040761657683,93.66467958913002,61.44716193405178,0.0058566421127692605,139.38315965509403,3.8495223353967503,0.02232889826553106,9.394208711604955
86.16205401800552,4.522039611964025,0.024604977384358795,13.642647881300055,93.56406390772206,61.346526756515246,0.005837145985287995,139.43712138937784,3.8448812653503417,0.022382445134342305,9.382798478269724
86.19539846615491,4.518327029554392,0.024658708721996058,13.635246943014945,93.46339402043762,61.245837438005445,0.0058177147583042136,139.49108312366167,3.840234667829791,0.022436248523001537,9.371374555404781
86.22874291430429,4.514609387886831,0.024712688901005864,13.627837918354022,93.36266972456534,61.145093775587725,0.005798348215771208,139.54504485794547,3.8355825231320178,0.022490310274920464,9.359936893854176
86.26208736245367,4.510886666909628,0.02476691968079354,13.620420778699492,93.26189081615901,61.04429556510917,0.0057790461423614355,139.5990065922293,3.8309248114369256,0.022544632251178833,9.348485444167885
86.29543181060305,4.507158846442291,0.02482140283749034,13.612995495262696,93.1610570900559,60.94344260118901,0.005759808323464163,139.6529683265131,3.8262615128064397,0.022599216330747157,9.33702015659937
86.32877625875244,4.5034259061743995,0.02487614016415803,13.605562039082654,93.06016833985394,60.842534677208135,0.005740634545183067,139.7069300607969,3.821592607183516,0.022654064410688936,9.32554098110307
86.36212070690182,4.499687825664454,0.024931133470988638,13.59812038102465,92.959224357896,60.74157158529871,0.0057215245943338785,139.76089179508074,3.816918074391159,0.022709178406398384,9.31404786733189
86.3954651550512,4.495944584338711,0.02498638458551431,13.590670491778727,92.85822493526939,60.64055311633376,0.005702478258442,139.81485352936454,3.8122378941314117,0.022764560251804747,9.302540764634678
86.42880960320059,4.492196161489993,0.025041895352809457,13.583212341858216,92.75716986178024,60.539479059916275,0.0056834953257401035,139.86881526364837,3.8075520459843286,0.02282021189960682,9.291019622053604
86.46215405134997,4.4884425362765,0.02509766763570628,13.575745901598264,92.65605892597888,60.438349204368656,0.005664575585165857,139.92277699793217,3.8028605094069676,0.022876135321488873,9.279484388321617
86.49549849949935,4.48468368772061,0.025153703315012075,13.568271141154279,92.55489191508364,60.33716333672198,0.005645718826359498,139.976738732216,3.798163263732334,0.022932332508370717,9.267935011859763
86.52884294764874,4.480919594707633,0.02521000428972002,13.560788030500417,92.45366861505859,60.23592124270445,0.005626924839661531,140.0307004664998,3.7934602881683532,0.02298880547062563,9.256371440774576
86.56218739579812,4.477150235984603,0.02526657247723565,13.553296539428048,92.35238881050668,60.13462270673097,0.005608193416110422,140.0846622007836,3.7887515617967886,0.023045556238327058,9.244793622855353
86.5955318439475,4.4733755901590175,0.025323409813598704,13.545796637544163,92.25105228473151,60.03326751189161,0.0055895243474402105,140.13862393506744,3.784037063572172,0.02310258686148077,9.233201505571444
86.62887629209689,4.469595635697563,0.02538051825371315,13.538288294269806,92.14965881970458,59.93185543994011,0.00557091742607826,140.19258566935125,3.7793167723207497,0.023159899410285525,9.221595036069553
86.66222074024627,4.465810350924849,0.025437899771573565,13.530771478838481,92.04820819602725,59.83038627128256,0.005552372445142919,140.24654740363508,3.7745906667393343,0.02321749597536836,9.209974161170875
86.69556518839565,4.4620197140221105,0.025495556360501766,13.523246160294518,91.9467001929567,59.72885978496586,0.005533889198441203,140.30050913791888,3.769858725394257,0.023275378668041892,9.19833882736839
86.72890963654503,4.458223703025902,0.025553490033388297,13.51571230749145,91.84513458837544,59.62727575866595,0.005515467480466534,140.3544708722027,3.765120926720184,0.023333549620555973,9.186688980823922
86.76225408469442,4.454422295826762,0.025611702822925523,13.508169889090343,91.7435111587823,59.52563396867569,0.005497107086396431,140.4084326064865,3.76037724901905,0.023392010986368113,9.175024567365368
86.7955985328438,4.450615470167899,0.0256701967818586,13.500618873558157,91.64182967927432,59.423934189893494,0.005478807812090275,140.46239434077032,3.7556276704588547,0.02345076494039799,9.163345532483703
86.82894298099318,4.446803203643808,0.025728973983232355,13.49305922916601,91.5400899235451,59.322176195810485,0.005460569454086969,140.51635607505415,3.7508721690725455,0.02350981367929615,9.151651821330123
86.86228742914257,4.442985473698908,0.02578803652064344,13.485490923987497,91.43829166388326,59.22035975849853,0.005442391809602748,140.57031780933795,3.746110722756828,0.02356915942171677,9.13994337871304
86.89563187729195,4.439162257626177,0.025847386508494847,13.477913925896958,91.33643467111234,59.11848464859821,0.005424274676528888,140.62427954362178,3.7413433092709862,0.023628804408597694,9.128220149095068
86.92897632544133,4.4353335325657115,0.025907026082255927,13.470328202567723,91.23451871464113,59.01655063530551,0.005406217853429448,140.67824127790558,3.7365699062356983,0.02368875090343637,9.116482076590048
86.96232077359072,4.43149927550334,0.02596695739873109,13.462733721470345,91.13254356240915,58.914557486359875,0.005388221139539043,140.73220301218942,3.7317904911317967,0.023749001192570146,9.104729104959894
86.9956652217401,4.4276594632691655,0.02602718263631804,13.455130449870811,91.0305089808874,58.81250496803098,0.005370284334760642,140.78616474647322,3.72700504129908,0.023809557585472787,9.092961177611574
87.02900966988948,4.423814072536126,0.026087703995286607,13.44751835482873,90.9284147350562,58.710392845105986,0.00535240723966329,140.84012648075702,3.7222135339350473,0.02387042241504299,9.081178237593914
87.06235411803887,4.419963079818508,0.026148523698053757,13.439897403195515,90.82626058841382,58.60822088087615,0.005334589655479912,140.89408821504085,3.717415946093666,0.02393159803790514,9.069380227594435
87.09569856618825,4.416106461470478,0.026209643989460484,13.432267561612514,90.72404630292897,58.50598883712391,0.0053168313841051315,140.94804994932466,3.7126122546840934,0.0239930868347007,9.057567089936178
87.12904301433763,4.412244193684558,0.02627106713705856,13.424628796509158,90.62177163907343,58.403696474109275,0.005299132228093037,141.0020116836085,3.707802436469401,0.02405489121041083,9.0457387665744
87.162387462487,4.4083762524901084,0.026332795431396862,13.416981074101049,90.51943635575886,58.3013435505562,0.005281491990654978,141.0559734178923,3.7029864680652924,0.02411701359465436,9.033895199093342
87.1957319106364,4.404502613751788,0.02639483118631986,13.409324360388062,90.4170402103584,58.19892982363899,0.005263910475657393,141.10993515217612,3.6981643259387686,0.02417945644201369,9.022036328702875
87.22907635878578,4.400623253167992,0.026457176739256384,13.401658621152396,90.31458295867145,58.09645504896852,0.005246387487619651,141.16389688645992,3.6933359864068205,0.024242222232340883,9.010162096235145
87.26242080693515,4.396738146269275,0.026519834451527554,13.393983821956622,90.21206435493941,57.993918980578144,0.005228922831711834,141.21785862074373,3.6885014256350925,0.024305313471103714,8.998272442141188
87.29576525508455,4.392847268416738,0.026582806708655177,13.386299928141689,90.10948415178655,57.8913213709092,0.005211516313752587,141.27182035502756,3.6836606196365143,0.024368732689700107,8.986367306487463
87.32910970323393,4.388950594800428,0.026646095920666524,13.378606904824942,90.00684210024846,57.788661970797094,0.00519416774020698,141.32578208931136,3.67881354426995,0.024432482445804326,8.97444662895242
87.3624541513833,4.385048100437688,0.026709704522416142,13.370904716898062,89.90413794972686,57.685940529456516,0.0051768769181843475,141.3797438235952,3.67396017523878,0.024496565323694604,8.96251034882292
87.3957985995327,4.381139760171507,0.026773634973904326,13.363193329025036,89.80137144800028,57.58315679446696,0.0051596436554361014,141.433705557879,3.669100488089541,0.024560983934620022,8.950558404990735
87.42914304768208,4.377225548668831,0.026837889760606623,13.355472705640086,89.69854234119487,57.48031051175746,0.0051424677603536684,141.48766729216283,3.6642344582104682,0.02462574091713556,8.938590735948898
87.46248749583145,4.373305440418879,0.02690247139379972,13.347742810945538,89.59565037374018,57.37740142559211,0.005125349041966292,141.54162902644663,3.6593620608300923,0.024690838937467485,8.926607279788108
87.49583194398085,4.369379409731405,0.026967382410900874,13.340003608909726,89.49269528843294,57.27442927855428,0.0051082873099389334,141.59559076073043,3.6544832710157586,0.024756280689868623,8.91460797419299
87.52917639213022,4.36544743073498,0.02703262537581391,13.332255063264837,89.38967682634954,57.1713938115319,0.005091282374570191,141.64955249501426,3.6495980636721743,0.0248220688970011,8.902592756438386
87.5625208402796,4.3615094773752,0.027098202879267178,13.324497137504707,89.28659472684544,57.06829476370106,0.0050743340467901184,141.70351422929807,3.6447064135399345,0.024888206310299518,8.890561563385617
87.595865288429,4.35756552341293,0.02716411753917317,13.316729794882667,89.18344872756295,56.96513187251101,0.00505744213815819,141.7574759635819,3.6398082951939856,0.02495469571035251,8.878514331478591
87.62920973657837,4.353615542422483,0.02723037200098521,13.308952998409277,89.08023856440026,56.86190487366785,0.005040606460861182,141.8114376978657,3.634903683042135,0.025021539907292976,8.866450996740015
87.66255418472775,4.349659507789793,0.027296968938060457,13.301166710850076,88.97696397148097,56.75861350111845,0.005023826827711057,141.86539943214953,3.6299925513234945,0.02508874174119101,8.854371494767427
87.69589863287713,4.345697392710559,0.027363911052029653,13.293370894723312,88.8736246811726,56.65525748703405,0.00500710305214292,141.91936116643333,3.625074874106941,0.025156304082453253,8.842275760729281
87.72924308102652,4.341729170188381,0.027431201073171586,13.285565512297634,88.77022042403865,56.55183656179405,0.004990434948212918,141.97332290071714,3.6201506252895053,0.02522422983221907,8.830163729360887
87.7625875291759,4.337754813032857,0.027498841760800637,13.27775052558975,88.66675092883305,56.448350453969155,0.004973822330596214,142.02728463500097,3.615219778594816,0.02529252192278877,8.818035334960413
87.79593197732528,4.333774293857653,0.02756683590364473,13.269925896362057,88.5632159224775,56.34479889030419,0.004957265014584861,142.08124636928477,3.610282307571473,0.025361183318028585,8.805890511384783
87.82927642547467,4.329787585078556,0.02763518632024598,13.262091586120242,88.45961513007663,56.24118159570118,0.004940762816085811,142.1352081035686,3.605338185591398,0.02543021701380626,8.79372919204547
87.86262087362405,4.325794658911531,0.027703895859362053,13.254247556110892,88.35594827483892,56.13749829320258,0.004924315551618842,142.1891698378524,3.6003873858482023,0.025499626038407882,8.781551309904355
87.89596532177343,4.321795487370674,0.02777296740036695,13.246393767319002,88.25221507812113,56.03374870397257,0.004907923038314501,142.24313157213624,3.595429881355508,0.025569413452999117,8.769356797469431
87.92930976992282,4.317790042266239,0.02784240385366929,13.238530180465515,88.14841525937726,55.929932547280465,0.004891585093912085,142.29709330642004,3.5904656449452537,0.025639582352053915,8.757145586790552
87.9626542180722,4.313778295202564,0.027912208161129822,13.230656756004807,88.04454853613659,55.82604954048222,0.004875301536757647,142.35105504070384,3.585494649265986,0.025710135863816975,8.744917609455012
87.99599866622158,4.309760217576002,0.02798238329649199,13.222773454122141,87.94061462400889,55.722099399002246,0.004859072185801918,142.40501677498767,3.5805168667810996,0.025781077150756254,8.732672796583156
88.02934311437097,4.30573578057282,0.028052932265810113,13.21488023473109,87.83661323665035,55.6180818363151,0.004842896860598323,142.45897850927147,3.575532269767135,0.02585240941004566,8.720411078823966
88.06268756252035,4.301704955167079,0.02812385810789318,13.206977057470944,87.73254408573438,55.513996563927,0.004826775381300991,142.5129402435553,3.5705408303119506,0.025924135874031067,8.708132386350467
88.09603201066973,4.297667712118474,0.028195163894758117,13.19906388170405,87.62840688097893,55.40984329135692,0.0048107075686627376,142.5669019778391,3.5655425203129503,0.02599625981071326,8.69583664885521
88.12937645881911,4.293624021970144,0.02826685273207526,13.191140666513167,87.52420133006589,55.30562172611723,0.0047946932440330586,142.62086371212294,3.5605373114752537,0.026068784524247844,8.683523795545595
88.1627209069685,4.2895738550464735,0.028338927759639046,13.183207370698732,87.41992713865652,55.20133157369479,0.0047787322293561555,142.67482544640674,3.555525175309866,0.02614171335544075,8.671193755139228
88.19606535511788,4.285517181450854,0.028411392151838077,13.175263952776161,87.31558401037475,55.096972537531414,0.004762824347168984,142.72878718069055,3.5505060831317934,0.026215049682261897,8.658846455859134
88.22940980326726,4.281453971063397,0.028484249118130956,13.167310370973036,87.21117164677646,54.992544319003585,0.004746969420599232,142.78274891497438,3.545480006058159,0.026288796920349373,8.646481825428951
88.26275425141665,4.277384193538651,0.028557501903535183,13.159346583226322,87.10668974732086,54.88804661740289,0.004731167273363371,142.83671064925818,3.5404469150063163,0.026362958523555326,8.634099791068124
88.29609869956603,4.273307818303276,0.028631153789119585,13.151372547179522,87.00213800937829,54.783479129915705,0.004715417729764724,142.890672383542,3.535406780691876,0.02643753798446479,8.621700279486891
88.32944314771541,4.269224814553673,0.028705208092513725,13.143388220179801,86.89751612817984,54.678841551602524,0.004699720614691486,142.9446341178258,3.530359573626777,0.02651253883494846,8.609283216881368
88.3627875958648,4.265135151253593,0.028779668168409624,13.135393559275055,86.79282379681695,54.57413357537702,0.004684075753614755,142.99859585210962,3.5253052641172706,0.026587964646704338,8.596848528928437
88.39613204401418,4.261038797131726,0.028854537409088055,13.127388521210996,86.68806070620242,54.46935489198536,0.0046684829725866525,143.05255758639345,3.5202438222619428,0.026663819031837573,8.584396140780656
88.42947649216356,4.256935720679244,0.028929819244950833,13.119373062428114,86.58322654507985,54.36450518998473,0.0046529420982383265,143.10651932067725,3.5151752179496736,0.026740105643418784,8.571925977061124
88.46282094031295,4.2528258901472995,0.029005517145049137,13.111347139058692,86.47832099995509,54.25958415572151,0.004637452957778051,143.16048105496108,3.5100994208575402,0.026816828176066686,8.55943796185811
88.49616538846233,4.248709273544528,0.029081634617638085,13.103310706923724,86.37334375512462,54.154591473309814,0.0046220153789893305,143.21444278924488,3.50501640044879,0.02689399036654511,8.546932018719895
88.52950983661171,4.2445858386344835,0.029158175210731024,13.095263721529816,86.26829449261076,54.0495268246092,0.004606629190228928,143.26840452352872,3.4999261259706755,0.026971595994361375,8.534408070649247
88.5628542847611,4.240455552933044,0.029235142512665627,13.087206138066033,86.16317289217254,53.94438988920207,0.00459129422042501,143.32236625781252,3.494828566452362,0.027049648882381795,8.5218660400981
88.59619873291048,4.236318383705801,0.029312540152678174,13.079137911400718,86.05797863126415,53.8391803443712,0.004576010299075226,143.37632799209632,3.489723690702701,0.027128152897441613,8.509305848961901
88.62954318105986,4.2321742979653925,0.029390371801488582,13.071058996078266,85.95271138500863,53.733897865076585,0.004560777256244789,143.43028972638015,3.4846114673080963,0.02720711195099839,8.496727418574121
88.66288762920924,4.228023262468824,0.02946864117190273,13.06296934631587,85.84737082619804,53.628542123932554,0.0045455949225646185,143.48425146066396,3.479491864630252,0.027286529999759872,8.48413066970056
88.69623207735863,4.223865243714709,0.02954735201940694,13.054868916000176,85.74195662524505,53.52311279118335,0.004530463129229435,143.5382131949478,3.474364850803912,0.027366411046347298,8.471515522533574
88.72957652550801,4.219700207940533,0.02962650814279192,13.04675765868397,85.63646845016406,53.417609534680125,0.004515381707995918,143.5921749292316,3.4692303937346036,0.027446759139953775,8.45888189668632
88.76292097365739,4.2155281211198306,0.029706113384782035,13.038635527582755,85.53090596656025,53.312032019856275,0.004500350491180778,143.64613666351542,3.464088461096307,0.027527578377036444,8.446229711186804
88.79626542180678,4.211348948959346,0.029786171632665,13.030502475571314,85.42526883758494,53.20637990970296,0.0044853693116589525,143.70009839779922,3.4589390203291392,0.027608872901997043,8.43355888447199
88.82960986995616,4.207162656896149,0.029866686818947597,13.022358455180234,85.31955672393494,53.1006528647444,0.004470438002861715,143.75406013208303,3.4537820386369495,0.027690646907879996,8.42086933438168
88.86295431810554,4.202969210094715,0.029947662922014128,13.014203418592354,85.21376928380388,52.99485054301258,0.004455556398774818,143.80802186636686,3.448617482984944,0.027772904637100956,8.408160978152418
88.89629876625493,4.198768573443959,0.03002910396680036,13.006037317639196,85.10790617288042,52.88897260002186,0.004440724333936652,143.86198360065066,3.443445320097264,0.027855650382161985,8.395433732411346
88.92964321440431,4.1945607115542405,0.030111014025473816,12.997860103797352,85.00196704429278,52.783018688743255,0.004425941643436439,143.9159453349345,3.4382655164544795,0.027938888486401078,8.382687513169802
88.96298766255369,4.190345588754296,0.030193397218131423,12.98967172818477,84.89595154860609,52.67698845957776,0.004411208162912344,143.9699070692183,3.43307803829113,0.028022623344730904,8.369922235817041
88.99633211070308,4.186123169088184,0.03027625771351441,12.981472141557077,84.7898593337941,52.5708815603307,0.004396523728549678,144.02386880350213,3.4278828515931816,0.028106859404426632,8.357137815113749
89.02967655885246,4.181893416312124,0.030359599729717305,12.973261294303768,84.68369004520052,52.46469763618406,0.004381888177079089,144.07783053778593,3.422679922095468,0.02819160116589104,8.344334165185511
89.06302100700184,4.177656293891343,0.030443427534930432,12.965039136444393,84.5774433255175,52.35843632966986,0.004367301345774727,144.13179227206973,3.417469215279076,0.028276853183450558,8.331511199516148
89.09636545515121,4.173411764996839,0.030527745448188644,12.95680561762469,84.47111881476177,52.2520972806421,0.0043527630724524285,144.18575400635356,3.4122506963687336,0.028362620066169915,8.318668830941041
89.12970990330061,4.16915979250213,0.03061255784012396,12.948560687112638,84.36471615024364,52.14568012624922,0.00433827319546792,144.23971574063737,3.4070243303301417,0.0284489064786713,8.305806971640315
89.16305435144999,4.164900338979936,0.030697869133746145,12.940304293794497,84.25823496654169,52.03918450090555,0.004323831553715048,144.2936774749212,3.4017900818672624,0.028535717141977553,8.292925533131921
89.19639879959936,4.160633366698823,0.030783683805228806,12.932036386170752,84.1516748954653,51.93261003626275,0.004309437986623941,144.347639209205,3.396547915419573,0.02862305683435124,8.280024426264651
89.22974324774876,4.156358837619796,0.030870006384714214,12.923756912352024,84.04503556603825,51.82595636118054,0.004295092334159248,144.40160094348883,3.3912977951593133,0.02871093039218607,8.267103561211055
89.26308769589814,4.152076713392845,0.03095684145712587,12.915465820054948,83.93831660444607,51.719223101697395,0.004280794436818373,144.45556267777263,3.3860396849886585,0.02879934271087453,8.25416284746025
89.29643214404751,4.1477869553534505,0.0310441936630025,12.907163056597934,83.83151763405709,51.61240988100074,0.004266544135629688,144.50952441205644,3.38077354853686,0.028888298745713255,8.241202193810636
89.32977659219691,4.143489524519008,0.031132067699352322,12.898848568896927,83.72463827531338,51.50551631939627,0.004252341272150739,144.56348614634027,3.375499349157366,0.028977803512821813,8.228221508362498
89.36312104034629,4.139184381585253,0.031220468320502265,12.890522303461088,83.61767814578523,51.39854203427788,0.004238185688466542,144.61744788062407,3.37021704992489,0.02906786209007837,8.215220698510564
89.39646548849566,4.134871486922573,0.031309400338986354,12.882184206388398,83.51063686005858,51.29148664009586,0.004224077227187773,144.6714096149079,3.364926613632443,0.02915847961807244,8.202199670936356
89.42980993664506,4.130550800572321,0.0313988686264422,12.873834223361234,83.40351402978877,51.184349748325914,0.004210015731449036,144.7253713491917,3.3596280027883143,0.029249661301061294,8.18915833160055
89.46315438479444,4.126222282243041,0.031488878114513584,12.865472299641858,83.29630926358631,51.0771309674369,0.004196001044907152,144.77933308347554,3.354321179613024,0.029341412407979748,8.176096585735133
89.49649883294381,4.121885891306651,0.031579433795786115,12.857098380067852,83.1890221670403,50.96982990285848,0.004182033011739355,144.83329481775934,3.349006106036241,0.029433738273428236,8.163014337835543
89.5298432810932,4.117541586794573,0.03167054072473075,12.848712409047494,83.08165234266166,50.862446156948316,0.004168111476641623,144.88725655204314,3.3436827436936216,0.02952664429870253,8.149911491652583
89.56318772924259,4.113189327393795,0.0317622040186684,12.840314330555056,82.97419938986783,50.75497932895866,0.004154236284826921,144.94121828632697,3.338351053923646,0.029620135952837825,8.13678795018434
89.59653217739196,4.108829071442884,0.031854428858748327,12.831904088126057,82.86666290491522,50.64742901500257,0.004140407282023473,144.99518002061077,3.333010997764398,0.029714218773673744,8.12364361566794
89.62987662554134,4.104460776927938,0.031947220490948926,12.82348162485241,82.7590424808982,50.53979480801969,0.004126624314473059,145.0491417548946,3.3276625359502767,0.029808898368939102,8.110478389571137
89.66322107369074,4.1000844014784885,0.0320405842271039,12.815046883377557,82.65133770770619,50.432076297741645,0.004112887228929299,145.1031034891784,3.322305628908694,0.029904180417342607,8.097292172583883
89.69656552184011,4.095699902363316,0.03213452544592668,12.806599805891485,82.54354817197404,50.32427307065663,0.004099195872655975,145.15706522346224,3.3169402367567167,0.03000007066972007,8.084084864609704
89.72990996998949,4.091307236486221,0.032229049594077595,12.798140334125684,82.4356734570713,50.21638470997357,0.004085550093425284,145.21102695774604,3.311566319297646,0.030096574950164198,8.07085636475698
89.76325441813889,4.086906360381749,0.032324162187244564,12.78966840934806,82.32771314303682,50.10841079558639,0.004071949739516191,145.26498869202985,3.30618383601756,0.030193699157195348,8.05760657133009
89.79659886628826,4.082497230210811,0.03241986881123063,12.78118397235774,82.21966680656567,50.000350904036836,0.004058394659712728,145.31895042631368,3.300792746081807,0.030291449264957155,8.044335381820424
89.82994331443764,4.078079801756265,0.03251617512308238,12.772686963479805,82.11153402096508,49.89220460847724,0.004044884703302291,145.37291216059748,3.295393008331471,0.03038983132442644,8.031042692897337
89.86328776258703,4.073654030418432,0.032613086852229335,12.764177322559982,82.00331435611082,49.783971478633,0.004031419720073983,145.4268738948813,3.2899845812797244,0.030488851464654965,8.017728400398836
89.89663221073641,4.069219871210534,0.03271060980164557,12.755654988959213,81.89500737839629,49.675651080764034,0.004017999560316963,145.4808356291651,3.2845674231081974,0.03058851589401594,8.004392399322258
89.92997665888579,4.064777278754067,0.03280874984903573,12.747119901548183,81.78661265073873,49.567242977625966,0.004004624074818743,145.53479736344894,3.279141491663262,0.030688830901511803,7.991034583814756
89.96332110703518,4.060326207274094,0.0329075129480423,12.73857199870173,81.67812973251229,49.458746728430484,0.003991293114863546,145.58875909773275,3.2737067444522654,0.03078980285806885,7.977654847163661
89.99666555518456,4.055866610594501,0.03300690512948542,12.73001121829323,81.56955817946195,49.350161888805985,0.003978006532230665,145.64272083201655,3.268263138639698,0.0308914382178722,7.964253081786675
90.03001000333394,4.051398442133117,0.03310693250260674,12.721437497688822,81.46089754377022,49.24148801075594,0.003964764179192807,145.69668256630038,3.262810631043332,0.030993743519739828,7.950829179221954
90.06335445148332,4.046921654896827,0.03320760125635779,12.71285077374162,81.35214737390086,49.13272464261861,0.003951565908514433,145.75064430058418,3.2573491781302937,0.031096725388501143,7.937383030118062
90.09669889963271,4.042436201476569,0.03330891766071153,12.704250982785808,81.24330721464169,49.023871329024935,0.003938411573450132,145.80460603486802,3.251878736013058,0.031200390536420413,7.923914524223705
90.13004334778209,4.037942034042259,0.033410888067980156,12.695638060630635,81.13437660701734,48.91492761085601,0.003925301027743018,145.85856776915182,3.2463992604454166,0.03130474576463018,7.91042355037739
90.16338779593147,4.033439104337652,0.033513518914183846,12.687011942554353,81.02535508826797,48.80589302520036,0.0039122341256230524,145.91252950343565,3.2409107068183602,0.0314097979646208,7.8969099964968725
90.19673224408086,4.028927363675099,0.03361681672043618,12.678372563298021,80.9162421917811,48.69676710530996,0.003899210721805455,145.96649123771945,3.235413030155926,0.031515554119733113,7.883373749568509
90.23007669223024,4.024406762930253,0.03372078809435043,12.669719857059283,80.80703744707768,48.58754938055627,0.003886230671489092,146.02045297200326,3.229906185110942,0.03162202130668328,7.869814695636364
90.26342114037962,4.01987725253666,0.03382543973148611,12.661053757485965,80.69774037974433,48.47823937638506,0.003873293830354859,146.0744147062871,3.2243901259607686,0.031729206697145775,7.856232719791247
90.29676558852901,4.01533878248028,0.03393077841681593,12.652374197669642,80.5883505114071,48.36883661427066,0.0038604000545640533,146.1283764405709,3.2188648066029186,0.03183711755933263,7.842627706159525
90.33011003667839,4.010791302293943,0.034036811026230816,12.643681110139118,80.4788673596556,48.259340611670225,0.0038475492007568235,146.18233817485472,3.2133301805506407,0.03194576125962402,7.828999537891756
90.36345448482777,4.0062347610516715,0.0341435445280612,12.634974426853722,80.36929043804186,48.14975088197623,0.0038347411260505264,146.23629990913852,3.207786200928449,0.032055145264229645,7.8153480971512455
90.39679893297716,4.001669107362935,0.03425098598464238,12.626254079196585,80.25961925597392,48.04006693446861,0.0038219756880381595,146.29026164342235,3.2022328204675463,0.032165277140882874,7.801673265102283
90.43014338112654,3.99709428936685,0.0343591425539147,12.617519997967804,80.14985331871347,47.930288274267255,0.0038092527447868,146.34422337770616,3.196669991501217,0.032276164560570614,7.787974921898327
90.46348782927592,3.9925102547261972,0.034468021491032994,12.608772113377437,80.03999212731948,47.820414402281536,0.0037965721548359746,146.39818511198996,3.1910976659601245,0.03238781529928431,7.774252946669939
90.4968322774253,3.9879169506214502,0.03457763015003575,12.600010355038485,79.93003517857514,47.710444815161665,0.0037839337771961453,146.4521468462738,3.1855157953675453,0.032500237239840975,7.760507217512535
90.53017672557469,3.9833143237446227,0.034687975985540825,12.591234651959684,79.81998196497194,47.60037900524724,0.0037713374713470864,146.5061085805576,3.1799243308345546,0.03261343837370569,7.746737611474027
90.56352117372407,3.978702320293059,0.034799066554460745,12.582444932538245,79.70983197461021,47.490216460516116,0.0037587830972363747,146.56007031484143,3.174323223055088,0.03272742680286175,7.732944004542151
90.59686562187345,3.9740808859631214,0.03491090951777539,12.573641124552424,79.59958469120818,47.37995666453229,0.0037462705152777865,146.61403204912523,3.1687124223009677,0.03284221074174193,7.719126271631686
90.63021007002284,3.9694499659437463,0.035023512642329814,12.564823155154032,79.48923959399892,47.269599096392426,0.0037337995863497655,146.66799378340906,3.163091878416841,0.032957798519168115,7.705284286571435
90.66355451817222,3.964809504909941,0.03513688380267056,12.555990950860798,79.37879615769296,47.15914323067264,0.0037213701717938967,146.72195551769286,3.1574615408150377,0.033074198580348754,7.69141792209104
90.6968989663216,3.9601594470161317,0.035251030982920664,12.547144437548615,79.26825385243367,47.04858853737334,0.0037089821334133155,146.77591725197667,3.151821358470345,0.033191419488916275,7.677527049807541
90.73024341447099,3.955499735889421,0.0353659622786939,12.538283540443652,79.15761214371929,46.937934481863834,0.0036966353334712226,146.8298789862605,3.14617127991471,0.03330946992900711,7.6636115402117575
90.76358786262037,3.9508303146227504,0.035481685899058604,12.529408184114391,79.04687049238345,46.827180524826304,0.0036843296346893268,146.8838407205443,3.140511253231869,0.033428358707385517,7.64967126265447
90.79693231076975,3.9461511257679036,0.03559821016851969,12.520518292463466,78.93602835448992,46.71632612219788,0.00367206490024631,146.93780245482813,3.1348412260518392,0.03354809475560005,7.635706085332304
90.83027675891914,3.9414621113284345,0.035715543529066626,12.511613788719414,78.82508518130973,46.6053707251128,0.0036598409937763157,146.99176418911193,3.1291611455454187,0.033668687132216914,7.621715875273529
90.86362120706852,3.936763212752488,0.03583369454226217,12.50269459542833,78.71404041925953,46.49431377984388,0.0036476577793674563,147.04572592339576,3.1234709584184945,0.033790145025069385,7.607700498323452
90.8969656552179,3.932054370925432,0.03595267189135206,12.493760634445279,78.6028935098132,46.383154727741385,0.003635515121560259,147.09968765767957,3.1177706109063466,0.03391247775355919,7.593659819129768
90.93031010336729,3.9273355261624365,0.03607248438345016,12.484811826925684,78.4916438894813,46.27189300517274,0.0036234128853461826,147.15364939196337,3.112060048767804,0.03403569477103703,7.579593701127501
90.96365455151667,3.9226066182009203,0.036193140951758414,12.475848093316527,78.3802909897142,46.160528043460985,0.0036113509361661252,147.2076111262472,3.1063392172793347,0.03415980566719679,7.565502006523824
90.99699899966605,3.917867586192808,0.0363146506578242,12.466869353347388,78.26883423687303,46.04905926882078,0.0035993291399089196,147.261572860531,3.1006080612290488,0.03428482017053788,7.551384596282603
91.03034344781543,3.9131183686967344,0.03643702269386418,12.457875526021375,78.1572730521212,45.937486102295374,0.0035873473629098266,147.31553459481484,3.0948665249105702,0.034410748150889944,7.537241330108628
91.06368789596482,3.908358903670069,0.036560266385128215,12.448866529605887,78.04560685140905,45.82580795969132,0.003575405471949063,147.36949632909864,3.0891145521168575,0.034537599621975806,7.523072066431712
91.0970323441142,3.903589128460814,0.03668439119231952,12.439842281623221,77.93383504536752,45.71402425151238,0.003563503334250338,147.42345806338247,3.0833520861338792,0.03466538474404209,7.508876662390394
91.13037679226358,3.8988089797993752,0.03680940671406087,12.430802698841056,77.82195703926169,45.602134382892736,0.00355164081747934,147.47741979766627,3.0775790697342074,0.03479411382653718,7.494654973815449
91.16372124041297,3.894018393790161,0.03693532268942157,12.421747697262719,77.70997223293153,45.490137753528316,0.0035398177897422844,147.53138153195007,3.071795445170531,0.03492379733086477,7.480406855213163
91.19706568856235,3.8892173059030926,0.037062149000507576,12.412677192117371,77.5978800206796,45.37803375760833,0.003528034119584459,147.5853432662339,3.0660011541690078,0.03505444587318377,7.4661321597482155
91.23041013671173,3.8844056509648857,0.03718989567508245,12.403591097849949,77.48567979125916,45.26582178374381,0.00351628967598875,147.6393050005177,3.0601961379225515,0.035186070227263,7.451830739226389
91.26375458486112,3.8795833631502648,0.03731857288927457,12.394489328111,77.37337092776126,45.153501214896956,0.003504584328374167,147.69326673480154,3.0543803370840044,0.03531868132743352,7.4375024440769515
91.2970990330105,3.87475037597297,0.03744819097034135,12.385371795746325,77.26095280755268,45.041071428308015,0.0034929179465944342,147.74722846908534,3.0485536917591793,0.03545229027157026,7.42314712333473
91.33044348115988,3.8699066222766136,0.037578760399468475,12.37623841278642,77.14842480221057,44.928531795421165,0.0034812904009365003,147.80119020336917,3.042716141499782,0.03558690832414777,7.40876462462187
91.36378792930927,3.8650520342253945,0.03771029181466585,12.367089090435803,77.03578627743869,44.81588168180958,0.0034697015621191142,147.85515193765298,3.0368676252962623,0.03572254691939306,7.394354794129382
91.39713237745865,3.860186543294641,0.03784279601371558,12.357923739062098,76.9230365929907,44.70312044709909,0.0034581513012914068,147.90911367193678,3.0310080815704805,0.035859217664473024,7.379917476598234
91.43047682560803,3.855310080261166,0.037976283957175096,12.348742268184962,76.81017510258665,44.59024744489007,0.0034466394900314152,147.9630754062206,3.0251374481682953,0.03599693234276785,7.365452515300246
91.4638212737574,3.850422575193482,0.038110766771467526,12.33954458646483,76.6972011538737,44.477262022678815,0.003435166000344704,148.0170371405044,3.019255662352026,0.03613570291723333,7.350959752018599
91.4971657219068,3.8455239574418143,0.03824625575203156,12.330330601691434,76.58411408826535,44.36416352177686,0.0034237307046628934,148.07099887478824,3.013362660792758,0.0362755415338179,7.336439027028018
91.53051017005617,3.8406141556279696,0.03838276236654758,12.321100220772195,76.47091324094542,44.250951277229824,0.003412333475842287,148.12496060907205,3.0074583795625522,0.03641646052496868,7.321890179074642
91.56385461820555,3.835693097634966,0.03852029825823241,12.311853349720309,76.35759794073648,44.137624617733564,0.0034009741871624203,148.17892234335588,3.001542754126486,0.03655847241321988,7.307313045355473
91.59719906635495,3.8307607105965285,0.038658875249214485,12.302589893642716,76.24416751003271,44.02418286555006,0.0033896527123246666,148.23288407763968,2.9956157193346056,0.03670158991486075,7.292707461497604
91.63054351450432,3.825816920886388,0.03879850534399758,12.29330975672785,76.13062126468779,43.910625336421816,0.0033783689254508515,148.28684581192348,2.989677209413696,0.03684582594369057,7.278073261536949
91.6638879626537,3.820861654107345,0.03893920073297503,12.284012842233114,76.01695851396971,43.79695133948375,0.0033671227010818117,148.34080754620732,2.9837271579589206,0.036991193614852536,7.2634102778966625
91.6972324108031,3.8158948350801642,0.03908097379605682,12.27469905247218,75.90317856044919,43.68316017717442,0.003355913914176042,148.39476928049112,2.9777654979253514,0.03713770624877756,7.24871834136523
91.73057685895247,3.810916387832295,0.039223837106377966,12.265368288802119,75.78928069989495,43.56925114514624,0.0033447424401082866,148.44873101477495,2.9717921616192897,0.03728537737520164,7.233997281074057
91.76392130710185,3.8059262355863046,0.03936780343406466,12.256020451610162,75.67526422121266,43.45522353217242,0.0033336081546681408,148.50269274905875,2.965807080689496,0.03743422073727326,7.219246924474796
91.79726575525125,3.8009243007481652,0.03951288575012638,12.246655440300373,75.56112840630985,43.341076620053784,0.003322510934058685,148.55665448334258,2.9598101861182213,0.037584250295791675,7.2044670973161455
91.83061020340062,3.7959105048953186,0.03965909723042707,12.237273153280011,75.44687253005827,43.226809683523896,0.0033114506548951226,148.6106162176264,2.9538014082121364,0.0377354802335083,7.189657623620386
91.86395465155,3.7908847687644665,0.03980645125973443,12.22787348794564,75.33249586014703,43.11242199015126,0.0033004271942033733,148.6645779519102,2.9477806765930037,0.037887924959537696,7.174818325659298
91.8972990996994,3.7858470122391954,0.039954961435890925,12.21845634066903,75.21799765700432,42.99791280024132,0.0032894404294187257,148.71853968619402,2.9417479201883077,0.038041599113905485,7.159949023929859
91.93064354784877,3.780797154337327,0.04010464157407218,12.209021606782787,75.10337717368922,42.88328136673569,0.0032784902383844843,148.77250142047782,2.9357030672216364,0.03819651757216556,7.145049537129386
91.96398799599815,3.77573511319805,0.040255505711148096,12.199569180565708,74.98863365580051,42.768526935110074,0.0032675764993505985,148.82646315476165,2.9296460452028956,0.038352695450138946,7.130119682130219
91.99733244414753,3.7706608060688027,0.040407568110150206,12.190098955227898,74.87376634136882,42.653648743270296,0.003256699090972301,148.88042488904546,2.9235767809183986,0.038510148108795744,7.115159273954028
92.03067689229692,3.7655741492918913,0.040560843264847775,12.18061082289557,74.75877446074487,42.538646021446056,0.003245857892308767,148.9343866233293,2.9174952004207197,0.0386688911592183,7.10016812574557
92.0640213404463,3.7604750582909054,0.04071534590444589,12.17110467459567,74.64365723649665,42.423517992083966,0.0032350527828217883,148.9883483576131,2.9114012290184053,0.03882894046769607,7.085146048746036
92.09736578859568,3.7553634475567867,0.04087109099837125,12.161580400240057,74.52841388328689,42.308263869736784,0.0032242836423743977,149.0423100918969,2.905294791265477,0.03899031216096939,7.070092852265839
92.13071023674507,3.750239230633701,0.041028093761202845,12.15203788860954,74.41304360779225,42.19288286095217,0.0032135503512295506,149.09627182618073,2.8991758109507524,0.03915302263157024,7.055008343656962
92.16405468489445,3.7451023201046367,0.04118636965772535,12.142477027337575,74.29754560856432,42.077374164159394,0.003202852790048807,149.15023356046453,2.8930442110869836,0.03931708854330439,7.039892328284805
92.19739913304383,3.7399526275766575,0.04134593440807174,12.132897702893592,74.18191907590405,41.96173696955263,0.0031921908398909902,149.20419529474836,2.8868999138997586,0.0394825268368884,7.024744609499407
92.23074358119322,3.73479006366593,0.04150680399303629,12.123299800566091,74.06616319178461,41.845970458973284,0.0031815643822108493,149.25815702903216,2.8807428408162576,0.03964935473570189,7.009564988606283
92.2640880293426,3.7296145379824663,0.04166899465950872,12.113683204445433,73.95027712968245,41.7300738057905,0.0031709732988577798,149.312118763316,2.8745729124537234,0.03981758975169228,6.9943532648365565
92.29743247749198,3.724425959114489,0.04183252292601816,12.10404779740619,73.8342600544926,41.61404617477764,0.0031604174720744715,149.3660804975998,2.8683900486078184,0.03998724969143878,6.979109235316709
92.33077692564137,3.719224234612584,0.0419974055884531,12.094393461089318,73.71811112240212,41.497886721988685,0.003149896784495616,149.4200422318836,2.862194168240662,0.04015835266235507,6.963832695037573
92.36412137379075,3.7140092709734827,0.04216365972591145,12.08472007588388,73.60182948070555,41.38159459463094,0.003139411119146617,149.47400396616743,2.8559851894687114,0.04033091707905235,6.948523436822872
92.39746582194013,3.708780973623518,0.04233130270668817,12.075027520908442,73.48541426776572,41.26516893093543,0.003128960359442252,149.52796570045123,2.849763029550406,0.040504961669872316,6.933181251297128
92.43081027008951,3.7035392469017827,0.04250035219443388,12.065315673992158,73.3688646128299,41.148608860025476,0.0031185443891854204,149.58192743473506,2.843527604873553,0.04068050548357871,6.917805926852932
92.4641547182389,3.698283994042922,0.04267082615446008,12.055584411655431,73.25217963588665,41.031913501782206,0.003108163092565807,149.63588916901887,2.837278830942497,0.04085756789622111,6.902397249617596
92.49749916638828,3.69301511715961,0.0428427428602149,12.045833609090254,73.13535844754779,40.91508196670822,0.0030978163541586392,149.6898509033027,2.8310166223650364,0.04103616861818149,6.886955003419184
92.53084361453766,3.68773251722463,0.04301612089991206,12.036063140140135,73.01840014892208,40.79811335578771,0.0030875040589233636,149.7438126375865,2.8247408928391105,0.04121632770139834,6.8714789697519025
92.56418806268705,3.6824360940526097,0.04319097918334464,12.026272877279627,72.90130383144887,40.681006760344324,0.003077226092202385,149.7977743718703,2.818451555139181,0.04139806554677838,6.855968927740708
92.59753251083643,3.677125746281427,0.04336733694888634,12.016462691593514,72.78406857675203,40.56376126189723,0.0030669823397198063,149.85173610615414,2.8121485211024195,0.04158140291180391,6.840424654105396
92.63087695898581,3.671801371353145,0.04354521377063661,12.006632452755502,72.66669345651535,40.44637593201251,0.0030567726875801223,149.90569784043794,2.8058317016145824,0.04176636091834075,6.824845923123865
92.6642214071352,3.6664628654946245,0.043724629565795856,11.99678202900655,72.54917753232594,40.32884983215316,0.003046597022266989,149.95965957472177,2.799501006595604,0.04195296106064716,6.80923250659466
92.69756585528458,3.66111012369774,0.04390560460223046,11.986911287132788,72.43151985548516,40.21118201352624,0.003036455230641945,150.01362130900557,2.793156344984967,0.04214122521359741,6.793584173798879
92.73091030343396,3.6557430396991113,0.04408815950619701,11.977020092442912,72.31371946691436,40.093371516925494,0.0030263471999431462,150.0675830432894,2.7867976247267094,0.04233117564112771,6.777900691461172
92.76425475158335,3.6503615059595,0.044272315270323936,11.967108308745214,72.19577539694822,39.97541737257272,0.0030162728177841186,150.1215447775732,2.7804247527542163,0.042522835004898035,6.7621818237101365
92.79759919973273,3.6449654136427365,0.04445809326179096,11.957175798324128,72.07768666517511,39.85731859995529,0.003006231972152527,150.175506511857,2.774037634974624,0.04271622637319446,6.746427332037732
92.83094364788211,3.639554652594176,0.04464551523069956,11.947222421916251,71.95945228029957,39.73907420765974,0.0029962245514088977,150.22946824614084,2.7676361762530046,0.042911373230069653,6.730636975258064
92.8642880960315,3.6341291113187455,0.04483460331871053,11.937248038685954,71.84107123994866,39.62068319320313,0.002986250444285392,150.28342998042464,2.7612202803961745,0.04310829948472559,6.714810509465198
92.89763254418088,3.6286886769585163,0.04502538006789799,11.92725250620047,71.7225425305117,39.50214454286085,0.002976309539884581,150.33739171470847,2.7547898501361945,0.04330702948115644,6.698947687990178
92.93097699233026,3.6232332352697645,0.045217868429834544,11.91723568040443,71.60386512695568,39.38345723149021,0.0029664017276782007,150.39135344899228,2.7483447871135556,0.0435075880080545,6.6830482613571816
92.96432144047964,3.6177626705995842,0.045412091774942896,11.90719741559395,71.4850379926456,39.26462022235151,0.0029565268975059135,150.4453151832761,2.741884991860003,0.043710000308981346,6.667111977238739
92.99766588862903,3.6122768658619586,0.04560807390209442,11.897137564390116,71.3660600791795,39.14563246692448,0.0029466849395740945,150.4992769175599,2.735410363781025,0.043914292092827156,6.651138580410064
93.03101033677841,3.6067757025133607,0.045805839048480894,11.887055977711992,71.2469303261669,39.02649290472224,0.002936875744454624,150.5532386518437,2.7289208011379835,0.04412048954455575,6.635127812702418
93.06435478492779,3.6012590605277643,0.046005411899743796,11.876952504748973,71.12764766109103,38.90720046309995,0.0029270992030836426,150.60720038612754,2.722416201029873,0.04432861933624328,6.619079412955527
93.09769923307718,3.5957268183711597,0.04620681760040163,11.866826992932657,71.0082109990476,38.78775405706075,0.0029173552067603505,150.66116212041135,2.7158964593747186,0.044538708638435356,6.602993116969008
93.13104368122656,3.5901788529755123,0.04641008176457973,11.856679287908085,70.88861924260192,38.6681525890577,0.0029076436471458145,150.71512385469518,2.7093614708905793,0.044750785131815275,6.586868657452767
93.16438812937594,3.584615039712085,0.0466152304869974,11.846509233504324,70.76887128156297,38.54839494879022,0.0028979644162617467,150.76908558897898,2.702811129076151,0.04496487701919707,6.570705763976341
93.19773257752533,3.579035252364241,0.046822290354312984,11.836316671704513,70.64896599278543,38.428480012997895,0.002888317406489295,150.8230473232628,2.6962453261909918,0.04518101303787237,6.554504162917221
93.23107702567471,3.573439363099639,0.047031288456787286,11.826101442615252,70.52890223993616,38.30840664524986,0.002878702510567877,150.87700905754662,2.6896639532353124,0.04539922247229543,6.538263577408039
93.26442147382409,3.5678272424417377,0.047242252400230146,11.815863384435268,70.40867887329705,38.18817369572824,0.0028691196215939537,150.93097079183042,2.6830668999293334,0.04561953516712699,6.521983727282609
93.29776592197348,3.5621987592407334,0.047455210318349546,11.805602333423483,70.28829472956402,38.067780001008664,0.002859568633019858,150.98493252611425,2.676454054692233,0.045841981540674384,6.505664329020858
93.33111037012286,3.5565537806438385,0.04767019088544179,11.795318123866386,70.16774863158942,37.947224383835945,0.0028500494386526232,151.03889426039805,2.6698253046206455,0.04606659259869654,6.489305095692586
93.36445481827224,3.550892172064825,0.04788722332940702,11.785010588044646,70.04703938815238,37.82650565289376,0.0028405619326527676,151.09285599468188,2.663180535466668,0.046293399948608656,6.472905736899926
93.39779926642161,3.545213797152941,0.048106337445200424,11.774679556199043,69.92616579375097,37.70562260257072,0.0028311060095331554,151.1468177289657,2.656519631615446,0.04652243581412838,6.456465958718652
93.43114371457101,3.539518517761105,0.04832756360865295,11.76432485649565,69.80512662834708,37.584574012721305,0.002821681564157789,151.20077946324952,2.649842476062235,0.04675373305031949,6.439985463638131
93.46448816272039,3.5338061939133323,0.04855093279067982,11.753946314990236,69.68392065712054,37.463358648420694,0.002812288491740676,151.25474119753332,2.6431489503889902,0.04698732515907816,6.423463950500017
93.49783261086976,3.52807668377144,0.04877647657193908,11.743543755591853,69.56254663021966,37.34197525971504,0.00280292668784463,151.30870293181712,2.6364389347404393,0.04722324630511429,6.406901114435535
93.53117705901916,3.5223298436009842,0.04900422715790927,11.733117000025697,69.44100328250704,37.2204225813664,0.0027935960483801247,151.36266466610095,2.629712307799648,0.04746153133236324,6.390296646801447
93.56452150716854,3.5165655277364056,0.0492342173944176,11.72266586779506,69.31928933331487,37.098699332592076,0.0027842964696041515,151.41662640038476,2.622968946763012,0.04770221578089407,6.37365023511452
93.59786595531791,3.5107835885453103,0.049466480783631354,11.712190176142451,69.19740348614286,36.976804216797255,0.0027750278481190323,151.4705881346686,2.6162087273147514,0.047945335904364665,6.356961562984577
93.6312104034673,3.5049838763919703,0.049701051500534395,11.701689740009853,69.07534442840985,36.854735921303046,0.002765790080871302,151.5245498689524,2.6094315236008034,0.04819092868795256,6.340230310046046
93.66455485161669,3.499166239599954,0.049937964409916144,11.69116437199809,68.95311083119287,36.732493117068245,0.00275658306515055,151.57851160323622,2.6026372082021316,0.04843903186684026,6.323456151887913
93.69789929976606,3.4933305244138135,0.050177255083835234,11.680613882325217,68.83070134889715,36.61007445840387,0.002747406698588267,151.63247333752003,2.5958256521074827,0.048689683945300016,6.306638759982164
93.73124374791546,3.4874765749599086,0.050418959819659506,11.670038078784005,68.7081146189905,36.487478582682286,0.002738260879156719,151.68643507180383,2.5889967246854684,0.048942924216313854,6.289777801610507
93.76458819606484,3.481604233206314,0.05066311565866377,11.659436766698473,68.58534926172933,36.36470411004038,0.0027291455051678248,151.74039680608766,2.582150293656062,0.049198792781812016,6.272872939789473
93.79793264421421,3.475713338921654,0.050909760405140184,11.648809748879296,68.46240387979081,36.24174964307374,0.0027200604752719965,151.79435854037146,2.575286225061461,0.04945733057356074,6.255923833193831
93.8312770923636,3.4698037296330453,0.051158932646171836,11.63815682557832,68.33927705802961,36.118613766526174,0.00271100568845703,151.8483202746553,2.5684043832362167,0.049718579374663785,6.238930136078076
93.86462154051299,3.463875240582999,0.05141067177201181,11.627477794441958,68.2159673631258,35.99529504697179,0.002701981044046988,151.9022820089391,2.561504630776766,0.049982581841751555,6.221891498196294
93.89796598866236,3.4579277046851784,0.05166501799703966,11.616772450463415,68.09247334324132,35.87179203248792,0.002692986441701072,151.9562437432229,2.5545868285101836,0.05024938152787313,6.204807564719956
93.93131043681174,3.451960952479176,0.051922012381455745,11.606040585933922,67.96879352773595,35.74810325232282,0.0026840217814125,152.01020547750673,2.547650835462274,0.05051902290608961,6.1876779761539344
93.96465488496113,3.4459748120841303,0.05218169685364069,11.595281990392728,67.84492642678674,35.62422721655477,0.002675086963507399,152.06416721179053,2.5406965088249027,0.05079155139383733,6.170502368250489
93.99799933311051,3.439969109151153,0.05244411423318042,11.584496450575905,67.72087053104964,35.50016241574253,0.0026661818886437156,152.11812894607436,2.533723703922517,0.05106701337805666,6.153280371921105
94.03134378125989,3.4339436668146193,0.052709308254693284,11.573683750363953,67.59662431130523,35.3759073205687,0.0026573064578100805,152.17209068035817,2.526732274177959,0.05134545624111086,6.136011613146412
94.06468822940928,3.4278983056421986,0.05297732359239925,11.562843670728107,67.47218621809314,35.25146038147397,0.0026484605723247224,152.226052414642,2.519722071077415,0.05162692838758005,6.118695712883778
94.09803267755866,3.4218328435836503,0.053248205885460115,11.5519759896754,67.34755468134342,35.12682002828331,0.0026396441338343807,152.2800141489258,2.5126929441345633,0.05191147927188231,6.101332286972794
94.13137712570804,3.4157470959182716,0.05352200176418189,11.541080482192312,67.22272810997099,35.00198466982232,0.002630857044313202,152.3339758832096,2.505644740853816,0.05219915942679636,6.083920946038323
94.16472157385743,3.409640875201051,0.053798758877056096,11.530156920187078,67.09770489150736,34.87695269352537,0.002622099206061636,152.38793761749344,2.4985773066927695,0.052490020492960414,6.06646129539137
94.19806602200681,3.403513991207435,0.05407852591869108,11.519205072430646,66.97248339170599,34.75172246503429,0.002613370521705383,152.44189935177724,2.4914904850236645,0.05278411524928953,6.048952934927375
94.23141047015619,3.397366250876609,0.054361352658665485,11.508224704495987,66.84706195409008,34.62629232778616,0.002604670894194277,152.49586108606107,2.484384117093935,0.05308149764441185,6.0313954590220185
94.26475491830558,3.3911974582533673,0.054647289971344666,11.497215578696096,66.72143889955727,34.5006606025923,0.0025960002268012226,152.54982282034487,2.47725804198584,0.05338222282918546,6.013788456424537
94.29809936645496,3.3850074144284767,0.05493638986671223,11.486177454020346,66.59561252597697,34.37482558720728,0.0025873584231211307,152.6037845546287,2.470112096575029,0.053686347190254224,5.996131510148246
94.33144381460434,3.3787959174773756,0.055228705522187845,11.475110086069208,66.46958110769037,34.24878555588534,0.002578745387069817,152.6577462889125,2.462946115488167,0.05399392838475551,5.9784241973584535
94.36478826275372,3.3725627623973686,0.055524291315569727,11.464013226987388,66.34334289509786,34.122538758928115,0.00257016102288297,152.7117080231963,2.455759931059439,0.05430502537620968,5.9606660892574235
94.39813271090311,3.366307741043107,0.055823202859107496,11.452886625395251,66.21689611416718,33.99608342222023,0.002561605235115047,152.76566975748014,2.448553373286016,0.05461969847160162,5.942856750966503
94.43147715905249,3.360030642060311,0.056125497034657475,11.44173002631845,66.09023896601533,33.86941774675268,0.002553077928638254,152.81963149176394,2.4413262697824103,0.05493800935976472,5.924995741405273
94.46482160720187,3.3537312508177584,0.05643123203013897,11.430543171115746,65.96336962631858,33.74253990813494,0.0025445790086414503,152.87359322604777,2.4340784457336304,0.05526002115106166,5.907082613167462
94.49816605535126,3.34740934933745,0.05674046737723841,11.419325797405042,65.8362862449069,33.61544805609531,0.002536108380629114,152.92755496033158,2.4268097238472146,0.05558579841842292,5.889116912393859
94.53151050350064,3.3410647162228133,0.057053263990339435,11.408077638987391,65.7089869452099,33.48814031396709,0.0025276659504203007,152.9815166946154,2.4195199243039895,0.055915407239869146,5.871098178641735
94.56485495165002,3.3346971265849827,0.05736968420692276,11.396798425769035,65.58146982372958,33.36061477816242,0.002519251624147567,153.0354784288992,2.4122088647076256,0.0562489152424582,5.8530259447510655
94.59819939979941,3.3283063519671057,0.057689791829359356,11.385487883681472,65.4537329495171,33.23286951763375,0.002510865308255957,153.089440163183,2.404876360032808,0.05658639164779525,5.834899736707014
94.63154384794879,3.321892160266439,0.05801365216810901,11.374145734599297,65.32577436359671,33.10490257331888,0.0025025069095019484,153.14340189746684,2.3975222225721593,0.05692790731919321,5.816719073498988
94.66488829609817,3.315454315654377,0.05834133208655803,11.362771696255898,65.19759207842424,32.976711957573706,0.0024941763349524085,153.19736363175065,2.390146261881734,0.05727353481045121,5.798483466975912
94.69823274424756,3.30899257849423,0.05867290004742891,11.351365482156943,65.06918407729982,32.84829565358967,0.0024858734919835698,153.25132536603448,2.3827482847250625,0.057623348416417496,5.780192421697516
94.73157719239694,3.3025067052566395,0.05900842616081118,11.339926801491455,64.94054831370079,32.71965161479519,0.0024775982882800102,153.30528710031828,2.375328095015779,0.05797742422536905,5.761845434781809
94.76492164054632,3.295996448432648,0.05934798223400664,11.328455359040497,64.81168271080561,32.59077776424189,0.002469350631833605,153.3592488346021,2.3678854937586706,0.05833584017326418,5.743441995748314
94.7982660886957,3.2894615564442873,0.059691641823165414,11.316950855083427,64.68258516073602,32.46167199397462,0.0024611304309425123,153.41321056888592,2.360420278989223,0.058698676100014696,5.7249815863571465
94.83161053684509,3.2829017735525863,0.06003948028678848,11.30541298530148,64.55325352397448,32.332332164384155,0.002452937594210166,153.46717230316972,2.3529322457114583,0.059066013807785804,5.706463680443552
94.86495498499447,3.276316839762965,0.06039157484124561,11.293841440678806,64.42368562870494,32.202756103543145,0.0024447720305442486,153.52113403745355,2.3454211858341667,0.059437937121436794,5.687887743748036
94.89829943314385,3.269706490727835,0.06074800461833582,11.282235907400624,64.29387927005911,32.0729416065232,0.0024366336491556707,153.57509577173735,2.337886888105413,0.059814531951265355,5.669253233741803
94.93164388129324,3.2630704576464087,0.06110885072500683,11.270596066748645,64.16383220952606,31.94288643469423,0.00242852235955757,153.62905750602118,2.3303291380451814,0.06019588635802401,5.650559599447178
94.96498832944262,3.2564084671615596,0.06147419630529832,11.258921594993518,64.03354217412827,31.812588315004497,0.0024204380715643174,153.683019240305,2.3227477178762608,0.060582090620409014,5.631806281253216
94.998332777592,3.2497202412535815,0.06184412660465625,11.247212163284171,63.903006855732514,31.68204493923971,0.00241238069529049,153.73698097458882,2.315142406453156,0.06097323730511829,5.612992710725945
95.03167722574139,3.243005497130922,0.062218729036704654,11.235467437534139,63.77222391031343,31.551253963264134,0.0024043501411498834,153.79094270887262,2.307512979189059,0.061369421339529925,5.594118310413346
95.06502167389077,3.2362639471174806,0.06259809325251256,11.223687078304481,63.641190957102324,31.420213006237244,0.002396346319854524,153.84490444315642,2.299859207980771,0.061770740087210736,5.575182493644717
95.09836612204015,3.2294952985366407,0.0629823112125993,11.211870740683416,63.50990557785818,31.288919649810797,0.0023883691424136685,153.89886617744025,2.2921808611315058,0.062177293426301614,5.556184664324316
95.13171057018954,3.2226992535918,0.06337147726174522,11.200018074162488,63.378365315977774,31.157371437303432,0.0023804185201328027,153.95282791172406,2.284477703271507,0.06258918383092459,5.537124216719004
95.16505501833892,3.2158755092431264,0.06376568820661506,11.188128722509001,63.24656767567674,31.025565872849214,0.002372494364612682,154.0067896460079,2.2767494952764338,0.06300651645583559,5.518000535239785
95.1983994664883,3.209023757080668,0.06416504339655299,11.176202323634808,63.11451012112522,30.893500420524383,0.0023645965877483206,154.0607513802917,2.2689959941833804,0.06342939922431791,5.498812994216931
95.23174391463769,3.202143683193568,0.06456964480756362,11.16423850946123,62.98219007553857,30.761172503449405,0.0023567251017280262,154.11471311457552,2.2612169531044533,0.06385794291959093,5.479560957668405
95.26508836278707,3.195234968035044,0.06497959712951293,11.152236905779857,62.84960492022677,30.628579502861726,0.002348879819032434,154.16867484885933,2.253412121137907,0.0642922612798638,5.4602437790616065
95.29843281093645,3.188297286283307,0.0653950078569776,11.14019713210922,62.71675199370499,30.495718757164504,0.0023410606524335038,154.22263658314313,2.24558124327661,0.06473247109715191,5.440860801067825
95.33177725908583,3.181330306698114,0.06581598738372646,11.128118801547252,62.5836285906217,30.362587560947745,0.0023332675149935864,154.27659831742696,2.2377240603138904,0.06517869232013043,5.42141135530949
95.36512170723522,3.1743336919726013,0.06624264910092406,11.116001520619037,62.450231960847844,30.229183163977215,0.0023255003200644223,154.33056005171076,2.22984030874655,0.06563104816111784,5.401894762099685
95.3984661553846,3.167307098580602,0.06667510949950335,11.10384488912015,62.31655930836456,30.09550277015721,0.002317758981286208,154.3845217859946,2.2219297206749706,0.0660896652074194,5.3823103301737225
95.43181060353398,3.1602501766189603,0.06711348827671405,11.091648499955026,62.18260779023502,29.96154353646051,0.002310043412586615,154.4384835202784,2.2139920237003277,0.06655467353731702,5.362657356412663
95.46515505168337,3.1531625696446945,0.06755790844698922,11.079411938970319,62.04837451548567,29.827302571825,0.002302353528179836,154.49244525456223,2.206026940818583,0.06702620684077171,5.342935125558125
95.49849949983275,3.1460439145069974,0.06800849645757319,11.067134784783176,61.91385654396966,29.692776936019534,0.00229468924256565,154.54640698884603,2.1980341903113336,0.06750440254521213,5.323142909918361
95.53184394798213,3.138893841173648,0.06846538230897041,11.054816608604021,61.779050885187964,29.557963638473574,0.0022870504705284392,154.60036872312983,2.190013485633293,0.06798940194659649,5.3032799690651045
95.56518839613152,3.1317119725516678,0.06892869968042187,11.042456974053719,61.643954497126735,29.422859637070374,0.0022794371271362733,154.65433045741366,2.181964535296321,0.0684813503459641,5.2833455495209325
95.5985328442809,3.1244979243021156,0.06939858606082784,11.030055436975033,61.508564284965914,29.287461836904683,0.002271849127739949,154.70829219169747,2.173887042749887,0.06898039719188502,5.263338884436714
95.63187729243027,3.11725130464861,0.06987518288526084,11.017611545237903,61.372877099802984,29.15176708900038,0.002264286387972046,154.7622539259813,2.165780706257735,0.06948669622892646,5.243259193258712
95.66522174057967,3.109971714179409,0.07035863567734035,11.005124838538503,61.23688973735313,29.015772188988038,0.00225674882374599,154.8162156602651,2.1576452187707496,0.07000040565255226,5.223105681385106
95.69856618872905,3.1026587456428314,0.07084909419786098,10.992594848191796,61.10059893658515,28.879473875741844,0.0022492363512551378,154.87017739454893,2.1494802677957616,0.07052168827079508,5.202877539811319
95.73191063687842,3.0953119837356127,0.07134671259992324,10.980021096917195,60.96400137827474,28.74286882997188,0.002241748886971814,154.92413912883273,2.141285535260185,0.07105071167292538,5.182573944763854
95.7652550850278,3.0879310048840236,0.07185164959091671,10.967403098617227,60.82709368361547,28.605953672772166,0.0022342863476464015,154.97810086311654,2.133060697372318,0.07158764840563751,5.162194057322072
95.7985995331772,3.080515377017388,0.07236406860170014,10.95474035814883,60.689872412656165,28.46872496412174,0.002226848650306417,155.03206259740037,2.1248054244771257,0.0721326761570047,5.141737023027504
95.83194398132657,3.0730646593336943,0.07288413796339063,10.942032371086992,60.552334062816634,28.331179201337147,0.002219435712255584,155.08602433168417,2.1165193809073366,0.07268597794864826,5.121201971480195
95.86528842947595,3.065578402056978,0.07341203109216116,10.929278623480382,60.41447506721025,28.19331281747464,0.002212047451072906,155.139986065968,2.108202224829675,0.07324774233665166,5.1005880159214465
95.89863287762535,3.0580561461860483,0.07394792668235792,10.916478591598715,60.2762917930843,28.055122179678797,0.0022046837846117578,155.1939478002518,2.099853608085995,0.07381816362148115,5.079894252802534
95.93197732577472,3.0504974232343063,0.07449200890857045,10.90363174167147,60.13778054004035,27.91660358747743,0.0021973446309989813,155.24790953453564,2.091473176029161,0.07439744206759112,5.059119761338717
95.9653217739241,3.0429017549602384,0.07504446763705082,10.890737529617615,59.99893753829994,27.777753271020295,0.002190029908633955,155.30187126881944,2.0830605673534395,0.07498578413311757,5.038263603048034
95.9986662220735,3.0352686530879636,0.07560549864683015,10.877795400765821,59.85975894691076,27.63856738925526,0.0021827395361876958,155.35583300310324,2.074615413919102,0.0755834027101964,5.017324821273988
96.03201067022287,3.027597619017786,0.0761753038613719,10.86480478956504,59.72024085179873,27.499042028046503,0.0021754734326019645,155.40979473738707,2.0661373405712014,0.07619051737662914,4.996302440691901
96.06535511837225,3.0198881435260527,0.07675409159117894,10.851765119284838,59.5803792639021,27.359173198227687,0.002168231517088357,155.46375647167088,2.057625964952043,0.07680735465928722,4.975195466797791
96.09869956652165,3.0121397064536684,0.0773420767877719,10.838675801704873,59.44017011706275,27.218956833584375,0.0021610137091273907,155.5177182059547,2.049080897307192,0.07743414831011539,4.954002885379124
96.13204401467102,3.004351776383274,0.07793948131008568,10.825536236793553,59.299609266037635,27.078388788771996,0.002153819928467642,155.5716799402385,2.040501740284851,0.07807113959533056,4.932723661966998
96.1653884628204,2.996523810304131,0.07854653420374608,10.812345812374893,59.158692484251354,26.937464837158767,0.0021466500951248225,155.62564167452234,2.031888088728028,0.07871857759852754,4.911356741268301
96.1987329109698,2.9886552532641293,0.07916347199376085,10.799103903783196,59.0174154616468,26.796180668589827,0.0021395041293809027,155.67960340880614,2.0232395294595955,0.07937671953863991,4.88990104657771
96.23207735911917,2.980745538008745,0.07979053899186961,10.78580987350524,58.87577380232281,26.654531887077127,0.0021323819517832347,155.73356514308995,2.0145556410595336,0.08004583110336413,4.868355479167986
96.26542180726855,2.9727940846059524,0.08042798761910394,10.772463070809112,58.73376302211875,26.512514008404427,0.0021252834831436583,155.78752687737378,2.005835993634268,0.08072618679914247,4.84671891765797
96.29876625541793,2.9648003000564,0.08107607874425618,10.75906283135912,58.59137854619533,26.37012245764356,0.0021182086445376155,155.84148861165758,1.9970801485777065,0.08141807031858396,4.824990217357215
96.33211070356732,2.9567635778885224,0.08173508203969851,10.745608476816377,58.448615706416525,26.22735256658441,0.0021111573573032796,155.8954503459414,1.988287658323494,0.08212177492627122,4.803168209586023
96.3654551517167,2.948683297737625,0.08240527635523208,10.73209931442424,58.30546973870992,26.084199571070506,0.0021041295430406907,155.94941208022522,1.979458066088307,0.08283760386424824,4.7812517009700555
96.39879959986608,2.940558824907919,0.08308695011091205,10.718534636577644,58.161935780294414,25.940658608231523,0.002097125123610865,156.00337381450905,1.97059090560551,0.08356587077807306,4.759239472707955
96.43214404801547,2.932389509917265,0.08378040171045466,10.704913720376126,58.0180088667913,25.796724713618453,0.0020901440211349327,156.05733554879285,1.9616857008490287,0.08430690016490092,4.737130279811191
96.46548849616485,2.9241746880233714,0.08448593997614258,10.69123582715938,57.87368392926332,25.652392818229746,0.0020831861579932824,156.11129728307665,1.9527419657467353,0.08506102784484977,4.714922850314302
96.49883294431423,2.9159136787304187,0.08520388460644227,10.677500202024415,57.728955791151826,25.50765774542149,0.0020762514568246912,156.16525901736048,1.9437592038830178,0.08582860145696967,4.692615884454567
96.53217739246362,2.9076057852755977,0.08593456665814656,10.66370607332385,57.583819165050336,25.362514207704375,0.00206933984052545,156.2192207516443,1.93473690819005,0.08660998098158183,4.670208053819524
96.565521840613,2.8992502940942018,0.08667832905427104,10.649852652144123,57.438268649364446,25.216956803415947,0.002062451232248536,156.27318248592812,1.9256745606270382,0.08740553929028408,4.6476980004605
96.59886628876238,2.8908464742621174,0.08743552711925426,10.635939131762521,57.29229872489507,25.07098001326115,0.0020555855554027303,156.32714422021192,1.9165716318471273,0.08821566272564986,4.6250843359710085
96.63221073691177,2.8823935769149096,0.0882065291435167,10.621964687082375,57.14590375118505,24.92457819672098,0.002048742733651778,156.38110595449575,1.9074275808511891,0.08904075171234918,4.602365640527782
96.66555518506115,2.8738908346420295,0.08899171697902532,10.60792847404503,56.99907796281952,24.777745588318382,0.00204192269091355,156.43506768877955,1.898241854627958,0.08988122140164109,4.579540461893027
96.69889963321053,2.8653374608548137,0.08979148666781513,10.593829629017417,56.85181546557968,24.63047629373373,0.0020351253513591727,156.48902942306336,1.8890138877798266,0.09073750235162778,4.556607314375597
96.73224408135991,2.8567326491270966,0.09060624910585323,10.579667268154159,56.704110232316815,24.482764285766155,0.0020283506394122115,156.5429911573472,1.8797431021335835,0.09161004124521215,4.533564677749308
96.7655885295093,2.8480755725068723,0.09143643074441038,10.56544048673282,56.5559560988406,24.334603400131044,0.0020215984797478047,156.596952891631,1.8704289063353905,0.09249930164859899,4.510410996126027
96.79893297765868,2.8393653827973737,0.09228247433139916,10.551148358460802,56.407346759478784,24.18598733108423,0.0020148687972918523,156.65091462591482,1.8610706954291536,0.09340576481277187,4.487144676781267
96.83227742580806,2.8306012098060926,0.09314483969548804,10.536789934752576,56.25827576254319,24.03690962686715,0.002008161517220158,156.70487636019863,1.8516678504174964,0.09432993052085235,4.463764088929858
96.86562187395745,2.8217821605598417,0.09402400457583315,10.522364243975598,56.1087365055854,23.887363684961304,0.0020014765649576053,156.75883809448246,1.8422197378044864,0.09527231798460248,4.440267562449074
96.89896632210683,2.812907318484119,0.0949204655005089,10.507870290663263,55.958722230473114,23.737342747144552,0.0019948138661773436,156.81279982876626,1.832725709119072,0.09623346679306514,4.416653386546435
96.93231077025621,2.803975742544568,0.09583473871702634,10.493307054693021,55.80822601817685,23.586839894335085,0.0019881733467999314,156.86676156305006,1.8231851004183808,0.09721393791732955,4.392919808369226
96.9656552184056,2.7949864663487327,0.0967673611786078,10.478673490427981,55.65724078347365,23.435848041217724,0.001981554932992543,156.9207232973339,1.8135972317696645,0.09821431477493565,4.369065031552576
96.99899966655498,2.785938497205593,0.0977188915901722,10.463968525819828,55.505759269276055,23.284359930636473,0.0019749585511681317,156.9746850316177,1.8039614067099443,0.09923520435829614,4.345087214702933
97.03234411470436,2.776830815140449,0.09868991151804297,10.449191061470842,55.35377404080309,23.13236812774071,0.0019683841279846087,157.02864676590153,1.7942769116820148,0.10027723843167416,4.320984469813059
97.06568856285375,2.7676623718628313,0.09968102656831719,10.434339969653008,55.2012774794744,22.97986501387618,0.0019618315903440317,157.08260850018533,1.7845430154456334,0.10134107480136229,4.296754860605141
97.09903301100313,2.7584320896845207,0.10069286763873199,10.419414093281603,55.04826177652948,22.826842780203936,0.0019553008653918056,157.13657023446916,1.774758968462544,0.1024273986647603,4.272396400797657
97.13237745915251,2.749138860384498,0.10172609224911319,10.404412244840477,54.89471892633435,22.673293421028532,0.0019487918805158489,157.19053196875296,1.7649240022538806,0.10353692404355067,4.247907052292039
97.1657219073019,2.7397815440181885,0.1027813859567991,10.389333205256719,54.74064071945362,22.519208726828065,0.001942304563345798,157.24449370303677,1.7550373287284085,0.10467039530764946,4.223284723274139
97.19906635545128,2.730358967667358,0.10385946386312432,10.374175722721422,54.58601873531097,22.364580276964684,0.0019358388417522092,157.2984554373206,1.7450981394800513,0.10582858879637357,4.198527266225981
97.23241080360066,2.7208699241266645,0.1049610722174702,10.358938511453191,54.430844334603165,22.209399432051125,0.0019293946438457504,157.3524171716044,1.7351056050529063,0.10701231454413426,4.173632475842408
97.26575525175004,2.711313170523798,0.10608699012713675,10.343620250401552,54.275108651261775,22.05365732596743,0.001922971897976394,157.40637890588823,1.725058874171952,0.10822241811884621,4.1485980868469445
97.29909969989943,2.7016874268685487,0.10723803138079804,10.328219581886254,54.11880258415559,21.897344857498798,0.001916570532732628,157.46034064017203,1.714957072937387,0.10945978258120492,4.1234217717010235
97.33244414804881,2.691991374526038,0.10841504639395091,10.312735110168374,53.96191678828951,21.740452681567763,0.0019101904769406712,157.51430237445587,1.7047993039806808,0.11072533057479471,4.098101138200171
97.36578859619819,2.6822236546101124,0.10961892428703796,10.29716539994958,53.80444166558069,21.582971200050082,0.0019038316596636624,157.56826410873967,1.6945846455798577,0.11202002655667141,4.0726337269501895
97.39913304434758,2.672382866291334,0.1108505951062522,10.28150897479483,53.646367355317466,21.424890552142458,0.0018974940102008816,157.62222584302347,1.684312150731754,0.1133448791799866,4.047017008715972
97.43247749249696,2.662467565013466,0.11211103219805857,10.265764315473245,53.48768372399868,21.266200604246208,0.0018911774580869707,157.6761875773073,1.6739808461786643,0.11470094384065342,4.0212483816351705
97.46582194064634,2.6524762606135783,0.11340125475121844,10.249929858212774,53.32838035460349,21.106890939355775,0.0018848819330911427,157.7301493115911,1.663589731386552,0.1160893254011756,3.9953251682881543
97.49916638879573,2.6424074153387447,0.11472233051945027,10.234003992862688,53.16844653573981,20.946950845911555,0.0018786073652163912,157.78411104587494,1.6531377774719425,0.11751118110661106,3.969244612615061
97.53251083694511,2.6322594417517826,0.11607537873930548,10.217985060957487,53.00787124957792,20.78636930607422,0.0018723536846987363,157.83807278015874,1.6426239260742526,0.11896772370786705,3.9430038766703266
97.56585528509449,2.6220307005198245,0.11746157326116505,10.201871353676573,52.84664315978767,20.625134983405445,0.001866120822006424,157.89203451444257,1.6320470881702258,0.12046022481053817,3.9166000372038803
97.59919973324388,2.6117194980767873,0.11888214591084911,10.1856611096923,52.6847505983736,20.463236209903396,0.001859908707839165,157.94599624872637,1.6214061428267674,0.12199001846759247,3.8900300820579363
97.63254418139326,2.6013240841505865,0.1203383901011271,10.16935251289846,52.52218155226217,20.30066097234566,0.001853717273127372,157.99995798301018,1.6106999358882375,0.1235585050374204,3.863290906366768
97.66588862954264,2.590842649146721,0.12183166471680687,10.152943690011941,52.35892364866701,20.1373968979128,0.0018475464490313707,158.053919717294,1.5999272785940364,0.12516715533003886,3.8363793085465305
97.69923307769201,2.580273321377254,0.12336339829667879,10.136432708038273,52.194964140053244,19.973431239033623,0.0018413961669406587,158.1078814515778,1.5890869461218498,0.12681751506662586,3.809291986060713
97.7325775258414,2.569614164123442,0.12493509353839813,10.119817571591106,52.03028988821113,19.80875085739145,0.0018352663584731183,158.16184318586164,1.5781776760517263,0.12851120968075672,3.78202553094571
97.76592197399079,2.558863172521289,0.12654833215760294,10.103096220056345,51.86488734729152,19.643342207057145,0.001829156955474281,158.21580492014544,1.5671981667455732,0.13024994949132948,3.7545764250798936
97.79926642214016,2.5480182702559375,0.12820478013285597,10.086266524589002,51.69874254597001,19.47719131667418,0.0018230678900165475,158.26976665442928,1.5561470756365383,0.13203553528209175,3.7269410351780063
97.83261087028956,2.537077306050001,0.12990619337186277,10.069326284930375,51.53184106871738,19.31028377062179,0.0018169990943984425,158.32372838871308,1.5450230174218775,0.13386986432423373,3.699115607491276
97.86595531843894,2.5260380499317683,0.13165442384091328,10.052273226033329,51.364168035824626,19.142604689109273,0.0018109505011438712,158.37769012299688,1.5338245621528375,0.13575493688448867,3.6710962621918855
97.89929976658831,2.5148981892652165,0.13345142620085135,10.035104994480603,51.195708082259095,18.974138707108395,0.0018049220430013458,158.4316518572807,1.5225502332142016,0.1376928632641213,3.6428789874187437
97.9326442147377,2.503655324522639,0.13529926499824846,10.017819154680094,51.02644533556345,18.804869952031684,0.0017989136529432618,158.48561359156452,1.511198505185687,0.1396858714200441,3.614459632959279
97.96598866288709,2.492306964781269,0.1372001224688296,10.00041318482126,50.85636339205088,18.634782020091663,0.0017929252641651421,158.53957532584835,1.4997678015768112,0.14173631522492827,3.5858339035399776
97.99933311103646,2.4808505229205458,0.13915630701311962,9.98288447257315,50.68544529159416,18.463857951225435,0.0017869568100848884,158.59353706013215,1.4882564924257384,0.14384668342883342,3.5569973516955367
98.03267755918586,2.4692833104950314,0.14117026241198513,9.965230310503333,50.513673491440656,18.292080202467904,0.0017810082243420462,158.64749879441598,1.4766628917525548,0.1460196093934586,3.5279453701845673
98.06602200733523,2.45760253225804,0.14324457786071437,9.947447891196651,50.3410298374302,18.119430619683392,0.001775079440797078,158.70146052869978,1.4649852548554418,0.14825788167621246,3.4986731839154785
98.09936645548461,2.4458052803055015,0.14538199890582978,9.929534302048529,50.16749553431187,17.945890407510817,0.0017691703935306079,158.7554222629836,1.4532217754386487,0.1505644555530119,3.4691758413445823
98.132710903634,2.4338885278071065,0.14758543937979446,9.911486519705669,49.99305111356162,17.771440097373134,0.0017632810168426985,158.80938399726742,1.44137058255855,0.15294246557632946,3.439448205302792
98.16605535178338,2.4218491222910417,0.1498579944438235,9.893301404125905,49.81767639939164,17.596059513425665,0.0017574112452521267,158.86334573155122,1.429429737374396,0.15539523927951698,3.409484943205187
98.19939979993276,2.409683778442012,0.15220295485852334,9.87497569222403,49.64135047244669,17.419727736259713,0.0017515610134956497,158.91730746583505,1.417397229687779,0.15792631214968827,3.379280516591273
98.23274424808214,2.3973890703684524,0.1546238226181906,9.856505991067431,49.46405163110337,17.24242306416634,0.0017457302565272715,158.97126920011885,1.40527097425437,0.16053944400807246,3.34882916994037
98.26608869623153,2.3849614232931784,0.15712432810562915,9.837888770583557,49.28575735009327,17.06412297178987,0.0017399189095175286,159.02523093440269,1.3930488068492353,0.16323863695390167,3.3181249186994712
98.29943314438091,2.372397104613173,0.15970844894046315,9.819120355734867,49.10644423623043,16.8848040659309,0.0017341269078527766,159.0791926686865,1.3807284800655732,0.16602815504720836,3.287161536455663
98.33277759253029,2.3596922142688346,0.16238043071772332,9.800196918112494,48.926087981209264,16.704442038242867,0.0017283541871344528,159.1331544029703,1.3683076588247942,0.16891254593027807,3.2559325411775086
98.36612204067968,2.346842674359644,0.16514480986416577,9.781114466896913,48.74466331111397,16.523011614586583,0.0017226006831783716,159.18711613725412,1.3557839155732025,0.17189666461161557,3.2244311804418415
98.39946648882906,2.3338442179322207,0.1680064388660872,9.761868839125455,48.56214393156642,16.34048650072698,0.001716866332014015,159.24107787153793,1.3431547251390599,0.17498569966933314,3.1926504155543225
98.43281093697844,2.32069237685867,0.17097051415891346,9.742455689200122,48.37850247016979,16.15683932402983,0.0017111510698838163,159.29503960582176,1.3304174592194944,0.178185202162205,3.1605829044602776
98.46615538512783,2.3073824687171474,0.17404260701466157,9.722870477564047,48.193710413190985,15.972041570829711,0.0017054548332424413,159.34900134010556,1.3175693804658037,0.18150111758106038,3.1282209833337236
98.49949983327721,2.293909582572061,0.17722869780652914,9.703108458463861,48.00773803865464,15.78606351904778,0.0016997775587561039,159.4029630743894,1.3046076361297991,0.18493982121526056,3.0955566467165485
98.53284428142659,2.2802685635390554,0.18053521408701637,9.683164666705576,47.82055434357088,15.5988741655934,0.0016941191833018399,159.4569248086732,1.2915292512325658,0.18850815736776486,3.0625815260687643
98.56618872957598,2.2664539960101617,0.1839690729865668,9.663033903303457,47.632126965616905,15.41044114809129,0.0016884796439668147,159.510886542957,1.278331121210151,0.1922134829110504,3.029286866570838
98.59953317772536,2.2524601853938857,0.18753772851140196,9.642710719905663,47.442422098633386,15.220730660353976,0.0016828588780476328,159.56484827724083,1.2650100039882295,0.19606371575314727,2.9956635020041387
98.63287762587474,2.238281138207168,0.19124922441057693,9.622189401866523,47.251404401325864,15.029707360961929,0.0016772568230496198,159.61881001152463,1.2515625114303985,0.20006738886641906,2.9617018275114435
98.66622207402412,2.22391054033929,0.19511225339484217,9.601463949821522,47.05903689813395,14.837334274296577,0.0016716734166861507,159.67277174580846,1.2379851000996498,0.20423371063415396,2.9273917700168
98.69956652217351,2.2093417332788454,0.19913622361020952,9.580528059599256,46.8652808717903,14.643572683222718,0.0016661085968779341,159.72673348009226,1.224274061265424,0.2085726323878782,2.8927227560567483
98.73291097032289,2.1945676880666425,0.20333133342013854,9.559375100282645,46.670095747432796,14.448382012518506,0.0016605623017523466,159.7806952143761,1.2104255100801973,0.21309492414775338,2.8576836767419413
98.76625541847227,2.1795809767106133,0.20770865573476407,9.537998090210152,46.47343896487002,14.251719702116374,0.0016550344696427215,159.8346569486599,1.196435373841532,0.21781225974500074,2.822262849533913
98.79959986662166,2.164373740754573,0.21228023333304163,9.516389670674638,46.275265841137994,14.053541069003831,0.0016495250390876756,159.8886186829437,1.1822993792439584,0.2227373126992677,2.786447976477711
98.83294431477104,2.148937656649927,0.2170591868788252,9.494542077044287,46.07552941971684,13.853799156504238,0.0016440339488304316,159.94258041722753,1.1680130385150331,0.22788386446008368,2.7502260984854483
98.86628876292042,2.133263897532528,0.2220598376485915,9.472447106993394,45.874180305626446,13.65244456954702,0.0016385611378181182,159.99654215151133,1.1535716343149214,0.23326692689660453,2.713583545207876
98.89963321106981,2.117343090941267,0.2272978473512762,9.450096085481517,45.671166484966534,13.449425294270155,0.0016331065452011107,160.05050388579517,1.138970203265159,0.23890288125784515,2.6765058799677552
98.93297765921919,2.101165271943383,0.23279037787208182,9.427479826064669,45.466433127072094,13.24468650006273,0.0016276701103323469,160.10446562007897,1.1242035179535563,0.2448096362220249,2.6389778391531893
98.96632210736857,2.0847198310545534,0.23855627433046822,9.404588588063028,45.25992236749973,13.038170321976377,0.001622251772766646,160.1584273543628,1.1092660672433197,0.25100680814319726,2.6009832653809517
98.99966655551796,2.067995456235182,0.2446162755035973,9.381412029029429,45.05157306673366,12.829815621028075,0.0016168514722600421,160.2123890886466,1.094152034690246,0.25751592718366184,2.56250503363729
99.03301100366734,2.050980068125909,0.25099325649164383,9.357939151873884,44.84132054753874,12.619557719549274,0.001611469148769125,160.2663508229304,1.078855274846813,0.2643606737401453,2.5235249694830872
99.06635545181672,2.0336607475521875,0.25771250953003855,9.334158245897253,44.62909630086698,12.407328108403565,0.0016061047424503524,160.32031255721424,1.0633692871993312,0.27156715043498914,2.4840237582668014
99.0996998999661,2.0160236541495253,0.2648020701053713,9.310056820854953,44.41482766130672,12.193054122271215,0.0016007581936593957,160.37427429149804,1.0476871874514888,0.279164196018173,2.443980844122603
99.13304434811549,1.998053934757056,0.2722930971053058,9.2856215330187,44.19843744631129,11.976658578594462,0.0015954294429504808,160.42823602578187,1.0318016758233612,0.28718374883195774,2.403374317327966
99.16638879626487,1.9797356199896181,0.2802203177211725,9.26083810202537,43.97984355400904,11.758059375167033,0.0015901184310757226,160.48219776006567,1.015705001990851,0.2956612691238737,2.3621807883616657
99.19973324441425,1.96105150708689,0.28862255029927486,9.235691217071894,43.75895851237944,11.537169040343286,0.00158482509898446,160.5361594943495,0.9993889262311442,0.3046362315054625,2.320375246713562
99.23307769256364,1.9419830267729739,0.29754332149278695,9.210164430744129,43.5356889765145,11.313894228822964,0.001579549387822605,160.5901212286333,0.9828446762792665,0.3141527013870943,2.277930902161966
99.26642214071302,1.922510091416973,0.3070315981217396,9.18424003843862,43.3099351608208,11.088135154800295,0.0015742912389319972,160.6440829629171,0.9660628993213233,0.3242600123793627,2.234819005817314
99.2997665888624,1.902610921217571,0.3171426593167536,9.157898940919498,43.08159019927353,10.859784952609123,0.0015690505938497346,160.69804469720094,0.9490336084665744,0.33501356566163526,2.191008647739098
99.33311103701179,1.8822618444406953,0.327939141240215,9.131120487043798,42.85053942288764,10.628728953111866,0.0015638273943075311,160.75200643148474,0.9317461229336853,0.3464757773888316,2.1464665273220254
99.36645548516117,1.8614370668829825,0.33949229546650206,9.103882293059637,42.61665953753918,10.394843861897762,0.001558621582231076,160.80596816576858,0.9141890010710425,0.35871720670344254,2.1011566919128986
99.39979993331055,1.8401084046307241,0.35188351360937925,9.076160034078843,42.37981768648042,10.157996822377886,0.0015534330997393807,160.85992990005238,0.8963499651888788,0.37181790524554376,2.0550402382096915
99.43314438145994,1.8182449727950787,0.3652061860901752,9.047927202318188,42.13987037864721,9.918044343283729,0.0015482618891441285,160.9138916343362,0.8782158170216819,0.38586903983806475,2.008074969876491
99.46648882960932,1.795812821147014,0.3795679834337763,9.019154825427673,41.89666225526056,9.674831065787991,0.0015431078929490519,160.96785336862,0.8597723424519408,0.40097485404718797,1.9602150034210428
99.4998332777587,1.772774505276462,0.39509367615853025,8.989811136569973,41.6500246657035,9.428188339674614,0.0015379710538492737,161.02181510290382,0.8410042039123451,0.41725505270150076,1.9114103126514617
99.53317772590809,1.749088578941669,0.41192864715255395,8.959861185787648,41.39977401698188,9.177932570952562,0.0015328513147306784,161.07577683718765,0.8218948186439485,0.43484771772614045,1.8616061998656155
99.56652217405747,1.7247089893733942,0.43024330268826144,8.929266379405115,41.14570984258193,8.923863294076185,0.0015277486186692855,161.12973857147145,0.8024262207144548,0.4539128958975028,1.8107426791917893
99.59986662220685,1.699584352145328,0.45023866128614487,8.897983930536888,40.88761254400241,8.665760910171763,0.0015226629089305978,161.18370030575528,0.782578904419118,0.4746370423775922,1.7587537540477516
99.63321107035623,1.6736570753284283,0.47215350313104104,8.865966198874883,40.62524072046548,8.403384017390726,0.0015175941289689915,161.23766204003908,0.7623316463830413,0.49723856221600715,1.7055665662694168
99.66655551850562,1.6468622932058152,0.49627361123212715,8.833159891272567,40.358327992957335,8.13646623834935,0.001512542222427066,161.2916237743229,0.7416613034257038,0.5219747714636145,1.651100388823219
99.699899966655,1.6191265570905533,0.5229438523685441,8.799505085646283,40.08657921356325,7.864712423627726,0.0015075071331350398,161.34558550860672,0.7205425830545586,0.5491507084108597,1.595265426733491
99.73324441480437,1.5903662128856015,0.5525841670686904,8.764934028163351,39.809665881957876,7.587794073264271,0.0015024888051101061,161.39954724289052,0.6989477834716242,0.5791303759695977,1.537961381452693
99.76658886295377,1.5604853695486245,0.5857110222646661,8.72936963597336,39.52722057533476,7.3053437657259215,0.0014974871825558186,161.45350897717435,0.676846500368733,0.6123512055676823,1.4790757216692654
99.79993331110315,1.5293733268991538,0.6229666276462458,8.69272361275041,39.23883011435271,7.016948319091758,0.00149250220986148,161.50747071145815,0.6542052989205328,0.6493428259594614,1.4184815876281855
99.83327775925252,1.4969012775203285,0.6651593900768404,8.654894047388435,38.94402706730977,6.7221403039259755,0.0014875338316015037,161.56143244574199,0.6309873518867564,0.6907516321880023,1.3560352353169938
99.86662220740192,1.4629180197498375,0.7133209764360962,8.615762312207142,38.64227911315716,6.420387397526358,0.0014825819925348169,161.6153941800258,0.6071520497078845,0.7373732289681011,1.29157289999575
99.8999666555513,1.427244295765868,0.7687884870686638,8.575188993622884,38.33297548906006,6.111078839388625,0.001477646637604239,161.6693559143096,0.5826545980160932,0.790195632796448,1.224906924163902
99.93331110370067,1.3896651845682526,0.8333256053680855,8.53300846103953,38.01540954418732,5.7935079756033465,0.0014727277119358625,161.72331764859342,0.5574456358151543,0.8504572311797578,1.155820952153028
99.96665555185007,1.349919672273905,0.9093060434690415,8.489021472634885,37.68875583556048,5.466849364776262,0.00146782516083845,161.77727938287723,0.531470940829507,0.9197249694637075,1.0840639430104424
99.99999999999945,1.3076860220896893,0.9999999999999976,8.442984877754933,37.352039522404866,5.130128197106266,0.001462938929802833,161.83124111716106,0.5046713507532972,0.9999999999999993,1.0093427015065946
