modelo,N,P_T_instantaneo,Re_vt
RG,35.3761538234904,6.12599543631075e-06,1.0000499071098117
RG,35.37808097741354,6.102429466354869e-06,0.9815758409388599
RG,35.38000813133669,6.078954483333007e-06,0.9269748067903736
RG,35.38193528525983,6.055570415758573e-06,0.8384572535188745
RG,35.38386243918298,6.032277104011113e-06,0.719453590260427
RG,35.38578959310612,6.009074260527891e-06,0.5744728145018433
RG,35.387716747029266,5.985961483669477e-06,0.4089242950332902
RG,35.38964390095241,5.962938255273167e-06,0.22890994487041388
RG,35.391571054875556,5.940003970066876e-06,0.04099492367970542
RG,35.3934982087987,5.9171579826260845e-06,-0.14803441931901262
RG,35.395425362721845,5.89439963464333e-06,-0.331416404044639
RG,35.397352516644986,5.871728319351912e-06,-0.502654804903396
RG,35.399279670568134,5.849143506373523e-06,-0.6557460872203107
RG,35.401206824491275,5.826644767424894e-06,-0.7853853085342769
RG,35.40313397841442,5.804231796661781e-06,-0.8871438470742725
RG,35.405061132337565,5.781904387168114e-06,-0.9576132787104477
RG,35.406988286260706,5.7596624303911805e-06,-0.9945110604464665
RG,35.408915440183854,5.7375058714852266e-06,-0.9967451147298804
RG,35.410842594106995,5.715434671782826e-06,-0.9644359226770995
RG,35.41276974803014,5.693448777371785e-06,-0.8988962430281517
RG,35.414696901953285,5.671548065183982e-06,-0.8025700362517197
RG,35.41662405587643,5.649732336409288e-06,-0.6789335509231719
RG,35.418551209799574,5.628001287078155e-06,-0.5323627467607135
RG,35.42047836372272,5.606354512776747e-06,-0.3679722898733795
RG,35.42240551764586,5.58479152596575e-06,-0.19143219117203736
RG,35.42433267156901,5.5633117658227815e-06,-0.008768771838811529
RG,35.42625982549215,5.541914649851337e-06,0.17384299157576447
RG,35.428186979415294,5.520599594274275e-06,0.3502885753225147
RG,35.43011413333844,5.4993660589566125e-06,0.5147174267766041
RG,35.43204128726158,5.478213572925696e-06,0.6617342111630007
RG,35.43396844118473,5.457141747131389e-06,0.7865716771048975
RG,35.43589559510787,5.4361502964993656e-06,0.8852397943761903
RG,35.43782274903102,5.41523901591201e-06,0.954646728857134
RG,35.43974990295416,5.3944077828607126e-06,0.9926882650570084
RG,35.44167705687731,5.3736565184720836e-06,0.9983033967825088
RG,35.44360421080045,5.352985162738363e-06,0.9714949785279448
RG,35.4455313647236,5.3323936448818276e-06,0.9133154908747572
RG,35.44745851864674,5.311881842098191e-06,0.8258191057247595
RG,35.44938567256988,5.291449574392943e-06,0.7119823035134971
RG,35.45131282649303,5.2710965719957785e-06,0.5755962435751649
RG,35.45323998041617,5.250822489007806e-06,0.42113492883305337
RG,35.45516713433932,5.230626899091067e-06,0.253603870678109
RG,35.45709428826246,5.210509317797928e-06,0.07837447397910655
RG,35.45902144218561,5.190469229321844e-06,-0.09899031728956863
RG,35.46094859610875,5.17050610344492e-06,-0.27291343069093477
RG,35.4628757500319,5.1506194411766055e-06,-0.43797849269747646
RG,35.46480290395504,5.130808780293082e-06,-0.589096652278121
RG,35.46673005787819,5.111073732635456e-06,-0.7216603648692733
RG,35.46865721180133,5.091413980539546e-06,-0.8316796275725842
RG,35.47058436572448,5.071829287014827e-06,-0.9158968156622417
RG,35.47251151964762,5.0523194841843735e-06,-0.9718770225948751
RG,35.47443867357076,5.0328844535458915e-06,-0.9980716383409992
RG,35.47636582749391,5.013524114811552e-06,-0.9938537786670134
RG,35.47829298141705,4.994238383844577e-06,-0.9595250667787126
RG,35.4802201353402,4.9750271671886e-06,-0.8962941634945103
RG,35.48214728926334,4.955890321577344e-06,-0.8062282761232943
RG,35.484074443186486,4.936827653221475e-06,-0.6921796765814232
RG,35.48600159710963,4.917838896382119e-06,-0.5576899493492787
RG,35.487928751032776,4.898923720805813e-06,-0.4068753009335442
RG,35.48985590495592,4.880081735245761e-06,-0.2442967397543409
RG,35.491783058879065,4.861312499602474e-06,-0.0748192962323368
RG,35.493710212802206,4.842615552681667e-06,0.09653532584721704
RG,35.495637366725354,4.8239904200909394e-06,0.26473818966238305
RG,35.497564520648496,4.805436654875191e-06,0.42490022755018086
RG,35.49949167457164,4.786953837529593e-06,0.5724127528340286
RG,35.501418828494785,4.76854160970901e-06,0.703077427039386
RG,35.503345982417926,4.750199667821125e-06,0.8132221288555853
RG,35.505273136341074,4.731927777241701e-06,0.8997996717183019
RG,35.507200290264215,4.713725756819949e-06,0.9604668813047244
RG,35.509127444187364,4.695593474937784e-06,0.9936421761627663
RG,35.511054598110505,4.677530828805469e-06,0.9985404508645626
RG,35.51298175203365,4.659537725269322e-06,0.9751847422688212
RG,35.514908905956794,4.641614065531578e-06,0.9243948312418188
RG,35.51683605987994,4.62375971746784e-06,0.8477535798033198
RG,35.51876321380308,4.605974514752369e-06,0.7475524181553711
RG,35.52069036772623,4.588258230088778e-06,0.6267179385331881
RG,35.52261752164937,4.5706105909775645e-06,0.4887220455361182
RG,35.524544675572514,4.55303126272139e-06,0.33747849875103
RG,35.52647182949566,4.535519875553627e-06,0.17722900437806074
RG,35.5283989834188,4.518076021392908e-06,0.012422214155471845
RG,35.53032613734195,4.500699284119065e-06,-0.15241088902889932
RG,35.53225329126509,4.483389245291138e-06,-0.3127817304097041
RG,35.53418044518824,4.466145511404121e-06,-0.46436559886276807
RG,35.53610759911138,4.448967719042836e-06,-0.6031165835087958
RG,35.53803475303453,4.431855553463097e-06,-0.7253730139030367
RG,35.53996190695767,4.414808747811601e-06,-0.8279507543038858
RG,35.54188906088082,4.397827087647707e-06,-0.9082220975266594
RG,35.54381621480396,4.380910403797417e-06,-0.9641784437610419
RG,35.5457433687271,4.364058562358053e-06,-0.9944754297228727
RG,35.54767052265025,4.347271454428925e-06,-0.9984596739671616
RG,35.54959767657339,4.330548975742594e-06,-0.976176811364187
RG,35.55152483049654,4.3138910189322145e-06,-0.9283609964826485
RG,35.55345198441968,4.29729744944054e-06,-0.8564065339545792
RG,35.55537913834283,4.280768105989961e-06,-0.7623227548320606
RG,35.55730629226597,4.264302779159993e-06,-0.6486736594402756
RG,35.55923344618912,4.2479012233931735e-06,-0.518504217438481
RG,35.56116060011226,4.231563141997895e-06,-0.37525550485386694
RG,35.56308775403541,4.215288210376183e-06,-0.22267110393941736
RG,35.56501490795855,4.1990760674799135e-06,-0.06469734735879451
RG,35.5669420618817,4.1829263464540595e-06,0.0946199085853197
RG,35.56886921580484,4.166838669328364e-06,0.2512392806073035
RG,35.57079636972798,4.150812679247486e-06,0.40122596634670943
RG,35.57272352365113,4.134848033644961e-06,0.5408494196470188
RG,35.57465067757427,4.118944432356744e-06,0.6666742248880124
RG,35.57657783149742,4.103101605132233e-06,0.7756420276645121
RG,35.57850498542056,4.087319332029111e-06,0.8651426624222172
RG,35.580432139343706,4.071597423421936e-06,0.9330729245873076
RG,35.58235929326685,4.055935732267176e-06,0.9778817913395059
RG,35.584286447189996,4.040334127709511e-06,0.9986012480141796
RG,35.58621360111314,4.024792501861628e-06,0.9948622677182299
RG,35.588140755036285,4.009310740476419e-06,0.9668958530553879
RG,35.590067908959426,3.993888728721068e-06,0.9155194335909965
RG,35.591995062882575,3.9785263233049615e-06,0.8421092467774332
RG,35.593922216805716,3.963223361775792e-06,0.7485596724421676
RG,35.59584937072886,3.9479796397288e-06,0.6372307672576708
RG,35.597776524652005,3.9327949265269505e-06,0.510885515672463
RG,35.599703678575146,3.917668949193521e-06,0.3726185095875276
RG,35.601630832498294,3.902601414850672e-06,0.22577794561082165
RG,35.603557986421436,3.887592000487425e-06,0.07388293073942642
RG,35.605485140344584,3.8726403797934505e-06,-0.0794618407015879
RG,35.607412294267725,3.857746216154376e-06,-0.23065197117307068
RG,35.60933944819087,3.842909189819204e-06,-0.37616777050683425
RG,35.611266602114014,3.828128990871475e-06,-0.5126552447526098
RG,35.61319375603716,3.813405342323179e-06,-0.6370018437665804
RG,35.615120909960304,3.79873799059574e-06,-0.7464053119976763
RG,35.61704806388345,3.784126721180402e-06,-0.8384341929762382
RG,35.61897521780659,3.769571345953832e-06,-0.9110787604001211
RG,35.620902371729734,3.755071710028993e-06,-0.9627914073459902
RG,35.62282952565288,3.7406276772836e-06,-0.9925157834290884
RG,35.62475667957602,3.7262391292330005e-06,-0.9997042525230612
RG,35.62668383349917,3.71190595166891e-06,-0.9843235140203646
RG,35.62861098742231,3.697628028099e-06,-0.9468485088397278
RG,35.63053814134546,3.6834052308254542e-06,-0.8882449903073499
RG,35.6324652952686,3.6692374122289587e-06,-0.8099413879912852
RG,35.63439244919175,3.655124402830914e-06,-0.7137908183067682
RG,35.63631960311489,3.6410660033453173e-06,-0.6020242932333337
RG,35.63824675703804,3.627061990528476e-06,-0.47719635262034277
RG,35.64017391096118,3.613112111794453e-06,-0.34212447948511227
RG,35.64210106488433,3.599216097603744e-06,-0.19982376670589544
RG,35.64402821880747,3.5853736585812255e-06,-0.05343836780128647
RG,35.64595537273061,3.5715845030200167e-06,0.09382869867318828
RG,35.64788252665376,3.5578483326149904e-06,0.23878582686608724
RG,35.6498096805769,3.544164864027883e-06,0.3783216541642241
RG,35.65173683450005,3.53053382083118e-06,0.5094709843482998
RG,35.65366398842319,3.5169549542261356e-06,0.6294764435425455
RG,35.65559114234634,3.503428032749319e-06,0.7358446309237627
RG,35.65751829626948,3.4899528560767663e-06,0.8263956800696804
RG,35.65944545019263,3.4765292454732015e-06,0.8993053081260234
RG,35.66137260411577,3.4631570471997662e-06,0.9531386190436546
RG,35.66329975803892,3.4498361258997354e-06,0.9868751151124739
RG,35.66522691196206,3.436566358155068e-06,0.9999245734689931
RG,35.6671540658852,3.4233476296007757e-06,0.9921336448885937
RG,35.66908121980835,3.4101798223093574e-06,0.9637832279379849
RG,35.67100837373149,3.397062815615465e-06,0.9155768684168712
RG,35.67293552765464,3.383996471533416e-06,0.8486206076074606
RG,35.67486268157778,3.370980640868e-06,0.7643948789820811
RG,35.67678983550093,3.3580151474033858e-06,0.6647191922516038
RG,35.67871698942407,3.34509980047027e-06,0.551710486028998
RG,35.680644143347216,3.332234382429534e-06,0.4277361262101007
RG,35.68257129727036,3.3194186616512385e-06,0.2953626244180982
RG,35.684498451193505,3.3066523892285384e-06,0.15730120216925145
RG,35.686425605116646,3.2939353068945704e-06,0.016351369388305
RG,35.688352759039795,3.281267153540633e-06,-0.12465630631292551
RG,35.690279912962936,3.268647667034961e-06,-0.26291707409654635
RG,35.69220706688608,3.256076596274096e-06,-0.39570738906349956
RG,35.694134220809225,3.243553698003279e-06,-0.5204377435509598
RG,35.696061374732366,3.231078751081529e-06,-0.6347019472480147
RG,35.697988528655515,3.218651546777251e-06,-0.7363219538560191
RG,35.699915682578656,3.2062719025550963e-06,-0.8233874479914437
RG,35.701842836501804,3.1939396511232437e-06,-0.8942895210518966
RG,35.703769990424945,3.181654645533895e-06,-0.9477479050118307
RG,35.70569714434809,3.1694167536438367e-06,-0.9828313654770946
RG,35.707624298271234,3.157225852373766e-06,-0.9989710019449313
RG,35.70955145219438,3.14508182765494e-06,-0.99596634704682
RG,35.711478606117524,3.1329845624061222e-06,-0.9739842944967122
RG,35.71340576004067,3.120933940937835e-06,-0.9335510298950113
RG,35.71533291396381,3.1089298328467198e-06,-0.875537258366091
RG,35.717260067886954,3.0969721010137034e-06,-0.8011371563594882
RG,35.7191872218101,3.0850605897646776e-06,-0.7118415705041905
RG,35.721114375733244,3.0731951285510125e-06,-0.6094060944507368
RG,35.72304152965639,3.0613755314292732e-06,-0.4958147277778221
RG,35.72496868357953,3.0496015945647186e-06,-0.3732398905519738
RG,35.72689583750268,3.037873105414554e-06,-0.24399961673376644
RG,35.72882299142582,3.0261898365738702e-06,-0.1105127792494445
RG,35.73075014534897,3.0145515603966684e-06,0.024746780683191263
RG,35.73267729927211,3.002958042559401e-06,0.15929635255164398
RG,35.73460445319526,2.991409054485284e-06,0.290689830267246
RG,35.7365316071184,2.979904373966892e-06,0.41656174155568937
RG,35.73845876104155,2.9684437875294934e-06,0.5346690592248877
RG,35.74038591496469,2.9570270981746112e-06,0.6429300813220471
RG,35.74231306888783,2.945654119484619e-06,0.7394597355292402
RG,35.74424022281098,2.9343246858599744e-06,0.8226007481130824
RG,35.74616737673412,2.923038641858737e-06,0.8909501995561744
RG,35.74809453065727,2.9117958489719428e-06,0.9433810918307388
RG,35.75002168458041,2.9005961798423108e-06,0.979058642939078
RG,35.75194883850356,2.889439514060397e-06,0.9974511305413495
RG,35.7538759924267,2.8783257400468242e-06,0.9983352071788314
RG,35.75580314634985,2.867254743147387e-06,0.9817957050059679
RG,35.75773030027299,2.8562264114146176e-06,0.9482200534424744
RG,35.75965745419614,2.845240623024372e-06,0.898287513423698
RG,35.76158460811928,2.834297249561364e-06,0.8329535295913509
RG,35.76351176204243,2.8233961527007173e-06,0.7534295699104185
RG,35.76543891596557,2.8125371795039537e-06,0.6611588965225155
RG,35.76736606988871,2.8017201691757437e-06,0.5577887716715098
RG,35.76929322381186,2.7909449435868053e-06,0.44513964671518563
RG,35.771220377735,2.7802113179057666e-06,0.3251719283795154
RG,35.77314753165815,2.769519096355196e-06,0.19995093508566125
RG,35.77507468558129,2.758868076621794e-06,0.07161067851534741
RG,35.777001839504436,2.748258055793579e-06,-0.0576828937944015
RG,35.77892899342758,2.7376888272663566e-06,-0.1857685640923575
RG,35.780856147350725,2.7271601918279815e-06,-0.3105258047878014
RG,35.78278330127387,2.71667195211362e-06,-0.4299094466846589
RG,35.784710455197015,2.7062239207463745e-06,-0.5419825050741539
RG,35.786637609120156,2.695815921638277e-06,-0.6449466570169338
RG,35.7885647630433,2.6854477875503092e-06,-0.7371699143168942
RG,35.790491916966445,2.6751193676897775e-06,-0.8172110967077479
RG,35.792419070889586,2.664830518099767e-06,-0.8838407669113074
RG,35.794346224812735,2.6545811082242948e-06,-0.9360583633688458
RG,35.796273378735876,2.6443710164675833e-06,-0.9731053272829017
RG,35.798200532659024,2.634200126263336e-06,-0.9944740957457973
RG,35.800127686582165,2.6240683298798235e-06,-0.9999129032237997
RG,35.80205484050531,2.6139755166040967e-06,-0.9894263969687659
RG,35.803981994428455,2.6039215779736995e-06,-0.9632721496327341
RG,35.8059091483516,2.593906401345723e-06,-0.9219532048589876
RG,35.807836302274744,2.583929867065744e-06,-0.8662068598970654
RG,35.80976345619789,2.5739918521913595e-06,-0.7969899417900482
RG,35.81169061012103,2.5640922205627266e-06,-0.715460879305442
RG,35.813617764044174,2.5542308298019885e-06,-0.6229589245085306
RG,35.81554491796732,2.5444075272955574e-06,-0.5209809044293959
RG,35.817472071890464,2.5346221504093066e-06,-0.4111559199098224
RG,35.81939922581361,2.524874532947235e-06,-0.29521842764942996
RG,35.82132637973675,2.515164498195704e-06,-0.17498015478249468
RG,35.8232535336599,2.505491868143775e-06,-0.052301306406870474
RG,35.82518068758304,2.4958564623698162e-06,0.07093847851312787
RG,35.82710784150619,2.4862580993352984e-06,0.1928689713151595
RG,35.82903499542933,2.4766966042107896e-06,0.3116575624169027
RG,35.83096214935248,2.467171802368298e-06,0.4255364181455702
RG,35.83288930327562,2.457683527801733e-06,0.5328281970120664
RG,35.83481645719877,2.4482316225297076e-06,0.6319699666323614
RG,35.83674361112191,2.43881593533936e-06,0.7215349989638679
RG,35.83867076504505,2.429436327844615e-06,0.8002521630132012
RG,35.8405979189682,2.42009266659682e-06,0.8670226726039553
RG,35.84252507289134,2.4107848277825136e-06,0.9209339990006645
RG,35.84445222681449,2.4015126962380375e-06,0.9612707989669392
RG,35.84637938073763,2.3922761603029645e-06,0.9875227588637254
RG,35.84830653466078,2.3830751153161798e-06,0.9993893062940191
RG,35.85023368858392,2.3739094563623194e-06,0.9967811816444553
RG,35.85216084250707,2.36477907883665e-06,0.9798189156502224
RG,35.85408799643021,2.3556838798604044e-06,0.9488282981099019
RG,35.85601515035336,2.3466237495338008e-06,0.9043329636572
RG,35.8579423042765,2.337598575533099e-06,0.8470442663333876
RG,35.85986945819965,2.328608239331621e-06,0.7778486404137072
RG,35.86179661212279,2.3196526145558224e-06,0.6977926829409475
RG,35.86372376604593,2.3107315715569987e-06,0.608066218481094
RG,35.86565091996908,2.301844970136969e-06,0.5099836259937672
RG,35.86757807389222,2.2929926648754585e-06,0.40496373200894964
RG,35.86950522781537,2.284174506910334e-06,0.2945085806373991
RG,35.87143238173851,2.275390340507619e-06,0.18018140250879755
RG,35.873359535661656,2.26664000922726e-06,0.0635841086144766
RG,35.8752866895848,2.257923354079178e-06,-0.05366536862549892
RG,35.877213843507946,2.2492402155676746e-06,-0.16995556835873638
RG,35.87914099743109,2.2405904395731757e-06,-0.2837035213405985
RG,35.881068151354235,2.2319738714191443e-06,-0.3933760025901011
RG,35.882995305277376,2.223390362120988e-06,-0.4975097416187313
RG,35.884922459200524,2.2148397701263354e-06,-0.5947303353792035
RG,35.886849613123665,2.2063219577629745e-06,-0.6837696322779706
RG,35.88877676704681,2.197836795896487e-06,-0.7634813848574676
RG,35.890703920969955,2.18938416123629e-06,-0.8328549936358113
RG,35.892631074893096,2.1809639361219202e-06,-0.8910271978423386
RG,35.894558228816244,2.17257601192748e-06,-0.9372915994938608
RG,35.896485382739385,2.1642202815805697e-06,-0.9711059354813074
RG,35.89841253666253,2.155896642496941e-06,-0.9920970519384112
RG,35.900339690585675,2.1476049975383405e-06,-1.0000635604164496
RG,35.90226684450882,2.1393452476388245e-06,-0.9949761872550998
RG,35.904193998431964,2.131117295182915e-06,-0.9769758639347805
RG,35.90612115235511,2.122921041611018e-06,-0.9463696267332953
RG,35.90804830627825,2.1147563848071955e-06,-0.9036244261138304
RG,35.909975460201395,2.106623221120986e-06,-0.8493589709722543
RG,35.91190261412454,2.098521440970962e-06,-0.784333752077746
RG,35.913829768047684,2.0904509298014845e-06,-0.7094394140623694
RG,35.91575692197083,2.082411571246968e-06,-0.6256836590428981
RG,35.91768407589397,2.074403240578192e-06,-0.5341768786172569
RG,35.91961122981712,2.066425809096766e-06,-0.43611672779437227
RG,35.92153838374026,2.0584791468495866e-06,-0.3327718566557779
RG,35.92346553766341,2.0505631174008387e-06,-0.22546502351396283
RG,35.92539269158655,2.042677583061848e-06,-0.1155558176687741
RG,35.9273198455097,2.034822405858214e-06,-0.004423215466769825
RG,35.92924699943284,2.0269974461525274e-06,0.10655180736054859
RG,35.93117415335599,2.0192025663737667e-06,0.21600339113880107
RG,35.93310130727913,2.0114376303584138e-06,0.32259742823945553
RG,35.93502846120227,2.003702504284337e-06,0.42504752329495377
RG,35.93695561512542,1.9959970600997648e-06,0.5221300950799751
RG,35.93888276904856,1.988321171963412e-06,0.6126984509500066
RG,35.94080992297171,1.9806747188211056e-06,0.6956956840929567
RG,35.94273707689485,1.973057587412986e-06,0.7701662604738138
RG,35.944664230818,1.9654696662361815e-06,0.8352661796956856
RG,35.94659138474114,1.9579108489563746e-06,0.8902716195728219
RG,35.94851853866429,1.9503810364786014e-06,0.9345859901484012
RG,35.95044569258743,1.9428801300047326e-06,0.967745343170765
RG,35.95237284651058,1.9354080343227537e-06,0.9894221108302363
RG,35.95430000043372,1.927964658772655e-06,0.9994271612928728
RG,35.95622715435687,1.9205499110743004e-06,0.9977101800763898
RG,35.95815430828001,1.9131636998887865e-06,0.9843584116484275
RG,35.96008146220315,1.9058059348425277e-06,0.9595938074016598
RG,35.9620086161263,1.898476522282624e-06,0.9237686462004452
RG,35.96393577004944,1.8911753670215202e-06,0.877359713201145
RG,35.96586292397259,1.883902371786616e-06,0.8209611327168946
RG,35.96779007789573,1.8766574352232695e-06,0.7552759667640624
RG,35.969717231818876,1.8694404531907e-06,0.6811067032895143
RG,35.97164438574202,1.8622513179807206e-06,0.5993447657407788
RG,35.973571539665166,1.8550899181270692e-06,0.5109591855367454
RG,35.97549869358831,1.8479561398570709e-06,0.416984584600881
RG,35.977425847511455,1.8408498661049494e-06,0.3185086188882176
RG,35.979353001434596,1.8337709774939195e-06,0.2166590374436233
RG,35.981280155357744,1.826719354265524e-06,0.11259051111509429
RG,35.983207309280886,1.8196948748236927e-06,0.00747138423186923
RG,35.98513446320403,1.8126974175432345e-06,-0.0975294999576514
RG,35.987061617127175,1.80572686282967e-06,-0.2012557545914629
RG,35.988988771050316,1.7987830911520202e-06,-0.30257604488686246
RG,35.990915924973464,1.7918659851908303e-06,-0.40039619209068
RG,35.992843078896605,1.7849754316797488e-06,-0.49367066210622434
RG,35.994770232819754,1.7781113189115868e-06,-0.5814133240872961
RG,35.996697386742895,1.7712735388017311e-06,-0.662707377114024
RG,35.99862454066604,1.764461988265699e-06,-0.7367143533005489
RG,36.000551694589184,1.7576765662905184e-06,-0.8026821173255566
RG,36.00247884851233,1.7509171756458194e-06,-0.8599517981819649
RG,36.00440600243547,1.7441837237079062e-06,-0.9079635994924938
RG,36.00633315635862,1.737476119340064e-06,-0.9462614480488638
RG,36.00826031028176,1.7307942741554964e-06,-0.9744964569474738
RG,36.010187464204904,1.724138102849729e-06,-0.992429189724035
RG,36.01211461812805,1.7175075202700953e-06,-0.9999307254704164
RG,36.01404177205119,1.7109024422531667e-06,-0.9969825405877336
RG,36.01596892597434,1.704322785630518e-06,-0.9836752317634092
RG,36.01789607989748,1.6977684659251443e-06,-0.9602061172698566
RG,36.01982323382063,1.6912393978288026e-06,-0.9268757665783658
RG,36.02175038774377,1.6847354950675503e-06,-0.8840835158639777
RG,36.02367754166692,1.6782566691323092e-06,-0.8323220371288921
RG,36.02560469559006,1.6718028293951068e-06,-0.7721710376727577
RG,36.02753184951321,1.665373882968037e-06,-0.7042901726784908
RG,36.02945900343635,1.6589697349538561e-06,-0.6294112604899758
RG,36.03138615735949,1.6525902876273559e-06,-0.5483298946588739
RG,36.03331331128264,1.6462354408758747e-06,-0.46189655160403953
RG,36.03524046520578,1.6399050939286883e-06,-0.3710072947654429
RG,36.03716761912893,1.6335991430879219e-06,-0.27659417731578617
RG,36.03909477305207,1.6273174832815858e-06,-0.1796154479333542
RG,36.04102192697522,1.6210600107583766e-06,-0.08104566151299028
RG,36.04294908089836,1.6148266193060877e-06,0.018134204043437435
RG,36.04487623482151,1.6086172030415702e-06,0.11694652551690227
RG,36.04680338874465,1.6024316592710275e-06,0.21442661236399535
RG,36.0487305426678,1.5962698837293136e-06,0.30963199319905566
RG,36.05065769659094,1.5901317742156238e-06,0.401651325706061
RG,36.05258485051409,1.5840172327810305e-06,0.48961285031231994
RG,36.05451200443723,1.5779261610312059e-06,0.5726923126404253
RG,36.05643915836037,1.5718584637475885e-06,0.6501202905445911
RG,36.05836631228352,1.5658140498576619e-06,0.7211888656949542
RG,36.06029346620666,1.5597928289830862e-06,0.785257587551789
RG,36.06222062012981,1.5537947139711542e-06,0.8417586892373629
RG,36.06414777405295,1.5478196206714875e-06,0.8902015188970518
RG,36.066074927976096,1.541867466482935e-06,0.9301761604138493
RG,36.06800208189924,1.5359381710078823e-06,0.9613562267791523
RG,36.069929235822386,1.530031655028553e-06,0.9835008156709494
RG,36.07185638974553,1.5241478417774627e-06,0.9964556273025473
RG,36.073783543668675,1.5182866540615624e-06,1.0001532493822494
RG,36.075710697591816,1.5124480148317944e-06,0.994612626203789
RG,36.077637851514964,1.506631849395565e-06,0.9799377333061166
RG,36.079565005438106,1.5008380801592345e-06,0.9563154835892661
RG,36.08149215936125,1.495066629313142e-06,0.9240129053922979
RG,36.083419313284395,1.489317420002766e-06,0.8833736306504975
RG,36.085346467207536,1.483590371798378e-06,0.8348137388201703
RG,36.087273621130684,1.477885403690721e-06,0.778817012159433
RG,36.089200775053826,1.4722024338092893e-06,0.7159296547407458
RG,36.091127928976974,1.4665413778646126e-06,0.6467545354267572
RG,36.093055082900115,1.4609021504269334e-06,0.5719450180037705
RG,36.09498223682326,1.4552846639895765e-06,0.4921984417762
RG,36.096909390746404,1.4496888312821305e-06,0.4082493198603323
RG,36.09883654466955,1.4441145623006293e-06,0.32086232074143956
RG,36.100763698592694,1.4385617661065196e-06,0.23082510233429288
RG,36.10269085251584,1.4330303533998713e-06,0.13894106431908648
RG,36.10461800643898,1.427520232073853e-06,0.04602208492306943
RG,36.106545160362124,1.4220313109121295e-06,-0.04711869222644294
RG,36.10847231428527,1.4165634999943974e-06,-0.1396739596317145
RG,36.11039946820841,1.4111167088968971e-06,-0.23084917491822166
RG,36.11232662213156,1.4056908487745824e-06,-0.31986926065148064
RG,36.1142537760547,1.4002858313793798e-06,-0.40598502091291405
RG,36.11618092997785,1.3949015714385274e-06,-0.4884792253057193
RG,36.11810808390099,1.3895379836865783e-06,-0.5666723134374179
RG,36.12003523782414,1.3841949846331802e-06,-0.6399276798651486
RG,36.12196239174728,1.3788724946325367e-06,-0.7076565026838564
RG,36.12388954567043,1.373570433578789e-06,-0.7693220817507594
RG,36.12581669959357,1.3682887241413229e-06,-0.8244436631928721
RG,36.12774385351671,1.3630272910055933e-06,-0.8725997257065232
RG,36.12967100743986,1.3577860602704091e-06,-0.9134307127723303
RG,36.131598161363,1.3525649594386557e-06,-0.9466411995548007
RG,36.13352531528615,1.3473639165427548e-06,-0.972001487483259
RG,36.13545246920929,1.342182862790742e-06,-0.9893486266865927
RG,36.13737962313244,1.337021727825971e-06,-0.9985868656701266
RG,36.13930677705558,1.3318804425632777e-06,-0.9996875417837485
RG,36.14123393097873,1.3267589391055926e-06,-0.992688421296868
RG,36.14316108490187,1.3216571484083126e-06,-0.9776925061057454
RG,36.14508823882502,1.3165750018504648e-06,-0.9548663302832636
RG,36.14701539274816,1.3115124295266994e-06,-0.9244377683828053
RG,36.14894254667131,1.306469362805261e-06,-0.886693386208426
RG,36.15086970059445,1.3014457302240788e-06,-0.8419753612970862
RG,36.15279685451759,1.2964414599770929e-06,-0.7906780116071523
RG,36.15472400844074,1.2914564804248714e-06,-0.7332439654110414
RG,36.15665116236388,1.2864907175630594e-06,-0.670160010694646
RG,36.15857831628703,1.2815440971569337e-06,-0.6019526660405652
RG,36.16050547021017,1.2766165431918199e-06,-0.5291835118248884
RG,36.16243262413332,1.2717079806218975e-06,-0.4524443257135391
RG,36.16435977805646,1.266818331650301e-06,-0.3723520628357392
RG,36.166286931979606,1.2619475184813205e-06,-0.2895437260663214
RG,36.16821408590275,1.2570954638132966e-06,-0.20467116697245552
RG,36.170141239825895,1.2522620890010375e-06,-0.11839586024858018
RG,36.172068393749036,1.2474473159772858e-06,-0.031383693243522054
RG,36.173995547672185,1.242651065928549e-06,0.05570018968952889
RG,36.175922701595326,1.2378732623787722e-06,0.14219644918576238
RG,36.17784985551847,1.2331138272407517e-06,0.2274564817714808
RG,36.179777009441615,1.2283726840362265e-06,0.3108471850076536
RG,36.181704163364756,1.2236497574442616e-06,0.3917555236375349
RG,36.183631317287904,1.2189449730521792e-06,0.46959286586936594
RG,36.185558471211046,1.2142582573917282e-06,0.5437990618971512
RG,36.187485625134194,1.20958953767883e-06,0.6138462388959368
RG,36.189412779057335,1.2049387442172098e-06,0.679242290787487
RG,36.19133993298048,1.2003058066302063e-06,0.739534040337068
RG,36.193267086903624,1.1956906568627853e-06,0.7943100602911931
RG,36.19519424082677,1.1910932275151108e-06,0.8432031364956307
RG,36.197121394749914,1.1865134536979994e-06,0.8858923645473785
RG,36.19904854867306,1.1819512700371175e-06,0.9221048692471208
RG,36.2009757025962,1.1774066125932845e-06,0.9516171454371134
RG,36.202902856519344,1.1728794190482061e-06,0.9742560160418825
RG,36.20483001044249,1.1683696269880472e-06,0.9898992078778187
RG,36.206757164365634,1.163877174922424e-06,0.9984755509858402
RG,36.20868431828878,1.1594020009757834e-06,0.999964805746021
RG,36.21061147221192,1.1549440453034643e-06,0.9943971293265008
RG,36.21253862613507,1.1505032461914446e-06,0.981852188514439
RG,36.21446578005821,1.1460795428950718e-06,0.9624579382140315
RG,36.21639293398136,1.1416728737988187e-06,0.9363890764522365
RG,36.2183200879045,1.1372831783853736e-06,0.9038651971609881
RG,36.22024724182765,1.1329103940209475e-06,0.8651486564941717
RG,36.22217439575079,1.128554458247838e-06,0.8205421780256504
RG,36.22410154967393,1.1242153083059924e-06,0.7703862157343561
RG,36.22602870359708,1.1198928808624168e-06,0.715056099661257
RG,36.22795585752022,1.1155871115998273e-06,0.6549589884956631
RG,36.22988301144337,1.1112979353671186e-06,0.5905306546789683
RG,36.23181016536651,1.107025287720783e-06,0.522232127746091
RG,36.23373731928966,1.1027691024032715e-06,0.4505462209959118
RG,36.2356644732128,1.0985293135247084e-06,0.37597396980892206
RG,36.23759162713595,1.0943058539902258e-06,0.299031006083143
RG,36.23951878105909,1.0900986581914669e-06,0.22024389623262636
RG,36.24144593498224,1.0859076585823706e-06,0.14014646723680763
RG,36.24337308890538,1.0817327886627526e-06,0.05927614725480901
RG,36.24530024282853,1.0775739813005343e-06,-0.021829655812243554
RG,36.24722739675167,1.0734311711640244e-06,-0.102637113745636
RG,36.24915455067481,1.0693042914972379e-06,-0.18261945268284815
RG,36.25108170459796,1.0651932769662094e-06,-0.2612603219493483
RG,36.2530088585211,1.0610980624238714e-06,-0.3380570364461275
RG,36.25493601244425,1.057018584430668e-06,-0.41252367413105084
RG,36.25686316636739,1.052954778929132e-06,-0.48419401016856756
RG,36.25879032029054,1.0489065832795758e-06,-0.5526242732103238
RG,36.26071747421368,1.0448739357599537e-06,-0.6173957083206723
RG,36.262644628136826,1.0408567759361447e-06,-0.6781169342611847
RG,36.26457178205997,1.0368550434699303e-06,-0.7344260834812536
RG,36.266498935983115,1.0328686791170367e-06,-0.7859927165114575
RG,36.26842608990626,1.0288976249667802e-06,-0.8325195023720355
RG,36.270353243829405,1.0249418237806007e-06,-0.873743658642706
RG,36.272280397752546,1.0210012188061276e-06,-0.9094381476166903
RG,36.27420755167569,1.0170757538664501e-06,-0.9394126258099035
RG,36.276134705598835,1.0131653741732806e-06,-0.9635141462637599
RG,36.278061859521976,1.0092700249403496e-06,-0.9816276127963441
RG,36.279989013445125,1.0053896519100738e-06,-0.9936759904887822
RG,36.281916167368266,1.0015242008349964e-06,-0.9996202747060258
RG,36.283843321291414,9.976736186517033e-07,-0.9994592252377112
RG,36.285770475214555,9.938378517133198e-07,-0.9932288697643519
RG,36.2876976291377,9.900168467195714e-07,-0.9810017873441537
RG,36.289624783060844,9.862105499112791e-07,-0.9628861787549943
RG,36.29155193698399,9.824189084123747e-07,-0.9390247357205608
RG,36.293479090907134,9.786418683881834e-07,-0.9095933176573792
RG,36.29540624483028,9.748793761052444e-07,-0.8747994509064211
RG,36.29733339875342,9.711313771150388e-07,-0.8348806611363475
RG,36.299260552676564,9.673978175935033e-07,-0.7901026542235258
RG,36.30118770659971,9.636786426867853e-07,-0.740757357765247
RG,36.303114860522854,9.59973797440513e-07,-0.6871608401460175
RG,36.305042014446,9.562832262112985e-07,-0.6296511207042443
RG,36.30696916836914,9.526068738249876e-07,-0.5685858874063912
RG,36.30889632229229,9.489446843477466e-07,-0.5043401364689604
RG,36.31082347621543,9.452966016026434e-07,-0.4373037507403974
RG,36.31275063013858,9.416625690389239e-07,-0.3678790319066192
RG,36.31467778406172,9.380425305000832e-07,-0.29647820221366433
RG,36.31660493798487,9.344364296410883e-07,-0.22352089088480748
RG,36.31853209190801,9.308442097421042e-07,-0.1494316204847654
RG,36.32045924583116,9.272658142478289e-07,-0.07463730804045668
RG,36.3223863997543,9.237011869318696e-07,0.00043520518329731583
RG,36.32431355367744,9.2015027212557e-07,0.07536158122565556
RG,36.32624070760059,9.166130136178377e-07,0.14972235719012308
RG,36.32816786152373,9.130893559868826e-07,0.22310524880072508
RG,36.33009501544688,9.095792440230776e-07,0.29510737388837566
RG,36.33202216937002,9.060826237995298e-07,0.3653373849474324
RG,36.33394932329317,9.025994406600809e-07,0.4334174997271804
RG,36.33587647721631,8.991296412600565e-07,0.4989854218469172
RG,36.33780363113946,8.956731722979598e-07,0.5616961413506248
RG,36.3397307850626,8.922299822352398e-07,0.6212236091289663
RG,36.34165793898575,8.888000186926596e-07,0.677262276059129
RG,36.34358509290889,8.853832308289389e-07,0.7295284943169073
RG,36.34551224683203,8.81979567695025e-07,0.7777617726620955
RG,36.34743940075518,8.785889801638725e-07,0.8217258848010313
RG,36.34936655467832,8.752114183402651e-07,0.8612098240771007
RG,36.35129370860147,8.718468336956888e-07,0.8960286067902561
RG,36.35322086252461,8.684951775461864e-07,0.9260239188388706
RG,36.35514801644776,8.651564025628978e-07,0.9510646087942692
RG,36.3570751703709,8.618304611800516e-07,0.9710470245888706
RG,36.359002324294046,8.585173063294822e-07,0.9858951982443085
RG,36.36092947821719,8.552168911051768e-07,0.9955608788899544
RG,36.362856632140335,8.519291690658638e-07,1.0000234180408611
RG,36.36478378606348,8.48654094348242e-07,0.9992895103006266
RG,36.366710939986625,8.453916203638999e-07,0.9933927931816405
RG,36.368638093909766,8.421417011969109e-07,0.9823933134865046
RG,36.37056524783291,8.389042905241451e-07,0.9663768628533924
RG,36.372492401756055,8.356793430735874e-07,0.94545419155536
RG,36.3744195556792,8.324668121968012e-07,0.9197601036303863
RG,36.376346709602345,8.292666520411221e-07,0.8894524452533947
RG,36.378273863525486,8.260788159843052e-07,0.8547109893043032
RG,36.380201017448634,8.229032582508174e-07,0.815736227710774
RG,36.382128171371775,8.197399320694706e-07,0.7727480764951553
RG,36.38405532529492,8.165887908810462e-07,0.7259845051222319
RG,36.385982479218065,8.134497877334579e-07,0.6757000965474891
RG,36.38790963314121,8.103228757374976e-07,0.6221645479870742
RG,36.389836787064354,8.072080082858612e-07,0.565661120844163
RG,36.3917639409875,8.04105137761912e-07,0.506485048313733
RG,36.39369109491064,8.010142171009166e-07,0.44494191109244485
RG,36.395618248833784,7.979351986434452e-07,0.3813459882731838
RG,36.39754540275693,7.948680357391614e-07,0.31601859371516816
RG,36.399472556680074,7.918126805266124e-07,0.24928640525144685
RG,36.40139971060322,7.887690859502968e-07,0.1814797966072758
RG,36.40332686452636,7.857372045026056e-07,0.11293117914859432
RG,36.40525401844951,7.827169893125782e-07,0.04397336206733948
RG,36.40718117237265,7.797083936430368e-07,-0.025062061396727668
RG,36.4091083262958,7.767113704560908e-07,-0.0938462942816605
RG,36.41103548021894,7.737258733564716e-07,-0.1620548757419832
RG,36.41296263414209,7.707518558247118e-07,-0.22936917359714723
RG,36.41488978806523,7.67789272592869e-07,-0.2954778237211113
RG,36.41681694198838,7.648380775433243e-07,-0.3600781092932241
RG,36.41874409591152,7.618982256822616e-07,-0.4228772761502015
RG,36.42067124983466,7.589696718754289e-07,-0.48359377749536936
RG,36.42259840375781,7.560523718721811e-07,-0.5419584450067995
RG,36.42452555768095,7.531462818383949e-07,-0.597715580953612
RG,36.4264527116041,7.502513578264329e-07,-0.6506239682924856
RG,36.42837986552724,7.473675567580073e-07,-0.7004577962907963
RG,36.43030701945039,7.444948355320501e-07,-0.7470074976312382
RG,36.43223417337353,7.416331523764205e-07,-0.7900804968334688
RG,36.43416132729668,7.387824648449344e-07,-0.829501865330007
RG,36.43608848121982,7.359427315294624e-07,-0.8651148859732636
RG,36.43801563514297,7.331139109988978e-07,-0.8967815225816731
RG,36.43994278906611,7.302959623722349e-07,-0.9243827968755052
RG,36.44186994298926,7.274888454987249e-07,-0.9478190717426911
RG,36.4437970969124,7.246925196426392e-07,-0.9670102407341494
RG,36.44572425083554,7.219069450016279e-07,-0.9818958277039472
RG,36.44765140475869,7.191320814727392e-07,-0.9924349943165434
RG,36.44957855868183,7.163678898804225e-07,-0.9986064608033047
RG,36.45150571260498,7.136143307146352e-07,-1.0004083387103258
RG,36.45343286652812,7.108713646149014e-07,-0.9978578811691157
RG,36.455360020451266,7.081389524580488e-07,-0.9909911520339778
RG,36.45728717437441,7.054170549451436e-07,-0.9798626169873064
RG,36.459214328297556,7.027056336437763e-07,-0.9645446613831387
RG,36.4611414822207,7.000046491240057e-07,-0.945127035571711
RG,36.463068636143845,6.973140626397255e-07,-0.9217162359803465
RG,36.464995790066986,6.946338350673699e-07,-0.8944348218645913
RG,36.46692294399013,6.919639274265471e-07,-0.8634206748702014
RG,36.468850097913275,6.893043011624421e-07,-0.8288262046894599
RG,36.47077725183642,6.866549168013809e-07,-0.7908175046422726
RG,36.472704405759565,6.840157354993582e-07,-0.7495734644670358
RG,36.474631559682706,6.813867178883906e-07,-0.7052848419557578
RG,36.476558713605854,6.787678250375854e-07,-0.6581533008080339
RG,36.478485867528995,6.761590179360489e-07,-0.6083904178679723
RG,36.480413021452144,6.735602570843058e-07,-0.5562166653617875
RG,36.482340175375285,6.709715034186289e-07,-0.501860373497597
RG,36.48426732929843,6.683927174359474e-07,-0.4455566770479876
RG,36.486194483221574,6.658238603035096e-07,-0.3875464519663496
RG,36.48812163714472,6.632648927393904e-07,-0.32807524565235807
RG,36.49004879106786,6.607157755067461e-07,-0.267392206407686
RG,36.491975944991005,6.581764695992431e-07,-0.20574901616244182
RG,36.49390309891415,6.556469357905748e-07,-0.14339883085799665
RG,36.495830252837294,6.531271356701644e-07,-0.08059523289351406
RG,36.49775740676044,6.506170302131796e-07,-0.017591199691721453
RG,36.49968456068358,6.481165808732935e-07,0.04536190770170406
RG,36.50161171460673,6.456257492090077e-07,0.10801533216628437
RG,36.50353886852987,6.431444967892922e-07,0.1701238806744449
RG,36.50546602245302,6.406727860683163e-07,0.2314468539408588
RG,36.50739317637616,6.382105788727603e-07,0.291748941567422
RG,36.50932033029931,6.357578377624731e-07,0.35080108106968644
RG,36.51124748422245,6.333145253578765e-07,0.40838127678293534
RG,36.5131746381456,6.30880604447887e-07,0.46427537695374893
RG,36.51510179206874,6.284560387209572e-07,0.5182778068293672
RG,36.51702894599188,6.260407912772444e-07,0.5701922543667356
RG,36.51895609991503,6.236348260437009e-07,0.6198323092194313
RG,36.52088325383817,6.212381069977704e-07,0.6670220509876214
RG,36.52281040776132,6.188505983383303e-07,0.7115965870082586
RG,36.52473756168446,6.16472265139677e-07,0.7534025384521253
RG,36.52666471560761,6.141030719085087e-07,0.792298472171193
RG,36.52859186953075,6.117429839555238e-07,0.8281552809540997
RG,36.5305190234539,6.093919666298565e-07,0.8608565084989996
RG,36.53244617737704,6.070499854548275e-07,0.8902986210218058
RG,36.53437333130019,6.047170067759225e-07,0.916391225355633
RG,36.53630048522333,6.023929963695581e-07,0.9390572317802529
RG,36.53822763914648,6.000779206972539e-07,0.9582329657868695
RG,36.54015479306962,5.977717462531994e-07,0.9738682258205532
RG,36.54208194699276,5.954744395850393e-07,0.985926289937912
RG,36.54400910091591,5.931859679819123e-07,0.9943838724440122
RG,36.54593625483905,5.909062981943756e-07,0.999231029479297
RG,36.5478634087622,5.886353974350842e-07,1.0004710185549006
RG,36.54979056268534,5.863732329912134e-07,0.998120110428471
RG,36.551717716608486,5.841197720488307e-07,0.992207356361035
RG,36.55364487053163,5.818749824230106e-07,0.9827743131142367
RG,36.555572024454776,5.796388315193851e-07,0.969874725382462
RG,36.55749917837792,5.774112868787515e-07,0.9535741704798559
RG,36.559426332301065,5.751923162369318e-07,0.933949665672319
RG,36.561353486224206,5.72981887089802e-07,0.9110892403998028
RG,36.563280640147354,5.707799674127132e-07,0.8850914769162641
RG,36.565207794070496,5.685865250241406e-07,0.8560650198411148
RG,36.56713494799364,5.664015275009706e-07,0.8241280584446659
RG,36.569062101916785,5.642249427897784e-07,0.7894077841812002
RG,36.570989255839926,5.620567385304834e-07,0.7520398246153805
RG,36.572916409763074,5.598968826588771e-07,0.7121676578974175
RG,36.574843563686215,5.577453432804174e-07,0.6699420091005075
RG,36.576770717609364,5.556020879522861e-07,0.6255202310691028
RG,36.578697871532505,5.534670847432617e-07,0.5790656735371362
RG,36.58062502545565,5.513403014675882e-07,0.5307470411662265
RG,36.582552179378794,5.49221706040416e-07,0.4807377444073938
RG,36.58447933330194,5.471112668346245e-07,0.4292152450889016
RG,36.586406487225084,5.450089515774673e-07,0.3763603987538158
RG,36.588333641148225,5.429147285178143e-07,0.3223567971994409
RG,36.59026079507137,5.408285658230388e-07,0.2673901123544306
RG,36.592187948994514,5.387504316071857e-07,0.2116474444269287
RG,36.59411510291766,5.366802945228751e-07,0.15531667628424184
RG,36.5960422568408,5.346181229434841e-07,0.09858583615598725
RG,36.59796941076395,5.325638853392811e-07,0.041642470733735004
RG,36.59989656468709,5.305175504997779e-07,-0.015326969454550143
RG,36.60182371861024,5.28479087076069e-07,-0.07213773044869767
RG,36.60375087253338,5.264484641230567e-07,-0.12860733956476228
RG,36.60567802645653,5.244256509688749e-07,-0.18455617239924094
RG,36.60760518037967,5.224106165776038e-07,-0.2398080005870218
RG,36.60953233430282,5.204033305242359e-07,-0.29419051949318265
RG,36.61145948822596,5.184037623241821e-07,-0.34753585349442667
RG,36.6133866421491,5.164118816583449e-07,-0.39968103847736536
RG,36.61531379607225,5.144276587975699e-07,-0.4504684802323878
RG,36.61724094999539,5.124510636696833e-07,-0.4997463868275856
RG,36.61916810391854,5.10482066614826e-07,-0.5473691757601882
RG,36.62109525784168,5.085206382032901e-07,-0.5931978536220697
RG,36.62302241176483,5.065667489844658e-07,-0.637100368022653
RG,36.62494956568797,5.046203699836166e-07,-0.6789519318624371
RG,36.62687671961112,5.026814724577743e-07,-0.7186353183186278
RG,36.62880387353426,5.00750027417556e-07,-0.7560411265796785
RG,36.63073102745741,4.988260064615567e-07,-0.7910680193174732
RG,36.63265818138055,4.969093811555935e-07,-0.823622929475862
RG,36.6345853353037,4.950001232258858e-07,-0.8536212382291636
RG,36.63651248922684,4.930982049422497e-07,-0.8809869236412163
RG,36.63843964314998,4.91203598297886e-07,-0.9056526788059259
RG,36.64036679707313,4.893162755725927e-07,-0.92756000220451
RG,36.64229395099627,4.874362093003749e-07,-0.9466592586804822
RG,36.64422110491942,4.855633719466022e-07,-0.9629097117058383
RG,36.64614825884256,4.836977363071098e-07,-0.9762795284848665
RG,36.64807541276571,4.818392754867759e-07,-0.9867457572473489
RG,36.65000256668885,4.799879621919862e-07,-0.9942942771093202
RG,36.651929720611996,4.781437696471246e-07,-0.9989197236227
RG,36.65385687453514,4.7630667104038145e-07,-1.00062538753091
RG,36.655784028458285,4.7447663955115596e-07,-0.9994230897280447
RG,36.657711182381426,4.726536487601944e-07,-0.9953330330874014
RG,36.659638336304575,4.7083767219710194e-07,-0.9883836308008671
RG,36.661565490227716,4.6902868323501395e-07,-0.9786113134976853
RG,36.66349264415086,4.672266556216655e-07,-0.9660603164409971
RG,36.665419798074005,4.6543156297329026e-07,-0.9507824461791932
RG,36.667346951997146,4.6364337897657516e-07,-0.9328368295174383
RG,36.669274105920294,4.618620776907721e-07,-0.9122896453042479
RG,36.671201259843436,4.6008763285129847e-07,-0.8892138392074015
RG,36.673128413766584,4.5832001832647927e-07,-0.8636888246438958
RG,36.675055567689725,4.5655920815620404e-07,-0.8358001695907221
RG,36.67698272161287,4.5480517623735023e-07,-0.8056392706151135
RG,36.678909875536014,4.5305789661796993e-07,-0.7733030160933989
RG,36.68083702945916,4.51317343639691e-07,-0.7388934392346987
RG,36.682764183382304,4.4958349121255306e-07,-0.7025173616660321
RG,36.68469133730545,4.47856313575989e-07,-0.664286030444843
RG,36.68661849122859,4.4613578499588263e-07,-0.6243147479127623
RG,36.688545645151734,4.4442187963343336e-07,-0.5827224965218908
RG,36.69047279907488,4.427145718652667e-07,-0.5396315598408026
RG,36.692399952998024,4.4101383628574656e-07,-0.4951671405782566
RG,36.69432710692117,4.393196470837022e-07,-0.449456976677546
RG,36.69625426084431,4.3763197885512906e-07,-0.4026309574438167
RG,36.69818141476746,4.359508061750473e-07,-0.3548207397178986
RG,36.7001085686906,4.3427610356344626e-07,-0.30615936588295956
RG,36.70203572261375,4.32607845801564e-07,-0.2567808845389818
RG,36.70396287653689,4.3094600784992435e-07,-0.20681997483329825
RG,36.70589003046004,4.2929056433719676e-07,-0.15641157543506826
RG,36.70781718438318,4.2764149031607054e-07,-0.10569051918793296
RG,36.70974433830632,4.259987608333427e-07,-0.05479117420559604
RG,36.71167149222947,4.243623509222006e-07,-0.0038470923923826505
RG,36.71359864615261,4.227322359032252e-07,0.047009333975576606
RG,36.71552580007576,4.211083912839238e-07,0.09764720658691087
RG,36.7174529539989,4.194907922902452e-07,0.147937445613486
RG,36.71938010792205,4.178794145837002e-07,0.19775310421915465
RG,36.72130726184519,4.1627423384957607e-07,0.2469696716798591
RG,36.72323441576834,4.146752257853924e-07,0.29546536497875514
RG,36.72516156969148,4.13082366377964e-07,0.3431214084509052
RG,36.72708872361463,4.1149563184212003e-07,0.38982230053077055
RG,36.72901587753777,4.099149981233817e-07,0.43545606707761564
RG,36.73094303146092,4.0834044160660257e-07,0.4799145019724748
RG,36.73287018538406,4.067719387307783e-07,0.5230933930839738
RG,36.7347973393072,4.052094659536187e-07,0.5648927342209973
RG,36.73672449323035,4.036529999945774e-07,0.6052169229044532
RG,36.73865164715349,4.0210251785108135e-07,0.6439749432091848
RG,36.74057880107664,4.0055799626111836e-07,0.6810805331906724
RG,36.74250595499978,3.99019412349102e-07,0.7164523384506563
RG,36.74443310892293,3.974867433425519e-07,0.7500140497023444
RG,36.74636026284607,3.9595996647573763e-07,0.7816945253261653
RG,36.748287416769216,3.944390591864012e-07,0.8114278991429049
RG,36.75021457069236,3.9292399922132357e-07,0.839153672946798
RG,36.752141724615505,3.9141476412781484e-07,0.864816793257166
RG,36.75406887853865,3.899113316851026e-07,0.8883677142692962
RG,36.755996032461795,3.8841367985995e-07,0.9097624454533841
RG,36.757923186384936,3.8692178660626e-07,0.9289625843332746
RG,36.75985034030808,3.8543562999962605e-07,0.9459353353282459
RG,36.761777494231225,3.8395518841560124e-07,0.9606535145104113
RG,36.763704648154366,3.824804401608865e-07,0.9730955397764005
RG,36.765631802077515,3.810113635406736e-07,0.9832454080624937
RG,36.767558956000656,3.7954793714271935e-07,0.9910926596321444
RG,36.769486109923804,3.7809013953682295e-07,0.9966323287334482
RG,36.771413263846945,3.7663794932808613e-07,0.9998648822736657
RG,36.77334041777009,3.751913453642036e-07,1.0007961466436972
RG,36.775267571693234,3.7375030659264563e-07,0.9994372224414444
RG,36.77719472561638,3.723148117410075e-07,0.9958043877981023
RG,36.779121879539524,3.708848398695731e-07,0.9899189921474639
RG,36.781049033462665,3.694603700424878e-07,0.981807338594287
RG,36.78297618738581,3.68041381300246e-07,0.9715005569615404
RG,36.784903341308954,3.6662785282980756e-07,0.959034467849193
RG,36.7868304952321,3.6521976402835716e-07,0.9444494378433066
RG,36.788757649155244,3.638170940792436e-07,0.9277902259663433
RG,36.79068480307839,3.624198223176388e-07,0.9091058234372695
RG,36.79261195700153,3.6102792820951434e-07,0.8884492858453321
RG,36.79453911092468,3.5964139117673705e-07,0.8658775586136325
RG,36.79646626484782,3.582601906821303e-07,0.8414512967333729
RG,36.79839341877097,3.568843063968386e-07,0.8152346790993509
RG,36.80032057269411,3.555137180056763e-07,0.7872952175864337
RG,36.80224772661726,3.541484050275513e-07,0.757703561789584
RG,36.8041748805404,3.5278834725768776e-07,0.726533300521412
RG,36.80610203446355,3.5143352447946913e-07,0.6938607593493914
RG,36.80802918838669,3.5008391645163817e-07,0.6597647956790238
RG,36.80995634230983,3.4873950306037284e-07,0.624326591703205
RG,36.81188349623298,3.4740026437861373e-07,0.587629445600394
RG,36.81381065015612,3.46066180303527e-07,0.5497585613163113
RG,36.81573780407927,3.447372308424818e-07,0.5108008380627689
RG,36.81766495800241,3.434133961505899e-07,0.4708446594686574
RG,36.81959211192556,3.4209465635841957e-07,0.429979682966665
RG,36.8215192658487,3.407809916261313e-07,0.3882966300478181
RG,36.82344641977185,3.3947238229842264e-07,0.34588707774474514
RG,36.82537357369499,3.3816880882384625e-07,0.30284325175379406
RG,36.82730072761814,3.3687025145006395e-07,0.2592578216334566
RG,36.82922788154128,3.3557669070616703e-07,0.21522369863466262
RG,36.83115503546442,3.3428810715997093e-07,0.17083383632388477
RG,36.83308218938757,3.330044813760266e-07,0.1261810345899539
RG,36.83500934331071,3.31725794008937e-07,0.0813577472454228
RG,36.83693649723386,3.3045202591883046e-07,0.036455893622944546
RG,36.838863651157,3.291831579718115e-07,-0.008433325383721789
RG,36.84079080508015,3.2791917095808256e-07,-0.053219606664049894
RG,36.84271795900329,3.266600459312391e-07,-0.09781371943811072
RG,36.844645112926436,3.2540576397225505e-07,-0.1421276743838041
RG,36.84657226684958,3.2415630617942885e-07,-0.18607488732920818
RG,36.848499420772725,3.2291165378332843e-07,-0.2295703373568693
RG,36.85042657469587,3.21671788216454e-07,-0.27253071892782155
RG,36.852353728619015,3.2043669085600963e-07,-0.3148745876029612
RG,36.854280882542156,3.192063431162341e-07,-0.3565224997113237
RG,36.8562080364653,3.179807266307494e-07,-0.3973971456155424
RG,36.858135190388445,3.1675982306224187e-07,-0.43742347600666887
RG,36.86006234431159,3.1554361410893036e-07,-0.47652882158789084
RG,36.861989498234735,3.143320816202616e-07,-0.5146430060304084
RG,36.863916652157876,3.131252076337509e-07,-0.5516984518483982
RG,36.865843806081024,3.119229741068649e-07,-0.587630278850488
RG,36.867770960004165,3.1072536309305434e-07,-0.6223763960152864
RG,36.86969811392731,3.0953235683113807e-07,-0.6558775861175581
RG,36.871625267850455,3.0834393759029245e-07,-0.6880775828393095
RG,36.8735524217736,3.071600876818287e-07,-0.7189231409026735
RG,36.875479575696744,3.059807895669629e-07,-0.748364099169682
RG,36.87740672961989,3.048060258808111e-07,-0.7763534364340599
RG,36.87933388354303,3.0363577917759446e-07,-0.802847319644162
RG,36.881261037466174,3.024700321110755e-07,-0.8278051457106326
RG,36.88318819138932,3.0130876750490026e-07,-0.851189576119056
RG,36.885115345312464,3.0015196821098716e-07,-0.8729665642430254
RG,36.88704249923561,2.9899961711753117e-07,-0.8931053760320459
RG,36.88896965315875,2.978516972460562e-07,-0.9115786040946964
RG,36.8908968070819,2.967081917809913e-07,-0.9283621750012045
RG,36.89282396100504,2.9556908384372973e-07,-0.9434353496107095
RG,36.89475111492819,2.944343566123098e-07,-0.9567807176046552
RG,36.89667826885133,2.933039934381199e-07,-0.968384185752643
RG,36.89860542277448,2.9217797769699375e-07,-0.9782349596077072
RG,36.90053257669762,2.910562927878108e-07,-0.9863255195143328
RG,36.90245973062076,2.8993892221581274e-07,-0.9926515909969316
RG,36.90438688454391,2.88825849639073e-07,-0.9972121094724565
RG,36.90631403846705,2.877170586927706e-07,-1.0000091791539045
RG,36.9082411923902,2.8661253299123694e-07,-1.0010480270513111
RG,36.91016834631334,2.8551225633990124e-07,-1.0003369523030314
RG,36.91209550023649,2.84416212566804e-07,-0.9978872700067737
RG,36.91402265415963,2.83324385510699e-07,-0.9937132507079168
RG,36.91594980808278,2.822367590839897e-07,-0.9878320555983021
RG,36.91787696200592,2.811533173376169e-07,-0.9802636675084176
RG,36.91980411592907,2.8007404436147655e-07,-0.9710308176437736
RG,36.92173126985221,2.789989241372996e-07,-0.9601589084905031
RG,36.92365842377536,2.7792794085517944e-07,-0.9476759339260526
RG,36.9255855776985,2.768610787308203e-07,-0.933612395190949
RG,36.92751273162165,2.7579832198891956e-07,-0.9180012140533211
RG,36.92943988554479,2.7473965489495267e-07,-0.900877643162829
RG,36.93136703946793,2.736850618297954e-07,-0.8822791738080198
RG,36.93329419339108,2.726345272666963e-07,-0.8622454411157554
RG,36.93522134731422,2.715880355712566e-07,-0.8408181268249817
RG,36.93714850123737,2.7054557122811055e-07,-0.8180408606517069
RG,36.93907565516051,2.695071188089843e-07,-0.7939591195391814
RG,36.941002809083656,2.6847266289731504e-07,-0.7686201253391028
RG,36.9429299630068,2.674421880925148e-07,-0.7420727412728961
RG,36.944857116929946,2.664156790769401e-07,-0.7143673673328135
RG,36.94678427085309,2.653931206495862e-07,-0.6855558347538638
RG,36.948711424776235,2.643744975964448e-07,-0.655691299655902
RG,36.950638578699376,2.6335979466193575e-07,-0.6248281362993626
RG,36.95256573262252,2.6234899676038643e-07,-0.5930218302538304
RG,36.954492886545665,2.6134208882772344e-07,-0.5603288711646041
RG,36.95642004046881,2.6033905581157025e-07,-0.5268066457745519
RG,36.958347194391955,2.593398827069303e-07,-0.49251333122891894
RG,36.960274348315096,2.583445546169963e-07,-0.4575077888561082
RG,36.962201502238244,2.5735305672932637e-07,-0.42184945856492473
RG,36.964128656161385,2.5636537414603654e-07,-0.3855982540220948
RG,36.966055810084534,2.5538149208080865e-07,-0.34881445892313695
RG,36.967982964007675,2.5440139583682544e-07,-0.31155862432121234
RG,36.96991011793082,2.5342507074089725e-07,-0.27389146726840163
RG,36.971837271853964,2.5245250214288375e-07,-0.23587377091648967
RG,36.97376442577711,2.5148367546829875e-07,-0.1975662861707791
RG,36.97569157970025,2.505185762569349e-07,-0.1590296350690322
RG,36.977618733623395,2.495571900878621e-07,-0.120324216046026
RG,36.97954588754654,2.4859950246794863e-07,-0.08151011118668647
RG,36.981473041469684,2.476454990833918e-07,-0.04264699544390381
RG,36.98340019539283,2.4669516566009515e-07,-0.0037940481688575056
RG,36.98532734931597,2.457484879535959e-07,0.034990133056215206
RG,36.98725450323912,2.4480545175931156e-07,0.07364761622989796
RG,36.98918165716226,2.4386604296511655e-07,0.11212121629623409
RG,36.99110881108541,2.429302475679107e-07,0.15035457390268897
RG,36.99303596500855,2.4199805156642585e-07,0.18829223138296752
RG,36.9949631189317,2.410694409492216e-07,0.22587970611416688
RG,36.99689027285484,2.4014440186510705e-07,0.26306356126616093
RG,36.99881742677799,2.3922292050046926e-07,0.29979147342804163
RG,37.00074458070113,2.3830498307294524e-07,0.33601229741458094
RG,37.00267173462427,2.373905758512503e-07,0.37167612819761014
RG,37.00459888854742,2.364796852021715e-07,0.4067343598946723
RG,37.00652604247056,2.3557229759330556e-07,0.4411397416679234
RG,37.00845319639371,2.346683994782965e-07,0.4748464303942349
RG,37.01038035031685,2.3376797733832966e-07,0.5078100405128226
RG,37.01230750424,2.3287101779328559e-07,0.53998769090119
RG,37.01423465816314,2.3197750750227897e-07,0.5713380483228927
RG,37.01616181208629,2.3108743315669394e-07,0.601821367897566
RG,37.01808896600943,2.302007815017298e-07,0.6313995305451847
RG,37.02001611993258,2.2931753937786472e-07,0.660036077372731
RG,37.02194327385572,2.2843769371990227e-07,0.6876962408793986
RG,37.02387042777886,2.2756123144991698e-07,0.7143469728731852
RG,37.02579758170201,2.26688139519987e-07,0.7399569696416827
RG,37.02772473562515,2.2581840501270666e-07,0.7644966942072964
RG,37.0296518895483,2.2495201504874605e-07,0.7879383951864047
RG,37.03157904347144,2.2408895678044108e-07,0.8102561228344286
RG,37.03350619739459,2.2322921740918588e-07,0.8314257422289432
RG,37.03543335131773,2.2237278422289102e-07,0.8514249435997112
RG,37.037360505240876,2.2151964459963929e-07,0.8702332497226447
RG,37.03928765916402,2.2066978591936031e-07,0.8878320202912454
RG,37.041214813087166,2.198231955645999e-07,0.9042044537503505
RG,37.04314196701031,2.1897986105299837e-07,0.9193355867310447
RG,37.045069120933455,2.1813976993648842e-07,0.9332122902965565
RG,37.046996274856596,2.173029097977222e-07,0.9458232638188933
RG,37.048923428779744,2.1646926825899043e-07,0.9571590263749129
RG,37.050850582702886,2.1563883301587823e-07,0.9672119057410575
RG,37.05277773662603,2.148115918500614e-07,0.975976024938896
RG,37.054704890549175,2.1398753257093583e-07,0.9834472862810426
RG,37.056632044472316,2.1316664294992918e-07,0.9896233531536218
RG,37.058559198395464,2.1234891089712408e-07,0.9945036302079785
RG,37.060486352318605,2.115343243561387e-07,0.9980892407539083
RG,37.062413506241754,2.1072287130210572e-07,1.0003830023742457
RG,37.064340660164895,2.0991453973948658e-07,1.0013894005885964
RG,37.06626781408804,2.0910931772976932e-07,1.0011145607119305
RG,37.068194968011184,2.0830719341328225e-07,0.9995662178968752
RG,37.07012212193433,2.0750815498262628e-07,0.9967536853444015
RG,37.072049275857474,2.0671219058973436e-07,0.9926878207303109
RG,37.073976429780615,2.059192884715933e-07,0.9873809915853686
RG,37.07590358370376,2.0512943693062618e-07,0.9808470388559523
RG,37.077830737626904,2.0434262429862338e-07,0.9731012390405542
RG,37.07975789155005,2.035588389302364e-07,0.9641602650889334
RG,37.08168504547319,2.0277806922022733e-07,0.9540421461202573
RG,37.08361219939634,2.0200030362969512e-07,0.9427662260083123
RG,37.08553935331948,2.012255306864123e-07,0.9303531208478315
RG,37.08746650724263,2.0045373892096024e-07,0.9168246753137451
RG,37.08939366116577,1.9968491685326774e-07,0.9022039182226844
RG,37.09132081508892,1.9891905311762568e-07,0.8865150175340629
RG,37.09324796901206,1.9815613637227943e-07,0.8697832341838215
RG,37.09517512293521,1.9739615530177535e-07,0.8520348754495796
RG,37.09710227685835,1.9663909861731034e-07,0.8332972477166906
RG,37.09902943078149,1.958849550795843e-07,0.8135986087629472
RG,37.10095658470464,1.9513371351623203e-07,0.7929681195976127
RG,37.10288373862778,1.9438536280237866e-07,0.7714357958883165
RG,37.10481089255093,1.9363989178396143e-07,0.7490324590265923
RG,37.10673804647407,1.9289728936817875e-07,0.7257896872078351
RG,37.10866520039722,1.921575445300486e-07,0.7017397662400767
RG,37.11059235432036,1.914206462725474e-07,0.6769156402212257
RG,37.11251950824351,1.90686583621747e-07,0.651350862267118
RG,37.11444666216665,1.8995534563668742e-07,0.6250795452983509
RG,37.1163738160898,1.8922692143117395e-07,0.5981363129521633
RG,37.11830097001294,1.885013001825727e-07,0.5705562506695928
RG,37.12022812393609,1.877784710998618e-07,0.5423748570020244
RG,37.12215527785923,1.8705842336165046e-07,0.513627995209159
RG,37.12408243178237,1.8634114624174486e-07,0.4843518453261435
RG,37.12600958570552,1.856266290551169e-07,0.4545828565295993
RG,37.12793673962866,1.849148611475803e-07,0.42435770001662854
RG,37.12986389355181,1.8420583188994186e-07,0.39371322240963375
RG,37.13179104747495,1.8349953069062475e-07,0.3626863997226651
RG,37.133718201398096,1.827959470147088e-07,0.3313142919413801
RG,37.13564535532124,1.8209507038763733e-07,0.29963399827284554
RG,37.137572509244386,1.8139689035955e-07,0.26768261311414476
RG,37.13949966316753,1.8070139645964683e-07,0.23549718277749224
RG,37.141426817090675,1.8000857831853617e-07,0.20311466295251981
RG,37.143353971013816,1.7931842560011776e-07,0.17057187704214974
RG,37.14528112493696,1.7863092800130801e-07,0.13790547536098616
RG,37.147208278860106,1.779460752464461e-07,0.10515189523119606
RG,37.14913543278325,1.7726385709929429e-07,0.07234732198123209
RG,37.151062586706395,1.7658426337971755e-07,0.03952765089600327
RG,37.152989740629536,1.7590728396641606e-07,0.006728450172906186
RG,37.154916894552684,1.7523290876516015e-07,-0.026015075068642535
RG,37.156844048475826,1.7456112766567746e-07,-0.0586681177253848
RG,37.158771202398974,1.738919306539352e-07,-0.091196302781601
RG,37.160698356322115,1.732253077515019e-07,-0.12356572009889723
RG,37.16262551024526,1.7256124901445068e-07,-0.1557429561655987
RG,37.164552664168404,1.718997445277033e-07,-0.18769512472505812
RG,37.16647981809155,1.7124078441450307e-07,-0.21938989631538036
RG,37.168406972014694,1.705843588513929e-07,-0.2507955266771651
RG,37.170334125937835,1.6993045807293873e-07,-0.2818808839878359
RG,37.17226127986098,1.6927907234899453e-07,-0.3126154748745357
RG,37.174188433784124,1.686301919363451e-07,-0.3429694692050373
RG,37.17611558770727,1.67983807170072e-07,-0.3729137239985854
RG,37.178042741630414,1.673399084323673e-07,-0.40241980590273324
RG,37.17996989555356,1.6669848613964422e-07,-0.4314600125203496
RG,37.1818970494767,1.6605953073784151e-07,-0.4600073925596486
RG,37.18382420339985,1.6542303270782234e-07,-0.48803576484080613
RG,37.18575135732299,1.6478898257848281e-07,-0.5155197361403465
RG,37.18767851124614,1.6415737093461867e-07,-0.5424347178411819
RG,37.18960566516928,1.6352818840529934e-07,-0.5687569413495184
RG,37.19153281909243,1.6290142561940236e-07,-0.5944634722524745
RG,37.19345997301557,1.6227707324457763e-07,-0.6195322235536722
RG,37.19538712693871,1.6165512201835806e-07,-0.6439419677312321
RG,37.19731428086186,1.61035562708657e-07,-0.6676723474562767
RG,37.199241434785,1.6041838611440045e-07,-0.6907038852768937
RG,37.20116858870815,1.598035830650907e-07,-0.71301799219126
RG,37.20309574263129,1.5919114443083204e-07,-0.7345969751478925
RG,37.20502289655444,1.5858106113247568e-07,-0.7554240434513045
RG,37.20695005047758,1.5797332414031423e-07,-0.7754833140460928
RG,37.20887720440073,1.5736792444858727e-07,-0.7947598156576516
RG,37.21080435832387,1.567648530467003e-07,-0.8132394918783141
RG,37.21273151224702,1.5616410100642953e-07,-0.8309092036154676
RG,37.21465866617016,1.5556565943067524e-07,-0.8477567300628116
RG,37.21658582009331,1.5496951945519598e-07,-0.8637707688546988
RG,37.21851297401645,1.5437567224339013e-07,-0.8789409352244449
RG,37.22044012793959,1.5378410899107026e-07,-0.8932577602542382
RG,37.22236728186274,1.5319482093640974e-07,-0.9067126882124265
RG,37.22429443578588,1.526077993658546e-07,-0.9192980729656341
RG,37.22622158970903,1.5202303560576864e-07,-0.9310071734529146
RG,37.22814874363217,1.5144052098906366e-07,-0.9418341482081167
RG,37.23007589755532,1.5086024687096442e-07,-0.9517740492263077
RG,37.23200305147846,1.5028220467575695e-07,-0.9608228151197925
RG,37.233930205401606,1.4970638585267093e-07,-0.9689772631584077
RG,37.23585735932475,1.4913278188029444e-07,-0.9762350807130037
RG,37.237784513247895,1.4856138426354567e-07,-0.9825948159343089
RG,37.239711667171036,1.4799218453991765e-07,-0.9880558677487499
RG,37.241638821094185,1.4742517428799822e-07,-0.9926184751687893
RG,37.243565975017326,1.468603451303716e-07,-0.996283705913738
RG,37.24549312894047,1.4629768872207167e-07,-0.9990534443383835
RG,37.247420282863615,1.457371967178253e-07,-1.0009303786745374
RG,37.249347436786756,1.4517886081175485e-07,-1.001917987941308
RG,37.251274590709905,1.4462267274962295e-07,-1.0020205281887262
RG,37.253201744633046,1.4406862430276428e-07,-1.001243018070324
RG,37.255128898556194,1.4351670726882303e-07,-0.9995912239995225
RG,37.257056052479335,1.4296691347061861e-07,-0.9970716448140156
RG,37.25898320640248,1.4241923476214246e-07,-0.9936914960025648
RG,37.260910360325624,1.418736630358581e-07,-0.9894586934990152
RG,37.26283751424877,1.4133019022450572e-07,-0.9843818370478461
RG,37.264764668171914,1.407888082900869e-07,-0.9784701931462711
RG,37.266691822095055,1.4024950919465253e-07,-0.9717336775747494
RG,37.2686189760182,1.397122849389464e-07,-0.9641828378044123
RG,37.270546129941344,1.3917712757059735e-07,-0.9558288349961052
RG,37.27247328386449,1.3864402916150227e-07,-0.9466834256202641
RG,37.274400437787634,1.3811298180872667e-07,-0.9367589428953634
RG,37.27632759171078,1.3758397763324955e-07,-0.9260682779809281
RG,37.27825474563392,1.370570087850228e-07,-0.914624860973468
RG,37.28018189955707,1.3653206744942435e-07,-0.9024426417142732
RG,37.28210905348021,1.360091458496064e-07,-0.8895360704204428
RG,37.28403620740336,1.354882362385504e-07,-0.8759200781479071
RG,37.2859633613265,1.3496933087462266e-07,-0.8616100570985818
RG,37.28789051524965,1.344524220405597e-07,-0.8466218409281141
RG,37.28981766917279,1.3393750207198542e-07,-0.8309716849943072
RG,37.29174482309593,1.3342456332589584e-07,-0.8146762464066873
RG,37.29367197701908,1.3291359818489217e-07,-0.7977525641322708
RG,37.29559913094222,1.3240459905456965e-07,-0.7802180390669352
RG,37.29752628486537,1.3189755836700616e-07,-0.7620904141173998
RG,37.29945343878851,1.3139246858653095e-07,-0.7433877543085736
RG,37.30138059271166,1.3088932221323626e-07,-0.7241284269274229
RG,37.3033077466348,1.3038811177931276e-07,-0.7043310817186541
RG,37.30523490055795,1.2988882983279104e-07,-0.6840146311431711
RG,37.30716205448109,1.29391468926227e-07,-0.6631982307403548
RG,37.30908920840424,1.288960216711348e-07,-0.6419012596771548
RG,37.31101636232738,1.2840248070045883e-07,-0.6201433013109392
RG,37.31294351625053,1.2791083867358266e-07,-0.5979441239531987
RG,37.31487067017367,1.2742108827288581e-07,-0.5753236617874363
RG,37.31679782409681,1.2693322220499865e-07,-0.5523019959573873
RG,37.31872497801996,1.2644723320540344e-07,-0.5288993358431548
RG,37.3206521319431,1.259631140428691e-07,-0.5051360005384944
RG,37.32257928586625,1.254808575197566e-07,-0.4810324005423585
RG,37.32450643978939,1.250004564639316e-07,-0.4566090196808988
RG,37.32643359371254,1.2452190370877157e-07,-0.4318863972709193
RG,37.32836074763568,1.2404519212004676e-07,-0.40688511052890564
RG,37.330287901558826,1.235703146052537e-07,-0.38162575724299175
RG,37.33221505548197,1.2309726409422867e-07,-0.35612893871701123
RG,37.334142209405115,1.2262603354157382e-07,-0.3304152430081001
RG,37.33606936332826,1.2215661592488293e-07,-0.3045052284536567
RG,37.337996517251405,1.2168900424726804e-07,-0.2784194074912211
RG,37.339923671174546,1.2122319154163903e-07,-0.25217823078741053
RG,37.34185082509769,1.2075917087366182e-07,-0.2258020716860605
RG,37.343777979020835,1.2029693534006828e-07,-0.1993112109910717
RG,37.345705132943976,1.1983647805866185e-07,-0.17272582209611903
RG,37.347632286867125,1.1937779215235045e-07,-0.14606595646291914
RG,37.349559440790266,1.1892087078948071e-07,-0.11935152935734772
RG,37.351486594713414,1.1846570716736777e-07,-0.09260230602321666
RG,37.353413748636555,1.1801229450791639e-07,-0.0658378881942692
RG,37.3553409025597,1.1756062605681781e-07,-0.039077700971958534
RG,37.357268056482845,1.1711069508296112e-07,-0.01234098006264378
RG,37.35919521040599,1.1666249488103311e-07,0.014353240627519831
RG,37.361122364329134,1.1621601877516478e-07,0.04098614102586409
RG,37.36304951825228,1.1577126012104086e-07,0.06753912654684205
RG,37.36497667217542,1.1532821230372297e-07,0.0939938393518881
RG,37.366903826098564,1.1488686872811133e-07,0.12033216920757206
RG,37.36883098002171,1.1444722280617524e-07,0.14653626395120029
RG,37.370758133944854,1.1400926799537187e-07,0.17258853972690152
RG,37.372685287868,1.1357299777906644e-07,0.19847169066449424
RG,37.37461244179114,1.1313840566515662e-07,0.22416869822680782
RG,37.37653959571429,1.1270548518494553e-07,0.24966284016390125
RG,37.37846674963743,1.122742298926251e-07,0.2749376990890632
RG,37.38039390356058,1.1184463336742363e-07,0.29997717068359364
RG,37.38232105748372,1.1141668921668786e-07,0.32476547151919033
RG,37.38424821140687,1.109903910777925e-07,0.3492871464927506
RG,37.38617536533001,1.1056573261664838e-07,0.37352707586246414
RG,37.38810251925315,1.1014270752029375e-07,0.397470481879863
RG,37.3900296731763,1.0972130948397929e-07,0.42110293502046703
RG,37.39195682709944,1.0930153224079914e-07,0.44441036002297507
RG,37.39388398102259,1.0888336955324783e-07,0.4673790413902128
RG,37.39581113494573,1.0846681520653761e-07,0.48999562853140566
RG,37.39773828886888,1.0805186300910147e-07,0.5122471405592813
RG,37.39966544279202,1.076385067914924e-07,0.5341209707207323
RG,37.40159259671517,1.0722674040777338e-07,0.5556048904836366
RG,37.40351975063831,1.068165577380624e-07,0.5766870532720318
RG,37.40544690456146,1.0640795269056736e-07,0.5973559978470422
RG,37.4073740584846,1.060009192013482e-07,0.6176006513258396
RG,37.40930121240775,1.0559545122978841e-07,0.637410331835949
RG,37.41122836633089,1.0519154274772901e-07,0.6567747507972728
RG,37.41315552025404,1.0478918774738381e-07,0.6756840149743475
RG,37.41508267417718,1.0438838026094259e-07,0.6941286282558342
RG,37.41700982810032,1.0398911433895215e-07,0.7120994928998291
RG,37.41893698202347,1.0359138405543547e-07,0.7295879105952586
RG,37.42086413594661,1.031951835057492e-07,0.7465855831732611
RG,37.42279128986976,1.0280050680692628e-07,0.7630846130297088
RG,37.4247184437929,1.0240734809951571e-07,0.7790775032548903
RG,37.426645597716046,1.0201570154965465e-07,0.7945571574698888
RG,37.42857275163919,1.0162556135002596e-07,0.8095168793653048
RG,37.430499905562336,1.0123692171811779e-07,0.8239503719418131
RG,37.43242705948548,1.0084977689018071e-07,0.837851736448322
RG,37.434354213408625,1.0046412111183902e-07,0.8512154710334023
RG,37.436281367331766,1.0007994866313008e-07,0.8640364693350946
RG,37.43820852125491,9.969725384896387e-08,0.8763100186070389
RG,37.440135675178055,9.931603099499781e-08,0.8880317976292941
RG,37.4420628291012,9.893627444808901e-08,0.8991978743967715
RG,37.443989983024345,9.855797857527184e-08,0.9098047035648097
RG,37.445917136947486,9.818113776454892e-08,0.9198491236752515
RG,37.447844290870634,9.780574642657941e-08,0.929328354164195
RG,37.449771444793775,9.743179899628402e-08,0.9382399921500654
RG,37.45169859871692,9.70592899331666e-08,0.9465820090030933
RG,37.453625752640065,9.668821371912955e-08,0.9543527466949817
RG,37.45555290656321,9.63185648523823e-08,0.9615509139297119
RG,37.457480060486354,9.595033784136542e-08,0.968175582085934
RG,37.459407214409495,9.558352723005839e-08,0.9742261811620013
RG,37.46133436833264,9.521812758201341e-08,0.9797024952959146
RG,37.463261522255785,9.485413348121792e-08,0.984604658217728
RG,37.46518867617893,9.449153953146741e-08,0.988933148528419
RG,37.467115830102074,9.413034035570684e-08,0.9926887848232457
RG,37.46904298402522,9.377053059675416e-08,0.9958727206740873
RG,37.47097013794836,9.341210491874577e-08,0.9984864394718346
RG,37.47289729187151,9.30550580084341e-08,1.0005317491308552
RG,37.47482444579465,9.269938457545021e-08,1.0020107766567332
RG,37.4767515997178,9.234507935046905e-08,1.0029259625791735
RG,37.47867875364094,9.19921370802292e-08,1.0032800552514058
RG,37.48060590756409,9.164055252146651e-08,1.0030761050353654
RG,37.48253306148723,9.129032046251328e-08,1.0023174585320798
RG,37.48446021541038,9.094143571149978e-08,1.0010077525297942
RG,37.48638736933352,9.059389309547559e-08,0.9991509079214553
RG,37.48831452325666,9.024768746044156e-08,0.9967511235421203
RG,37.49024167717981,8.990281367058932e-08,0.9938128699228949
RG,37.49216883110295,8.95592666087602e-08,0.9903408829774197
RG,37.4940959850261,8.921704117757111e-08,0.9863401576233493
RG,37.49602313894924,8.887613230059771e-08,0.9818159413417283
RG,37.49795029287239,8.853653492285325e-08,0.9767737276764701
RG,37.49987744679553,8.819824400980302e-08,0.971219249677004
RG,37.50180460071868,8.786125454401478e-08,0.9651584732861678
RG,37.50373175464182,8.752556151877395e-08,0.9585975906773712
RG,37.50565890856497,8.719115994930876e-08,0.9515430136337656
RG,37.50758606248811,8.685804487636372e-08,0.9440013668635309
RG,37.50951321641125,8.652621135668706e-08,0.9359794812340138
RG,37.5114403703344,8.619565446565475e-08,0.9274843870429597
RG,37.51336752425754,8.586636929614974e-08,0.9185233072604427
RG,37.51529467818069,8.553835095856398e-08,0.9091036507655391
RG,37.51722183210383,8.521159458156347e-08,0.8992330055815811
RG,37.51914898602698,8.488609531310855e-08,0.8889191321119899
RG,37.52107613995012,8.456184832122399e-08,0.8781699563808206
RG,37.523003293873266,8.423884879387362e-08,0.8669935632798857
RG,37.52493044779641,8.391709193731762e-08,0.8553981898266946
RG,37.526857601719556,8.359657297220947e-08,0.8433922184349705
RG,37.5287847556427,8.327728712998443e-08,0.8309841702101167
RG,37.530711909565845,8.295922967027961e-08,0.8181826983241305
RG,37.532639063488986,8.264239586945965e-08,0.8049965813446517
RG,37.53456621741213,8.232678102129206e-08,0.7914347166288906
RG,37.536493371335276,8.201238043686187e-08,0.777506113758137
RG,37.53842052525842,8.169918944399439e-08,0.763219888010978
RG,37.540347679181565,8.138720338748344e-08,0.7485852538812725
RG,37.542274833104706,8.10764176298301e-08,0.7336115186451494
RG,37.544201987027854,8.076682755206939e-08,0.7183080759783543
RG,37.546129140950995,8.045842855428067e-08,0.7026843996286367
RG,37.548056294874144,8.015121605525503e-08,0.6867500371443696
RG,37.549983448797285,7.98451854908249e-08,0.6705146036641723
RG,37.55191060272043,7.954033231025677e-08,0.6539877757686551
RG,37.553837756643574,7.92366519746719e-08,0.6371792854002217
RG,37.55576491056672,7.89341399723529e-08,0.6200989138565731
RG,37.55769206448986,7.863279180630592e-08,0.6027564858432105
RG,37.559619218413005,7.833260299660073e-08,0.5851618636045165
RG,37.56154637233615,7.80335690799008e-08,0.5673249411345912
RG,37.563473526259294,7.773568560902995e-08,0.5492556384638281
RG,37.56540068018244,7.743894815317083e-08,0.5309638960231211
RG,37.56732783410558,7.714335229846779e-08,0.5124596690899194
RG,37.56925498802873,7.684889364870119e-08,0.4937529223166154
RG,37.57118214195187,7.655556782572215e-08,0.4748536243459832
RG,37.57310929587502,7.626337046923069e-08,0.4557717425140378
RG,37.57503644979816,7.597229723551721e-08,0.43651723764507794
RG,37.57696360372131,7.568234379469016e-08,0.4171000589392412
RG,37.57889075764445,7.53935058279513e-08,0.39753013895268924
RG,37.58081791156759,7.510577904072445e-08,0.377817388634835
RG,37.58274506549074,7.481915915426853e-08,0.35797169250656186
RG,37.58467221941388,7.453364190574392e-08,0.338002903912386
RG,37.58659937333703,7.424922304845172e-08,0.3179208403741052
RG,37.58852652726017,7.396589835133557e-08,0.2977352790423041
RG,37.59045368118332,7.368366359901656e-08,0.27745595224141517
RG,37.59238083510646,7.340251459221139e-08,0.25709254311265295
RG,37.59430798902961,7.31224471482788e-08,0.23665468135439838
RG,37.59623514295275,7.2843457101668e-08,0.21615193906437474
RG,37.5981622968759,7.256554030394973e-08,0.19559382668316816
RG,37.60008945079904,7.228869262314626e-08,0.17498978904345613
RG,37.60201660472219,7.201290994198983e-08,0.15434920152447884
RG,37.60394375864533,7.173818815478587e-08,0.13368136631612462
RG,37.60587091256848,7.146452317223362e-08,0.11299550874353329
RG,37.60779806649162,7.119191092633771e-08,0.09230077369732037
RG,37.60972522041476,7.092034736241512e-08,0.07160622222148773
RG,37.61165237433791,7.064982844169511e-08,0.05092082815782295
RG,37.61357952826105,7.03803501406247e-08,0.030253474909584757
RG,37.6155066821842,7.011190845065923e-08,0.009612952301592134
RG,37.61743383610734,6.984449937844127e-08,-0.010992046460091748
RG,37.619360990030486,6.95781189461834e-08,-0.03155292772995588
RG,37.62128814395363,6.931276319210442e-08,-0.05206120026259897
RG,37.623215297876776,6.90484281706799e-08,-0.07250847795119114
RG,37.62514245179992,6.87851099525072e-08,-0.09288648246113115
RG,37.627069605723065,6.852280462350334e-08,-0.11318704576003025
RG,37.628996759646206,6.826150828319952e-08,-0.1334021125403268
RG,37.63092391356935,6.800121704212527e-08,-0.15352374253794768
RG,37.632851067492496,6.774192702952722e-08,-0.17354411283030344
RG,37.63477822141564,6.748363439165875e-08,-0.19345551996275986
RG,37.636705375338785,6.722633528850738e-08,-0.21325038197385326
RG,37.638632529261926,6.6970025895062e-08,-0.23292124035060638
RG,37.640559683185074,6.671470240080309e-08,-0.2524607618770969
RG,37.642486837108216,6.646036100958133e-08,-0.27186174039201727
RG,37.644413991031364,6.620699793976027e-08,-0.29111709845689
RG,37.646341144954505,6.59546094245331e-08,-0.31021988893197594
RG,37.64826829887765,6.570319171224438e-08,-0.32916329646150844
RG,37.650195452800794,6.545274106658522e-08,-0.3479406388653247
RG,37.65212260672394,6.520325376645549e-08,-0.3665453684384915
RG,37.654049760647084,6.495472610532892e-08,-0.38497107315603285
RG,37.655976914570225,6.47071543898873e-08,-0.40321147778425287
RG,37.65790406849337,6.446053493779761e-08,-0.42126044489696723
RG,37.659831222416514,6.421486408309517e-08,-0.43911197588173717
RG,37.66175837633966,6.39701381768931e-08,-0.4567602118129187
RG,37.6636855302628,6.372635358301809e-08,-0.4741994341971536
RG,37.66561268418595,6.348350667958889e-08,-0.4914240656911758
RG,37.66753983810909,6.324159385855705e-08,-0.5084286707176587
RG,37.66946699203224,6.300061152553296e-08,-0.5252079560071904
RG,37.67139414595538,6.276055609985909e-08,-0.5417567710642094
RG,37.67332129987853,6.252142401481564e-08,-0.5580701085587726
RG,37.67524845380167,6.2283211717886e-08,-0.574143104642038
RG,37.67717560772482,6.204591567093559e-08,-0.5899710391872824
RG,37.67910276164796,6.180953235020066e-08,-0.6055493359543902
RG,37.6810299155711,6.157405824591666e-08,-0.6208735626795211
RG,37.68295706949425,6.133948986145381e-08,-0.6359394310883452
RG,37.68488422341739,6.110582371178681e-08,-0.650742796833315
RG,37.68681137734054,6.087305632339418e-08,-0.6652796593815123
RG,37.68873853126368,6.064118424137026e-08,-0.6795461619156633
RG,37.69066568518683,6.041020402262442e-08,-0.6935385910133489
RG,37.69259283910997,6.018011223745581e-08,-0.7072533763589868
RG,37.69451999303312,5.995090546939524e-08,-0.720687090371674
RG,37.69644714695626,5.972258031495128e-08,-0.7338364477717216
RG,37.69837430087941,5.949513338355063e-08,-0.7466983050920273
RG,37.70030145480255,5.926856129764404e-08,-0.7592696601329456
RG,37.70222860872569,5.904286069288306e-08,-0.7715476513624023
RG,37.70415576264884,5.8818028218306536e-08,-0.7835295572602925
RG,37.70608291657198,5.8594060536437084e-08,-0.795212795607905
RG,37.70801007049513,5.8370954323175706e-08,-0.8065949227230312
RG,37.70993722441827,5.814870626740463e-08,-0.8176736326399132
RG,37.71186437834142,5.79273130701528e-08,-0.8284467562356073
RG,37.71379153226456,5.7706771443225175e-08,-0.8389122603016608
RG,37.71571868618771,5.748707811057888e-08,-0.8490682466044445
RG,37.71764584011085,5.726822981283813e-08,-0.8589129509347815
RG,37.719572994033996,5.7050223301489704e-08,-0.868444741991243
RG,37.72150014795714,5.683305534074956e-08,-0.8776621203131867
RG,37.723427301880285,5.661672270723735e-08,-0.8865637171453581
RG,37.725354455803426,5.6401222189789995e-08,-0.8951482932646848
RG,37.727281609726575,5.618655058941595e-08,-0.9034147377715653
RG,37.729208763649716,5.597270471937582e-08,-0.911362066845073
RG,37.73113591757286,5.575968140531172e-08,-0.9189894224635298
RG,37.733063071496005,5.554747748538584e-08,-0.9262960710901376
RG,37.734990225419146,5.5336089810350424e-08,-0.9332814023244707
RG,37.736917379342295,5.512551524346515e-08,-0.9399449275205396
RG,37.738844533265436,5.4915750660198595e-08,-0.9462862783712447
RG,37.740771687188584,5.470679294759919e-08,-0.9523052054604797
RG,37.742698841111725,5.449863900326762e-08,-0.9580015767825747
RG,37.74462599503487,5.429128573545069e-08,-0.9633753762496161
RG,37.746553148958014,5.408473006804721e-08,-0.9684267022289339
RG,37.74848030288116,5.387896893551371e-08,-0.973155765937818
RG,37.750407456804304,5.3673999284106105e-08,-0.9775628898905875
RG,37.752334610727445,5.346981807179194e-08,-0.9816485063072834
RG,37.75426176465059,5.3266422268059965e-08,-0.9854131555007485
RG,37.756188918573734,5.3063808853853074e-08,-0.9888574842459092
RG,37.75811607249688,5.286197482158899e-08,-0.9919822441319326
RG,37.760043226420024,5.2660917175252276e-08,-0.9947882898974942
RG,37.76197038034317,5.246063293049263e-08,-0.9972765777501102
RG,37.76389753426631,5.22611191147043e-08,-0.9994481636697258
RG,37.76582468818946,5.206237276700877e-08,-1.0013042016974565
RG,37.7677518421126,5.186439093810435e-08,-1.00284594220975
RG,37.76967899603575,5.166717068989453e-08,-1.0040747301787873
RG,37.77160614995889,5.1470709094850585e-08,-1.0049920034194681
RG,37.77353330388204,5.12750032350339e-08,-1.0055992908239468
RG,37.77546045780518,5.108005020488606e-08,-1.0058982106253862
RG,37.77738761172832,5.0885847111491675e-08,-1.0058904686266186
RG,37.77931476565147,5.069239107208468e-08,-1.0055778563951698
RG,37.78124191957461,5.049967921504875e-08,-1.0049622494875485
RG,37.78316907349776,5.030770867968999e-08,-1.0040456056563105
RG,37.7850962274209,5.011647661612205e-08,-1.0028299630542143
RG,37.78702338134405,4.992598018522504e-08,-1.0013174384359398
RG,37.78895053526719,4.9736216558680034e-08,-0.9995102253580304
RG,37.79087768919034,4.954718291903011e-08,-0.9974105923774648
RG,37.79280484311348,4.9358876459757565e-08,-0.9950208812495851
RG,37.79473199703663,4.9171294385319786e-08,-0.9923435051257199
RG,37.79665915095977,4.898443391112437e-08,-0.9893809467512973
RG,37.79858630488292,4.87982922633773e-08,-0.9861357566647175
RG,37.80051345880606,4.861286667877829e-08,-0.9826105513978507
RG,37.8024406127292,4.842815440399095e-08,-0.9788080116783726
RG,37.80436776665235,4.8244152694872995e-08,-0.9747308806349217
RG,37.80629492057549,4.806085881888066e-08,-0.9703819620291111
RG,37.80822207449864,4.787827005510873e-08,-0.9657641184753316
RG,37.81014922842178,4.769638369227293e-08,-0.9608802696521487
RG,37.81207638234493,4.7515197029542185e-08,-0.9557333905410016
RG,37.81400353626807,4.733470737636578e-08,-0.9503265096657223
RG,37.815930690191216,4.7154912052364384e-08,-0.9446627073401325
RG,37.81785784411436,4.6975808387295566e-08,-0.9387451139247893
RG,37.819784998037505,4.679739372105845e-08,-0.932576908092709
RG,37.82171215196065,4.661966540373989e-08,-0.9261613151052003
RG,37.82363930588379,4.644262079565992e-08,-0.9195016050976008
RG,37.825566459806936,4.626625726740675e-08,-0.9126010913759321
RG,37.82749361373008,4.609057219982639e-08,-0.9054631287247368
RG,37.829420767653225,4.591556298392882e-08,-0.8980911117262819
RG,37.831347921576366,4.574122702069252e-08,-0.8904884730922493
RG,37.833275075499515,4.5567561720710785e-08,-0.8826586820075566
RG,37.835202229422656,4.539456450366206e-08,-0.8746052424876434
RG,37.837129383345804,4.52222327984957e-08,-0.8663316917509246
RG,37.839056537268945,4.505056404621774e-08,-0.8578415986119238
RG,37.84098369119209,4.487955569678163e-08,-0.8491385618730724
RG,37.842910845115235,4.4709205209892345e-08,-0.8402262087415208
RG,37.84483799903838,4.453951005497736e-08,-0.8311081932601303
RG,37.846765152961524,4.4370467711080427e-08,-0.8217881947541501
RG,37.84869230688467,4.420207566679597e-08,-0.8122699162931588
RG,37.85061946080781,4.4034331420255336e-08,-0.8025570831696877
RG,37.852546614730954,4.3867232479134794e-08,-0.7926534413938083
RG,37.8544737686541,4.3700776360686405e-08,-0.7825627562048908
RG,37.856400922577244,4.353496059176886e-08,-0.7722888106005419
RG,37.85832807650039,4.336978270885338e-08,-0.7618354038826785
RG,37.86025523042353,4.320524025799889e-08,-0.7512063502220201
RG,37.86218238434668,4.30413307947535e-08,-0.7404054772401667
RG,37.86410953826982,4.287805188397794e-08,-0.7294366246108399
RG,37.86603669219297,4.271540109954365e-08,-0.7183036426793744
RG,37.86796384611611,4.2553376023897464e-08,-0.7070103911020788
RG,37.86989100003926,4.2391974248563564e-08,-0.695560737500462
RG,37.8718181539624,4.223119337601604e-08,-0.6839585561309353
RG,37.87374530788554,4.207103101711344e-08,-0.6722077265864229
RG,37.87567246180869,4.1911484791917194e-08,-0.6603121325066811
RG,37.87759961573183,4.175255232961547e-08,-0.6482756603127139
RG,37.87952676965498,4.159423126843182e-08,-0.6361021979599453
RG,37.88145392357812,4.143651925557827e-08,-0.6237956337112698
RG,37.88338107750127,4.127941394722935e-08,-0.6113598549288163
RG,37.88530823142441,4.112291300852775e-08,-0.5987987468860743
RG,37.88723538534756,4.096701411359394e-08,-0.5861161915991421
RG,37.8891625392707,4.081171494554613e-08,-0.5733160666787781
RG,37.89108969319385,4.0657013196499824e-08,-0.5604022442019835
RG,37.89301684711699,4.0502906567549766e-08,-0.5473785896048265
RG,37.89494400104013,4.034939276870088e-08,-0.5342489605952594
RG,37.89687115496328,4.019646951874477e-08,-0.5210172060873213
RG,37.89879830888642,4.00441345450575e-08,-0.507687165156477
RG,37.90072546280957,3.98923855832928e-08,-0.49426266601580304
RG,37.90265261673271,3.974122037719998e-08,-0.48074752501194495
RG,37.90457977065586,3.9590636680572845e-08,-0.46714554561882493
RG,37.906506924579,3.9440632255605424e-08,-0.4534605174896114
RG,37.90843407850215,3.929120487292312e-08,-0.43969621550855964
RG,37.91036123242529,3.914235231174819e-08,-0.42585639886549953
RG,37.912288386348436,3.899407235981307e-08,-0.41194481015206263
RG,37.91421554027158,3.884636281330831e-08,-0.39796517447820345
RG,37.916142694194725,3.869922147684506e-08,-0.38392119860747687
RG,37.91806984811787,3.855264616344533e-08,-0.36981657011280755
RG,37.919997002041015,3.840663469453603e-08,-0.3556549565511955
RG,37.921924155964156,3.82611848999584e-08,-0.3414400046591094
RG,37.9238513098873,3.8116294617966244e-08,-0.32717533956705075
RG,37.925778463810445,3.797196169521822e-08,-0.31286456403468427
RG,37.92770561773359,3.782818398674727e-08,-0.2985112577061123
RG,37.929632771656735,3.768495935589073e-08,-0.28411897638485406
RG,37.931559925579876,3.7542285674181866e-08,-0.2696912513299471
RG,37.933487079503024,3.7400160821172994e-08,-0.2552315885716232
RG,37.935414233426165,3.7258582684192956e-08,-0.24074346824835166
RG,37.93734138734931,3.7117549158340164e-08,-0.22623034395757788
RG,37.939268541272455,3.697705814802676e-08,-0.21169564209952987
RG,37.9411956951956,3.68371075653458e-08,-0.1971427612951292
RG,37.943122849118744,3.6697695330369684e-08,-0.18257507178740973
RG,37.945050003041885,3.655881937119783e-08,-0.16799591486783105
RG,37.94697715696503,3.6420477623893355e-08,-0.15340860232331888
RG,37.948904310888175,3.628266803243733e-08,-0.1388164159008894
RG,37.95083146481132,3.6145388548694015e-08,-0.12422260678932023
RG,37.952758618734464,3.6008637132396486e-08,-0.10963039511921437
RG,37.95468577265761,3.587241175113397e-08,-0.09504296947979068
RG,37.95661292658075,3.573671038035173e-08,-0.08046348645412466
RG,37.9585400805039,3.560153100334223e-08,-0.0658950701711182
RG,37.96046723442704,3.54668716112371e-08,-0.05134081187592229
RG,37.96239438835019,3.533273020297672e-08,-0.03680376951709263
RG,37.96432154227333,3.519910478526586e-08,-0.022286967352199483
RG,37.96624869619648,3.506599337249082e-08,-0.007793395570175138
RG,37.96817585011962,3.493339398660483e-08,0.006673990067883551
RG,37.97010300404277,3.480130465695649e-08,0.0211122685711696
RG,37.97203015796591,3.466972342008543e-08,0.035518554043655406
RG,37.97395731188905,3.4538648320685214e-08,0.0498899960234889
RG,37.9758844658122,3.440807741125598e-08,0.06422377977060818
RG,37.97781161973534,3.4278008751532186e-08,0.0785171265366123
RG,37.97973877365849,3.4148440408757835e-08,0.0927672938389382
RG,37.98166592758163,3.401937045763203e-08,0.10697157570990057
RG,37.98359308150478,3.389079698025868e-08,0.12112730293224303
RG,37.98552023542792,3.3762718066114884e-08,0.13523184325958007
RG,37.98744738935107,3.363513181202226e-08,0.14928260162346663
RG,37.98937454327421,3.350803632213326e-08,0.16327702032548602
RG,37.99130169719736,3.3381429707915674e-08,0.17721257921608086
RG,37.9932288511205,3.325531008814648e-08,0.19108679585853044
RG,37.99515600504364,3.3129675588897015e-08,0.20489722567973562
RG,37.99708315896679,3.300452434351654e-08,0.21864146210658314
RG,37.99901031288993,3.287985449260477e-08,0.23231713668847065
RG,38.00093746681308,3.2755664183963365e-08,0.24592191920655332
RG,38.00286462073622,3.2631951572532014e-08,0.2594535177685111
RG,38.00479177465937,3.2508714820288926e-08,0.2729096788904589
RG,38.00671892858251,3.238595209612363e-08,0.28628818756445595
RG,38.008646082505656,3.226366157568067e-08,0.29958686731394246
RG,38.0105732364288,3.2141841442148826e-08,0.3128035802669506
RG,38.012500390351946,3.202048988588396e-08,0.32593622717857257
RG,38.01442754427509,3.189960510401634e-08,0.33898274744357604
RG,38.01635469819823,3.177918530065066e-08,0.3519411191155293
RG,38.018281852121376,3.1659228686820397e-08,0.3648093589055847
RG,38.02020900604452,3.153973348044945e-08,0.3775855221707911
RG,38.022136159967665,3.142069790631675e-08,0.39026770289249363
RG,38.02406331389081,3.130212019603446e-08,0.40285403364373457
RG,38.025990467813955,3.118399858802442e-08,0.4153426855472079
RG,38.027917621737096,3.106633132750571e-08,0.42773186822236475
RG,38.029844775660244,3.0949116666477166e-08,0.4400198297232484
RG,38.031771929583385,3.083235286370644e-08,0.452204856465678
RG,38.033699083506534,3.0716038184709e-08,0.4642852731453377
RG,38.035626237429675,3.0600170901727635e-08,0.47625944264541364
RG,38.03755339135282,3.048474929369546e-08,0.48812576593531054
RG,38.039480545275964,3.0369771646192234e-08,0.4998826819591161
RG,38.04140769919911,3.025523625137671e-08,0.5115286675153189
RG,38.04333485312225,3.014114140790383e-08,0.5230622371264744
RG,38.045262007045395,3.00274854208097e-08,0.5344819429002565
RG,38.04718916096854,2.9914266601555994e-08,0.5457863743881176
RG,38.049116314891684,2.9801483268706768e-08,0.5569741584592228
RG,38.05104346881483,2.968913374707443e-08,0.5680439591088248
RG,38.05297062273797,2.957721636790526e-08,0.5789944772994386
RG,38.05489777666112,2.9465729468886397e-08,0.5898244507867556
RG,38.05682493058426,2.9354671394112544e-08,0.6005326539361109
RG,38.05875208450741,2.924404049405076e-08,0.6111178975329828
RG,38.06067923843055,2.9133835125516418e-08,0.621579028586346
RG,38.0626063923537,2.902405365164671e-08,0.6319149301262428
RG,38.06453354627684,2.891469444188424e-08,0.6421245209944278
RG,38.06646070019998,2.880575587195679e-08,0.6522067556293821
RG,38.06838785412313,2.869723632386229e-08,0.6621606238448384
RG,38.07031500804627,2.8589134185853443e-08,0.6719851506023126
RG,38.07224216196942,2.848144785241603e-08,0.6816793957780967
RG,38.07416931589256,2.8374175724249148e-08,0.6912424539239068
RG,38.07609646981571,2.8267316208232594e-08,0.7006734540224083
RG,38.07802362373885,2.8160867717391875e-08,0.7099715592365756
RG,38.079950777662,2.8054828670845568e-08,0.7191359666541175
RG,38.08187793158514,2.794919749374488e-08,0.7281659070259555
RG,38.08380508550829,2.784397261719002e-08,0.7370606444999545
RG,38.08573223943143,2.7739152478188936e-08,0.7458194763512881
RG,38.08765939335458,2.763473552018493e-08,0.7544417327324491
RG,38.08958654727772,2.75307201925411e-08,0.7629267763742597
RG,38.09151370120087,2.7427104950522845e-08,0.7712740023062563
RG,38.09344085512401,2.732388825535452e-08,0.7794828375738897
RG,38.09536800904715,2.7221068574185544e-08,0.7875527409489549
RG,38.0972951629703,2.7118644380063123e-08,0.795483202636429
RG,38.09922231689344,2.7016614151907794e-08,0.8032737439781318
RG,38.10114947081659,2.6914976374487757e-08,0.810923917153577
RG,38.10307662473973,2.6813729538401492e-08,0.8184333048773879
RG,38.105003778662876,2.6712872140055804e-08,0.8258015200942533
RG,38.10693093258602,2.6612402681651458e-08,0.8330282056706187
RG,38.108858086509166,2.6512319671162866e-08,0.8401130340840847
RG,38.11078524043231,2.641262162232312e-08,0.8470557071097393
RG,38.112712394355455,2.631330705460133e-08,0.8538559555043672
RG,38.114639548278596,2.6214374493182517e-08,0.8605135386877909
RG,38.11656670220174,2.6115822468937715e-08,0.8670282444222339
RG,38.118493856124886,2.6017649518391435e-08,0.8733998884891574
RG,38.12042101004803,2.5919854183681513e-08,0.879628314363931
RG,38.122348163971175,2.5822435012505863e-08,0.8857133928886469
RG,38.124275317894316,2.572539055806335e-08,0.8916550219425949
RG,38.126202471817464,2.5628719379044372e-08,0.8974531261140293
RG,38.128129625740605,2.5532420040016296e-08,0.903107656385603
RG,38.130056779663754,2.5436491110959994e-08,0.9086185897841936
RG,38.131983933586895,2.5340931167325207e-08,0.9139859290513654
RG,38.13391108751004,2.524573879004507e-08,0.919209702310657
RG,38.135838241433184,2.5150912565513027e-08,0.9242899627319185
RG,38.137765395356325,2.5056451085555963e-08,0.929226788195304
RG,38.139692549279474,2.4962352947412448e-08,0.934020280954502
RG,38.141619703202615,2.4868616753712564e-08,0.9386705672994796
RG,38.14354685712576,2.477524111245577e-08,0.9431777972189792
RG,38.145474011048904,2.468222463699505e-08,0.9475421440624022
RG,38.14740116497205,2.4589565946016484e-08,0.9517638042016863
RG,38.14932831889519,2.4497263663524644e-08,0.9558429966927129
RG,38.15125547281834,2.440531641882215e-08,0.9597799629368327
RG,38.15318262674148,2.4313722846494e-08,0.9635749663420841
RG,38.15510978066463,2.422248158638468e-08,0.9672282919846555
RG,38.15703693458777,2.4131591283578414e-08,0.9707402462702017
RG,38.15896408851092,2.4041050588370363e-08,0.9741111565955309
RG,38.16089124243406,2.3950858156239186e-08,0.9773413710103055
RG,38.16281839635721,2.386101264780877e-08,0.9804312578792425
RG,38.16474555028035,2.377151272880885e-08,0.9833812055444866
RG,38.16667270420349,2.3682357070023087e-08,0.9861916219886004
RG,38.16859985812664,2.359354434740127e-08,0.9888629345037926
RG,38.17052701204978,2.3505073242164282e-08,0.9913955893609963
RG,38.17245416597293,2.3416942440479475e-08,0.9937900514656569
RG,38.17438131989607,2.332915063356852e-08,0.9960468040291774
RG,38.17630847381922,2.324169651768395e-08,0.9981663482368172
RG,38.17823562774236,2.3154578794090045e-08,1.0001492029165566
RG,38.18016278166551,2.3067796169039334e-08,1.0019959042092972
RG,38.18208993558865,2.2981347353755082e-08,1.0037070052401955
RG,38.1840170895118,2.289523106440955e-08,1.0052830757914115
RG,38.18594424343494,2.280944602210818e-08,1.0067247019761039
RG,38.18787139735808,2.2723990952869862e-08,1.0080324859139171
RG,38.18979855128123,2.2638864587610537e-08,1.0092070454078519
RG,38.19172570520437,2.2554065662127308e-08,1.010249013622642
RG,38.19365285912752,2.2469592917079238e-08,1.0111590387647136
RG,38.19558001305066,2.238544509797219e-08,1.0119377837636738
RG,38.19750716697381,2.230162095513809e-08,1.012585925955501
RG,38.19943432089695,2.2218119243717543e-08,1.0131041567673686
RG,38.2013614748201,2.2134938723635678e-08,1.013493181404249
RG,38.20328862874324,2.2052078159580623e-08,1.0137537185372665
RG,38.205215782666386,2.196953632097375e-08,1.0138864999939086
RG,38.20714293658953,2.1887311981941568e-08,1.0138922704500994
RG,38.209070090512675,2.1805403921278107e-08,1.0137717871242113
RG,38.210997244435816,2.1723810922441123e-08,1.013525819473752
RG,38.21292439835896,2.1642531773731374e-08,1.0131551488978054
RG,38.214851552282106,2.1561565268045633e-08,1.012660568432359
RG,38.21677870620525,2.1480910202899298e-08,1.0120428824537557
RG,38.218705860128395,2.140056538042819e-08,1.0113029063838206
RG,38.220633014051536,2.1320529607371822e-08,1.010441466396753
RG,38.222560167974684,2.124080169505246e-08,1.0094593991282277
RG,38.224487321897826,2.116138045935925e-08,1.00835755138682
RG,38.226414475820974,2.1082264720728057e-08,1.0071367798676738
RG,38.228341629744115,2.1003453304126483e-08,1.0057979508685604
RG,38.23026878366726,2.0924945039034732e-08,1.0043419400082179
RG,38.232195937590404,2.0846738759431394e-08,1.0027696319471442
RG,38.23412309151355,2.076883330377493e-08,1.0010819201107097
RG,38.236050245436694,2.069122751498973e-08,0.9992797064147858
RG,38.237977399359835,2.0613920240448106e-08,0.9973639009937405
RG,38.23990455328298,2.0536910331954444e-08,0.9953354219309688
RG,38.241831707206124,2.0460196645729276e-08,0.993195194991937
RG,38.24375886112927,2.0383778042389404e-08,0.9909441533596779
RG,38.245686015052414,2.030765338693141e-08,0.9885832373729577
RG,38.24761316897556,2.023182154870932e-08,0.986113394266894
RG,38.2495403228987,2.015628140141494e-08,0.9835355779163157
RG,38.25146747682185,2.0081031823051882e-08,0.9808507485816114
RG,38.25339463074499,2.0006071695911576e-08,0.978059872657384
RG,38.25532178466814,1.993139990654933e-08,0.9751639224236047
RG,38.25724893859128,1.9857015345901037e-08,0.9721638757990294
RG,38.25917609251442,1.9782916909155276e-08,0.9690607160976621
RG,38.26110324643757,1.9709103495716197e-08,0.9658554317876923
RG,38.26303040036071,1.963557400921826e-08,0.9625490162532209
RG,38.26495755428386,1.9562327357507625e-08,0.959142467558669
RG,38.266884708207,1.948936245262785e-08,0.9556367882160379
RG,38.26881186213015,1.9416678210801332e-08,0.9520329849546456
RG,38.27073901605329,1.9344273552415246e-08,0.9483320684937507
RG,38.27266616997644,1.9272147402003514e-08,0.9445350533176573
RG,38.27459332389958,1.9200298688233208e-08,0.9406429574537302
RG,38.27652047782273,1.9128726343886953e-08,0.9366568022528943
RG,38.27844763174587,1.9057429305849745e-08,0.9325776121730712
RG,38.28037478566902,1.8986406515091706e-08,0.9284064145651008
RG,38.28230193959216,1.8915656916655004e-08,0.9241442394616247
RG,38.28422909351531,1.8845179459636657e-08,0.9197921193684601
RG,38.28615624743845,1.877497309717523e-08,0.9153510890589579
RG,38.28808340136159,1.8705036786433414e-08,0.910822185370872
RG,38.29001055528474,1.863536948858285e-08,0.9062064470061367
RG,38.29193770920788,1.856597016878826e-08,0.9015049143334116
RG,38.29386486313103,1.8496837796188426e-08,0.8967186291932185
RG,38.29579201705417,1.8427971343880115e-08,0.8918486347061115
RG,38.29771917097732,1.835936978889684e-08,0.8868959750833467
RG,38.29964632490046,1.8291032112190545e-08,0.8818616954406248
RG,38.301573478823606,1.8222957298609696e-08,0.8767468416142583
RG,38.30350063274675,1.8155144336964704e-08,0.8715524599767814
RG,38.305427786669895,1.8087592219959086e-08,0.8662795972601431
RG,38.30735494059304,1.8020299944143016e-08,0.8609293003809345
RG,38.30928209451618,1.79532665099228e-08,0.8555026162659932
RG,38.311209248439326,1.7886490921547047e-08,0.8500005916820146
RG,38.31313640236247,1.781997218709247e-08,0.8444242730677841
RG,38.315063556285615,1.7753709318447497e-08,0.8387747063688166
RG,38.316990710208756,1.7687701331299633e-08,0.8330529368749062
RG,38.318917864131905,1.7621947245118855e-08,0.8272600090599459
RG,38.320845018055046,1.755644608314527e-08,0.8213969664246736
RG,38.322772171978194,1.749119687237283e-08,0.8154648513416669
RG,38.324699325901335,1.7426198643537067e-08,0.8094647049032614
RG,38.32662647982448,1.7361450431099153e-08,0.803397566771697
RG,38.328553633747624,1.7296951273233698e-08,0.7972644750321853
RG,38.33048078767077,1.7232700211812933e-08,0.7910664660481825
RG,38.332407941593914,1.7168696292394452e-08,0.7848045743195814
RG,38.334335095517055,1.7104938564205546e-08,0.7784798323431126
RG,38.3362622494402,1.7041426080129645e-08,0.7720932704755183
RG,38.338189403363344,1.6978157896692535e-08,0.7656459167992695
RG,38.34011655728649,1.691513307404611e-08,0.7591387969905788
RG,38.342043711209634,1.685235067595515e-08,0.7525729341902965
RG,38.34397086513278,1.6789809769780104e-08,0.7459493488769449
RG,38.34589801905592,1.6727509426463078e-08,0.739269058742655
RG,38.34782517297907,1.666544872050957e-08,0.7325330785712219
RG,38.34975232690221,1.66036267299738e-08,0.7257424201190065
RG,38.35167948082536,1.6542042536489487e-08,0.7188980919929617
RG,38.3536066347485,1.6480695225231982e-08,0.7120010995380528
RG,38.35553378867165,1.6419583884873754e-08,0.7050524447269128
RG,38.35746094259479,1.6358707607592476e-08,0.6980531260480004
RG,38.35938809651793,1.629806548905616e-08,0.6910041383976622
RG,38.36131525044108,1.6237656628410533e-08,0.6839064729747076
RG,38.36324240436422,1.6177480128266365e-08,0.6767611171772355
RG,38.36516955828737,1.611753509468469e-08,0.6695690545014288
RG,38.36709671221051,1.6057820637165407e-08,0.6623312644429642
RG,38.36902386613366,1.5998335868632323e-08,0.6550487224002046
RG,38.3709510200568,1.5939079905421943e-08,0.6477223995800102
RG,38.37287817397995,1.588005186726864e-08,0.640353262905301
RG,38.37480532790309,1.582125087729351e-08,0.6329422749252167
RG,38.37673248182624,1.5762676061989742e-08,0.6254903937269953
RG,38.37865963574938,1.570432655121149e-08,0.617998572850428
RG,38.38058678967252,1.5646201478159497e-08,0.6104677612040301
RG,38.38251394359567,1.5588299979368928e-08,0.602898902983598
RG,38.38444109751881,1.5530621194697114e-08,0.5952929375928685
RG,38.38636825144196,1.5473164267309164e-08,0.5876507995659853
RG,38.3882954053651,1.5415928343666625e-08,0.5799734184924576
RG,38.39022255928825,1.535891257351281e-08,0.5722617189437298
RG,38.39214971321139,1.5302116109861226e-08,0.564516620402248
RG,38.39407686713454,1.5245538108980557e-08,0.5567390371921075
RG,38.39600402105768,1.5189177730383e-08,0.5489298784121746
RG,38.397931174980826,1.5133034136808826e-08,0.5410900478707581
RG,38.39985832890397,1.5077106494214337e-08,0.5332204440227308
RG,38.401785482827115,1.502139397178269e-08,0.525321959903567
RG,38.40371263675026,1.4965895741905146e-08,0.5173954830704746
RG,38.405639790673405,1.4910610980139935e-08,0.5094418955485163
RG,38.407566944596546,1.4855538865217745e-08,0.5014620737722951
RG,38.40949409851969,1.480067857902819e-08,0.4934568885316394
RG,38.411421252442835,1.4746029306608332e-08,0.4854272049193297
RG,38.41334840636598,1.4691590236131236e-08,0.4773738822805634
RG,38.415275560289125,1.4637360558892564e-08,0.4692977741638389
RG,38.417202714212266,1.4583339469300247e-08,0.4611997282739888
RG,38.419129868135414,1.4529526164860975e-08,0.45308058642642307
RG,38.421057022058555,1.4475919846169945e-08,0.44494118450352
RG,38.4229841759817,1.4422519716897452e-08,0.43678235241219354
RG,38.424911329904845,1.4369324983778742e-08,0.4286049140435788
RG,38.42683848382799,1.4316334856600687e-08,0.4204096872338598
RG,38.428765637751134,1.4263548548191653e-08,0.4121974837271858
RG,38.430692791674275,1.4210965274408446e-08,0.40396910913972617
RG,38.43261994559742,1.4158584254125253e-08,0.39572536292560195
RG,38.434547099520564,1.4106404709222553e-08,0.3874670383443778
RG,38.43647425344371,1.4054425864574094e-08,0.3791949224297925
RG,38.438401407366854,1.4002646948036795e-08,0.3709097959604736
RG,38.44032856129,1.3951067190437506e-08,0.3626124334316752
RG,38.44225571521314,1.3899685825562948e-08,0.3543036030290009
RG,38.44418286913629,1.384850209014639e-08,0.3459840666031152
RG,38.44611002305943,1.379751522385761e-08,0.33765457964641055
RG,38.44803717698258,1.374672446928958e-08,0.3293158912706293
RG,38.44996433090572,1.369612907194837e-08,0.32096874418641086
RG,38.45189148482887,1.3645728280239914e-08,0.312613874683761
RG,38.45381863875201,1.359552134547038e-08,0.30425201261194096
RG,38.45574579267515,1.3545507521842033e-08,0.2958838813594835
RG,38.4576729465983,1.3495686066412496e-08,0.2875101978451807
RG,38.45960010052144,1.3446056239098647e-08,0.2791316725009972
RG,38.46152725444459,1.3396617302664727e-08,0.2707490092587812
RG,38.46345440836773,1.3347368522712833e-08,0.26236290553876546
RG,38.46538156229088,1.3298309167670521e-08,0.25397405223876945
RG,38.46730871621402,1.3249438508781378e-08,0.2455831337250771
RG,38.46923587013717,1.3200755820092786e-08,0.23719082782398565
RG,38.47116302406031,1.3152260378446581e-08,0.2287978058149997
RG,38.47309017798346,1.3103951463466995e-08,0.22040473242466604
RG,38.4750173319066,1.3055828357551339e-08,0.21201226582202362
RG,38.47694448582975,1.300789034585806e-08,0.203621057614664
RG,38.47887163975289,1.2960136716297498e-08,0.19523175284637678
RG,38.48079879367603,1.2912566759520165e-08,0.1868449899954061
RG,38.48272594759918,1.2865179768906659e-08,0.17846140097407623
RG,38.48465310152232,1.2817975040557727e-08,0.17008161112946238
RG,38.48658025544547,1.2770951873282543e-08,0.1617062392447814
RG,38.48850740936861,1.2724109568589529e-08,0.15333589754226118
RG,38.49043456329176,1.2677447430674528e-08,0.14497119168651496
RG,38.4923617172149,1.2630964766411714e-08,0.13661272078939407
RG,38.494288871138046,1.2584660885341699e-08,0.12826107741531642
RG,38.49621602506119,1.2538535099662477e-08,0.1199168475880418
RG,38.498143178984336,1.2492586724217632e-08,0.11158061079789425
RG,38.50007033290748,1.2446815076487301e-08,0.10325294001039972
RG,38.50199748683062,1.2401219476576652e-08,0.09493440167537212
RG,38.503924640753766,1.2355799247206052e-08,0.08662555573719999
RG,38.50585179467691,1.2310553713701418e-08,0.07832695564601133
RG,38.507778948600055,1.2265482203984548e-08,0.07003914836901662
RG,38.5097061025232,1.2220584048581367e-08,0.061762674398965975
RG,38.511633256446345,1.217585858058516e-08,0.05349806777206917
RG,38.513560410369486,1.2131305135652852e-08,0.04524585608191791
RG,38.515487564292634,1.2086923051997963e-08,0.03700656049330807
RG,38.517414718215775,1.2042711670381878e-08,0.028780695758183844
RG,38.519341872138924,1.1998670334102539e-08,0.02056877023180844
RG,38.521269026062065,1.1954798388985937e-08,0.012371285890121
RG,38.52319617998521,1.191109518337501e-08,0.0041887383472971745
RG,38.525123333908354,1.1867560068121261e-08,-0.003978383125530338
RG,38.5270504878315,1.182419239657382e-08,-0.0121295955813705
RG,38.52897764175464,1.17809915245712e-08,-0.020264422377338942
RG,38.530904795677785,1.1737956810430635e-08,-0.028382393154435193
RG,38.53283194960093,1.1695087614939042e-08,-0.03648304381639192
RG,38.534759103524074,1.1652383301344123e-08,-0.044565916507910835
RG,38.53668625744722,1.160984323534373e-08,-0.05263055959259422
RG,38.53861341137036,1.1567466785077806e-08,-0.06067652762983933
RG,38.54054056529351,1.1525253321117668e-08,-0.0687033813516311
RG,38.54246771921665,1.1483202216457878e-08,-0.07671068763829442
RG,38.5443948731398,1.1441312846505581e-08,-0.08469801949416694
RG,38.54632202706294,1.1399584589072436e-08,-0.09266495602225841
RG,38.54824918098609,1.1358016824363892e-08,-0.10061108239885297
RG,38.55017633490923,1.1316608934971118e-08,-0.1085359898471244
RG,38.55210348883237,1.127536030586053e-08,-0.11643927561068809
RG,38.55403064275552,1.1234270324364936e-08,-0.12432054292636704
RG,38.55595779667866,1.1193338380174641e-08,-0.13217940099648054
RG,38.55788495060181,1.1152563865327132e-08,-0.14001546496095507
RG,38.55981210452495,1.111194617419906e-08,-0.14782835586854587
RG,38.5617392584481,1.107148470349586e-08,-0.1556177006480784
RG,38.56366641237124,1.1031178852243876e-08,-0.16338313207879818
RG,38.56559356629439,1.0991028021784693e-08,-0.17112428876153193
RG,38.56752072021753,1.0951031615779546e-08,-0.1788408150909741
RG,38.56944787414068,1.0911189040171411e-08,-0.18653236122109823
RG,38.57137502806382,1.0871499703189354e-08,-0.19419858303551651
RG,38.57330218198696,1.0831963015340072e-08,-0.20183914211667756
RG,38.57522933591011,1.0792578389399263e-08,-0.20945370571417304
RG,38.57715648983325,1.0753345240403008e-08,-0.21704194671272575
RG,38.5790836437564,1.0714262985637978e-08,-0.224603543600146
RG,38.58101079767954,1.0675331044633788e-08,-0.23213818043456474
RG,38.58293795160269,1.0636548839153184e-08,-0.23964554681181932
RG,38.58486510552583,1.0597915793184587e-08,-0.2471253378321082
RG,38.58679225944898,1.0559431332932441e-08,-0.2545772540668121
RG,38.58871941337212,1.0521094886809878e-08,-0.2620010015246049
RG,38.590646567295266,1.0482905885429154e-08,-0.26939629161774536
RG,38.59257372121841,1.0444863761594386e-08,-0.27676284112767835
RG,38.594500875141556,1.0406967950292068e-08,-0.2841003721708316
RG,38.5964280290647,1.0369217888683824e-08,-0.2914086121637427
RG,38.598355182987845,1.0331613016096973e-08,-0.29868729378839465
RG,38.600282336910986,1.0294152774017296e-08,-0.3059361549569038
RG,38.60220949083413,1.0256836606079728e-08,-0.31315493877640255
RG,38.604136644757276,1.0219663958060436e-08,-0.32034339351345475
RG,38.60606379868042,1.0182634277868895e-08,-0.3275012725582821
RG,38.607990952603565,1.0145747015538584e-08,-0.33462833438907325
RG,38.609918106526706,1.0109001623219714e-08,-0.34172434253572337
RG,38.611845260449854,1.0072397555169795e-08,-0.3487890655438307
RG,38.613772414372995,1.0035934267746387e-08,-0.35582227693811747
RG,38.615699568296144,9.999611219397685e-09,-0.3628237551861216
RG,38.617626722219285,9.963427870655259e-09,-0.3697932836613341
RG,38.61955387614243,9.927383684124713e-09,-0.3767306506066208
RG,38.621481030065574,9.891478124478532e-09,-0.38363564909711
RG,38.623408183988715,9.85571065844691e-09,-0.3905080770033538
RG,38.625335337911864,9.820080754812121e-09,-0.39734773695432896
RG,38.627262491835005,9.784587884420016e-09,-0.4041544363022453
RG,38.62918964575815,9.749231520141141e-09,-0.4109279870827979
RG,38.631116799681294,9.714011136871493e-09,-0.4176682059780495
RG,38.63304395360444,9.678926211528203e-09,-0.4243749142796352
RG,38.63497110752758,9.643976223042298e-09,-0.4310479378510588
RG,38.63689826145073,9.609160652349603e-09,-0.43768710709033903
RG,38.63882541537387,9.574478982383762e-09,-0.44429225689221896
RG,38.64075256929702,9.539930698067374e-09,-0.4508632266107327
RG,38.64267972322016,9.505515286305267e-09,-0.45739986002134914
RG,38.64460687714331,9.471232235975806e-09,-0.4639020052834783
RG,38.64653403106645,9.437081037924317e-09,-0.4703695149025706
RG,38.6484611849896,9.40306118495458e-09,-0.4768022456925841
RG,38.65038833891274,9.36917217182234e-09,-0.48320005873805827
RG,38.65231549283588,9.335413495227037e-09,-0.48956281935653995
RG,38.65424264675903,9.301784653804764e-09,-0.49589039706077
RG,38.65616980068217,9.268285148121319e-09,-0.5021826655208771
RG,38.65809695460532,9.234914480663939e-09,-0.5084395025268134
RG,38.66002410852846,9.201672155834994e-09,-0.5146607899504568
RG,38.66195126245161,9.168557679943635e-09,-0.5208464137081034
RG,38.66387841637475,9.135570561199453e-09,-0.5269962637226159
RG,38.6658055702979,9.102710309704136e-09,-0.5331102338859698
RG,38.66773272422104,9.069976437445095e-09,-0.5391882220214701
RG,38.66965987814419,9.037368458287117e-09,-0.5452301298463699
RG,38.67158703206733,9.004885887965932e-09,-0.551235862934176
RG,38.67351418599047,8.972528244079979e-09,-0.5572053306773405
RG,38.67544133991362,8.940295046083333e-09,-0.5631384462497832
RG,38.67736849383676,8.908185815278664e-09,-0.5690351265694796
RG,38.67929564775991,8.876200074808936e-09,-0.5748952922613317
RG,38.68122280168305,8.844337349650935e-09,-0.5807188676197826
RG,38.6831499556062,8.8125971666069e-09,-0.5865057805718559
RG,38.68507710952934,8.780979054298052e-09,-0.5922559626399303
RG,38.687004263452486,8.749482543156235e-09,-0.597969348904945
RG,38.68893141737563,8.71810716542298e-09,-0.6036458779696806
RG,38.690858571298776,8.686852455161088e-09,-0.6092854919233908
RG,38.69278572522192,8.655717948209662e-09,-0.6148881363026693
RG,38.69471287914506,8.624703182191937e-09,-0.6204537600558674
RG,38.696640033068206,8.59380769651129e-09,-0.6259823155067131
RG,38.69856718699135,8.56303103234424e-09,-0.6314737583178677
RG,38.700494340914496,8.532372732632404e-09,-0.6369280474548048
RG,38.70242149483764,8.501832342076357e-09,-0.6423451451495094
RG,38.704348648760785,8.47140940712775e-09,-0.6477250168646229
RG,38.706275802683926,8.441103475983323e-09,-0.6530676312573963
RG,38.708202956607074,8.41091409857726e-09,-0.6583729601440904
RG,38.710130110530216,8.38084082657537e-09,-0.663640978464192
RG,38.712057264453364,8.350883213367602e-09,-0.6688716642450779
RG,38.713984418376505,8.32104081406231e-09,-0.674064998566503
RG,38.71591157229965,8.291313185478934e-09,-0.679220965525537
RG,38.717838726222794,8.261699886142318e-09,-0.6843395522013341
RG,38.71976588014594,8.232200476275434e-09,-0.6894207486203509
RG,38.721693034069084,8.202814517793826e-09,-0.6944645477214059
RG,38.723620187992225,8.173541574298387e-09,-0.6994709453211696
RG,38.72554734191537,8.144381211069328e-09,-0.7044399400796156
RG,38.727474495838514,8.115332995060055e-09,-0.7093715334656262
RG,38.72940164976166,8.086396494889987e-09,-0.7142657297229332
RG,38.731328803684804,8.057571280839004e-09,-0.7191225358359439
RG,38.73325595760795,8.02885692484012e-09,-0.7239419614960131
RG,38.73518311153109,8.000253000473875e-09,-0.7287240190675899
RG,38.73711026545424,7.971759082960982e-09,-0.733468723554812
RG,38.73903741937738,7.943374749156663e-09,-0.7381760925679829
RG,38.74096457330053,7.915099577543258e-09,-0.7428461462904968
RG,38.74289172722367,7.88693314822448e-09,-0.7474789074456549
RG,38.74481888114681,7.858875042918118e-09,-0.752074401263913
RG,38.74674603506996,7.83092484494971e-09,-0.756632655450131
RG,38.7486731889931,7.803082139246231e-09,-0.7611537001509999
RG,38.75060034291625,7.775346512328718e-09,-0.7656375679228162
RG,38.75252749683939,7.747717552306424e-09,-0.7700842936991853
RG,38.75445465076254,7.720194848869324e-09,-0.7744939147591743
RG,38.75638180468568,7.692777993302962e-09,-0.7788664706964059
RG,38.75830895860883,7.665466578473803e-09,-0.7832020033871623
RG,38.76023611253197,7.638260198797584e-09,-0.7875005569575406
RG,38.76216326645512,7.611158450251615e-09,-0.7917621777533178
RG,38.76409042037826,7.584160930368967e-09,-0.7959869143087523
RG,38.76601757430141,7.557267238231244e-09,-0.8001748173158364
RG,38.76794472822455,7.530476974463016e-09,-0.8043259395934952
RG,38.7698718821477,7.503789741224827e-09,-0.8084403360572331
RG,38.77179903607084,7.477205142207864e-09,-0.8125180636887315
RG,38.77372618999398,7.450722782627234e-09,-0.8165591815058756
RG,38.77565334391713,7.424342269216371e-09,-0.8205637505328259
RG,38.77758049784027,7.398063210221414e-09,-0.824531833770293
RG,38.77950765176342,7.371885215394798e-09,-0.8284634961661566
RG,38.78143480568656,7.345807895990248e-09,-0.8323588045860649
RG,38.78336195960971,7.3198308647563556e-09,-0.8362178277844673
RG,38.78528911353285,7.293953735931683e-09,-0.840040636375615
RG,38.787216267455996,7.268176125238406e-09,-0.8438273028049906
RG,38.78914342137914,7.242497649877462e-09,-0.8475779013207126
RG,38.791070575302285,7.2169179285222294e-09,-0.8512925079453634
RG,38.792997729225426,7.1914365813137136e-09,-0.8549712004477966
RG,38.79492488314857,7.166053229854308e-09,-0.8586140583153522
RG,38.796852037071716,7.140767497202534e-09,-0.862221162726134
RG,38.79877919099486,7.115579007867712e-09,-0.8657925965214923
RG,38.800706344918005,7.0904873878037165e-09,-0.8693284441788388
RG,38.802633498841146,7.06549226440412e-09,-0.8728287917844664
RG,38.804560652764295,7.040593266495808e-09,-0.8762937270067793
RG,38.806487806687436,7.0157900243340165e-09,-0.8797233390695188
RG,38.808414960610584,6.991082169595946e-09,-0.8831177187253968
RG,38.810342114533725,6.966469335375752e-09,-0.8864769582297278
RG,38.81226926845687,6.941951156178028e-09,-0.8898011513144658
RG,38.814196422380014,6.917527267912769e-09,-0.8930903931622447
RG,38.816123576303156,6.893197307888886e-09,-0.8963447803808068
RG,38.818050730226304,6.868960914808629e-09,-0.8995644109775122
RG,38.819977884149445,6.8448177287619434e-09,-0.9027493843340524
RG,38.82190503807259,6.8207673912199185e-09,-0.9058998011814878
RG,38.823832191995734,6.7968095450295446e-09,-0.9090157635753104
RG,38.82575934591888,6.772943834411135e-09,-0.9120973748711402
RG,38.827686499842024,6.74916990498683e-09,-0.9151447397021338
RG,38.82961365376517,6.7254874037230784e-09,-0.9181579639518233
RG,38.83154080768831,6.701895978939135e-09,-0.9211371547308554
RG,38.83346796161146,6.6783952803082415e-09,-0.9240824203537112
RG,38.8353951155346,6.6549849588525804e-09,-0.9269938703149989
RG,38.83732226945775,6.631664666936973e-09,-0.9298716152661364
RG,38.83924942338089,6.608434058264051e-09,-0.9327157669920695
RG,38.84117657730404,6.585292787868169e-09,-0.9355264383883727
RG,38.84310373122718,6.562240512110775e-09,-0.9383037434383886
RG,38.84503088515032,6.539276888674586e-09,-0.9410477971907328
RG,38.84695803907347,6.516401576558692e-09,-0.9437587157369008
RG,38.84888519299661,6.493614236073717e-09,-0.9464366161890837
RG,38.85081234691976,6.4709145288362165e-09,-0.9490816166582872
RG,38.8527395008429,6.448302117764374e-09,-0.9516938362325064
RG,38.85466665476605,6.425776667072408e-09,-0.9542733949552612
RG,38.85659380868919,6.403337842266352e-09,-0.9568204138041775
RG,38.85852096261234,6.380985310138522e-09,-0.9593350146699234
RG,38.86044811653548,6.3587187387633814e-09,-0.961817320335195
RG,38.86237527045863,6.336537797492024e-09,-0.9642674544540485
RG,38.86430242438177,6.314442156948061e-09,-0.9666855415312863
RG,38.86622957830491,6.29243148902223e-09,-0.9690717069021735
RG,38.86815673222806,6.270505466867851e-09,-0.9714260767122628
RG,38.8700838861512,6.248663764896271e-09,-0.9737487778974143
RG,38.87201104007435,6.226906058771472e-09,-0.9760399381640971
RG,38.87393819399749,6.2052320254058974e-09,-0.9782996859697543
RG,38.87586534792064,6.1836413429549465e-09,-0.9805281505034974
RG,38.87779250184378,6.162133690812751e-09,-0.982725461666857
RG,38.87971965576693,6.1407087496066475e-09,-0.984891750054857
RG,38.88164680969007,6.1193662011928575e-09,-0.9870271469371467
RG,38.883573963613216,6.098105728650919e-09,-0.9891317842394513
RG,38.88550111753636,6.076927016279297e-09,-0.9912057945250824
RG,38.887428271459505,6.055829749589732e-09,-0.9932493109767602
RG,38.88935542538265,6.034813615302794e-09,-0.9952624673784974
RG,38.891282579305795,6.01387830134213e-09,-0.9972453980977907
RG,38.893209733228936,5.9930234968299555e-09,-0.9991982380678742
RG,38.89513688715208,5.972248892081291e-09,-1.001121122770268
RG,38.897064041075225,5.951554178598974e-09,-1.0030141882174342
RG,38.898991194998366,5.930939049068611e-09,-1.0048775709356137
RG,38.900918348921515,5.910403197365352e-09,-1.0067114079488917
RG,38.902845502844656,5.8899463185743675e-09,-1.0085158367642773
RG,38.904772656767804,5.869568108925818e-09,-1.0102909953506056
RG,38.906699810690945,5.849268265817811e-09,-1.0120370221242356
RG,38.90862696461409,5.829046487813547e-09,-1.0137540559331026
RG,38.910554118537235,5.8089024746369695e-09,-1.0154422360406354
RG,38.91248127246038,5.788835927167329e-09,-1.0171017021099655
RG,38.914408426383524,5.768846547434999e-09,-1.018732594188218
RG,38.916335580306665,5.748934038616336e-09,-1.0203350526910802
RG,38.91826273422981,5.729098105029267e-09,-1.0219092183874898
RG,38.920189888152954,5.709338452129007e-09,-1.0234552323845056
RG,38.9221170420761,5.689654786503116e-09,-1.0249732361124144
RG,38.924044195999244,5.670046815867655e-09,-1.0264633713099292
RG,38.92597134992239,5.650514249062296e-09,-1.0279257800096542
RG,38.92789850384553,5.631056796046607e-09,-1.0293606045236368
RG,38.92982565776868,5.611674167895229e-09,-1.0307679874291775
RG,38.93175281169182,5.59236607679423e-09,-1.032148071554728
RG,38.93367996561497,5.573132236036376e-09,-1.0335009999660432
RG,38.93560711953811,5.553972360017528e-09,-1.0348269159524184
RG,38.93753427346125,5.534886164232029e-09,-1.0361259630131725
RG,38.9394614273844,5.5158733652687835e-09,-1.0373982848442431
RG,38.94138858130754,5.496933680807376e-09,-1.0386440253249514
RG,38.94331573523069,5.4780668296134614e-09,-1.0398633285049732
RG,38.94524288915383,5.459272531535227e-09,-1.0410563385914038
RG,38.94717004307698,5.440550507498742e-09,-1.0422231999360563
RG,38.94909719700012,5.4219004795043754e-09,-1.0433640570228457
RG,38.95102435092327,5.40332217062213e-09,-1.0444790544554012
RG,38.95295150484641,5.384815304988046e-09,-1.0455683369447648
RG,38.95487865876956,5.366379607799493e-09,-1.0466320492973131
RG,38.9568058126927,5.348014805311521e-09,-1.0476703364027637
RG,38.95873296661585,5.329720624832117e-09,-1.0486833432223996
RG,38.96066012053899,5.311496794718485e-09,-1.049671214777379
RG,38.96258727446214,5.2933430443722635e-09,-1.050634096137256
RG,38.96451442838528,5.275259104235727e-09,-1.0515721324085885
RG,38.96644158230842,5.257244705787002e-09,-1.0524854687237455
RG,38.96836873623157,5.239299581535855e-09,-1.0533742502298231
RG,38.97029589015471,5.221423465019501e-09,-1.054238622077704
RG,38.97222304407786,5.203616090797654e-09,-1.0550787294112915
RG,38.974150198001,5.185877194448569e-09,-1.0558947173568338
RG,38.97607735192415,5.1682065125639686e-09,-1.0566867310124382
RG,38.97800450584729,5.1506037827449615e-09,-1.0574549154376711
RG,38.979931659770436,5.133068743603974e-09,-1.058199415644054
RG,38.98185881369358,5.1156011347991115e-09,-1.0589203765888158
RG,38.983785967616726,5.098200696963908e-09,-1.0596179431584647
RG,38.98571312153987,5.080867171724728e-09,-1.0602922601611044
RG,38.98764027546301,5.063600301703032e-09,-1.0609434723175182
RG,38.989567429386156,5.0463998305113446e-09,-1.061571724251665
RG,38.9914945833093,5.029265502749267e-09,-1.0621771604813208
RG,38.993421737232445,5.012197063998962e-09,-1.0627599254088853
RG,38.99534889115559,4.995194260821626e-09,-1.0633201633122928
RG,38.997276045078735,4.9782568407530505e-09,-1.0638580183360988
RG,38.999203199001876,4.9613845523002204e-09,-1.06437363448267
RG,39.001130352925024,4.94457714493699e-09,-1.0648671556035427
RG,39.003057506848165,4.927834369100802e-09,-1.0653387253908848
RG,39.00498466077131,4.911155976188459e-09,-1.06578848736912
RG,39.006911814694455,4.894541718552927e-09,-1.0662165848866558
RG,39.0088389686176,4.8779913494992055e-09,-1.066623161107769
RG,39.010766122540744,4.861504623281189e-09,-1.0670083590045938
RG,39.012693276463885,4.845081295097674e-09,-1.0673723213492599
RG,39.01462043038703,4.828721121088979e-09,-1.0677151907061422
RG,39.016547584310175,4.812423858333599e-09,-1.068037109424235
RG,39.01847473823332,4.796189264844257e-09,-1.0683382196296611
RG,39.020401892156464,4.7800170995649e-09,-1.0686186632182864
RG,39.02232904607961,4.763907122366726e-09,-1.0688785818484692
RG,39.02425620000275,4.7478590940451825e-09,-1.0691181169339148
RG,39.0261833539259,4.731872776316007e-09,-1.0693374096366595
RG,39.02811050784904,4.715947931812231e-09,-1.0695366008601581
RG,39.03003766177219,4.700084324080217e-09,-1.0697158312424981
RG,39.03196481569533,4.684281717576656e-09,-1.0698752411497137
RG,39.03389196961848,4.668539877664585e-09,-1.070014970669223
RG,39.03581912354162,4.652858570610347e-09,-1.0701351596033652
RG,39.03774627746476,4.637237563579664e-09,-1.0702359474630532
RG,39.03967343138791,4.621676624634265e-09,-1.0703174734615293
RG,39.04160058531105,4.6061755227284745e-09,-1.0703798765082257
RG,39.0435277392342,4.590734027705241e-09,-1.070423295202733
RG,39.04545489315734,4.575351910292975e-09,-1.0704478678288665
RG,39.04738204708049,4.560028942101427e-09,-1.0704537323488363
RG,39.04930920100363,4.5447648956184986e-09,-1.070441026397517
RG,39.05123635492678,4.529559544206056e-09,-1.0704098872768135
RG,39.05316350884992,4.514412662096646e-09,-1.0703604519501255
RG,39.05509066277307,4.499324024389274e-09,-1.070292857036906
RG,39.05701781669621,4.484293407046041e-09,-1.0702072388073145
RG,39.05894497061935,4.4693205868878835e-09,-1.0701037331769612
RG,39.0608721245425,4.454405341590855e-09,-1.0699824757017422
RG,39.06279927846564,4.439547449682378e-09,-1.0698436015727675
RG,39.06472643238879,4.424746690547199e-09,-1.069687245612646
RG,39.06665358631193,4.4100028444586695e-09,-1.0695135422749524
RG,39.06858074023508,4.3953156925054164e-09,-1.0693226256309865
RG,39.07050789415822,4.380685016615038e-09,-1.069114629368387
RG,39.07243504808137,4.366110599555044e-09,-1.068889686787189
RG,39.07436220200451,4.351592224929724e-09,-1.0686479307953762
RG,39.076289355927656,4.337129677176211e-09,-1.0683894939045195
RG,39.0782165098508,4.322722741561453e-09,-1.0681145082255226
RG,39.080143663773946,4.308371204178393e-09,-1.0678231054644503
RG,39.08207081769709,4.294074851943057e-09,-1.0675154169184629
RG,39.083997971620235,4.279833472590838e-09,-1.0671915734718285
RG,39.085925125543376,4.265646854673647e-09,-1.0668517055920423
RG,39.08785227946652,4.251514787556378e-09,-1.0664959433260204
RG,39.089779433389666,4.2374370614138555e-09,-1.0661244162963903
RG,39.09170658731281,4.223413467227897e-09,-1.0657372536978738
RG,39.093633741235955,4.209443796783832e-09,-1.0653345842937392
RG,39.095560895159096,4.19552784266786e-09,-1.0649165364123612
RG,39.097488049082244,4.181665398263598e-09,-1.06448323794384
RG,39.099415203005385,4.167856257749478e-09,-1.0640348163367288
RG,39.101342356928534,4.154100216095344e-09,-1.0635713985948154
RG,39.103269510851675,4.140397069059885e-09,-1.0630931112740125
RG,39.10519666477482,4.126746613187284e-09,-1.0626000804792988
RG,39.107123818697964,4.113148645804666e-09,-1.0620924318617648
RG,39.109050972621105,4.099602965018817e-09,-1.0615702906157112
RG,39.11097812654425,4.086109369713411e-09,-1.0610337814758373
RG,39.112905280467395,4.072667659546232e-09,-1.0604830287145066
RG,39.11483243439054,4.059277634945916e-09,-1.0599181561390656
RG,39.116759588313684,4.045939097109425e-09,-1.059339287089263
RG,39.11868674223683,4.032651847998734e-09,-1.0587465444347075
RG,39.12061389615997,4.019415690338286e-09,-1.0581400505724292
RG,39.12254105008312,4.0062304276116944e-09,-1.0575199274244738
RG,39.12446820400626,3.993095864059161e-09,-1.0568862964356003
RG,39.12639535792941,3.980011804674148e-09,-1.0562392785710069
RG,39.12832251185255,3.9669780552008e-09,-1.0555789943141596
RG,39.1302496657757,3.953994422130564e-09,-1.0549055636646463
RG,39.13217681969884,3.941060712699571e-09,-1.0542191061361315
RG,39.13410397362198,3.928176734885304e-09,-1.053519740754336
RG,39.13603112754513,3.915342297403654e-09,-1.052807586055099
RG,39.13795828146827,3.902557209706047e-09,-1.0520827600825025
RG,39.13988543539142,3.889821281975979e-09,-1.0513453803870243
RG,39.14181258931456,3.8771343251262914e-09,-1.0505955640237883
RG,39.14373974323771,3.8644961507956634e-09,-1.0498334275508263
RG,39.14566689716085,3.851906571345782e-09,-1.0490590870274377
RG,39.147594051084,3.8393653998578e-09,-1.0482726580125572
RG,39.14952120500714,3.826872450129433e-09,-1.0474742555632193
RG,39.15144835893029,3.8144275366713485e-09,-1.0466639942330274
RG,39.15337551285343,3.802030474704212e-09,-1.0458419880707173
RG,39.15530266677658,3.7896810801672674e-09,-1.0450083506204721
RG,39.15722982069972,3.777379169745643e-09,-1.0441631949250114
RG,39.15915697462286,3.765124560798725e-09,-1.0433066335146488
RG,39.16108412854601,3.7529170713860465e-09,-1.0424387784101141
RG,39.16301128246915,3.740756520268241e-09,-1.041559741121978
RG,39.1649384363923,3.728642726903764e-09,-1.040669632649563
RG,39.16686559031544,3.7165755114463543e-09,-1.0397685634799616
RG,39.16879274423859,3.704554694741791e-09,-1.0388566435870557
RG,39.17071989816173,3.692580098325425e-09,-1.0379339824306453
RG,39.172647052084876,3.680651544419041e-09,-1.0370006889555787
RG,39.17457420600802,3.6687688559284485e-09,-1.0360568715909901
RG,39.176501359931166,3.6569318564404153e-09,-1.0351026382495332
RG,39.17842851385431,3.645140370220338e-09,-1.0341380963267255
RG,39.18035566777745,3.633394222209277e-09,-1.0331633527002881
RG,39.182282821700596,3.621693238021451e-09,-1.0321785137295718
RG,39.18420997562374,3.6100372439417987e-09,-1.0311836852550345
RG,39.186137129546886,3.5984260669230726e-09,-1.0301789725977273
RG,39.18806428347003,3.5868595345836484e-09,-1.0291644805588862
RG,39.189991437393175,3.5753374752046538e-09,-1.0281403134195108
RG,39.191918591316316,3.5638597177277995e-09,-1.0271065749400468
RG,39.193845745239464,3.5524260917525398e-09,-1.0260633683600555
RG,39.195772899162606,3.541036427533947e-09,-1.0250107963979878
RG,39.197700053085754,3.5296905559799043e-09,-1.0239489612509391
RG,39.199627207008895,3.518388308648982e-09,-1.0228779645945107
RG,39.20155436093204,3.5071295177476852e-09,-1.0217979075826493
RG,39.203481514855184,3.495914016128323e-09,-1.0207088908475892
RG,39.20540866877833,3.4847416372862735e-09,-1.0196110144997734
RG,39.207335822701474,3.4736122153578772e-09,-1.0185043781278773
RG,39.209262976624615,3.462525585117729e-09,-1.0173890807988082
RG,39.21119013054776,3.4514815819763886e-09,-1.0162652210577858
RG,39.213117284470904,3.440480041978074e-09,-1.0151328969284579
RG,39.21504443839405,3.4295208017979604e-09,-1.0139922059130104
RG,39.21697159231719,3.4186036987400675e-09,-1.0128432449923757
RG,39.21889874624034,3.4077285707345134e-09,-1.011686110626407
RG,39.22082590016348,3.3968952563353886e-09,-1.0105208987541547
RG,39.22275305408663,3.3861035947179874e-09,-1.0093477047941064
RG,39.22468020800977,3.37535342567667e-09,-1.0081666236445272
RG,39.22660736193292,3.364644589622075e-09,-1.0069777496837617
RG,39.22853451585606,3.3539769275789443e-09,-1.0057811767706353
RG,39.2304616697792,3.343350281183353e-09,-1.00457699824482
RG,39.23238882370235,3.332764492680316e-09,-1.003365306927271
RG,39.23431597762549,3.3222194049213656e-09,-1.0021461951206911
RG,39.23624313154864,3.3117148613617424e-09,-1.0009197546099782
RG,39.23817028547178,3.301250706058119e-09,-0.9996860766627643
RG,39.24009743939493,3.2908267836657233e-09,-0.9984452520299082
RG,39.24202459331807,3.280442939436012e-09,-0.9971973709460841
RG,39.24395174724122,3.2700990192137523e-09,-0.9959425231303206
RG,39.24587890116436,3.2597948694346543e-09,-0.9946807977866363
RG,39.24780605508751,3.2495303371223957e-09,-0.9934122836046215
RG,39.24973320901065,3.2393052698862125e-09,-0.9921370687601161
RG,39.2516603629338,3.2291195159212498e-09,-0.9908552409163491
RG,39.25358751685694,3.2189729240458453e-09,-0.9895668872308263
RG,39.25551467078008,3.2088653436409176e-09,-0.9882720943473192
RG,39.25744182470323,3.198796624657059e-09,-0.9869709483979763
RG,39.25936897862637,3.1887666176231132e-09,-0.9856635350058114
RG,39.26129613254952,3.1787751736434897e-09,-0.9843499392855249
RG,39.26322328647266,3.168822144396075e-09,-0.983030245844423
RG,39.26515044039581,3.1589073821295816e-09,-0.9817045387832872
RG,39.26707759431895,3.1490307396615076e-09,-0.9803729016973481
RG,39.2690047482421,3.1391920703755442e-09,-0.9790354176772059
RG,39.27093190216524,3.129391228219602e-09,-0.9776921693098558
RG,39.272859056088386,3.119628067703262e-09,-0.9763432386796582
RG,39.27478621001153,3.1099024438958473e-09,-0.9749887073694135
RG,39.276713363934675,3.1002142124239303e-09,-0.97362865646138
RG,39.278640517857816,3.090563229469454e-09,-0.9722631665383957
RG,39.28056767178096,3.0809493517673127e-09,-0.9708923176849478
RG,39.282494825704106,3.071372436603324e-09,-0.9695161894883131
RG,39.28442197962725,3.0618323418122262e-09,-0.9681348610397226
RG,39.286349133550395,3.052328925775321e-09,-0.9667484109354947
RG,39.288276287473536,3.0428620474186723e-09,-0.965356917278266
RG,39.290203441396685,3.0334315662107606e-09,-0.9639604576781611
RG,39.292130595319826,3.024037342160705e-09,-0.962559109254063
RG,39.294057749242974,3.0146792358159378e-09,-0.9611529486348216
RG,39.295984903166115,3.0053571082604605e-09,-0.9597420519605623
RG,39.29791205708926,2.9960708211125305e-09,-0.9583264948839305
RG,39.299839211012404,2.9868202365229397e-09,-0.9569063525714372
RG,39.301766364935546,2.9776052171727614e-09,-0.9554816997047425
RG,39.303693518858694,2.968425626271461e-09,-0.9540526104820091
RG,39.305620672781835,2.959281327554998e-09,-0.9526191586192709
RG,39.30754782670498,2.95017218528361e-09,-0.9511814173517662
RG,39.309474980628124,2.941098064240089e-09,-0.9497394594353628
RG,39.31140213455127,2.9320588297275415e-09,-0.9482933571479149
RG,39.313329288474414,2.923054347567664e-09,-0.9468431822907185
RG,39.31525644239756,2.9140844840985096e-09,-0.9453890061898952
RG,39.3171835963207,2.905149106172755e-09,-0.9439308996978735
RG,39.31911075024385,2.8962480811554625e-09,-0.9424689331947989
RG,39.32103790416699,2.8873812769223582e-09,-0.9410031765900402
RG,39.32296505809014,2.87854856185757e-09,-0.9395336993236223
RG,39.32489221201328,2.869749804851899e-09,-0.9380605703677557
RG,39.32681936593643,2.8609848753005574e-09,-0.9365838582282903
RG,39.32874651985957,2.852253643101415e-09,-0.9351036309462658
RG,39.33067367378271,2.8435559786527572e-09,-0.9336199560993903
RG,39.33260082770586,2.8348917528513586e-09,-0.9321329008035822
RG,39.334527981629,2.826260837090539e-09,-0.9306425317145204
RG,39.33645513555215,2.817663103257899e-09,-0.9291489150291481
RG,39.33838228947529,2.8090984237335104e-09,-0.927652116487266
RG,39.34030944339844,2.8005666713876027e-09,-0.926152201373045
RG,39.34223659732158,2.7920677195787207e-09,-0.9246492345166328
RG,39.34416375124473,2.783601442151384e-09,-0.9231432802956786
RG,39.34609090516787,2.7751677134342256e-09,-0.9216344026369514
RG,39.34801805909102,2.7667664082376196e-09,-0.920122665017875
RG,39.34994521301416,2.758397401851779e-09,-0.9186081304681558
RG,39.3518723669373,2.7500605700443854e-09,-0.9170908615713312
RG,39.35379952086045,2.7417557890585034e-09,-0.9155709204663773
RG,39.35572667478359,2.7334829356167693e-09,-0.9140483688502652
RG,39.35765382870674,2.7252418869499637e-09,-0.9125232679843082
RG,39.35958098262988,2.717032520738252e-09,-0.9109956786873453
RG,39.36150813655303,2.708854715127381e-09,-0.909465661339977
RG,39.36343529047617,2.70070834873262e-09,-0.907933275887125
RG,39.36536244439932,2.6925933006365816e-09,-0.906398581839673
RG,39.36728959832246,2.6845094503875586e-09,-0.9048616382762047
RG,39.369216752245606,2.676456677997386e-09,-0.903322503844659
RG,39.37114390616875,2.6684348639398065e-09,-0.9017812367640847
RG,39.37307106009189,2.6604438891484036e-09,-0.9002378948263163
RG,39.37499821401504,2.6524836350148687e-09,-0.8986925353977143
RG,39.376925367938185,2.644553983387226e-09,-0.8971452154209064
RG,39.378852521861326,2.6366548165679817e-09,-0.8955959914165128
RG,39.38077967578447,2.6287860173122756e-09,-0.8940449194848775
RG,39.382706829707615,2.6209474688261755e-09,-0.8924920553078294
RG,39.384633983630756,2.613139054765007e-09,-0.8909374541504534
RG,39.386561137553905,2.6053606592314117e-09,-0.8893811708628118
RG,39.388488291477046,2.597612166773847e-09,-0.8878232598817549
RG,39.390415445400194,2.58989346238465e-09,-0.8862637752326473
RG,39.392342599323335,2.582204431498568e-09,-0.8847027705311888
RG,39.39426975324648,2.5745449599908293e-09,-0.883140298985149
RG,39.396196907169625,2.566914934175702e-09,-0.8815764133961981
RG,39.39812406109277,2.5593142408045926e-09,-0.8800111661616493
RG,39.400051215015914,2.551742767064623e-09,-0.8784446092762984
RG,39.401978368939055,2.544200400576768e-09,-0.8768767943341788
RG,39.4039055228622,2.536687029394316e-09,-0.8753077725303784
RG,39.405832676785344,2.529202542001302e-09,-0.8737375946628603
RG,39.40775983070849,2.5217468273106965e-09,-0.8721663111342267
RG,39.409686984631634,2.5143197746629996e-09,-0.8705939719535745
RG,39.41161413855478,2.506921273824402e-09,-0.8690206267382576
RG,39.41354129247792,2.4995512149854034e-09,-0.8674463247157476
RG,39.41546844640107,2.4922094887589727e-09,-0.8658711147253997
RG,39.41739560032421,2.4848959861791763e-09,-0.8642950452203164
RG,39.41932275424736,2.4776105986993444e-09,-0.862718164269117
RG,39.4212499081705,2.470353218190697e-09,-0.8611405195578028
RG,39.42317706209364,2.46312373694056e-09,-0.8595621583915354
RG,39.42510421601679,2.455922047650837e-09,-0.8579831276964727
RG,39.42703136993993,2.448748043436504e-09,-0.8564034740216072
RG,39.42895852386308,2.4416016178238207e-09,-0.8548232435405444
RG,39.43088567778622,2.4344826647489406e-09,-0.8532424820533691
RG,39.43281283170937,2.4273910785561067e-09,-0.8516612349884174
RG,39.43473998563251,2.4203267539962517e-09,-0.8500795474041427
RG,39.43666713955566,2.4132895862251858e-09,-0.8484974639908855
RG,39.4385942934788,2.4062794708022e-09,-0.8469150290727369
RG,39.44052144740195,2.3992963036882414e-09,-0.8453322866093058
RG,39.44244860132509,2.3923399812444952e-09,-0.8437492801975794
RG,39.44437575524823,2.385410400230598e-09,-0.842166053073693
RG,39.44630290917138,2.3785074578030746e-09,-0.8405826481147559
RG,39.44823006309453,2.3716310515137533e-09,-0.8389991078406697
RG,39.45015721701767,2.364781079308081e-09,-0.8374154744159199
RG,39.45208437094081,2.357957439523415e-09,-0.835831789651365
RG,39.45401152486396,2.3511600308874245e-09,-0.8342480950060449
RG,39.4559386787871,2.344388752516496e-09,-0.832664431588993
RG,39.45786583271025,2.3376435039138916e-09,-0.8310808401609843
RG,39.45979298663339,2.3309241849682515e-09,-0.8294973611363686
RG,39.46172014055654,2.3242306959517203e-09,-0.827914034584806
RG,39.46364729447968,2.3175629375184287e-09,-0.8263309002330894
RG,39.465574448402826,2.310920810702642e-09,-0.824747997466878
RG,39.46750160232597,2.3043042169401962e-09,-0.8231653653354497
RG,39.469428756249116,2.2977130580488272e-09,-0.8215830425513467
RG,39.47135591017226,2.291147236208951e-09,-0.8200010674898269
RG,39.4732830640954,2.2846066539776595e-09,-0.8184194781925491
RG,39.475210218018546,2.2780912142872678e-09,-0.8168383123693882
RG,39.47713737194169,2.271600820443873e-09,-0.8152576074002467
RG,39.479064525864835,2.2651353761256734e-09,-0.813677400336807
RG,39.48099167978798,2.258694785381679e-09,-0.8120977279043682
RG,39.482918833711125,2.252278952630038e-09,-0.8105186265035879
RG,39.484845987634266,2.2458877826567615e-09,-0.808940132212314
RG,39.486773141557414,2.239521180614083e-09,-0.807362280787322
RG,39.488700295480555,2.233179052019198e-09,-0.8057851076661418
RG,39.4906274494037,2.2268613027526535e-09,-0.8042086479687894
RG,39.492554603326845,2.220567839057105e-09,-0.8026329364995887
RG,39.494481757249986,2.2142985675357505e-09,-0.801058007748903
RG,39.496408911173134,2.2080533951509956e-09,-0.7994838958949224
RG,39.49833606509628,2.2018322292231143e-09,-0.7979106348054417
RG,39.50026321901942,2.1956349774288133e-09,-0.7963382580396119
RG,39.502190372942565,2.189461547799822e-09,-0.7947667988496895
RG,39.50411752686571,2.1833118487215735e-09,-0.7931962901828046
RG,39.506044680788854,2.1771857889319134e-09,-0.7916267646827321
RG,39.507971834712,2.171083277519598e-09,-0.7900582546916011
RG,39.50989898863514,2.165004223923134e-09,-0.7884907922516877
RG,39.51182614255829,2.1589485379292654e-09,-0.7869244091071125
RG,39.51375329648143,2.1529161296718314e-09,-0.7853591367056252
RG,39.51568045040458,2.1469069096302578e-09,-0.783795006200294
RG,39.51760760432772,2.1409207886284354e-09,-0.7822320484512839
RG,39.51953475825087,2.1349576778332246e-09,-0.7806702940275376
RG,39.52146191217401,2.1290174887533366e-09,-0.7791097732085455
RG,39.52338906609715,2.1231001332378734e-09,-0.7775505159860243
RG,39.5253162200203,2.1172055234751142e-09,-0.7759925520656499
RG,39.52724337394344,2.111333571991279e-09,-0.7744359108687848
RG,39.52917052786659,2.1054841916490978e-09,-0.7728806215341452
RG,39.53109768178973,2.099657295646704e-09,-0.7713267129195474
RG,39.53302483571288,2.093852797516179e-09,-0.7697742136035607
RG,39.53495198963602,2.0880706111224512e-09,-0.7682231518872445
RG,39.53687914355917,2.0823106506618522e-09,-0.7666735557957912
RG,39.53880629748231,2.076572830661014e-09,-0.7651254530802543
RG,39.54073345140546,2.0708570659754297e-09,-0.7635788712191807
RG,39.5426606053286,2.0651632717883577e-09,-0.7620338374203297
RG,39.54458775925174,2.059491363609403e-09,-0.7604903786223005
RG,39.54651491317489,2.053841257273314e-09,-0.7589485214962121
RG,39.54844206709803,2.048212868938782e-09,-0.7574082924473773
RG,39.55036922102118,2.0426061150870235e-09,-0.755869717616915
RG,39.55229637494432,2.037020912520685e-09,-0.7543328228834424
RG,39.55422352886747,2.031457178362402e-09,-0.7527976338646695
RG,39.55615068279061,2.0259148300537067e-09,-0.7512641759190806
RG,39.55807783671376,2.0203937853535793e-09,-0.7497324741475176
RG,39.5600049906369,2.014893962337351e-09,-0.7482025533948495
RG,39.561932144560046,2.0094152793952623e-09,-0.7466744382515444
RG,39.56385929848319,2.003957655231348e-09,-0.7451481530553263
RG,39.56578645240633,1.998521008862021e-09,-0.7436237218927415
RG,39.56771360632948,1.993105259614843e-09,-0.7421011686007745
RG,39.569640760252625,1.987710327127289e-09,-0.7405805167684525
RG,39.571567914175766,1.9823361313454113e-09,-0.7390617897384207
RG,39.57349506809891,1.9769825925225076e-09,-0.7375450106085117
RG,39.575422222022056,1.9716496312178697e-09,-0.7360302022333298
RG,39.5773493759452,1.966337168295537e-09,-0.7345173872258355
RG,39.579276529868345,1.961045124922851e-09,-0.733006587958866
RG,39.581203683791486,1.9557734225693062e-09,-0.7314978265667342
RG,39.583130837714634,1.950521983005805e-09,-0.72999112494678
RG,39.585057991637775,1.9452907283227397e-09,-0.7284865047623291
RG,39.586985145560924,1.940079580904329e-09,-0.7269839874426391
RG,39.588912299484065,1.93488846342635e-09,-0.7254835941842676
RG,39.59083945340721,1.929717298862201e-09,-0.7239853459530489
RG,39.592766607330354,1.924566010481863e-09,-0.7224892634856747
RG,39.594693761253495,1.9194345218505984e-09,-0.7209953672911851
RG,39.59662091517664,1.9143227568278248e-09,-0.7195036776525083
RG,39.598548069099785,1.9092306395660193e-09,-0.7180142146279951
RG,39.60047522302293,1.904158094509423e-09,-0.7165269980528912
RG,39.602402376946074,1.89910504639305e-09,-0.7150420475408868
RG,39.60432953086922,1.8940714202413944e-09,-0.7135593824855722
RG,39.60625668479236,1.889057141367449e-09,-0.7120790220619736
RG,39.60818383871551,1.884062135371428e-09,-0.7106009852279976
RG,39.61011099263865,1.879086328139801e-09,-0.709125290725955
RG,39.6120381465618,1.87412964584403e-09,-0.7076519570839919
RG,39.61396530048494,1.8691920149396152e-09,-0.7061810026176021
RG,39.61589245440808,1.8642733621648635e-09,-0.7047124454310517
RG,39.61781960833123,1.8593736145398572e-09,-0.7032463034188516
RG,39.61974676225438,1.8544926993654012e-09,-0.7017825942672186
RG,39.62167391617752,1.8496305442219064e-09,-0.7003213354555087
RG,39.62360107010066,1.844787076968282e-09,-0.6988625442576447
RG,39.62552822402381,1.8399622257409007e-09,-0.6974062377435586
RG,39.62745537794695,1.8351559189525926e-09,-0.6959524327806339
RG,39.6293825318701,1.8303680852914604e-09,-0.6945011460350875
RG,39.63130968579324,1.825598653719967e-09,-0.6930523939734259
RG,39.63323683971639,1.8208475534737529e-09,-0.6916061928638105
RG,39.63516399363953,1.8161147140607272e-09,-0.6901625587775013
RG,39.63709114756268,1.811400065259895e-09,-0.6887215075902094
RG,39.63901830148582,1.8067035371204573e-09,-0.687283054983529
RG,39.64094545540897,1.802025059960645e-09,-0.6858472164462776
RG,39.64287260933211,1.7973645643668344e-09,-0.6844140072759152
RG,39.64479976325525,1.7927219811924008e-09,-0.6829834425798781
RG,39.6467269171784,1.7880972415567493e-09,-0.6815555372769596
RG,39.64865407110154,1.7834902768443562e-09,-0.680130306098684
RG,39.65058122502469,1.7789010187036354e-09,-0.6787077635906216
RG,39.65250837894783,1.7743293990460656e-09,-0.6772879241137779
RG,39.65443553287098,1.7697753500450491e-09,-0.6758708018458911
RG,39.65636268679412,1.7652388041350414e-09,-0.6744564107828078
RG,39.658289840717266,1.7607196940104193e-09,-0.6730447647397693
RG,39.66021699464041,1.7562179526246126e-09,-0.6716358773527745
RG,39.662144148563556,1.7517335131889786e-09,-0.6702297620798546
RG,39.6640713024867,1.7472663091719351e-09,-0.668826432202423
RG,39.66599845640984,1.742816274297857e-09,-0.6674259008265429
RG,39.667925610332986,1.7383833425461284e-09,-0.6660281808842393
RG,39.66985276425613,1.7339674481502074e-09,-0.6646332851348064
RG,39.671779918179276,1.7295685255965203e-09,-0.6632412261660551
RG,39.67370707210242,1.7251865096236033e-09,-0.6618520163956336
RG,39.675634226025565,1.7208213352209893e-09,-0.6604656680722585
RG,39.677561379948706,1.7164729376283448e-09,-0.659082193277022
RG,39.679488533871854,1.7121412523343618e-09,-0.6577016039246114
RG,39.681415687794996,1.7078262150758974e-09,-0.6563239117646039
RG,39.683342841718144,1.70352776183686e-09,-0.6549491283826736
RG,39.685269995641285,1.6992458288473541e-09,-0.6535772652018736
RG,39.687197149564426,1.6949803525825772e-09,-0.652208333483837
RG,39.689124303487574,1.690731269761893e-09,-0.6508423443300203
RG,39.69105145741072,1.6864985173478653e-09,-0.6494793086829376
RG,39.692978611333864,1.6822820325452451e-09,-0.6481192373273668
RG,39.694905765257005,1.6780817527999472e-09,-0.6467621408915513
RG,39.69683291918015,1.6738976157981015e-09,-0.6454080298484143
RG,39.698760073103294,1.6697295594650984e-09,-0.6440569145167723
RG,39.70068722702644,1.665577521964496e-09,-0.6427088050624928
RG,39.70261438094958,1.6614414416971513e-09,-0.6413637114997205
RG,39.70454153487273,1.6573212573000962e-09,-0.6400216436920172
RG,39.70646868879587,1.6532169076480926e-09,-0.6386826113534665
RG,39.70839584271902,1.64912833186269e-09,-0.637346624049419
RG,39.71032299664216,1.6450554692912956e-09,-0.6360136911986306
RG,39.71225015056531,1.6409982595129578e-09,-0.6346838220739691
RG,39.71417730448845,1.6369566423393146e-09,-0.6333570258035206
RG,39.71610445841159,1.6329305578135839e-09,-0.6320333113717033
RG,39.71803161233474,1.6289199462096959e-09,-0.630712687620423
RG,39.71995876625788,1.624924748031432e-09,-0.629395163250222
RG,39.72188592018103,1.620944904011429e-09,-0.6280807468213736
RG,39.72381307410417,1.6169803551103961e-09,-0.6267694467550416
RG,39.72574022802732,1.6130310425161147e-09,-0.6254612713343575
RG,39.72766738195046,1.6090969076426654e-09,-0.6241562287055668
RG,39.72959453587361,1.6051778921294401e-09,-0.6228543268790939
RG,39.73152168979675,1.6012739378403732e-09,-0.6215555737306759
RG,39.7334488437199,1.5973849868629684e-09,-0.6202599770024141
RG,39.73537599764304,1.5935109815075342e-09,-0.6189675443038954
RG,39.73730315156618,1.589651864306234e-09,-0.6176782831132367
RG,39.73923030548933,1.5858075780122665e-09,-0.6163922007781695
RG,39.74115745941247,1.5819780655990557e-09,-0.6151093045171198
RG,39.74308461333562,1.5781632702593087e-09,-0.6138296014202328
RG,39.74501176725876,1.5743631354042735e-09,-0.6125530984504641
RG,39.74693892118191,1.5705776046627992e-09,-0.611279802444588
RG,39.74886607510505,1.5668066218806023e-09,-0.610009720114276
RG,39.7507932290282,1.5630501311193282e-09,-0.6087428580470935
RG,39.75272038295134,1.55930807665583e-09,-0.6074792227075663
RG,39.75464753687449,1.5555804029812357e-09,-0.6062188204381653
RG,39.75657469079763,1.5518670548002356e-09,-0.6049616574603612
RG,39.758501844720776,1.548167977030156e-09,-0.6037077398755978
RG,39.76042899864392,1.5444831148002532e-09,-0.6024570736663339
RG,39.762356152567065,1.5408124134507952e-09,-0.6012096646970067
RG,39.764283306490206,1.5371558185323588e-09,-0.5999655187150607
RG,39.76621046041335,1.5335132758049363e-09,-0.5987246413519045
RG,39.768137614336496,1.5298847312371715e-09,-0.5974870381239065
RG,39.77006476825964,1.526270131005598e-09,-0.5962527144333841
RG,39.771991922182785,1.5226694214937585e-09,-0.5950216755695442
RG,39.773919076105926,1.5190825492915118e-09,-0.5937939267094834
RG,39.775846230029074,1.5155094611941408e-09,-0.5925694729191121
RG,39.777773383952216,1.5119501042016664e-09,-0.5913483191541448
RG,39.779700537875364,1.5084044255179621e-09,-0.5901304702610123
RG,39.781627691798505,1.5048723725500791e-09,-0.5889159309778417
RG,39.78355484572165,1.5013538929073512e-09,-0.5877047059353571
RG,39.785481999644794,1.497848934400733e-09,-0.5864967996578487
RG,39.787409153567936,1.4943574450419274e-09,-0.5852922165640687
RG,39.789336307491084,1.4908793730426546e-09,-0.5840909609681655
RG,39.791263461414225,1.4874146668139156e-09,-0.582893037080614
RG,39.79319061533737,1.4839632749651388e-09,-0.5816984490090961
RG,39.795117769260514,1.4805251463035072e-09,-0.5805072007594408
RG,39.79704492318366,1.4771002298330993e-09,-0.5793192962364914
RG,39.798972077106804,1.4736884747542197e-09,-0.5781347392450346
RG,39.80089923102995,1.4702898304625397e-09,-0.5769535334906568
RG,39.80282638495309,1.466904246548437e-09,-0.5757756825806645
RG,39.80475353887624,1.463531672796133e-09,-0.5746011900249293
RG,39.80668069279938,1.4601720591830361e-09,-0.5734300592367982
RG,39.80860784672252,1.456825355878899e-09,-0.5722622935339338
RG,39.81053500064567,1.4534915132451007e-09,-0.571097896139192
RG,39.81246215456882,1.450170481833911e-09,-0.569936870181492
RG,39.81438930849196,1.4468622123877185e-09,-0.5687792186966619
RG,39.8163164624151,1.4435666558382513e-09,-0.5676249446282825
RG,39.81824361633825,1.440283763305847e-09,-0.5664740508285402
RG,39.82017077026139,1.4370134860987408e-09,-0.5653265400590819
RG,39.82209792418454,1.43375577571223e-09,-0.5641824149918209
RG,39.82402507810768,1.4305105838280163e-09,-0.5630416782098028
RG,39.82595223203083,1.4272778623133682e-09,-0.5619043322079986
RG,39.82787938595397,1.4240575632204594e-09,-0.5607703793941606
RG,39.82980653987712,1.4208496387855295e-09,-0.5596398220896063
RG,39.83173369380026,1.4176540414282286e-09,-0.5585126625300652
RG,39.83366084772341,1.414470723751723e-09,-0.5573889028662047
RG,39.83558800164655,1.4112996385479327e-09,-0.5562685451629742
RG,39.83751515556969,1.408140738786305e-09,-0.5551515914031419
RG,39.83944230949284,1.4049939776160194e-09,-0.5540380434872498
RG,39.84136946341598,1.401859308366552e-09,-0.55292790323408
RG,39.84329661733913,1.3987366845468885e-09,-0.5518211723814058
RG,39.84522377126227,1.3956260598449228e-09,-0.5507178525867978
RG,39.84715092518542,1.3925273881266701e-09,-0.5496179454283612
RG,39.84907807910856,1.3894406234356655e-09,-0.5485214524055306
RG,39.85100523303171,1.3863657199921848e-09,-0.5474283749397965
RG,39.85293238695485,1.3833026321926512e-09,-0.5463387143754893
RG,39.854859540877996,1.3802513146088635e-09,-0.5452524719804959
RG,39.85678669480114,1.377211721987406e-09,-0.5441696489470326
RG,39.85871384872428,1.3741838092488963e-09,-0.5430902463923553
RG,39.86064100264743,1.3711675314873424e-09,-0.5420142653595025
RG,39.86256815657057,1.3681628439695113e-09,-0.5409417068180347
RG,39.864495310493716,1.3651697021341823e-09,-0.5398725716647278
RG,39.86642246441686,1.3621880615915725e-09,-0.538806860724322
RG,39.868349618340005,1.3592178781225852e-09,-0.5377445747502013
RG,39.870276772263146,1.356259107678248e-09,-0.5366857144251322
RG,39.872203926186295,1.3533117063789595e-09,-0.5356302803619344
RG,39.874131080109436,1.3503756305139333e-09,-0.5345782731042079
RG,39.876058234032584,1.3474508365404579e-09,-0.5335296931269957
RG,39.877985387955725,1.3445372810833385e-09,-0.5324845408375007
RG,39.87991254187887,1.3416349209341668e-09,-0.5314428165757383
RG,39.881839695802014,1.3387437130507642e-09,-0.5304045206152449
RG,39.88376684972516,1.33586361455646e-09,-0.52936965316372
RG,39.885694003648304,1.3329945827395425e-09,-0.5283382143637262
RG,39.887621157571445,1.3301365750525484e-09,-0.527310204293326
RG,39.88954831149459,1.3272895491116648e-09,-0.5262856229667526
RG,39.891475465417734,1.3244534626961357e-09,-0.5252644703350767
RG,39.89340261934088,1.3216282737475588e-09,-0.5242467462868301
RG,39.895329773264024,1.3188139403693511e-09,-0.5232324506486821
RG,39.89725692718717,1.3160104208260404e-09,-0.5222215831860512
RG,39.89918408111031,1.3132176735427336e-09,-0.5212141436037718
RG,39.90111123503346,1.3104356571044147e-09,-0.5202101315466986
RG,39.9030383889566,1.3076643302554194e-09,-0.5192095466003634
RG,39.90496554287975,1.3049036518987348e-09,-0.5182123882915715
RG,39.90689269680289,1.3021535810954772e-09,-0.5172186560890503
RG,39.90881985072603,1.2994140770642104e-09,-0.5162283494040406
RG,39.91074700464918,1.2966850991803745e-09,-0.5152414675909194
RG,39.91267415857232,1.293966606975712e-09,-0.5142580099478183
RG,39.91460131249547,1.2912585601375948e-09,-0.5132779757172029
RG,39.91652846641861,1.2885609185085114e-09,-0.5123013640865007
RG,39.91845562034176,1.2858736420853826e-09,-0.5113281741886688
RG,39.9203827742649,1.2831966910190522e-09,-0.5103584051028149
RG,39.92230992818805,1.280530025613615e-09,-0.5093920558547562
RG,39.92423708211119,1.2778736063258978e-09,-0.5084291254176329
RG,39.92616423603434,1.2752273937648012e-09,-0.5074696127124596
RG,39.92809138995748,1.2725913486907839e-09,-0.5065135166087315
RG,39.93001854388062,1.269965432015209e-09,-0.5055608359249715
RG,39.93194569780377,1.2673496047997929e-09,-0.5046115694293113
RG,39.93387285172692,1.264743828256039e-09,-0.5036657158400636
RG,39.93580000565006,1.262148063744638e-09,-0.5027232738262771
RG,39.9377271595732,1.2595622727748708e-09,-0.5017842420082885
RG,39.93965431349635,1.2569864170040471e-09,-0.5008486189582845
RG,39.94158146741949,1.2544204582369616e-09,-0.49991640320086356
RG,39.94350862134264,1.2518643584252492e-09,-0.49898759321356023
RG,39.94543577526578,1.2493180796668901e-09,-0.49806218742741704
RG,39.94736292918893,1.2467815842055584e-09,-0.49714018422749895
RG,39.94929008311207,1.2442548344301303e-09,-0.49622158195345833
RG,39.951217237035216,1.2417377928740392e-09,-0.4953063789000428
RG,39.95314439095836,1.2392304222147776e-09,-0.49439457331765385
RG,39.955071544881505,1.236732685273263e-09,-0.49348616341284823
RG,39.95699869880465,1.2342445450133405e-09,-0.4925811473488899
RG,39.95892585272779,1.2317659645411541e-09,-0.49167952324624886
RG,39.960853006650936,1.229296907104613e-09,-0.49078128918313
RG,39.96278016057408,1.226837336092855e-09,-0.48988644319599933
RG,39.964707314497225,1.2243872150357899e-09,-0.4889949832799521
RG,39.96663446842037,1.2219465076064907e-09,-0.4881069073872443
RG,39.968561622343515,1.219515177616555e-09,-0.4872222134306697
RG,39.970488776266656,1.2170931890158876e-09,-0.4863408992838153
RG,39.972415930189804,1.2146805058930325e-09,-0.48546296278084866
RG,39.974343084112945,1.212277092474704e-09,-0.48458840171703155
RG,39.97627023803609,1.2098829131251854e-09,-0.48371721384917915
RG,39.978197391959235,1.2074979323458674e-09,-0.4828493968961657
RG,39.980124545882376,1.205122114774657e-09,-0.48198494853937873
RG,39.982051699805524,1.2027554251854784e-09,-0.4811238664232016
RG,39.983978853728665,1.2003978284877711e-09,-0.4802661481554914
RG,39.98590600765181,1.1980492897259103e-09,-0.47941179130802203
RG,39.987833161574954,1.195709774078752e-09,-0.47856079341697066
RG,39.9897603154981,1.193379246859049e-09,-0.47771315198335007
RG,39.991687469421244,1.1910576735129996e-09,-0.4768688644734874
RG,39.99361462334439,1.1887450196196675e-09,-0.4760279283194496
RG,39.99554177726753,1.1864412508905392e-09,-0.4751903409195144
RG,39.99746893119068,1.1841463331689412e-09,-0.47435609963858866
RG,39.99939608511382,1.181860232429605e-09,-0.47352520180867247
RG,40.00132323903697,1.17958291477809e-09,-0.47269764472926995
RG,40.00325039296011,1.1773143464503505e-09,-0.47187342566784657
RG,40.00517754688326,1.1750544938121637e-09,-0.47105254186023304
RG,40.0071047008064,1.1728033233586972e-09,-0.47023499051107537
RG,40.00903185472954,1.170560801713955e-09,-0.46942076879423544
RG,40.01095900865269,1.1683268956303066e-09,-0.46860987385321884
RG,40.01288616257583,1.1661015719880158e-09,-0.467802302801599
RG,40.01481331649898,1.1638847977946926e-09,-0.46699805272340833
RG,40.01674047042212,1.1616765401848709e-09,-0.46619712067357066
RG,40.01866762434527,1.1594767664194516e-09,-0.4653995036782832
RG,40.02059477826841,1.1572854438852851e-09,-0.4646051987354422
RG,40.02252193219156,1.155102540094621e-09,-0.46381420281501873
RG,40.0244490861147,1.1529280226846915e-09,-0.46302651285947805
RG,40.02637624003785,1.1507618594171663e-09,-0.4622421257841491
RG,40.02830339396099,1.148604018177737e-09,-0.46146103847763764
RG,40.03023054788413,1.1464544669755886e-09,-0.46068324780219283
RG,40.03215770180728,1.1443131739429452e-09,-0.45990875059409964
RG,40.03408485573042,1.142180107334623e-09,-0.4591375436640683
RG,40.03601200965357,1.1400552355275037e-09,-0.4583696237975921
RG,40.03793916357671,1.1379385270201265e-09,-0.4576049877553454
RG,40.03986631749986,1.1358299504321611e-09,-0.45684363227353303
RG,40.041793471423,1.1337294745040014e-09,-0.45608555406428203
RG,40.04372062534615,1.131637068096243e-09,-0.455330749815986
RG,40.04564777926929,1.129552700189279e-09,-0.45457921619369096
RG,40.047574933192436,1.127476339882781e-09,-0.45383094983943445
RG,40.04950208711558,1.1254079563952988e-09,-0.45308594737262575
RG,40.05142924103872,1.1233475190637525e-09,-0.4523442053903824
RG,40.05335639496187,1.1212949973429986e-09,-0.4516057204678916
RG,40.055283548885015,1.1192503608053912e-09,-0.45087048915876604
RG,40.057210702808156,1.1172135791403159e-09,-0.4501385079953865
RG,40.0591378567313,1.115184622153721e-09,-0.44940977348924166
RG,40.061065010654445,1.113163459767686e-09,-0.4486842821312764
RG,40.06299216457759,1.1111500620199962e-09,-0.4479620303922408
RG,40.064919318500735,1.1091443990636457e-09,-0.4472430147230087
RG,40.066846472423876,1.1071464411664466e-09,-0.4465272315549351
RG,40.068773626347024,1.105156158710536e-09,-0.44581467730016844
RG,40.070700780270165,1.1031735221919852e-09,-0.44510534835200194
RG,40.072627934193314,1.1011985022203056e-09,-0.44439924108518214
RG,40.074555088116455,1.0992310695180663e-09,-0.44369635185625556
RG,40.0764822420396,1.0972711949204007e-09,-0.4429966770038725
RG,40.078409395962744,1.0953188493746264e-09,-0.4423002128491296
RG,40.080336549885885,1.0933740039397613e-09,-0.44160695569587166
RG,40.08226370380903,1.0914366297861153e-09,-0.44091690183101706
RG,40.084190857732175,1.0895066981948724e-09,-0.4402300475248814
RG,40.08611801165532,1.0875841805576195e-09,-0.4395463890314727
RG,40.088045165578464,1.085669048375967e-09,-0.43886592258882384
RG,40.08997231950161,1.0837612732610695e-09,-0.43818864441928157
RG,40.09189947342475,1.081860826933252e-09,-0.4375145507298346
RG,40.0938266273479,1.0799676812215323e-09,-0.4368436377123991
RG,40.09575378127104,1.0780818080632476e-09,-0.4361759015441424
RG,40.09768093519419,1.0762031795035837e-09,-0.4355113383877654
RG,40.09960808911733,1.0743317676952016e-09,-0.4348499443918225
RG,40.10153524304047,1.0724675448984456e-09,-0.434191715689741
RG,40.10346239696362,1.070610483480795e-09,-0.43353664840050615
RG,40.10538955088676,1.0687605559152987e-09,-0.43288473863110505
RG,40.10731670480991,1.0669177347808416e-09,-0.4322359824753768
RG,40.10924385873305,1.0650819927617941e-09,-0.4315903760143064
RG,40.1111710126562,1.063253302647554e-09,-0.4309479153162845
RG,40.11309816657934,1.061431637332195e-09,-0.43030859643740405
RG,40.11502532050249,1.059616969814009e-09,-0.42967241542171475
RG,40.11695247442563,1.0578092731951633e-09,-0.42903936830151423
RG,40.11887962834878,1.0560085206812428e-09,-0.4284094510975981
RG,40.12080678227192,1.0542146855809057e-09,-0.4277826598195451
RG,40.12273393619506,1.0524277413054448e-09,-0.4271589904659654
RG,40.12466109011821,1.0506476613684053e-09,-0.42653843902476873
RG,40.12658824404136,1.0488744193852116e-09,-0.4259210014734287
RG,40.1285153979645,1.0471079890727564e-09,-0.42530667377923437
RG,40.13044255188764,1.045348344249001e-09,-0.4246954518995408
RG,40.13236970581079,1.043595458832597e-09,-0.424087331782025
RG,40.13429685973393,1.0418493068425196e-09,-0.4234823093649431
RG,40.13622401365708,1.040109862397635e-09,-0.42288038057736127
RG,40.13815116758022,1.038377099716368e-09,-0.42228154133941925
RG,40.14007832150337,1.0366509931162694e-09,-0.4216857875625552
RG,40.14200547542651,1.0349315170136822e-09,-0.4210931151497638
RG,40.143932629349656,1.0332186459233132e-09,-0.4205035199958174
RG,40.1458597832728,1.0315123544579038e-09,-0.41991699798751936
RG,40.147786937195946,1.029812617327804e-09,-0.4193335450039208
RG,40.14971409111909,1.0281194093406436e-09,-0.4187531569165697
RG,40.15164124504223,1.0264327054009194e-09,-0.4181758295897257
RG,40.153568398965376,1.024752480509635e-09,-0.41760155888059397
RG,40.15549555288852,1.0230787097639532e-09,-0.41703034063955724
RG,40.157422706811666,1.021411368356782e-09,-0.4164621707103846
RG,40.15934986073481,1.0197504315764513e-09,-0.4158970449304697
RG,40.161277014657955,1.0180958748063036e-09,-0.4153349591310336
RG,40.163204168581096,1.0164476735243704e-09,-0.4147759091373588
RG,40.165131322504244,1.0148058033029653e-09,-0.41421989076898846
RG,40.167058476427385,1.0131702398083654e-09,-0.4136668998399565
RG,40.168985630350534,1.0115409588004036e-09,-0.4131169321589827
RG,40.170912784273675,1.009917936132158e-09,-0.41256998352969926
RG,40.172839938196816,1.0083011477495487e-09,-0.4120260497508442
RG,40.174767092119964,1.0066905696909995e-09,-0.41148512661647424
RG,40.17669424604311,1.005086178087096e-09,-0.41094720991617256
RG,40.178621399966254,1.0034879491602169e-09,-0.4104122954352477
RG,40.180548553889395,1.0018958592241697e-09,-0.4098803789549306
RG,40.18247570781254,1.0003098846838508e-09,-0.4093514562525775
RG,40.184402861735684,9.987300020349149e-10,-0.4088255231018733
RG,40.18633001565883,9.971561878633816e-10,-0.40830257527301383
RG,40.18825716958197,9.955884188453368e-10,-0.40778260853291515
RG,40.19018432350512,9.940266717465385e-10,-0.40726561864539085
RG,40.19211147742826,9.92470923422119e-10,-0.40675160137135824
RG,40.19403863135141,9.909211508161955e-10,-0.40624055246901236
RG,40.19596578527455,9.893773309615715e-10,-0.40573246769402876
RG,40.1978929391977,9.878394409793526e-10,-0.4052273427997349
RG,40.19982009312084,9.86307458078651e-10,-0.40472517353730947
RG,40.20174724704398,9.847813595562067e-10,-0.40422595565595293
RG,40.20367440096713,9.832611227960682e-10,-0.40372968490307465
RG,40.20560155489027,9.817467252692721e-10,-0.40323635702447874
RG,40.20752870881342,9.802381445334716e-10,-0.4027459677645302
RG,40.20945586273656,9.787353582326441e-10,-0.40225851286634695
RG,40.21138301665971,9.772383440967184e-10,-0.4017739880719617
RG,40.21331017058285,9.757470799412837e-10,-0.4012923891225109
RG,40.215237324506,9.742615436672192e-10,-0.40081371175839436
RG,40.21716447842914,9.727817132604085e-10,-0.4003379517194612
RG,40.21909163235229,9.71307566791367e-10,-0.3998651047451671
RG,40.22101878627543,9.698390824149613e-10,-0.39939516657475804
RG,40.22294594019857,9.68376238370044e-10,-0.3989281329474264
RG,40.22487309412172,9.669190129791484e-10,-0.3984639996024838
RG,40.22680024804486,9.654673846481809e-10,-0.3980027622795322
RG,40.22872740196801,9.640213318660606e-10,-0.397544416718617
RG,40.23065455589115,9.625808332044451e-10,-0.39708895866040494
RG,40.2325817098143,9.611458673173651e-10,-0.39663638384633276
RG,40.23450886373744,9.59716412940951e-10,-0.396186688018783
RG,40.23643601766059,9.582924488930727e-10,-0.39573986692123114
RG,40.23836317158373,9.56873954073066e-10,-0.39529591629841854
RG,40.24029032550688,9.554609074613772e-10,-0.39485483189649806
RG,40.24221747943002,9.540532881193472e-10,-0.39441660946257223
RG,40.24414463335316,9.526510751889667e-10,-0.39398124474398144
RG,40.24607178727631,9.512542478923243e-10,-0.39354873349125935
RG,40.247998941199455,9.498627855314052e-10,-0.3931190714569514
RG,40.249926095122596,9.484766674877835e-10,-0.3926922543956532
RG,40.25185324904574,9.470958732223048e-10,-0.39226827806415215
RG,40.253780402968886,9.457203822747963e-10,-0.3918471382215742
RG,40.25570755689203,9.443501742637735e-10,-0.39142883062952966
RG,40.257634710815175,9.429852288861055e-10,-0.3910133510522429
RG,40.259561864738316,9.416255259167552e-10,-0.3906006952567031
RG,40.261489018661464,9.402710452084372e-10,-0.3901908590127891
RG,40.263416172584606,9.3892176669136e-10,-0.38978383809341693
RG,40.265343326507754,9.375776703728886e-10,-0.3893796282746619
RG,40.267270480430895,9.362387363372856e-10,-0.38897822533590315
RG,40.26919763435404,9.349049447453803e-10,-0.38857962505994287
RG,40.271124788277184,9.33576275834309e-10,-0.3881838232331476
RG,40.273051942200325,9.322527099171902e-10,-0.3877908156455662
RG,40.274979096123474,9.309342273828455e-10,-0.3874005980910613
RG,40.276906250046615,9.296208086955249e-10,-0.3870131663674386
RG,40.27883340396976,9.283124343945801e-10,-0.386628516276561
RG,40.280760557892904,9.270090850942172e-10,-0.3862466436244827
RG,40.28268771181605,9.25710741483167e-10,-0.3858675442215592
RG,40.284614865739194,9.244173843244395e-10,-0.3854912138825783
RG,40.28654201966234,9.231289944549982e-10,-0.3851176484268677
RG,40.28846917358548,9.218455527855132e-10,-0.38474684367842327
RG,40.29039632750863,9.205670403000425e-10,-0.38437879546601433
RG,40.29232348143177,9.192934380557835e-10,-0.3840134996233091
RG,40.29425063535491,9.180247271827608e-10,-0.38365095198897886
RG,40.29617778927806,9.167608888835601e-10,-0.38329114840681416
RG,40.29810494320121,9.155019044330567e-10,-0.3829340847258386
RG,40.30003209712435,9.142477551781295e-10,-0.382579756800416
RG,40.30195925104749,9.129984225373748e-10,-0.3822281604903564
RG,40.30388640497064,9.117538880008371e-10,-0.3818792916610262
RG,40.30581355889378,9.105141331297516e-10,-0.38153314618345824
RG,40.30774071281693,9.09279139556235e-10,-0.3811897199344481
RG,40.30966786674007,9.080488889830493e-10,-0.38084900879666833
RG,40.31159502066322,9.068233631832961e-10,-0.3805110086587612
RG,40.31352217458636,9.056025440001803e-10,-0.3801757154154506
RG,40.31544932850951,9.043864133467038e-10,-0.37984312496763295
RG,40.31737648243265,9.031749532054343e-10,-0.3795132332224866
RG,40.3193036363558,9.019681456282005e-10,-0.3791860360935608
RG,40.32123079027894,9.00765972735862e-10,-0.37886152950088303
RG,40.32315794420208,8.99568416718012e-10,-0.3785397093710472
RG,40.32508509812523,8.983754598327276e-10,-0.37822057163731276
RG,40.32701225204837,8.971870844063164e-10,-0.3779041122397031
RG,40.32893940597152,8.960032728330276e-10,-0.37759032712509066
RG,40.33086655989466,8.948240075748209e-10,-0.3772792122472993
RG,40.33279371381781,8.93649271161076e-10,-0.37697076356718673
RG,40.33472086774095,8.92479046188364e-10,-0.3766649770527444
RG,40.3366480216641,8.913133153201569e-10,-0.37636184867917855
RG,40.33857517558724,8.901520612866033e-10,-0.37606137442900833
RG,40.340502329510386,8.889952668842375e-10,-0.3757635502921449
RG,40.34242948343353,8.878429149757616e-10,-0.375468372265988
RG,40.34435663735667,8.86694988489756e-10,-0.37517583635550433
RG,40.34628379127982,8.855514704204437e-10,-0.37488593857331687
RG,40.34821094520296,8.844123438274474e-10,-0.37459867493979293
RG,40.350138099126106,8.832775918355105e-10,-0.3743140414831208
RG,40.35206525304925,8.821471976342798e-10,-0.3740320342394015
RG,40.353992406972395,8.810211444780228e-10,-0.3737526492527231
RG,40.355919560895536,8.798994156854103e-10,-0.3734758825752508
RG,40.357846714818685,8.78781994639241e-10,-0.3732017302672997
RG,40.359773868741826,8.776688647862233e-10,-0.3729301883974238
RG,40.361701022664974,8.765600096366989e-10,-0.3726612530424872
RG,40.363628176588115,8.754554127644302e-10,-0.37239492028775134
RG,40.365555330511256,8.743550578063294e-10,-0.3721311862269466
RG,40.367482484434404,8.732589284622285e-10,-0.3718700469623527
RG,40.36940963835755,8.721670084946426e-10,-0.37161149860487813
RG,40.371336792280694,8.710792817285247e-10,-0.3713555372741345
RG,40.373263946203835,8.699957320510156e-10,-0.37110215909851046
RG,40.37519110012698,8.689163434112153e-10,-0.37085136021524945
RG,40.377118254050124,8.678410998199543e-10,-0.37060313677052664
RG,40.37904540797327,8.667699853495317e-10,-0.3703574849195172
RG,40.380972561896414,8.657029841335086e-10,-0.37011440082647706
RG,40.38289971581956,8.646400803664434e-10,-0.36987388066480903
RG,40.3848268697427,8.635812583036875e-10,-0.36963592061714245
RG,40.38675402366585,8.625265022611205e-10,-0.36940051687539865
RG,40.38868117758899,8.61475796614952e-10,-0.3691676656408694
RG,40.39060833151214,8.604291258014436e-10,-0.3689373631242149
RG,40.39253548543528,8.59386474316469e-10,-0.3687096055440547
RG,40.39446263935842,8.583478267156184e-10,-0.3684843891290912
RG,40.39638979328157,8.573131676139583e-10,-0.36826171011814074
RG,40.39831694720471,8.562824816857147e-10,-0.3680415647596294
RG,40.40024410112786,8.552557536640165e-10,-0.3678239493116504
RG,40.402171255051,8.542329683407036e-10,-0.36760886004203314
RG,40.40409840897415,8.532141105660696e-10,-0.36739629322839756
RG,40.40602556289729,8.521991652486683e-10,-0.36718624515822146
RG,40.40795271682044,8.511881173550621e-10,-0.3669787121288936
RG,40.40987987074358,8.501809519096256e-10,-0.3667736904477787
RG,40.41180702466673,8.491776539942982e-10,-0.36657117643226916
RG,40.41373417858987,8.481782087483881e-10,-0.36637116640984846
RG,40.41566133251301,8.471826013683314e-10,-0.366173656718142
RG,40.41758848643616,8.461908171074797e-10,-0.3659786437049748
RG,40.4195156403593,8.452028412758937e-10,-0.36578612372842845
RG,40.42144279428245,8.442186592401013e-10,-0.36559609315688996
RG,40.42336994820559,8.43238256422907e-10,-0.3654085483691105
RG,40.42529710212874,8.422616183031487e-10,-0.3652234857542522
RG,40.42722425605188,8.412887304155096e-10,-0.36504090171194503
RG,40.42915140997503,8.403195783502775e-10,-0.36486079265233246
RG,40.43107856389817,8.393541477531554e-10,-0.36468315499612686
RG,40.43300571782132,8.383924243250237e-10,-0.3645079851746534
RG,40.43493287174446,8.374343938217539e-10,-0.36433527962990403
RG,40.436860025667606,8.364800420539706e-10,-0.36416503481458024
RG,40.43878717959075,8.355293548868676e-10,-0.3639972471921453
RG,40.440714333513895,8.345823182399691e-10,-0.3638319132368658
RG,40.44264148743704,8.336389180869521e-10,-0.36366902943386253
RG,40.44456864136018,8.326991404554096e-10,-0.3635085922791511
RG,40.446495795283326,8.317629714266559e-10,-0.3633505982796886
RG,40.44842294920647,8.308303971355288e-10,-0.3631950439534189
RG,40.450350103129615,8.299014037701619e-10,-0.36304192582931194
RG,40.45227725705276,8.289759775718024e-10,-0.362891240447411
RG,40.454204410975905,8.280541048345839e-10,-0.3627429843588697
RG,40.456131564899046,8.271357719053487e-10,-0.36259715412599824
RG,40.458058718822194,8.262209651834143e-10,-0.36245374632229943
RG,40.459985872745335,8.253096711204048e-10,-0.36231275753251324
RG,40.46191302666848,8.244018762200164e-10,-0.36217418435265203
RG,40.463840180591625,8.234975670378479e-10,-0.3620380233900437
RG,40.465767334514766,8.225967301811753e-10,-0.3619042712633665
RG,40.467694488437914,8.216993523087642e-10,-0.36177292460268823
RG,40.469621642361055,8.208054201306795e-10,-0.36164398004950526
RG,40.4715487962842,8.199149204080682e-10,-0.3615174342567756
RG,40.473475950207344,8.190278399529852e-10,-0.36139328388895914
RG,40.47540310413049,8.181441656281747e-10,-0.36127152562204917
RG,40.477330258053634,8.172638843468975e-10,-0.36115215614361185
RG,40.47925741197678,8.16386983072715e-10,-0.3610351721528167
RG,40.48118456589992,8.155134488193171e-10,-0.3609205703604747
RG,40.48311171982307,8.146432686503066e-10,-0.36080834748906826
RG,40.48503887374621,8.13776429679031e-10,-0.360698500272788
RG,40.486966027669354,8.129129190683717e-10,-0.36059102545756244
RG,40.4888931815925,8.120527240305576e-10,-0.3604859198010918
RG,40.49082033551565,8.111958318269874e-10,-0.3603831800728804
RG,40.49274748943879,8.10342229768031e-10,-0.3602828030542673
RG,40.49467464336193,8.094919052128358e-10,-0.3601847855384567
RG,40.49660179728508,8.086448455691443e-10,-0.3600891243305491
RG,40.49852895120822,8.078010382931183e-10,-0.35999581624757293
RG,40.50045610513137,8.069604708891313e-10,-0.3599048581185113
RG,40.50238325905451,8.061231309096057e-10,-0.35981624678433455
RG,40.50431041297766,8.052890059548053e-10,-0.35972997909802645
RG,40.5062375669008,8.044580836726763e-10,-0.35964605192461563
RG,40.50816472082395,8.03630351758638e-10,-0.35956446214120097
RG,40.51009187474709,8.028057979554272e-10,-0.3594852066369825
RG,40.51201902867024,8.019844100528897e-10,-0.35940828231328625
RG,40.51394618259338,8.011661758878263e-10,-0.35933368608359395
RG,40.51587333651652,8.0035108334379e-10,-0.359261414873568
RG,40.51780049043967,7.995391203509151e-10,-0.3591914656210791
RG,40.51972764436281,7.987302748857488e-10,-0.3591238352762333
RG,40.52165479828596,7.979245349710519e-10,-0.3590585208013961
RG,40.5235819522091,7.971218886756454e-10,-0.35899551917122047
RG,40.52550910613225,7.963223241142095e-10,-0.3589348273726703
RG,40.52743626005539,7.955258294471331e-10,-0.3588764424050476
RG,40.52936341397854,7.947323928803136e-10,-0.35882036128001554
RG,40.53129056790168,7.939420026650072e-10,-0.3587665810216252
RG,40.533217721824826,7.931546470976308e-10,-0.35871509866633805
RG,40.53514487574797,7.923703145196124e-10,-0.3586659112630523
RG,40.53707202967111,7.915889933172005e-10,-0.3586190158731252
RG,40.53899918359426,7.908106719212997e-10,-0.3585744095703979
RG,40.5409263375174,7.900353388073073e-10,-0.35853208944121917
RG,40.542853491440546,7.892629824949265e-10,-0.35849205258446826
RG,40.54478064536369,7.884935915480162e-10,-0.3584542961115792
RG,40.546707799286835,7.877271545744022e-10,-0.35841881714656265
RG,40.54863495320998,7.869636602257317e-10,-0.3583856128260304
RG,40.550562107133125,7.862030971972271e-10,-0.3583546802990614
RG,40.552489261056266,7.854454542271351e-10,-0.3583260167260361
RG,40.554416414979414,7.846907200972853e-10,-0.35829961928076265
RG,40.556343568902555,7.839388836327404e-10,-0.35827548514996066
RG,40.558270722825704,7.83189933701505e-10,-0.3582536115329805
RG,40.560197876748845,7.824438592143838e-10,-0.35823399564182223
RG,40.56212503067199,7.817006491247948e-10,-0.3582166347011519
RG,40.564052184595134,7.809602924286273e-10,-0.35820152594831955
RG,40.565979338518275,7.802227781640627e-10,-0.35818866663337484
RG,40.56790649244142,7.79488095411417e-10,-0.3581780540190837
RG,40.569833646364565,7.787562332929908e-10,-0.35816968538094396
RG,40.57176080028771,7.780271809728875e-10,-0.35816355800720057
RG,40.573687954210854,7.773009276568752e-10,-0.3581596691988605
RG,40.575615108134,7.765774625922039e-10,-0.3581580162697075
RG,40.57754226205714,7.758567750674709e-10,-0.35815859654631593
RG,40.57946941598029,7.751388544124371e-10,-0.3581614073680649
RG,40.58139656990343,7.744236899978918e-10,-0.35816644608715126
RG,40.58332372382658,7.737112712354764e-10,-0.358173710068603
RG,40.58525087774972,7.73001587577544e-10,-0.35818319669029164
RG,40.58717803167286,7.722946285169867e-10,-0.3581949033429448
RG,40.58910518559601,7.715903835870889e-10,-0.35820882743015786
RG,40.59103233951915,7.708888423613787e-10,-0.35822496636840573
RG,40.5929594934423,7.701899944534547e-10,-0.35824331758705413
RG,40.59488664736544,7.694938295168527e-10,-0.35826387852837044
RG,40.59681380128859,7.688003372448714e-10,-0.35828664664753435
RG,40.59874095521173,7.681095073704427e-10,-0.3583116194126479
RG,40.60066810913488,7.674213296659532e-10,-0.35833879430474597
RG,40.60259526305802,7.667357939431188e-10,-0.3583681688178051
RG,40.60452241698117,7.660528900528089e-10,-0.35839974045875356
RG,40.60644957090431,7.653726078849178e-10,-0.35843350674747965
RG,40.60837672482745,7.646949373681958e-10,-0.35846946521684114
RG,40.6103038787506,7.640198684701098e-10,-0.3585076134126732
RG,40.61223103267375,7.633473911966951e-10,-0.35854794889379626
RG,40.61415818659689,7.626774955924049e-10,-0.3585904692320243
RG,40.61608534052003,7.620101717399577e-10,-0.35863517201217243
RG,40.61801249444318,7.613454097601927e-10,-0.35868205483206383
RG,40.61993964836632,7.606831998119325e-10,-0.35873111530253654
RG,40.62186680228947,7.600235320918184e-10,-0.35878235104745104
RG,40.62379395621261,7.593663968341846e-10,-0.35883575970369547
RG,40.62572111013576,7.587117843108949e-10,-0.35889133892119324
RG,40.6276482640589,7.580596848312153e-10,-0.3589490863629074
RG,40.629575417982046,7.57410088741652e-10,-0.35900899970484806
RG,40.63150257190519,7.567629864258281e-10,-0.359071076636076
RG,40.633429725828336,7.561183683043199e-10,-0.35913531485870975
RG,40.63535687975148,7.554762248345335e-10,-0.35920171208792884
RG,40.63728403367462,7.548365465105502e-10,-0.3592702660519799
RG,40.639211187597766,7.541993238629853e-10,-0.35934097449218083
RG,40.64113834152091,7.535645474588619e-10,-0.3594138351629242
RG,40.643065495444056,7.529322079014493e-10,-0.3594888458316831
RG,40.6449926493672,7.52302295830146e-10,-0.3595660042790131
RG,40.646919803290345,7.516748019203182e-10,-0.35964530829855784
RG,40.648846957213486,7.510497168831824e-10,-0.3597267556970507
RG,40.650774111136634,7.504270314656489e-10,-0.35981034429432013
RG,40.652701265059775,7.498067364502015e-10,-0.3598960719232904
RG,40.654628418982924,7.491888226547437e-10,-0.3599839364299871
RG,40.656555572906065,7.485732809324806e-10,-0.3600739356735375
RG,40.658482726829206,7.479601021717662e-10,-0.36016606752617514
RG,40.660409880752354,7.473492772959761e-10,-0.3602603298732414
RG,40.662337034675495,7.467407972633784e-10,-0.36035672061318696
RG,40.664264188598644,7.461346530669864e-10,-0.360455237657576
RG,40.666191342521785,7.455308357344389e-10,-0.3605558789310855
RG,40.66811849644493,7.449293363278539e-10,-0.36065864237150996
RG,40.670045650368074,7.443301459437099e-10,-0.36076352592976024
RG,40.67197280429122,7.437332557127001e-10,-0.36087052756986787
RG,40.67389995821436,7.431386567996139e-10,-0.36097964526898363
RG,40.67582711213751,7.425463404031928e-10,-0.3610908770173818
RG,40.67775426606065,7.419562977560162e-10,-0.3612042208184583
RG,40.6796814199838,7.41368520124352e-10,-0.36131967468873494
RG,40.68160857390694,7.407829988080482e-10,-0.361437236657857
RG,40.68353572783009,7.401997251403845e-10,-0.3615569047685975
RG,40.68546288175323,7.396186904879616e-10,-0.3616786770768544
RG,40.68739003567637,7.390398862505594e-10,-0.36180255165165465
RG,40.68931718959952,7.384633038610156e-10,-0.3619285265751531
RG,40.69124434352266,7.378889347851046e-10,-0.3620565999426316
RG,40.69317149744581,7.37316770521399e-10,-0.36218676986250287
RG,40.69509865136895,7.367468026011577e-10,-0.3623190344563068
RG,40.6970258052921,7.36179022588187e-10,-0.3624533918587149
RG,40.69895295921524,7.356134220787303e-10,-0.36258984021752605
RG,40.70088011313839,7.350499927013296e-10,-0.36272837769367117
RG,40.70280726706153,7.344887261167163e-10,-0.36286900246120884
RG,40.70473442098468,7.339296140176733e-10,-0.36301171270732974
RG,40.70666157490782,7.333726481289298e-10,-0.3631565066323523
RG,40.70858872883096,7.328178202070211e-10,-0.36330338244972626
RG,40.71051588275411,7.322651220401775e-10,-0.3634523383860313
RG,40.71244303667725,7.317145454482084e-10,-0.363603372680975
RG,40.7143701906004,7.31166082282365e-10,-0.36375648358739654
RG,40.71629734452354,7.306197244252401e-10,-0.36391166937126246
RG,40.71822449844669,7.300754637906314e-10,-0.36406892831167065
RG,40.72015165236983,7.29533292323436e-10,-0.3642282587008457
RG,40.72207880629298,7.289932019995217e-10,-0.36438965884414326
RG,40.72400596021612,7.284551848253641e-10,-0.36455312705954435
RG,40.725933114139266,7.279192328378691e-10,-0.3647186616775375
RG,40.72786026806241,7.273853381049669e-10,-0.36488626104249383
RG,40.72978742198555,7.268534927250732e-10,-0.36505592351188365
RG,40.7317145759087,7.263236888269683e-10,-0.3652276474562504
RG,40.733641729831845,7.257959185696836e-10,-0.3654014312592064
RG,40.735568883754986,7.252701741423841e-10,-0.3655772733174304
RG,40.73749603767813,7.24746447764246e-10,-0.36575517204066615
RG,40.739423191601276,7.242247316843484e-10,-0.36593512585171717
RG,40.74135034552442,7.237050181815638e-10,-0.366117133186441
RG,40.743277499447565,7.231872995644293e-10,-0.36630119249375037
RG,40.745204653370706,7.226715681710494e-10,-0.3664873022356034
RG,40.747131807293854,7.221578163689673e-10,-0.36667546088700514
RG,40.749058961216996,7.21646036555067e-10,-0.366865666935998
RG,40.750986115140144,7.211362211554456e-10,-0.3670579188836625
RG,40.752913269063285,7.206283626253152e-10,-0.36725221524410745
RG,40.75484042298643,7.201224534488786e-10,-0.36744855454447084
RG,40.756767576909574,7.19618486139231e-10,-0.3676469353249092
RG,40.758694730832715,7.191164532382373e-10,-0.367847356138598
RG,40.760621884755864,7.186163473164242e-10,-0.3680498155517242
RG,40.762549038679005,7.181181609728809e-10,-0.3682543121434791
RG,40.76447619260215,7.176218868351313e-10,-0.36846084450605787
RG,40.766403346525294,7.171275175590431e-10,-0.36866941124464864
RG,40.76833050044844,7.16635045828702e-10,-0.36888001097743267
RG,40.770257654371584,7.161444643563182e-10,-0.3690926423355727
RG,40.77218480829473,7.156557658821051e-10,-0.3693073039632136
RG,40.77411196221787,7.151689431741847e-10,-0.36952399451746976
RG,40.77603911614102,7.146839890284659e-10,-0.3697427126684261
RG,40.77796627006416,7.142008962685531e-10,-0.3699634570991252
RG,40.7798934239873,7.137196577456259e-10,-0.37018622650556676
RG,40.78182057791045,7.132402663383391e-10,-0.37041101959669925
RG,40.78374773183359,7.127627149527215e-10,-0.3706378350944107
RG,40.78567488575674,7.122869965220605e-10,-0.3708666717335283
RG,40.78760203967988,7.118131040068072e-10,-0.3710975282618049
RG,40.78952919360303,7.113410303944625e-10,-0.37133040343991963
RG,40.79145634752617,7.10870768699483e-10,-0.37156529604146377
RG,40.79338350144932,7.10402311963166e-10,-0.3718022048529412
RG,40.79531065537246,7.099356532535589e-10,-0.3720411286737544
RG,40.79723780929561,7.094707856653425e-10,-0.37228206631620453
RG,40.79916496321875,7.090077023197418e-10,-0.3725250166054774
RG,40.8010921171419,7.085463963644114e-10,-0.3727699783796432
RG,40.80301927106504,7.08086860973347e-10,-0.37301695048964256
RG,40.80494642498819,7.076290893467689e-10,-0.373265931799286
RG,40.80687357891133,7.071730747110361e-10,-0.3735169211852397
RG,40.80880073283447,7.06718810318534e-10,-0.37376991753702427
RG,40.81072788675762,7.062662894475778e-10,-0.37402491975700464
RG,40.81265504068076,7.0581550540232e-10,-0.3742819267603795
RG,40.81458219460391,7.053664515126363e-10,-0.3745409374751808
RG,40.81650934852705,7.049191211340426e-10,-0.37480195084225776
RG,40.8184365024502,7.044735076475819e-10,-0.37506496581527743
RG,40.82036365637334,7.04029604459738e-10,-0.37532998136070883
RG,40.82229081029649,7.035874050023274e-10,-0.3755969964578232
RG,40.82421796421963,7.03146902732412e-10,-0.375866010098678
RG,40.826145118142776,7.027080911321902e-10,-0.37613702128811705
RG,40.82807227206592,7.02270963708914e-10,-0.3764100290437547
RG,40.82999942598906,7.01835513994779e-10,-0.3766850323959745
RG,40.831926579912206,7.014017355468361e-10,-0.3769620303879186
RG,40.83385373383535,7.009696219468977e-10,-0.3772410220754762
RG,40.835780887758496,7.005391668014333e-10,-0.3775220065272829
RG,40.83770804168164,7.001103637414873e-10,-0.377804982824704
RG,40.839635195604785,6.996832064225709e-10,-0.37808995006183493
RG,40.841562349527926,6.992576885245819e-10,-0.3783769073454845
RG,40.843489503451075,6.98833803751696e-10,-0.3786658537951751
RG,40.845416657374216,6.984115458322897e-10,-0.378956788543126
RG,40.847343811297364,6.979909085188311e-10,-0.37924971073425356
RG,40.849270965220505,6.975718855878024e-10,-0.37954461952615437
RG,40.851198119143646,6.971544708395954e-10,-0.3798415140891044
RG,40.853125273066794,6.967386580984239e-10,-0.3801403936060476
RG,40.85505242698994,6.96324441212238e-10,-0.38044125727258526
RG,40.856979580913084,6.959118140526263e-10,-0.38074410429696964
RG,40.858906734836225,6.955007705147246e-10,-0.38104893390009814
RG,40.86083388875937,6.95091304517128e-10,-0.38135574531550254
RG,40.862761042682514,6.946834100018042e-10,-0.3816645377893373
RG,40.86468819660566,6.942770809339951e-10,-0.3819753105803791
RG,40.866615350528804,6.938723113021389e-10,-0.3822880629600092
RG,40.86854250445195,6.934690951177685e-10,-0.3826027942122145
RG,40.87046965837509,6.930674264154356e-10,-0.38291950363356964
RG,40.87239681229824,6.92667299252611e-10,-0.38323819053323827
RG,40.87432396622138,6.922687077096073e-10,-0.38355885423295505
RG,40.87625112014453,6.918716458894818e-10,-0.3838814940670268
RG,40.87817827406767,6.914761079179579e-10,-0.3842061093823148
RG,40.88010542799081,6.910820879433316e-10,-0.38453269953823477
RG,40.88203258191396,6.906895801363876e-10,-0.3848612639067448
RG,40.8839597358371,6.902985786903177e-10,-0.38519180187233387
RG,40.88588688976025,6.899090778206248e-10,-0.3855243128320217
RG,40.88781404368339,6.895210717650511e-10,-0.38585879619534097
RG,40.88974119760654,6.891345547834787e-10,-0.38619525138433886
RG,40.89166835152968,6.887495211578595e-10,-0.3865336778335591
RG,40.89359550545283,6.883659651921164e-10,-0.38687407499004367
RG,40.89552265937597,6.879838812120734e-10,-0.38721644231331476
RG,40.89744981329912,6.876032635653592e-10,-0.3875607792753769
RG,40.89937696722226,6.872241066213364e-10,-0.38790708536069857
RG,40.9013041211454,6.868464047710083e-10,-0.3882553600662133
RG,40.90323127506855,6.864701524269399e-10,-0.3886056029013078
RG,40.90515842899169,6.860953440231813e-10,-0.3889578133878104
RG,40.90708558291484,6.857219740151751e-10,-0.3893119910599921
RG,40.90901273683798,6.853500368796873e-10,-0.3896681354645483
RG,40.91093989076113,6.849795271147138e-10,-0.39002624616060183
RG,40.91286704468427,6.846104392392188e-10,-0.39038632271942064
RG,40.91479419860742,6.842427677928765e-10,-0.39074836472417196
RG,40.91672135253056,6.838765073367543e-10,-0.3911123717709431
RG,40.91864850645371,6.83511652452832e-10,-0.3914783434682223
RG,40.92057566037685,6.83148197743911e-10,-0.3918462794368473
RG,40.92250281429999,6.827861378335246e-10,-0.3922161793100056
RG,40.92442996822314,6.8242546736586e-10,-0.39258804273322156
RG,40.926357122146285,6.820661810056859e-10,-0.39296186936434424
RG,40.92828427606943,6.81708273438268e-10,-0.39333765887354133
RG,40.93021142999257,6.813517393692894e-10,-0.3937154109432923
RG,40.932138583915716,6.809965735247744e-10,-0.39409512526837714
RG,40.93406573783886,6.806427706510142e-10,-0.39447680155586234
RG,40.935992891762005,6.802903255144813e-10,-0.394860439525102
RG,40.937920045685146,6.799392329017604e-10,-0.3952460389077173
RG,40.939847199608295,6.795894876194642e-10,-0.39563359944759857
RG,40.941774353531436,6.792410844941619e-10,-0.3960231209008846
RG,40.943701507454584,6.788940183722972e-10,-0.39641460303596526
RG,40.945628661377725,6.785482841201202e-10,-0.3968080456334606
RG,40.94755581530087,6.782038766236013e-10,-0.3972034484862231
RG,40.949482969224015,6.778607907883648e-10,-0.3976008113993171
RG,40.951410123147156,6.775190215396067e-10,-0.39800013419001967
RG,40.953337277070304,6.771785638220216e-10,-0.39840141668780715
RG,40.955264430993445,6.768394125997309e-10,-0.3988046587343414
RG,40.95719158491659,6.765015628562026e-10,-0.399209860183471
RG,40.959118738839734,6.761650095941837e-10,-0.39961702090121026
RG,40.96104589276288,6.758297478356178e-10,-0.4000261407657419
RG,40.962973046686024,6.754957726215803e-10,-0.4004372196673958
RG,40.96490020060917,6.751630790121957e-10,-0.4008502575086521
RG,40.96682735453231,6.748316620865752e-10,-0.40126525420411957
RG,40.96875450845546,6.74501516942731e-10,-0.401682209680539
RG,40.9706816623786,6.741726386975163e-10,-0.4021011238767615
RG,40.972608816301744,6.738450224865427e-10,-0.4025219967437502
RG,40.97453597022489,6.735186634641123e-10,-0.4029448282445665
RG,40.97646312414804,6.731935568031478e-10,-0.40336961835435786
RG,40.97839027807118,6.728696976951203e-10,-0.40379636706035155
RG,40.98031743199432,6.725470813499722e-10,-0.4042250743618489
RG,40.98224458591747,6.722257029960513e-10,-0.40465574027021306
RG,40.98417173984061,6.719055578800418e-10,-0.4050883648088549
RG,40.98609889376376,6.715866412668876e-10,-0.40552294801323524
RG,40.9880260476869,6.712689484397298e-10,-0.40595948993084296
RG,40.98995320161005,6.709524746998267e-10,-0.4063979906211987
RG,40.99188035553319,6.70637215366496e-10,-0.40683845015583303
RG,40.99380750945634,6.70323165777033e-10,-0.4072808686182902
RG,40.99573466337948,6.700103212866528e-10,-0.4077252461041063
RG,40.99766181730263,6.696986772684115e-10,-0.4081715827208131
RG,40.99958897122577,6.693882291131461e-10,-0.4086198785879161
RG,41.00151612514891,6.690789722293997e-10,-0.4090701338368969
RG,41.00344327907206,6.687709020433542e-10,-0.4095223486111996
RG,41.0053704329952,6.684640139987684e-10,-0.40997652306621657
RG,41.00729758691835,6.681583035569006e-10,-0.4104326573692913
RG,41.00922474084149,6.678537661964521e-10,-0.41089075169969613
RG,41.01115189476464,6.67550397413489e-10,-0.4113508062486368
RG,41.01307904868778,6.672481927213856e-10,-0.41181282121923
RG,41.01500620261093,6.669471476507486e-10,-0.4122767968265083
RG,41.01693335653407,6.666472577493598e-10,-0.4127427332973976
RG,41.018860510457216,6.663485185821012e-10,-0.41321063087072185
RG,41.02078766438036,6.66050925730898e-10,-0.41368048979718075
RG,41.0227148183035,6.657544747946441e-10,-0.4141523103393532
RG,41.02464197222665,6.654591613891418e-10,-0.41462609277168294
RG,41.02656912614979,6.651649811470406e-10,-0.41510183738046513
RG,41.028496280072936,6.648719297177613e-10,-0.4155795444638496
RG,41.03042343399608,6.645800027674448e-10,-0.41605921433181825
RG,41.032350587919225,6.642891959788751e-10,-0.4165408473061907
RG,41.03427774184237,6.639995050514264e-10,-0.4170244437206012
RG,41.036204895765515,6.637109257009895e-10,-0.4175100039205047
RG,41.038132049688656,6.634234536599181e-10,-0.41799752826315373
RG,41.040059203611804,6.631370846769555e-10,-0.4184870171176045
RG,41.041986357534945,6.6285181451718e-10,-0.41897847086469375
RG,41.043913511458086,6.625676389619369e-10,-0.41947188989704337
RG,41.045840665381235,6.622845538087771e-10,-0.41996727461904615
RG,41.04776781930438,6.620025548713969e-10,-0.42046462544685415
RG,41.049694973227524,6.617216379795754e-10,-0.42096394280837374
RG,41.051622127150665,6.614417989791093e-10,-0.42146522714326107
RG,41.05354928107381,6.611630337317535e-10,-0.42196847890291034
RG,41.055476434996955,6.608853381151638e-10,-0.4224736985504397
RG,41.0574035889201,6.606087080228281e-10,-0.4229808865606963
RG,41.059330742843244,6.603331393640137e-10,-0.4234900434202333
RG,41.06125789676639,6.600586280636977e-10,-0.42400116962731627
RG,41.06318505068953,6.597851700625174e-10,-0.4245142656919008
RG,41.06511220461268,6.595127613166998e-10,-0.4250293321356391
RG,41.06703935853582,6.592413977980105e-10,-0.4255463694918568
RG,41.06896651245897,6.589710754936859e-10,-0.4260653783055608
RG,41.07089366638211,6.587017904063823e-10,-0.4265863591334153
RG,41.07282082030525,6.584335385541101e-10,-0.427109312543748
RG,41.0747479742284,6.581663159701767e-10,-0.4276342391165363
RG,41.07667512815154,6.579001187031323e-10,-0.4281611394433937
RG,41.07860228207469,6.576349428167031e-10,-0.42869001412757557
RG,41.08052943599783,6.573707843897423e-10,-0.4292208637839563
RG,41.08245658992098,6.571076395161631e-10,-0.42975368903903677
RG,41.08438374384412,6.568455043048909e-10,-0.4302884905309215
RG,41.08631089776727,6.565843748797956e-10,-0.4308252689093266
RG,41.08823805169041,6.563242473796436e-10,-0.4313640248355568
RG,41.09016520561356,6.560651179580327e-10,-0.43190475898251335
RG,41.0920923595367,6.558069827833435e-10,-0.4324474720346714
RG,41.09401951345984,6.555498380386754e-10,-0.432992164688086
RG,41.09594666738299,6.55293679921794e-10,-0.43353883765037926
RG,41.09787382130614,6.550385046450761e-10,-0.43408749164072896
RG,41.09980097522928,6.54784308435453e-10,-0.43463812738986535
RG,41.10172812915242,6.545310875343518e-10,-0.435190745640068
RG,41.10365528307557,6.542788381976438e-10,-0.43574534714515495
RG,41.10558243699871,6.540275566955899e-10,-0.43630193267046946
RG,41.10750959092186,6.537772393127803e-10,-0.43686050299288715
RG,41.109436744845,6.535278823480881e-10,-0.4374210589007931
RG,41.11136389876815,6.532794821146062e-10,-0.437983601194091
RG,41.11329105269129,6.53032034939601e-10,-0.43854813068418036
RG,41.115218206614436,6.527855371644503e-10,-0.43911464819396584
RG,41.11714536053758,6.525399851445987e-10,-0.43968315455783447
RG,41.119072514460726,6.522953752494947e-10,-0.4402536506216652
RG,41.12099966838387,6.52051703862546e-10,-0.44082613724280606
RG,41.12292682230701,6.518089673809185e-10,-0.4414006152899983
RG,41.124853976230156,6.515671622153231e-10,-0.44197708564324883
RG,41.1267811301533,6.513262847905867e-10,-0.4425555491941899
RG,41.128708284076446,6.51086331545288e-10,-0.4431360068459211
RG,41.13063543799959,6.508472989316877e-10,-0.4437184595129722
RG,41.132562591922735,6.506091834156707e-10,-0.44430290812131307
RG,41.134489745845876,6.503719814766988e-10,-0.44488935360833004
RG,41.136416899769024,6.501356896077535e-10,-0.4454777969228359
RG,41.138344053692165,6.499003043152894e-10,-0.446068239025046
RG,41.140271207615314,6.496658221191774e-10,-0.44666068088658867
RG,41.142198361538455,6.494322395526583e-10,-0.44725512349048147
RG,41.144125515461596,6.49199553162287e-10,-0.44785156783113944
RG,41.146052669384744,6.489677595078836e-10,-0.44845001491436226
RG,41.147979823307885,6.487368551624836e-10,-0.44905046575732105
RG,41.14990697723103,6.485068367122836e-10,-0.44965292138856716
RG,41.151834131154175,6.482777007565958e-10,-0.4502573828480084
RG,41.15376128507732,6.480494439077918e-10,-0.45086385118692013
RG,41.155688439000464,6.478220627912586e-10,-0.4514723274679212
RG,41.15761559292361,6.475955540453424e-10,-0.45208281276498574
RG,41.15954274684675,6.473699143213053e-10,-0.4526953081634189
RG,41.1614699007699,6.471451402832688e-10,-0.4533098147598687
RG,41.16339705469304,6.46921228608172e-10,-0.45392633366230184
RG,41.165324208616184,6.466981759857146e-10,-0.4545448659900137
RG,41.16725136253933,6.464759791183128e-10,-0.45516541287361534
RG,41.16917851646248,6.462546347210507e-10,-0.4557879754550232
RG,41.17110567038562,6.460341395216299e-10,-0.4564125548874575
RG,41.17303282430876,6.458144902603203e-10,-0.4570391523354415
RG,41.17495997823191,6.455956836899121e-10,-0.45766776897479056
RG,41.17688713215505,6.453777165756713e-10,-0.4582984059925999
RG,41.1788142860782,6.451605856952861e-10,-0.4589310645872551
RG,41.18074144000134,6.449442878388243e-10,-0.4595657459684077
RG,41.18266859392449,6.447288198086807e-10,-0.4602024513569886
RG,41.18459574784763,6.44514178419536e-10,-0.46084118198518365
RG,41.18652290177078,6.443003604983022e-10,-0.4614819390964468
RG,41.18845005569392,6.440873628840828e-10,-0.4621247239454765
RG,41.19037720961707,6.43875182428119e-10,-0.46276953779822844
RG,41.19230436354021,6.436638159937509e-10,-0.463416381931892
RG,41.19423151746335,6.434532604563623e-10,-0.46406525763490125
RG,41.1961586713865,6.432435127033408e-10,-0.4647161662069228
RG,41.19808582530964,6.430345696340309e-10,-0.4653691089588434
RG,41.20001297923279,6.428264281596835e-10,-0.4660240872127818
RG,41.20194013315593,6.426190852034169e-10,-0.4666811023020642
RG,41.20386728707908,6.424125377001641e-10,-0.46734015557123904
RG,41.20579444100222,6.422067825966344e-10,-0.46800124837605217
RG,41.20772159492537,6.420018168512616e-10,-0.4686643820834619
RG,41.20964874884851,6.417976374341647e-10,-0.4693295580716144
RG,41.211575902771656,6.415942413270963e-10,-0.46999677772985876
RG,41.2135030566948,6.413916255234067e-10,-0.4706660424587223
RG,41.21543021061794,6.411897870279909e-10,-0.47133735366992346
RG,41.21735736454109,6.409887228572469e-10,-0.4720107127863597
RG,41.21928451846423,6.407884300390365e-10,-0.4726861212420955
RG,41.221211672387376,6.405889056126316e-10,-0.4733635804823753
RG,41.22313882631052,6.403901466286813e-10,-0.47404309196359906
RG,41.225065980233666,6.401921501491563e-10,-0.4747246571533379
RG,41.22699313415681,6.399949132473178e-10,-0.47540827753030973
RG,41.228920288079955,6.397984330076625e-10,-0.4760939545843951
RG,41.230847442003096,6.396027065258886e-10,-0.4767816898166127
RG,41.232774595926244,6.394077309088463e-10,-0.4774714847391355
RG,41.234701749849386,6.392135032744987e-10,-0.4781633408752663
RG,41.236628903772534,6.390200207518774e-10,-0.47885725975945403
RG,41.238556057695675,6.388272804810414e-10,-0.4795532429372693
RG,41.24048321161882,6.386352796130312e-10,-0.4802512919654209
RG,41.242410365541964,6.384440153098321e-10,-0.48095140841173123
RG,41.244337519465105,6.382534847443268e-10,-0.4816535938551507
RG,41.246264673388254,6.380636851002557e-10,-0.48235784988574604
RG,41.248191827311395,6.378746135721778e-10,-0.4830641781046887
RG,41.25011898123454,6.376862673654226e-10,-0.4837725801242694
RG,41.252046135157684,6.374986436960567e-10,-0.4844830575678736
RG,41.25397328908083,6.373117397908342e-10,-0.4851956120699988
RG,41.25590044300397,6.371255528871634e-10,-0.4859102452762301
RG,41.25782759692712,6.369400802330599e-10,-0.4866269588432576
RG,41.25975475085026,6.3675531908711e-10,-0.4873457544388518
RG,41.26168190477341,6.365712667184259e-10,-0.4880666337418816
RG,41.26360905869655,6.363879204066106e-10,-0.4887895984422894
RG,41.26553621261969,6.362052774417116e-10,-0.48951465024110685
RG,41.26746336654284,6.36023335124185e-10,-0.49024179085044317
RG,41.26939052046598,6.358420907648556e-10,-0.4909710219934741
RG,41.27131767438913,6.356615416848725e-10,-0.49170234540445756
RG,41.27324482831227,6.354816852156762e-10,-0.49243576282870904
RG,41.27517198223542,6.353025186989517e-10,-0.4931712760226201
RG,41.27709913615856,6.351240394865971e-10,-0.49390888675363376
RG,41.27902629008171,6.349462449406759e-10,-0.49464859680026313
RG,41.28095344400485,6.347691324333859e-10,-0.4953904079520669
RG,41.282880597928,6.345926993470134e-10,-0.49613432200966834
RG,41.28480775185114,6.344169430739009e-10,-0.49688034078473053
RG,41.28673490577428,6.342418610164022e-10,-0.49762846609997285
RG,41.28866205969743,6.34067450586848e-10,-0.49837869978916005
RG,41.29058921362058,6.338937092075075e-10,-0.49913104369709416
RG,41.29251636754372,6.337206343105492e-10,-0.4998854996796172
RG,41.29444352146686,6.335482233380019e-10,-0.5006420696036146
RG,41.29637067539001,6.333764737417174e-10,-0.5014007553470065
RG,41.29829782931315,6.332053829833363e-10,-0.5021615587987378
RG,41.3002249832363,6.330349485342443e-10,-0.5029244818587948
RG,41.30215213715944,6.328651678755406e-10,-0.5036895264381802
RG,41.30407929108259,6.326960384979952e-10,-0.504456694458934
RG,41.30600644500573,6.325275579020178e-10,-0.5052259878541083
RG,41.30793359892888,6.323597235976146e-10,-0.5059974085677875
RG,41.30986075285202,6.321925331043578e-10,-0.5067709585550642
RG,41.311787906775166,6.320259839513419e-10,-0.5075466397820588
RG,41.31371506069831,6.31860073677155e-10,-0.508324454225896
RG,41.31564221462145,6.316947998298351e-10,-0.5091044038747216
RG,41.317569368544596,6.31530159966838e-10,-0.5098864907276925
RG,41.31949652246774,6.313661516550019e-10,-0.5106707167949666
RG,41.321423676390886,6.312027724705072e-10,-0.51145708409772
RG,41.32335083031403,6.310400199988467e-10,-0.5122455946681232
RG,41.325277984237175,6.308778918347833e-10,-0.5130362505493624
RG,41.327205138160316,6.307163855823209e-10,-0.5138290537956136
RG,41.329132292083465,6.305554988546622e-10,-0.5146240064720656
RG,41.331059446006606,6.303952292741814e-10,-0.515421110654894
RG,41.332986599929754,6.302355744723815e-10,-0.5162203684312838
RG,41.334913753852895,6.300765320898655e-10,-0.5170217818994038
RG,41.336840907776036,6.299180997762965e-10,-0.5178253531684266
RG,41.338768061699184,6.29760275190366e-10,-0.5186310843585171
RG,41.340695215622326,6.296030559997601e-10,-0.5194389776008237
RG,41.342622369545474,6.294464398811212e-10,-0.5202490350374969
RG,41.344549523468615,6.292904245200198e-10,-0.5210612588216641
RG,41.34647667739176,6.291350076109124e-10,-0.5218756511174533
RG,41.348403831314904,6.289801868571163e-10,-0.5226922140999667
RG,41.35033098523805,6.288259599707681e-10,-0.5235109499553048
RG,41.352258139161194,6.28672324672796e-10,-0.5243318608805402
RG,41.35418529308434,6.285192786928805e-10,-0.5251549490837417
RG,41.35611244700748,6.283668197694273e-10,-0.5259802167839487
RG,41.35803960093063,6.282149456495276e-10,-0.5268076662111942
RG,41.35996675485377,6.280636540888905e-10,-0.5276372996065707
RG,41.36189390877692,6.279129428516682e-10,-0.5284691192225217
RG,41.36382106270006,6.277628097107335e-10,-0.5293031273221025
RG,41.3657482166232,6.276132524475354e-10,-0.5301393261793129
RG,41.36767537054635,6.274642688520426e-10,-0.5309777180791442
RG,41.36960252446949,6.273158567227129e-10,-0.5318183053175697
RG,41.37152967839264,6.271680138664579e-10,-0.5326610902015653
RG,41.37345683231578,6.270207380986126e-10,-0.5335060750490841
RG,41.37538398623893,6.268740272428997e-10,-0.5343532621890812
RG,41.37731114016207,6.267278791314027e-10,-0.535202653961488
RG,41.37923829408522,6.265822916045265e-10,-0.5360542527172368
RG,41.38116544800836,6.264372625109739e-10,-0.5369080608182359
RG,41.38309260193151,6.262927897077051e-10,-0.5377640806373942
RG,41.38501975585465,6.261488710599113e-10,-0.5386223145585961
RG,41.38694690977779,6.260055044409823e-10,-0.5394827649767231
RG,41.38887406370094,6.25862687732473e-10,-0.5403454342976453
RG,41.39080121762408,6.257204188240743e-10,-0.5412103249382111
RG,41.39272837154723,6.255786956135791e-10,-0.5420774393262701
RG,41.39465552547037,6.254375160068547e-10,-0.5429467799006479
RG,41.39658267939352,6.252968779178085e-10,-0.5438183491111718
RG,41.39850983331666,6.251567792683586e-10,-0.5446921494186457
RG,41.40043698723981,6.250172179884026e-10,-0.5455681832948766
RG,41.40236414116295,6.248781920157873e-10,-0.5464464532226484
RG,41.4042912950861,6.247396992962767e-10,-0.5473269616957499
RG,41.40621844900924,6.246017377835241e-10,-0.5482097112189483
RG,41.40814560293238,6.2446430543904e-10,-0.5490947043080134
RG,41.41007275685553,6.24327400232161e-10,-0.5499819434897086
RG,41.411999910778675,6.241910201400224e-10,-0.5508714313017852
RG,41.41392706470182,6.240551631475269e-10,-0.5517631702929897
RG,41.41585421862496,6.239198272473128e-10,-0.552657163023072
RG,41.417781372548106,6.237850104397265e-10,-0.5535534120627796
RG,41.41970852647125,6.236507107327945e-10,-0.5544519199938491
RG,41.421635680394395,6.235169261421893e-10,-0.5553526894090306
RG,41.423562834317536,6.23383654691203e-10,-0.5562557229120622
RG,41.425489988240685,6.232508944107183e-10,-0.5571610231176984
RG,41.427417142163826,6.231186433391787e-10,-0.5580685926516852
RG,41.429344296086974,6.229868995225572e-10,-0.5589784341507876
RG,41.431271450010115,6.228556610143324e-10,-0.559890550262765
RG,41.43319860393326,6.227249258754541e-10,-0.5608049436463997
RG,41.435125757856405,6.225946921743189e-10,-0.5617216169714717
RG,41.437052911779546,6.22464957986739e-10,-0.562640572918784
RG,41.438980065702694,6.22335721395914e-10,-0.5635618141801547
RG,41.440907219625835,6.22206980492405e-10,-0.5644853434584085
RG,41.44283437354898,6.220787333741026e-10,-0.5654111634674025
RG,41.444761527472124,6.219509781462016e-10,-0.5663392769320015
RG,41.44668868139527,6.218237129211717e-10,-0.5672696865881067
RG,41.448615835318414,6.216969358187291e-10,-0.5682023951826317
RG,41.45054298924156,6.215706449658096e-10,-0.5691374054735309
RG,41.4524701431647,6.214448384965423e-10,-0.5700747202297753
RG,41.45439729708785,6.213195145522168e-10,-0.5710143422313825
RG,41.45632445101099,6.211946712812621e-10,-0.5719562742693908
RG,41.458251604934134,6.210703068392157e-10,-0.5729005191458869
RG,41.46017875885728,6.20946419388695e-10,-0.5738470796739974
RG,41.46210591278042,6.208230070993743e-10,-0.5747959586778817
RG,41.46403306670357,6.207000681479536e-10,-0.5757471589927584
RG,41.46596022062671,6.205776007181356e-10,-0.576700683464881
RG,41.46788737454986,6.204556030005928e-10,-0.5776565349515682
RG,41.469814528473,6.203340731929486e-10,-0.5786147163211787
RG,41.47174168239615,6.202130094997439e-10,-0.5795752304531429
RG,41.47366883631929,6.200924101324135e-10,-0.5805380802379372
RG,41.47559599024244,6.199722733092604e-10,-0.5815032685771158
RG,41.47752314416558,6.198525972554273e-10,-0.5824707983832851
RG,41.47945029808873,6.197333802028711e-10,-0.5834406725801359
RG,41.48137745201187,6.196146203903376e-10,-0.5844128941024177
RG,41.48330460593502,6.194963160633348e-10,-0.585387465895971
RG,41.48523175985816,6.193784654741062e-10,-0.586364390917702
RG,41.4871589137813,6.19261066881607e-10,-0.5873436721356108
RG,41.48908606770445,6.191441185514749e-10,-0.5883253125287848
RG,41.49101322162759,6.190276187560084e-10,-0.5893093150873913
RG,41.49294037555074,6.189115657741379e-10,-0.5902956828127057
RG,41.49486752947388,6.187959578914036e-10,-0.5912844187170878
RG,41.49679468339703,6.186807933999257e-10,-0.5922755258240128
RG,41.49872183732017,6.18566070598384e-10,-0.5932690071680475
RG,41.50064899124332,6.184517877919884e-10,-0.5942648657948824
RG,41.50257614516646,6.183379432924565e-10,-0.5952631047613071
RG,41.504503299089606,6.182245354179876e-10,-0.5962637271352428
RG,41.50643045301275,6.181115624932394e-10,-0.597266735995718
RG,41.50835760693589,6.179990228492999e-10,-0.5982721344328975
RG,41.51028476085904,6.17886914823665e-10,-0.599279925548076
RG,41.51221191478218,6.17775236760215e-10,-0.6002901124536708
RG,41.514139068705326,6.176639870091865e-10,-0.6013026982732527
RG,41.51606622262847,6.175531639271528e-10,-0.6023176861415197
RG,41.517993376551615,6.174427658769933e-10,-0.603335079204332
RG,41.51992053047476,6.17332791227876e-10,-0.6043548806186863
RG,41.521847684397905,6.17223238355228e-10,-0.6053770935527499
RG,41.523774838321046,6.171141056407159e-10,-0.6064017211858357
RG,41.525701992244194,6.170053914722165e-10,-0.6074287667084366
RG,41.527629146167335,6.168970942437988e-10,-0.6084582333222001
RG,41.529556300090476,6.167892123556964e-10,-0.6094901242399594
RG,41.531483454013625,6.166817442142834e-10,-0.6105244426857269
RG,41.53341060793677,6.165746882320547e-10,-0.6115611918946915
RG,41.535337761859914,6.164680428275985e-10,-0.6126003751132305
RG,41.537264915783055,6.163618064255742e-10,-0.6136419955989227
RG,41.5391920697062,6.162559774566897e-10,-0.6146860566205458
RG,41.541119223629345,6.161505543576784e-10,-0.6157325614580693
RG,41.54304637755249,6.160455355712739e-10,-0.6167815134026872
RG,41.544973531475634,6.159409195461897e-10,-0.6178329157567914
RG,41.54690068539878,6.158367047370939e-10,-0.618886771834009
RG,41.54882783932192,6.15732889604588e-10,-0.6199430849591748
RG,41.55075499324507,6.156294726151826e-10,-0.6210018584683695
RG,41.55268214716821,6.15526452241276e-10,-0.6220630957088924
RG,41.55460930109136,6.154238269611314e-10,-0.623126800039299
RG,41.5565364550145,6.153215952588542e-10,-0.6241929748293741
RG,41.55846360893764,6.152197556243677e-10,-0.6252616234601656
RG,41.56039076286079,6.151183065533932e-10,-0.6263327493239775
RG,41.56231791678393,6.150172465474276e-10,-0.6274063558243647
RG,41.56424507070708,6.149165741137198e-10,-0.6284824463761643
RG,41.56617222463022,6.148162877652493e-10,-0.6295610244054719
RG,41.56809937855337,6.147163860207036e-10,-0.630642093349677
RG,41.57002653247651,6.146168674044577e-10,-0.6317256566574383
RG,41.57195368639966,6.145177304465503e-10,-0.6328117177887205
RG,41.5738808403228,6.144189736826636e-10,-0.6339002802147685
RG,41.57580799424595,6.143205956541003e-10,-0.6349913474181456
RG,41.57773514816909,6.142225949077636e-10,-0.6360849228927064
RG,41.57966230209223,6.141249699961336e-10,-0.6371810101436317
RG,41.58158945601538,6.140277194772471e-10,-0.6382796126874224
RG,41.58351660993852,6.139308419146764e-10,-0.6393807340518929
RG,41.58544376386167,6.13834335877507e-10,-0.6404843777762055
RG,41.58737091778481,6.137381999403183e-10,-0.641590547410845
RG,41.58929807170796,6.136424326831587e-10,-0.642699246517656
RG,41.5912252256311,6.135470326915294e-10,-0.6438104786698176
RG,41.59315237955425,6.134519985563598e-10,-0.6449242474518817
RG,41.59507953347739,6.133573288739877e-10,-0.6460405564597471
RG,41.59700668740054,6.132630222461386e-10,-0.647159409300698
RG,41.59893384132368,6.131690772799054e-10,-0.6482808095933779
RG,41.60086099524682,6.130754925877264e-10,-0.6494047609678244
RG,41.60278814916997,6.129822667873663e-10,-0.6505312670654639
RG,41.604715303093116,6.128893985018938e-10,-0.6516603315391095
RG,41.60664245701626,6.127968863596635e-10,-0.6527919580529755
RG,41.6085696109394,6.127047289942935e-10,-0.6539261502826929
RG,41.610496764862546,6.126129250446459e-10,-0.6550629119153069
RG,41.61242391878569,6.125214731548068e-10,-0.6562022466492718
RG,41.614351072708835,6.124303719740656e-10,-0.6573441581944864
RG,41.61627822663198,6.123396201568962e-10,-0.6584886502722676
RG,41.618205380555125,6.122492163629349e-10,-0.6596357266153902
RG,41.620132534478266,6.121591592569619e-10,-0.6607853909680605
RG,41.622059688401414,6.120694475088822e-10,-0.6619376470859568
RG,41.623986842324555,6.119800797937038e-10,-0.6630924987362022
RG,41.625913996247704,6.118910547915194e-10,-0.6642499496974056
RG,41.627841150170845,6.118023711874872e-10,-0.6654100037596345
RG,41.629768304093986,6.117140276718452e-10,-0.6665726647246675
RG,41.631695458017134,6.116260229400564e-10,-0.6677379364070583
RG,41.633622611940275,6.115383556923959e-10,-0.6689058226317952
RG,41.63554976586342,6.114510246340837e-10,-0.670076327235161
RG,41.637476919786565,6.113640284753168e-10,-0.671249454064963
RG,41.63940407370971,6.112773659312457e-10,-0.6724252069805757
RG,41.641331227632854,6.111910357219562e-10,-0.6736035898529138
RG,41.643258381556,6.111050365724502e-10,-0.6747846065644741
RG,41.64518553547914,6.110193672126284e-10,-0.6759682610093091
RG,41.64711268940229,6.109340263772669e-10,-0.6771545570930693
RG,41.64903984332543,6.108490128060026e-10,-0.6783434987329763
RG,41.650966997248574,6.107643252433117e-10,-0.6795350898578619
RG,41.65289415117172,6.106799624384918e-10,-0.6807293344081626
RG,41.65482130509487,6.105959231456437e-10,-0.6819262363359189
RG,41.65674845901801,6.105122061236519e-10,-0.6831257996047927
RG,41.65867561294115,6.104288101361662e-10,-0.6843280281900844
RG,41.6606027668643,6.10345733951583e-10,-0.6855329260787326
RG,41.66252992078744,6.102629763430285e-10,-0.6867404972693091
RG,41.66445707471059,6.101805360883364e-10,-0.6879507457720586
RG,41.66638422863373,6.100984119700364e-10,-0.689163675608872
RG,41.66831138255688,6.100166027753281e-10,-0.6903792908133307
RG,41.67023853648002,6.099351072960708e-10,-0.6915975954306793
RG,41.67216569040317,6.098539243287568e-10,-0.6928185935178712
RG,41.67409284432631,6.097730526745023e-10,-0.6940422891435408
RG,41.67601999824946,6.096924911390236e-10,-0.6952686863880491
RG,41.6779471521726,6.096122385326216e-10,-0.6964977893434565
RG,41.67987430609574,6.095322936701639e-10,-0.6977296021135637
RG,41.68180146001889,6.094526553710656e-10,-0.6989641288139076
RG,41.68372861394203,6.093733224592756e-10,-0.7002013735717567
RG,41.68565576786518,6.092942937632541e-10,-0.7014413405261527
RG,41.68758292178832,6.092155681159601e-10,-0.7026840338278834
RG,41.68951007571147,6.091371443548291e-10,-0.7039294576395287
RG,41.69143722963461,6.090590213217607e-10,-0.7051776161354341
RG,41.69336438355776,6.089811978630981e-10,-0.7064285135017565
RG,41.6952915374809,6.08903672829612e-10,-0.7076821539364377
RG,41.697218691404046,6.088264450764842e-10,-0.7089385416492512
RG,41.69914584532719,6.087495134632899e-10,-0.7101976808617746
RG,41.70107299925033,6.086728768539801e-10,-0.7114595758074329
RG,41.70300015317348,6.08596534116866e-10,-0.712724230731494
RG,41.70492730709662,6.085204841246034e-10,-0.7139916498910652
RG,41.706854461019766,6.084447257541717e-10,-0.7152618375551362
RG,41.70878161494291,6.083692578868617e-10,-0.7165347980045516
RG,41.710708768866056,6.082940794082578e-10,-0.7178105355320591
RG,41.7126359227892,6.082191892082201e-10,-0.7190890544422827
RG,41.714563076712345,6.081445861808684e-10,-0.7203703590517699
RG,41.716490230635486,6.080702692245683e-10,-0.721654453688966
RG,41.718417384558634,6.079962372419109e-10,-0.7229413426942608
RG,41.720344538481775,6.079224891397e-10,-0.7242310304199632
RG,41.72227169240492,6.078490238289349e-10,-0.7255235212303439
RG,41.724198846328065,6.077758402247924e-10,-0.7268188195016331
RG,41.72612600025121,6.07702937246614e-10,-0.7281169296220209
RG,41.728053154174354,6.076303138178879e-10,-0.7294178559916784
RG,41.729980308097495,6.07557968866233e-10,-0.7307216030227783
RG,41.731907462020644,6.074859013233838e-10,-0.7320281751394967
RG,41.733834615943785,6.074141101251749e-10,-0.7333375767780093
RG,41.73576176986693,6.073425942115241e-10,-0.7346498123865366
RG,41.737688923790074,6.072713525264185e-10,-0.7359648864253172
RG,41.73961607771322,6.072003840178964e-10,-0.737282803366657
RG,41.74154323163636,6.071296876380345e-10,-0.7386035676949027
RG,41.74347038555951,6.070592623429305e-10,-0.7399271839064915
RG,41.74539753948265,6.069891070926885e-10,-0.7412536565099245
RG,41.7473246934058,6.069192208514036e-10,-0.7425829900258166
RG,41.74925184732894,6.068496025871464e-10,-0.7439151889868698
RG,41.75117900125208,6.067802512719487e-10,-0.7452502579379191
RG,41.75310615517523,6.067111658817855e-10,-0.7465882014359292
RG,41.75503330909837,6.066423453965643e-10,-0.7479290240499924
RG,41.75696046302152,6.065737888001063e-10,-0.7492727303613744
RG,41.75888761694466,6.065054950801329e-10,-0.7506193249634874
RG,41.76081477086781,6.064374632282512e-10,-0.7519688124619414
RG,41.76274192479095,6.063696922399387e-10,-0.7533211974745169
RG,41.7646690787141,6.063021811145267e-10,-0.7546764846312168
RG,41.76659623263724,6.0623492885519e-10,-0.7560346785742391
RG,41.76852338656039,6.06167934468926e-10,-0.7573957839580286
RG,41.77045054048353,6.06101196966547e-10,-0.75875980544925
RG,41.77237769440667,6.060347153626591e-10,-0.7601267477268351
RG,41.77430484832982,6.05968488675652e-10,-0.7614966154819801
RG,41.77623200225297,6.059025159276827e-10,-0.7628694134181485
RG,41.77815915617611,6.058367961446623e-10,-0.7642451462510939
RG,41.78008631009925,6.057713283562401e-10,-0.765623818708882
RG,41.7820134640224,6.057061115957895e-10,-0.7670054355318945
RG,41.78394061794554,6.056411449003954e-10,-0.7683900014728255
RG,41.78586777186869,6.055764273108374e-10,-0.769777521296731
RG,41.78779492579183,6.055119578715789e-10,-0.7711679997810003
RG,41.78972207971498,6.054477356307493e-10,-0.7725614417154101
RG,41.79164923363812,6.053837596401329e-10,-0.773957851902097
RG,41.79357638756127,6.053200289551526e-10,-0.7753572351556111
RG,41.79550354148441,6.052565426348595e-10,-0.7767595963028882
RG,41.797430695407556,6.051932997419131e-10,-0.7781649401833044
RG,41.7993578493307,6.051302993425742e-10,-0.779573271648648
RG,41.80128500325384,6.050675405066863e-10,-0.7809845955631688
RG,41.803212157176986,6.050050223076633e-10,-0.7823989168035766
RG,41.80513931110013,6.04942743822477e-10,-0.7838162402590384
RG,41.807066465023276,6.048807041316404e-10,-0.7852365708312283
RG,41.80899361894642,6.048189023191984e-10,-0.7866599134343
RG,41.810920772869565,6.047573374727101e-10,-0.7880862729949414
RG,41.812847926792706,6.046960086832382e-10,-0.7895156544523471
RG,41.814775080715854,6.046349150453336e-10,-0.7909480627582735
RG,41.816702234638996,6.045740556570243e-10,-0.7923835028770109
RG,41.818629388562144,6.045134296197984e-10,-0.7938219797854391
RG,41.820556542485285,6.044530360385948e-10,-0.7952634984729996
RG,41.822483696408426,6.043928740217873e-10,-0.7967080639417456
RG,41.824410850331574,6.043329426811726e-10,-0.7981556812063413
RG,41.826338004254715,6.042732411319567e-10,-0.7996063552940587
RG,41.828265158177864,6.042137684927412e-10,-0.8010600912448299
RG,41.830192312101005,6.041545238855118e-10,-0.8025168941112182
RG,41.83211946602415,6.040955064356238e-10,-0.8039767689584748
RG,41.834046619947294,6.040367152717899e-10,-0.8054397208645107
RG,41.83597377387044,6.039781495260662e-10,-0.8069057549199532
RG,41.837900927793584,6.039198083338413e-10,-0.8083748762281179
RG,41.83982808171673,6.03861690833822e-10,-0.8098470899050655
RG,41.84175523563987,6.038037961680201e-10,-0.8113224010795738
RG,41.843682389563014,6.037461234817411e-10,-0.8128008148931889
RG,41.84560954348616,6.036886719235703e-10,-0.814282336500225
RG,41.84753669740931,6.036314406453607e-10,-0.8157669710677664
RG,41.84946385133245,6.0357442880222e-10,-0.8172547237756943
RG,41.85139100525559,6.035176355524989e-10,-0.8187455998167115
RG,41.85331815917874,6.034610600577767e-10,-0.8202396043963466
RG,41.85524531310188,6.034047014828519e-10,-0.8217367427329522
RG,41.85717246702503,6.033485589957264e-10,-0.8232370200577581
RG,41.85909962094817,6.032926317675946e-10,-0.8247404416148421
RG,41.86102677487132,6.03236918972832e-10,-0.8262470126611889
RG,41.86295392879446,6.031814197889816e-10,-0.8277567384666609
RG,41.86488108271761,6.03126133396741e-10,-0.8292696243140574
RG,41.86680823664075,6.030710589799518e-10,-0.8307856754990852
RG,41.8687353905639,6.030161957255874e-10,-0.8323048973304185
RG,41.87066254448704,6.029615428237387e-10,-0.8338272951296684
RG,41.87258969841018,6.02907099467605e-10,-0.8353528742314381
RG,41.87451685233333,6.028528648534784e-10,-0.8368816399833213
RG,41.87644400625647,6.027988381807365e-10,-0.8384135977458997
RG,41.87837116017962,6.027450186518243e-10,-0.8399487528927985
RG,41.88029831410276,6.026914054722486e-10,-0.8414871108106559
RG,41.88222546802591,6.026379978505611e-10,-0.843028676899184
RG,41.88415262194905,6.025847949983506e-10,-0.8445734565711392
RG,41.8860797758722,6.025317961302262e-10,-0.8461214552523824
RG,41.88800692979534,6.024790004638115e-10,-0.847672678381849
RG,41.88993408371849,6.024264072197271e-10,-0.8492271314116104
RG,41.89186123764163,6.023740156215833e-10,-0.8507848198068437
RG,41.89378839156477,6.023218248959664e-10,-0.852345749045887
RG,41.89571554548792,6.022698342724264e-10,-0.8539099246202383
RG,41.89764269941106,6.022180429834679e-10,-0.8554773520345532
RG,41.89956985333421,6.02166450264536e-10,-0.8570480368067018
RG,41.90149700725735,6.021150553540059e-10,-0.8586219844677377
RG,41.903424161180496,6.020638574931709e-10,-0.86019920056196
RG,41.90535131510364,6.020128559262324e-10,-0.8617796906468826
RG,41.907278469026785,6.019620499002865e-10,-0.8633634602932972
RG,41.909205622949926,6.01911438665315e-10,-0.8649505150852419
RG,41.911132776873075,6.018610214741707e-10,-0.8665408606200637
RG,41.913059930796216,6.018107975825699e-10,-0.8681345025083885
RG,41.914987084719364,6.017607662490779e-10,-0.869731446374183
RG,41.916914238642505,6.017109267351005e-10,-0.8713316978547241
RG,41.91884139256565,6.0166127830487e-10,-0.8729352626006622
RG,41.920768546488794,6.016118202254369e-10,-0.8745421462759898
RG,41.922695700411936,6.015625517666574e-10,-0.8761523545580991
RG,41.924622854335084,6.015134722011815e-10,-0.8777658931377804
RG,41.926550008258225,6.014645808044434e-10,-0.8793827677192205
RG,41.92847716218137,6.014158768546502e-10,-0.8810029840200602
RG,41.930404316104514,6.0136735963277e-10,-0.8826265477713634
RG,41.93233147002766,6.013190284230973e-10,-0.8842534647193708
RG,41.934258623950804,6.012708825127257e-10,-0.8858837406240392
RG,41.93618577787395,6.012229211909253e-10,-0.8875173812572678
RG,41.93811293179709,6.011751437497011e-10,-0.889154392404486
RG,41.94004008572024,6.011275494837792e-10,-0.890794779864719
RG,41.94196723964338,6.010801376905986e-10,-0.892438549450556
RG,41.943894393566524,6.010329076702986e-10,-0.8940857069882104
RG,41.94582154748967,6.009858587257071e-10,-0.8957362583175187
RG,41.94774870141281,6.009389901623343e-10,-0.8973902092919397
RG,41.94967585533596,6.008923012883563e-10,-0.8990475657786147
RG,41.9516030092591,6.008457914146093e-10,-0.9007083336583362
RG,41.95353016318225,6.007994598545765e-10,-0.9023725188256145
RG,41.95545731710539,6.007533059243783e-10,-0.9040401271886466
RG,41.95738447102854,6.007073289427616e-10,-0.9057111646693827
RG,41.95931162495168,6.006615282310904e-10,-0.9073856372034956
RG,41.96123877887483,6.006159031133341e-10,-0.9090635507404472
RG,41.96316593279797,6.005704529160592e-10,-0.9107449112434579
RG,41.96509308672111,6.005251769684169e-10,-0.9124297246895676
RG,41.96702024064426,6.004800746021337e-10,-0.9141179970696356
RG,41.96894739456741,6.004351451515024e-10,-0.9158097343883465
RG,41.97087454849055,6.003903879533708e-10,-0.9175049426642405
RG,41.97280170241369,6.003458023471319e-10,-0.9192036279297455
RG,41.97472885633684,6.003013876747148e-10,-0.9209057962311821
RG,41.97665601025998,6.002571432805732e-10,-0.9226114536287636
RG,41.97858316418313,6.002130685116773e-10,-0.9243206061966593
RG,41.98051031810627,6.001691627175025e-10,-0.9260332600229625
RG,41.98243747202942,6.001254252500207e-10,-0.9277494212097598
RG,41.98436462595256,6.000818554636908e-10,-0.9294690958730996
RG,41.98629177987571,6.000384527154473e-10,-0.9311922901430617
RG,41.98821893379885,5.99995216364693e-10,-0.9329190101637259
RG,41.990146087721996,5.999521457732869e-10,-0.9346492620932421
RG,41.99207324164514,5.999092403055368e-10,-0.9363830521037977
RG,41.99400039556828,5.998664993281892e-10,-0.9381203863816832
RG,41.99592754949143,5.998239222104195e-10,-0.9398612711272909
RG,41.99785470341457,5.997815083238227e-10,-0.9416057125551163
RG,41.999781857337716,5.997392570424045e-10,-0.9433537168938219
RG,42.00170901126086,5.996971677425712e-10,-0.9451052903862057
RG,42.003636165184005,5.996552398031207e-10,-0.9468604392892728
RG,42.00556331910715,5.996134726052344e-10,-0.9486191698742026
RG,42.007490473030295,5.995718655324662e-10,-0.9503814884264216
RG,42.009417626953436,5.995304179707336e-10,-0.9521474012455704
RG,42.011344780876584,5.994891293083116e-10,-0.9539169146455768
RG,42.013271934799725,5.994479989358191e-10,-0.9556900349546229
RG,42.015199088722866,5.994070262462123e-10,-0.9574667685152114
RG,42.017126242646015,5.993662106347764e-10,-0.9592471216841659
RG,42.019053396569156,5.993255514991151e-10,-0.9610311008326324
RG,42.020980550492304,5.992850482391419e-10,-0.9628187123461447
RG,42.022907704415445,5.992447002570724e-10,-0.9646099626245924
RG,42.02483485833859,5.992045069574151e-10,-0.9664048580822948
RG,42.026762012261734,5.991644677469606e-10,-0.9682034051479682
RG,42.02868916618488,5.991245820347767e-10,-0.9700056102647996
RG,42.030616320108024,5.990848492321953e-10,-0.9718114798904143
RG,42.03254347403117,5.990452687528073e-10,-0.97362102049695
RG,42.03447062795431,5.990058400124527e-10,-0.9754342385710248
RG,42.03639778187746,5.989665624292107e-10,-0.9772511406138111
RG,42.0383249358006,5.989274354233939e-10,-0.979071733141003
RG,42.04025208972375,5.988884584175367e-10,-0.9808960226828918
RG,42.04217924364689,5.988496308363892e-10,-0.9827240157843323
RG,42.04410639757003,5.988109521069078e-10,-0.9845557190048126
RG,42.04603355149318,5.987724216582462e-10,-0.986391138918454
RG,42.04796070541632,5.987340389217485e-10,-0.9882302821140128
RG,42.04988785933947,5.986958033309395e-10,-0.9900731551949488
RG,42.05181501326261,5.986577143215165e-10,-0.9919197647793928
RG,42.05374216718576,5.98619771331342e-10,-0.9937701175002225
RG,42.0556693211089,5.985819738004351e-10,-0.9956242200050298
RG,42.05759647503205,5.98544321170962e-10,-0.9974820789561968
RG,42.05952362895519,5.985068128872297e-10,-0.9993437010308635
RG,42.06145078287834,5.984694483956767e-10,-1.0012090929210038
RG,42.06337793680148,5.984322271448648e-10,-1.003078261333393
RG,42.06530509072462,5.983951485854712e-10,-1.0049512129896783
RG,42.06723224464777,5.98358212170282e-10,-1.006827954626379
RG,42.06915939857091,5.983214173541811e-10,-1.008708492994889
RG,42.07108655249406,5.982847635941452e-10,-1.0105928348615476
RG,42.0730137064172,5.982482503492328e-10,-1.012480987007605
RG,42.07494086034035,5.9821187708058e-10,-1.0143729562293022
RG,42.07686801426349,5.981756432513892e-10,-1.0162687493378357
RG,42.07879516818664,5.98139548326923e-10,-1.018168373159437
RG,42.08072232210978,5.981035917744957e-10,-1.0200718345353392
RG,42.08264947603293,5.980677730634662e-10,-1.021979140321855
RG,42.08457662995607,5.98032091665229e-10,-1.023890297390344
RG,42.08650378387921,5.979965470532082e-10,-1.025805312627284
RG,42.08843093780236,5.979611387028475e-10,-1.027724192934273
RG,42.090358091725506,5.979258660916044e-10,-1.0296469452280383
RG,42.09228524564865,5.978907286989431e-10,-1.0315735764404725
RG,42.09421239957179,5.978557260063227e-10,-1.0335040935186721
RG,42.096139553494936,5.97820857497195e-10,-1.0354385034249454
RG,42.09806670741808,5.977861226569927e-10,-1.037376813136814
RG,42.099993861341225,5.977515209731256e-10,-1.039319029647087
RG,42.10192101526437,5.977170519349689e-10,-1.0412651599638263
RG,42.103848169187515,5.976827150338584e-10,-1.0432152111104274
RG,42.105775323110656,5.976485097630831e-10,-1.0451691901255855
RG,42.107702477033804,5.976144356178766e-10,-1.0471271040633758
RG,42.109629630956945,5.975804920954101e-10,-1.0490889599932207
RG,42.111556784880094,5.975466786947846e-10,-1.0510547649999695
RG,42.113483938803235,5.97512994917024e-10,-1.0530245261838653
RG,42.115411092726376,5.974794402650683e-10,-1.0549982506606193
RG,42.117338246649524,5.974460142437648e-10,-1.0569759455614116
RG,42.119265400572665,5.974127163598627e-10,-1.0589576180328955
RG,42.12119255449581,5.973795461220031e-10,-1.0609432752372694
RG,42.123119708418955,5.973465030407152e-10,-1.062932924352245
RG,42.1250468623421,5.973135866284051e-10,-1.0649265725711279
RG,42.126974016265244,5.972807963993527e-10,-1.0669242271027846
RG,42.12890117018839,5.972481318697014e-10,-1.0689258951717238
RG,42.13082832411153,5.972155925574526e-10,-1.0709315840180622
RG,42.13275547803468,5.971831779824574e-10,-1.0729413008976092
RG,42.13468263195782,5.971508876664108e-10,-1.0749550530818288
RG,42.136609785880964,5.971187211328433e-10,-1.0769728478579195
RG,42.13853693980411,5.970866779071146e-10,-1.0789946925288136
RG,42.14046409372725,5.970547575164069e-10,-1.0810205944131805
RG,42.1423912476504,5.97022959489716e-10,-1.0830505608455039
RG,42.14431840157354,5.96991283357847e-10,-1.0850845991760447
RG,42.14624555549669,5.969597286534053e-10,-1.0871227167709279
RG,42.14817270941983,5.969282949107908e-10,-1.0891649210121053
RG,42.15009986334298,5.968969816661898e-10,-1.091211219297442
RG,42.15202701726612,5.968657884575686e-10,-1.0932616190406788
RG,42.15395417118927,5.968347148246679e-10,-1.0953161276715198
RG,42.15588132511241,5.96803760308993e-10,-1.0973747526355953
RG,42.15780847903556,5.967729244538101e-10,-1.0994375013945477
RG,42.1597356329587,5.967422068041377e-10,-1.1015043814259955
RG,42.16166278688185,5.967116069067393e-10,-1.1035754002236198
RG,42.16358994080499,5.966811243101188e-10,-1.1056505652971285
RG,42.16551709472813,5.966507585645114e-10,-1.1077298841723338
RG,42.16744424865128,5.966205092218779e-10,-1.1098133643911554
RG,42.16937140257442,5.965903758358983e-10,-1.1119010135116232
RG,42.17129855649757,5.965603579619637e-10,-1.1139928391079548
RG,42.17322571042071,5.965304551571722e-10,-1.1160888487705212
RG,42.17515286434386,5.965006669803181e-10,-1.118189050105932
RG,42.177080018267,5.964709929918906e-10,-1.1202934507370008
RG,42.17900717219015,5.964414327540618e-10,-1.1224020583028318
RG,42.18093432611329,5.964119858306841e-10,-1.124514880458783
RG,42.182861480036436,5.963826517872805e-10,-1.1266319248765548
RG,42.18478863395958,5.963534301910416e-10,-1.128753199244153
RG,42.18671578788272,5.963243206108153e-10,-1.130878711265969
RG,42.18864294180587,5.962953226171028e-10,-1.1330084686627826
RG,42.19057009572901,5.962664357820504e-10,-1.1351424791717633
RG,42.192497249652156,5.962376596794446e-10,-1.1372807505465528
RG,42.1944244035753,5.962089938847046e-10,-1.1394232905572266
RG,42.196351557498446,5.961804379748754e-10,-1.1415701069903832
RG,42.19827871142159,5.961519915286231e-10,-1.143721207649108
RG,42.200205865344735,5.961236541262257e-10,-1.1458766003530612
RG,42.202133019267876,5.960954253495699e-10,-1.1480362929384416
RG,42.204060173191024,5.960673047821422e-10,-1.150200293258076
RG,42.205987327114165,5.960392920090238e-10,-1.1523686091813816
RG,42.20791448103731,5.960113866168832e-10,-1.1545412485944484
RG,42.209841634960455,5.959835881939708e-10,-1.156718219400041
RG,42.2117687888836,5.959558963301123e-10,-1.1588995295176097
RG,42.213695942806744,5.959283106167031e-10,-1.1610851868833323
RG,42.215623096729885,5.959008306466988e-10,-1.163275199450157
RG,42.217550250653034,5.958734560146138e-10,-1.1654695751878124
RG,42.219477404576175,5.958461863165108e-10,-1.167668322082811
RG,42.22140455849932,5.958190211499971e-10,-1.1698714481385313
RG,42.223331712422464,5.957919601142175e-10,-1.1720789613751788
RG,42.22525886634561,5.95765002809848e-10,-1.1742908698298802
RG,42.22718602026875,5.957381488390891e-10,-1.1765071815566426
RG,42.2291131741919,5.95711397805661e-10,-1.1787279046264472
RG,42.23104032811504,5.956847493147953e-10,-1.1809530471272096
RG,42.23296748203819,5.95658202973232e-10,-1.1831826171638724
RG,42.23489463596133,5.956317583892096e-10,-1.1854166228583676
RG,42.23682178988447,5.956054151724622e-10,-1.187655072349699
RG,42.23874894380762,5.95579172934211e-10,-1.1898979737939466
RG,42.24067609773076,5.955530312871597e-10,-1.192145335364268
RG,42.24260325165391,5.955269898454875e-10,-1.1943971652509826
RG,42.24453040557705,5.955010482248439e-10,-1.1966534716615342
RG,42.2464575595002,5.954752060423421e-10,-1.1989142628205824
RG,42.24838471342334,5.95449462916552e-10,-1.201179546969966
RG,42.25031186734649,5.954238184674972e-10,-1.2034493323687938
RG,42.25223902126963,5.953982723166449e-10,-1.2057236272934078
RG,42.25416617519278,5.953728240873834e-10,-1.2080024400385638
RG,42.25609332911592,5.953474734054285e-10,-1.2102857789183774
RG,42.25802048303906,5.953222198967703e-10,-1.2125736522617747
RG,42.25994763696221,5.952970631887694e-10,-1.214866068414941
RG,42.26187479088535,5.952720029102238e-10,-1.2171630357414864
RG,42.2638019448085,5.952470386913583e-10,-1.2194645626225318
RG,42.26572909873164,5.952221701638245e-10,-1.2217706574566702
RG,42.26765625265479,5.951973969606917e-10,-1.224081328660063
RG,42.26958340657793,5.951727187164411e-10,-1.2263965846664011
RG,42.27151056050108,5.951481350669604e-10,-1.228716433927001
RG,42.27343771442422,5.951236456495397e-10,-1.2310408849107655
RG,42.27536486834737,5.950992501028619e-10,-1.2333699461042815
RG,42.27729202227051,5.950749480670018e-10,-1.2357036260117802
RG,42.279219176193656,5.950507391834159e-10,-1.2380419331552341
RG,42.2811463301168,5.950266230949405e-10,-1.2403848760743186
RG,42.283073484039946,5.950025994457836e-10,-1.2427324633265093
RG,42.28500063796309,5.949786678815204e-10,-1.2450847034870425
RG,42.28692779188623,5.94954828049088e-10,-1.2474416051490054
RG,42.288854945809376,5.949310795967798e-10,-1.2498031769233395
RG,42.29078209973252,5.949074221742383e-10,-1.252169427438844
RG,42.292709253655666,5.948838554324538e-10,-1.2545403653422664
RG,42.29463640757881,5.948603790237546e-10,-1.256915999298263
RG,42.296563561501955,5.948369926018032e-10,-1.2592963379894984
RG,42.298490715425096,5.948136958215927e-10,-1.261681390116605
RG,42.300417869348244,5.947904883394395e-10,-1.2640711643982843
RG,42.302345023271386,5.947673698129786e-10,-1.2664656695712655
RG,42.304272177194534,5.947443399011586e-10,-1.268864914390407
RG,42.306199331117675,5.947213982642357e-10,-1.2712689076286559
RG,42.308126485040816,5.946985445637698e-10,-1.2736776580771403
RG,42.310053638963964,5.946757784626196e-10,-1.2760911745451735
RG,42.311980792887105,5.946530996249347e-10,-1.2785094658602578
RG,42.313907946810254,5.94630507716154e-10,-1.280932540868177
RG,42.315835100733395,5.946080024029981e-10,-1.2833604084329566
RG,42.31776225465654,5.945855833534661e-10,-1.2857930774369657
RG,42.319689408579684,5.945632502368299e-10,-1.288230556780876
RG,42.32161656250283,5.945410027236288e-10,-1.290672855383766
RG,42.323543716425974,5.945188404856647e-10,-1.2931199821830786
RG,42.32547087034912,5.944967631959979e-10,-1.2955719461347246
RG,42.32739802427226,5.944747705289414e-10,-1.298028756213043
RG,42.329325178195404,5.944528621600569e-10,-1.3004904214108945
RG,42.33125233211855,5.944310377661485e-10,-1.302956950739666
RG,42.3331794860417,5.944092970252591e-10,-1.3054283532292852
RG,42.33510663996484,5.943876396166668e-10,-1.3079046379282677
RG,42.33703379388798,5.943660652208768e-10,-1.3103858139037698
RG,42.33896094781113,5.943445735196195e-10,-1.3128718902416012
RG,42.34088810173427,5.943231641958445e-10,-1.3153628760462281
RG,42.34281525565742,5.94301836933717e-10,-1.3178587804408717
RG,42.34474240958056,5.942805914186112e-10,-1.320359612567464
RG,42.34666956350371,5.942594273371082e-10,-1.3228653815867564
RG,42.34859671742685,5.94238344376989e-10,-1.3253760966782764
RG,42.35052387135,5.942173422272314e-10,-1.3278917670404342
RG,42.35245102527314,5.941964205780057e-10,-1.3304124018904813
RG,42.35437817919629,5.941755791206681e-10,-1.332938010464617
RG,42.35630533311943,5.941548175477583e-10,-1.3354686020179465
RG,42.35823248704257,5.941341355529942e-10,-1.3380041858245795
RG,42.36015964096572,5.941135328312669e-10,-1.3405447711776335
RG,42.36208679488886,5.940930090786381e-10,-1.3430903673892403
RG,42.36401394881201,5.940725639923323e-10,-1.3456409837906431
RG,42.36594110273515,5.940521972707364e-10,-1.3481966297321553
RG,42.3678682566583,5.940319086133918e-10,-1.350757314583268
RG,42.36979541058144,5.940116977209924e-10,-1.3533230477326086
RG,42.37172256450459,5.939915642953792e-10,-1.3558938385880492
RG,42.37364971842773,5.939715080395353e-10,-1.358469696576664
RG,42.37557687235088,5.939515286575838e-10,-1.3610506311448392
RG,42.37750402627402,5.939316258547807e-10,-1.3636366517582292
RG,42.37943118019716,5.93911799337512e-10,-1.3662277679018588
RG,42.38135833412031,5.938920488132912e-10,-1.3688239890801266
RG,42.38328548804345,5.938723739907509e-10,-1.37142532481681
RG,42.385212641966596,5.938527745796422e-10,-1.3740317846551677
RG,42.38713979588974,5.938332502908286e-10,-1.376643378157895
RG,42.389066949812886,5.938138008362833e-10,-1.3792601149072357
RG,42.39099410373603,5.937944259290832e-10,-1.3818820045049387
RG,42.392921257659175,5.937751252834056e-10,-1.3845090565723694
RG,42.394848411582316,5.937558986145244e-10,-1.387141280750467
RG,42.396775565505465,5.937367456388057e-10,-1.3897786866998556
RG,42.398702719428606,5.93717666073703e-10,-1.3924212841008012
RG,42.40062987335175,5.936986596377549e-10,-1.3950690826533145
RG,42.402557027274895,5.936797260505781e-10,-1.3977220920771558
RG,42.40448418119804,5.936608650328661e-10,-1.4003803221118503
RG,42.406411335121184,5.936420763063843e-10,-1.4030437825167423
RG,42.408338489044326,5.936233595939654e-10,-1.4057124830710497
RG,42.410265642967474,5.936047146195047e-10,-1.408386433573879
RG,42.412192796890615,5.935861411079585e-10,-1.4110656438442306
RG,42.41411995081376,5.935676387853381e-10,-1.4137501237211034
RG,42.416047104736904,5.935492073787061e-10,-1.4164398830634501
RG,42.41797425866005,5.935308466161734e-10,-1.4191349317502924
RG,42.419901412583194,5.935125562268931e-10,-1.421835279680676
RG,42.42182856650634,5.9349433594106e-10,-1.4245409367737856
RG,42.42375572042948,5.934761854899034e-10,-1.4272519129689012
RG,42.42568287435263,5.934581046056838e-10,-1.4299682182255133
RG,42.42761002827577,5.934400930216915e-10,-1.432689862523278
RG,42.429537182198914,5.934221504722387e-10,-1.4354168558621225
RG,42.43146433612206,5.934042766926587e-10,-1.438149208262252
RG,42.4333914900452,5.933864714193017e-10,-1.4408869297641533
RG,42.43531864396835,5.933687343895298e-10,-1.4436300304287033
RG,42.43724579789149,5.933510653417126e-10,-1.446378520337123
RG,42.43917295181464,5.933334640152255e-10,-1.4491324095910947
RG,42.44110010573778,5.933159301504449e-10,-1.451891708312716
RG,42.44302725966093,5.932984634887436e-10,-1.4546564266446196
RG,42.44495441358407,5.932810637724879e-10,-1.457426574749925
RG,42.44688156750722,5.932637307450335e-10,-1.4602021628123596
RG,42.44880872143036,5.932464641507211e-10,-1.4629832010362107
RG,42.4507358753535,5.932292637348757e-10,-1.4657696996464347
RG,42.45266302927665,5.932121292437974e-10,-1.4685616688886634
RG,42.4545901831998,5.931950604247619e-10,-1.471359119029219
RG,42.45651733712294,5.931780570260162e-10,-1.4741620603551717
RG,42.45844449104608,5.931611187967733e-10,-1.4769705031743978
RG,42.46037164496923,5.931442454872096e-10,-1.479784457815595
RG,42.46229879889237,5.931274368484616e-10,-1.482603934628288
RG,42.46422595281552,5.9311069263262e-10,-1.4854289439829391
RG,42.46615310673866,5.93094012592729e-10,-1.4882594962709017
RG,42.46808026066181,5.930773964827808e-10,-1.49109560190454
RG,42.47000741458495,5.930608440577122e-10,-1.4939372713171841
RG,42.4719345685081,5.930443550734007e-10,-1.4967845149632493
RG,42.47386172243124,5.93027929286662e-10,-1.4996373433181907
RG,42.475788876354386,5.930115664552444e-10,-1.5024957668786245
RG,42.47771603027753,5.929952663378271e-10,-1.505359796162281
RG,42.47964318420067,5.929790286940159e-10,-1.5082294417081163
RG,42.48157033812382,5.929628532843386e-10,-1.5111047140763179
RG,42.48349749204696,5.929467398702425e-10,-1.5139856238483103
RG,42.485424645970106,5.929306882140907e-10,-1.5168721816268675
RG,42.48735179989325,5.929146980791587e-10,-1.5197643980360667
RG,42.489278953816395,5.928987692296291e-10,-1.5226622837214094
RG,42.491206107739536,5.928829014305906e-10,-1.5255658493497752
RG,42.493133261662685,5.928670944480322e-10,-1.5284751056095458
RG,42.495060415585826,5.928513480488414e-10,-1.5313900632105564
RG,42.496987569508974,5.928356620007989e-10,-1.53431073288422
RG,42.498914723432115,5.928200360725765e-10,-1.5372371253834805
RG,42.500841877355256,5.928044700337327e-10,-1.5401692514829248
RG,42.502769031278405,5.927889636547095e-10,-1.5431071219787906
RG,42.504696185201546,5.927735167068291e-10,-1.546050747688971
RG,42.506623339124694,5.927581289622897e-10,-1.5490001394531303
RG,42.508550493047835,5.927428001941622e-10,-1.5519553081326538
RG,42.51047764697098,5.927275301763871e-10,-1.554916264610775
RG,42.512404800894124,5.927123186837707e-10,-1.5578830197925273
RG,42.51433195481727,5.926971654919814e-10,-1.5608555846048686
RG,42.516259108740414,5.926820703775472e-10,-1.5638339699966346
RG,42.51818626266356,5.926670331178494e-10,-1.566818186938664
RG,42.5201134165867,5.926520534911235e-10,-1.56980824642375
RG,42.522040570509844,5.926371312764517e-10,-1.5728041594667566
RG,42.52396772443299,5.926222662537618e-10,-1.5758059371046247
RG,42.52589487835614,5.926074582038228e-10,-1.5788135903963891
RG,42.52782203227928,5.925927069082414e-10,-1.5818271304232403
RG,42.52974918620242,5.925780121494593e-10,-1.5848465682885844
RG,42.53167634012557,5.925633737107486e-10,-1.5878719151180631
RG,42.53360349404871,5.925487913762096e-10,-1.590903182059557
RG,42.53553064797186,5.925342649307653e-10,-1.593940380283305
RG,42.537457801895,5.925197941601611e-10,-1.5969835209818537
RG,42.53938495581815,5.925053788509584e-10,-1.600032615370187
RG,42.54131210974129,5.924910187905333e-10,-1.6030876746856757
RG,42.54323926366444,5.924767137670723e-10,-1.606148710188208
RG,42.54516641758758,5.924624635695672e-10,-1.609215733160138
RG,42.54709357151073,5.924482679878148e-10,-1.6122887549064175
RG,42.54902072543387,5.924341268124123e-10,-1.6153677867545442
RG,42.55094787935701,5.924200398347528e-10,-1.6184528400546814
RG,42.55287503328016,5.924060068470226e-10,-1.6215439261796647
RG,42.5548021872033,5.923920276421988e-10,-1.6246410565250073
RG,42.55672934112645,5.923781020140437e-10,-1.6277442425090207
RG,42.55865649504959,5.923642297571039e-10,-1.630853495572763
RG,42.56058364897274,5.923504106667057e-10,-1.6339688271801711
RG,42.56251080289588,5.923366445389508e-10,-1.6370902488180095
RG,42.56443795681903,5.923229311707142e-10,-1.640217771996003
RG,42.56636511074217,5.923092703596416e-10,-1.643351408246784
RG,42.56829226466532,5.922956619041434e-10,-1.6464911691260276
RG,42.57021941858846,5.922821056033937e-10,-1.6496370662123971
RG,42.5721465725116,5.922686012573261e-10,-1.6527891111076678
RG,42.57407372643475,5.922551486666296e-10,-1.655947315436733
RG,42.576000880357896,5.922417476327472e-10,-1.6591116908476202
RG,42.57792803428104,5.922283979578701e-10,-1.6622822490115565
RG,42.57985518820418,5.922150994449365e-10,-1.665459001623033
RG,42.581782342127326,5.922018518976264e-10,-1.6686419603998215
RG,42.58370949605047,5.921886551203606e-10,-1.6718311370829815
RG,42.585636649973615,5.921755089189237e-10,-1.6750265434383185
RG,42.58756380389676,5.921624131007754e-10,-1.6782281912570278
RG,42.589490957819905,5.921493674727755e-10,-1.6814360923510159
RG,42.591418111743046,5.92136371842472e-10,-1.6846502585555494
RG,42.593345265666194,5.921234260181578e-10,-1.6878707017295205
RG,42.595272419589335,5.921105298088664e-10,-1.6910974337553937
RG,42.59719957351248,5.920976830243705e-10,-1.694330466539344
RG,42.599126727435625,5.92084885475177e-10,-1.6975698120112037
RG,42.601053881358766,5.920721369725249e-10,-1.7008154821245878
RG,42.602981035281914,5.920594373283816e-10,-1.7040674888569023
RG,42.604908189205055,5.920467863554397e-10,-1.70732584420935
RG,42.6068353431282,5.920341838671147e-10,-1.7105905602070572
RG,42.608762497051345,5.920216296775405e-10,-1.7138616488990215
RG,42.61068965097449,5.920091236015668e-10,-1.7171391223582506
RG,42.612616804897634,5.919966654547575e-10,-1.720422992681709
RG,42.61454395882078,5.919842550533856e-10,-1.7237132719904584
RG,42.61647111274392,5.919718922144313e-10,-1.7270099724296042
RG,42.61839826666707,5.919595767555782e-10,-1.730313106168436
RG,42.62032542059021,5.919473084952121e-10,-1.733622685400374
RG,42.622252574513354,5.919350872524158e-10,-1.7369387223430983
RG,42.6241797284365,5.919229128469678e-10,-1.740261229238556
RG,42.62610688235964,5.919107850993391e-10,-1.743590218352969
RG,42.62803403628279,5.918987038306892e-10,-1.7469257019769633
RG,42.62996119020593,5.918866688628654e-10,-1.750267692425515
RG,42.63188834412908,5.918746800183978e-10,-1.7536162020380939
RG,42.63381549805222,5.91862737120498e-10,-1.7569712431786084
RG,42.63574265197537,5.918508399930555e-10,-1.76033282823555
RG,42.63766980589851,5.918389884606354e-10,-1.7637009696219375
RG,42.63959695982166,5.918271823484755e-10,-1.7670756797754623
RG,42.6415241137448,5.918154214824837e-10,-1.7704569711584335
RG,42.64345126766794,5.918037056892347e-10,-1.7738448562579099
RG,42.64537842159109,5.917920347959688e-10,-1.777239347585708
RG,42.64730557551424,5.91780408630587e-10,-1.7806404576784223
RG,42.64923272943738,5.917688270216502e-10,-1.7840481990974952
RG,42.65115988336052,5.917572897983764e-10,-1.787462584429288
RG,42.65308703728367,5.917457967906372e-10,-1.7908836262851016
RG,42.65501419120681,5.917343478289554e-10,-1.7943113373011834
RG,42.65694134512996,5.917229427445044e-10,-1.7977457301388629
RG,42.6588684990531,5.917115813691018e-10,-1.8011868174844952
RG,42.66079565297625,5.917002635352103e-10,-1.8046346120496088
RG,42.66272280689939,5.91688989075934e-10,-1.8080891265708505
RG,42.66464996082254,5.916777578250149e-10,-1.811550373810133
RG,42.66657711474568,5.916665696168333e-10,-1.8150183665545794
RG,42.668504268668826,5.91655424286401e-10,-1.8184931176166719
RG,42.67043142259197,5.916443216693629e-10,-1.8219746398341958
RG,42.67235857651511,5.916332616019932e-10,-1.8254629460703762
RG,42.67428573043826,5.916222439211911e-10,-1.828958049213886
RG,42.6762128843614,5.916112684644811e-10,-1.8324599621788544
RG,42.678140038284546,5.916003350700097e-10,-1.8359686979050043
RG,42.68006719220769,5.915894435765421e-10,-1.839484269357595
RG,42.681994346130836,5.915785938234616e-10,-1.8430066895275745
RG,42.68392150005398,5.915677856507645e-10,-1.8465359714315224
RG,42.685848653977125,5.915570188990611e-10,-1.8500721281118007
RG,42.687775807900266,5.915462934095719e-10,-1.8536151726364982
RG,42.689702961823414,5.915356090241236e-10,-1.8571651180995816
RG,42.691630115746555,5.915249655851498e-10,-1.8607219776208395
RG,42.6935572696697,5.915143629356865e-10,-1.8642857643460211
RG,42.695484423592845,5.915038009193708e-10,-1.8678564914468456
RG,42.697411577515986,5.914932793804383e-10,-1.8714341721210106
RG,42.699338731439134,5.914827981637217e-10,-1.875018819592332
RG,42.701265885362275,5.914723571146474e-10,-1.8786104471106873
RG,42.70319303928542,5.914619560792332e-10,-1.882209067952169
RG,42.705120193208565,5.914515949040875e-10,-1.8858146954190285
RG,42.70704734713171,5.914412734364061e-10,-1.8894273428398292
RG,42.708974501054854,5.914309915239687e-10,-1.8930470235693904
RG,42.710901654978,5.914207490151403e-10,-1.8966737509889413
RG,42.71282880890114,5.914105457588653e-10,-1.9003075385060642
RG,42.71475596282429,5.914003816046678e-10,-1.9039483995548498
RG,42.71668311674743,5.913902564026477e-10,-1.9075963475958397
RG,42.71861027067058,5.913801700034802e-10,-1.9112513961161826
RG,42.72053742459372,5.913701222584128e-10,-1.9149135586295762
RG,42.72246457851686,5.913601130192624e-10,-1.9185828486764112
RG,42.72439173244001,5.913501421384147e-10,-1.9222592798237794
RG,42.72631888636315,5.913402094688211e-10,-1.9259428656654842
RG,42.7282460402863,5.913303148639974e-10,-1.9296336198221844
RG,42.73017319420944,5.913204581780205e-10,-1.9333315559413353
RG,42.73210034813259,5.913106392655277e-10,-1.9370366876973477
RG,42.73402750205573,5.913008579817134e-10,-1.9407490287915292
RG,42.73595465597888,5.912911141823277e-10,-1.9444685929522432
RG,42.73788180990202,5.912814077236748e-10,-1.9481953939348498
RG,42.73980896382517,5.912717384626087e-10,-1.9519294455218659
RG,42.74173611774831,5.912621062565353e-10,-1.9556707615229059
RG,42.74366327167145,5.912525109634055e-10,-1.9594193557748287
RG,42.7455904255946,5.912429524417166e-10,-1.963175242141747
RG,42.74751757951774,5.912334305505094e-10,-1.9669384345150358
RG,42.74944473344089,5.912239451493658e-10,-1.970708946813481
RG,42.75137188736403,5.912144960984062e-10,-1.9744867929832204
RG,42.75329904128718,5.912050832582893e-10,-1.9782719869979035
RG,42.75522619521032,5.911957064902082e-10,-1.982064542858633
RG,42.75715334913347,5.911863656558896e-10,-1.9858644745941283
RG,42.75908050305661,5.911770606175918e-10,-1.9896717962606627
RG,42.76100765697976,5.91167791238102e-10,-1.9934865219422297
RG,42.7629348109029,5.911585573807343e-10,-1.9973086657504802
RG,42.76486196482604,5.911493589093283e-10,-2.0011382418248735
RG,42.76678911874919,5.911401956882472e-10,-2.0049752643326877
RG,42.768716272672336,5.911310675823754e-10,-2.0088197474690412
RG,42.77064342659548,5.911219744571166e-10,-2.0126717054569747
RG,42.77257058051862,5.911129161783915e-10,-2.016531152547532
RG,42.774497734441766,5.911038926126375e-10,-2.020398103019782
RG,42.77642488836491,5.910949036268037e-10,-2.0242725711808296
RG,42.778352042288056,5.910859490883526e-10,-2.028154571365968
RG,42.7802791962112,5.91077028865254e-10,-2.0320441179386157
RG,42.782206350134345,5.910681428259883e-10,-2.0359412252904856
RG,42.784133504057486,5.910592908395398e-10,-2.039845907841521
RG,42.786060657980634,5.910504727753959e-10,-2.0437581800400646
RG,42.787987811903776,5.910416885035471e-10,-2.0476780563627957
RG,42.789914965826924,5.910329378944842e-10,-2.0516055513148985
RG,42.791842119750065,5.910242208191947e-10,-2.05554067943
RG,42.793769273673206,5.910155371491626e-10,-2.059483455270324
RG,42.795696427596354,5.910068867563671e-10,-2.0634338934267022
RG,42.797623581519495,5.909982695132775e-10,-2.0673920085185826
RG,42.799550735442644,5.909896852928556e-10,-2.0713578151941845
RG,42.801477889365785,5.909811339685496e-10,-2.0753313281304377
RG,42.80340504328893,5.909726154142965e-10,-2.07931256203315
RG,42.805332197212074,5.909641295045152e-10,-2.083301531636947
RG,42.80725935113522,5.909556761141097e-10,-2.0872982517054415
RG,42.80918650505836,5.909472551184632e-10,-2.091302737031169
RG,42.81111365898151,5.909388663934386e-10,-2.095315002435763
RG,42.81304081290465,5.909305098153747e-10,-2.0993350627698875
RG,42.814967966827794,5.909221852610864e-10,-2.103362932913396
RG,42.81689512075094,5.909138926078618e-10,-2.107398627775343
RG,42.81882227467408,5.909056317334589e-10,-2.111442162293992
RG,42.82074942859723,5.908974025161064e-10,-2.1154935514369737
RG,42.82267658252037,5.908892048345006e-10,-2.1195528102012244
RG,42.82460373644352,5.908810385678018e-10,-2.123619953613158
RG,42.82653089036666,5.908729035956359e-10,-2.1276949967286
RG,42.82845804428981,5.908647997980887e-10,-2.131777954632966
RG,42.83038519821295,5.908567270557072e-10,-2.1358688424411927
RG,42.8323123521361,5.908486852494957e-10,-2.1399676752979166
RG,42.83423950605924,5.908406742609155e-10,-2.1440744683774065
RG,42.83616665998239,5.908326939718805e-10,-2.1481892368837405
RG,42.83809381390553,5.908247442647585e-10,-2.1523119960507406
RG,42.84002096782868,5.908168250223669e-10,-2.1564427611421486
RG,42.84194812175182,5.908089361279715e-10,-2.160581547451562
RG,42.84387527567496,5.908010774652853e-10,-2.164728370302594
RG,42.84580242959811,5.907932489184653e-10,-2.168883245048885
RG,42.84772958352125,5.907854503721121e-10,-2.1730461870741116
RG,42.8496567374444,5.907776817112672e-10,-2.1772172117921524
RG,42.85158389136754,5.907699428214104e-10,-2.181396334647017
RG,42.85351104529069,5.907622335884588e-10,-2.18558357111303
RG,42.85543819921383,5.907545538987663e-10,-2.1897789366947595
RG,42.85736535313698,5.907469036391174e-10,-2.1939824469272002
RG,42.85929250706012,5.907392826967312e-10,-2.198194117375705
RG,42.86121966098327,5.90731690959254e-10,-2.202413963636166
RG,42.86314681490641,5.907241283147613e-10,-2.2066420013349455
RG,42.86507396882955,5.907165946517529e-10,-2.210878246129043
RG,42.8670011227527,5.907090898591542e-10,-2.215122713706106
RG,42.86892827667584,5.907016138263115e-10,-2.2193754197844373
RG,42.870855430598986,5.906941664429913e-10,-2.223636380113165
RG,42.87278258452213,5.906867475993791e-10,-2.2279056104721713
RG,42.874709738445276,5.906793571860755e-10,-2.232183126672277
RG,42.87663689236842,5.906719950940962e-10,-2.236468944555173
RG,42.878564046291565,5.906646612148693e-10,-2.2407630799936022
RG,42.880491200214706,5.906573554402341e-10,-2.245065548891293
RG,42.882418354137855,5.906500776624372e-10,-2.2493763671831415
RG,42.884345508060996,5.906428277741338e-10,-2.2536955508351433
RG,42.88627266198414,5.90635605668382e-10,-2.258023115844561
RG,42.888199815907285,5.906284112386442e-10,-2.2623590782399376
RG,42.89012696983043,5.906212443787841e-10,-2.26670345408112
RG,42.892054123753574,5.906141049830624e-10,-2.271056259459348
RG,42.893981277676716,5.906069929461401e-10,-2.275417510497347
RG,42.895908431599864,5.905999081630716e-10,-2.279787223349354
RG,42.897835585523005,5.905928505293045e-10,-2.2841654142011243
RG,42.89976273944615,5.90585819940679e-10,-2.288552099270108
RG,42.901689893369294,5.905788162934243e-10,-2.2929472948053737
RG,42.90361704729244,5.905718394841569e-10,-2.2973510170878018
RG,42.905544201215584,5.905648894098794e-10,-2.3017632824300094
RG,42.90747135513873,5.905579659679784e-10,-2.30618410717654
RG,42.90939850906187,5.905510690562217e-10,-2.3106135077037955
RG,42.91132566298502,5.905441985727578e-10,-2.315051500420219
RG,42.91325281690816,5.905373544161125e-10,-2.3194981017662295
RG,42.9151799708313,5.905305364851873e-10,-2.323953328214393
RG,42.91710712475445,5.905237446792596e-10,-2.3284171962694313
RG,42.91903427867759,5.905169788980243e-10,-2.3328897224683467
RG,42.92096143260074,5.905102390430198e-10,-2.3373709233839652
RG,42.92288858652388,5.905035250154932e-10,-2.341860815619867
RG,42.92481574044703,5.904968367163974e-10,-2.346359415810542
RG,42.92674289437017,5.904901740470722e-10,-2.350866740622927
RG,42.92867004829332,5.904835369092413e-10,-2.3553828067565927
RG,42.93059720221646,5.904769252050122e-10,-2.3599076309436766
RG,42.93252435613961,5.904703388368731e-10,-2.3644412299490747
RG,42.93445151006275,5.904637777076911e-10,-2.368983620570369
RG,42.93637866398589,5.904572417207114e-10,-2.3735348196380057
RG,42.93830581790904,5.90450730779553e-10,-2.378094844015306
RG,42.94023297183218,5.904442447882106e-10,-2.382663710598478
RG,42.94216012575533,5.904377836510496e-10,-2.387241436316794
RG,42.94408727967847,5.90431347272806e-10,-2.39182803813252
RG,42.94601443360162,5.904249355585839e-10,-2.396423533041109
RG,42.94794158752476,5.904185484138545e-10,-2.401027938071132
RG,42.94986874144791,5.904121857444532e-10,-2.405641270284471
RG,42.95179589537105,5.904058474565795e-10,-2.4102635467762488
RG,42.9537230492942,5.903995334567947e-10,-2.414894784675027
RG,42.95565020321734,5.903932436520196e-10,-2.4195350011427306
RG,42.95757735714049,5.903869779495338e-10,-2.424184213374848
RG,42.95950451106363,5.903807362569733e-10,-2.4288424386003578
RG,42.961431664986776,5.903745184823293e-10,-2.4335096940819283
RG,42.96335881890992,5.903683245339472e-10,-2.438185997115843
RG,42.96528597283306,5.903621543205248e-10,-2.4428713650321843
RG,42.96721312675621,5.903560077511087e-10,-2.4475658151948463
RG,42.96914028067935,5.903498847350973e-10,-2.4522693650015444
RG,42.971067434602496,5.903437851822339e-10,-2.4569820318840025
RG,42.97299458852564,5.903377090026101e-10,-2.4617038333078773
RG,42.974921742448785,5.903316561066596e-10,-2.46643478677296
RG,42.976848896371926,5.903256264051624e-10,-2.471174909813103
RG,42.978776050295075,5.903196198092379e-10,-2.4759242199964233
RG,42.980703204218216,5.90313636230347e-10,-2.480682734925226
RG,42.982630358141364,5.903076755802884e-10,-2.4854504722362107
RG,42.984557512064505,5.90301737771199e-10,-2.490227449600395
RG,42.986484665987646,5.902958227155522e-10,-2.4950136847233026
RG,42.988411819910795,5.902899303261555e-10,-2.499809195344975
RG,42.990338973833936,5.902840605161504e-10,-2.5046139992399836
RG,42.992266127757084,5.902782131990098e-10,-2.5094281142176214
RG,42.994193281680225,5.902723882885379e-10,-2.514251558121823
RG,42.99612043560337,5.902665856988679e-10,-2.519084348831375
RG,42.998047589526514,5.902608053444614e-10,-2.5239265042598378
RG,42.99997474344966,5.902550471401066e-10,-2.5287780423557544
RG,43.001901897372804,5.902493110009171e-10,-2.533638981102576
RG,43.00382905129595,5.902435968423319e-10,-2.5385093385188666
RG,43.00575620521909,5.902379045801111e-10,-2.543389132658231
RG,43.007683359142234,5.902322341303388e-10,-2.548278381609503
RG,43.00961051306538,5.902265854094177e-10,-2.553177103496761
RG,43.01153766698853,5.902209583340704e-10,-2.5580853164793576
RG,43.01346482091167,5.902153528213382e-10,-2.5630030387520213
RG,43.01539197483481,5.902097687885786e-10,-2.567930288544962
RG,43.01731912875796,5.902042061534647e-10,-2.572867084123901
RG,43.0192462826811,5.901986648339845e-10,-2.5778134437900837
RG,43.02117343660425,5.901931447484389e-10,-2.5827693858804754
RG,43.02310059052739,5.901876458154417e-10,-2.587734928767681
RG,43.02502774445054,5.901821679539168e-10,-2.592710090860162
RG,43.02695489837368,5.901767110830973e-10,-2.5976948906021553
RG,43.02888205229683,5.901712751225271e-10,-2.6026893464738894
RG,43.03080920621997,5.901658599920558e-10,-2.6076934769915057
RG,43.03273636014312,5.901604656118398e-10,-2.612707300707273
RG,43.03466351406626,5.901550919023409e-10,-2.6177308362095104
RG,43.0365906679894,5.901497387843252e-10,-2.622764102122783
RG,43.03851782191255,5.901444061788611e-10,-2.6278071171079183
RG,43.04044497583569,5.901390940073197e-10,-2.6328598998620145
RG,43.04237212975884,5.901338021913726e-10,-2.637922469118646
RG,43.04429928368198,5.901285306529909e-10,-2.642994843647778
RG,43.04622643760513,5.901232793144448e-10,-2.648077042255989
RG,43.04815359152827,5.901180480983017e-10,-2.6531690837863895
RG,43.05008074545142,5.901128369274251e-10,-2.6582709871188395
RG,43.05200789937456,5.901076457249745e-10,-2.6633827711698728
RG,43.05393505329771,5.90102474414404e-10,-2.668504454892912
RG,43.05586220722085,5.900973229194598e-10,-2.6736360572781925
RG,43.05778936114399,5.900921911641816e-10,-2.678777597352961
RG,43.05971651506714,5.900870790728991e-10,-2.6839290941814937
RG,43.06164366899028,5.900819865702331e-10,-2.689090566865104
RG,43.06357082291343,5.900769135810925e-10,-2.694262034542352
RG,43.06549797683657,5.900718600306757e-10,-2.6994435163889583
RG,43.067425130759716,5.900668258444657e-10,-2.704635031618032
RG,43.06935228468286,5.900618109482342e-10,-2.709836599479984
RG,43.071279438606005,5.900568152680356e-10,-2.7150482392627557
RG,43.07320659252915,5.900518387302093e-10,-2.7202699702917346
RG,43.075133746452295,5.900468812613779e-10,-2.72550181192998
RG,43.077060900375436,5.900419427884447e-10,-2.73074378357814
RG,43.07898805429858,5.900370232385944e-10,-2.7359959046746605
RG,43.080915208221725,5.900321225392926e-10,-2.741258194695796
RG,43.08284236214487,5.900272406182812e-10,-2.746530673155646
RG,43.084769516068015,5.900223774035825e-10,-2.7518133596062633
RG,43.086696669991156,5.900175328234943e-10,-2.757106273637768
RG,43.088623823914304,5.900127068065899e-10,-2.7624094348783768
RG,43.090550977837445,5.900078992817186e-10,-2.767722862994423
RG,43.09247813176059,5.90003110178002e-10,-2.7730465776905615
RG,43.094405285683735,5.89998339424836e-10,-2.7783805987096857
RG,43.09633243960688,5.899935869518869e-10,-2.7837249458331588
RG,43.098259593530024,5.899888526890926e-10,-2.78907963888073
RG,43.10018674745317,5.899841365666607e-10,-2.794444697710763
RG,43.10211390137631,5.899794385150679e-10,-2.799820142220154
RG,43.10404105529946,5.899747584650574e-10,-2.805205992344562
RG,43.1059682092226,5.899700963476412e-10,-2.8106022680583256
RG,43.107895363145744,5.89965452094095e-10,-2.8160089893746734
RG,43.10982251706889,5.89960825635961e-10,-2.821426176345741
RG,43.11174967099203,5.899562169050444e-10,-2.8268538490625827
RG,43.11367682491518,5.899516258334131e-10,-2.832292027655389
RG,43.11560397883832,5.899470523533978e-10,-2.8377407322933963
RG,43.11753113276147,5.899424963975891e-10,-2.8431999831851265
RG,43.11945828668461,5.899379578988373e-10,-2.8486698005782984
RG,43.12138544060776,5.899334367902528e-10,-2.8541502047600633
RG,43.1233125945309,5.899289330052029e-10,-2.8596412160569207
RG,43.12523974845405,5.899244464773114e-10,-2.865142854834952
RG,43.12716690237719,5.899199771404587e-10,-2.8706551414997374
RG,43.12909405630033,5.899155249287808e-10,-2.8761780964965697
RG,43.13102121022348,5.899110897766658e-10,-2.8817117403104713
RG,43.13294836414663,5.899066716187555e-10,-2.887256093466229
RG,43.13487551806977,5.899022703899445e-10,-2.8928111765285083
RG,43.13680267199291,5.898978860253769e-10,-2.8983770101019735
RG,43.13872982591606,5.898935184604473e-10,-2.9039536148313196
RG,43.1406569798392,5.89889167630799e-10,-2.9095410114012887
RG,43.14258413376235,5.898848334723239e-10,-2.9151392205368913
RG,43.14451128768549,5.898805159211597e-10,-2.9207482630033152
RG,43.14643844160864,5.898762149136908e-10,-2.926368159606169
RG,43.14836559553178,5.898719303865458e-10,-2.9319989311913925
RG,43.15029274945493,5.898676622765978e-10,-2.937640598645501
RG,43.15221990337807,5.898634105209619e-10,-2.943293182895495
RG,43.154147057301216,5.898591750569964e-10,-2.9489567049091017
RG,43.15607421122436,5.898549558222984e-10,-2.95463118569469
RG,43.1580013651475,5.898507527547068e-10,-2.9603166463014903
RG,43.15992851907065,5.898465657922975e-10,-2.9660131078196112
RG,43.16185567299379,5.898423948733857e-10,-2.9717205913800537
RG,43.163782826916936,5.898382399365226e-10,-2.977439118154936
RG,43.16570998084008,5.898341009204945e-10,-2.983168709357402
RG,43.167637134763226,5.898299777643226e-10,-2.988909386241872
RG,43.16956428868637,5.898258704072635e-10,-2.9946611701039454
RG,43.171491442609515,5.898217787888036e-10,-3.0004240822806545
RG,43.173418596532656,5.898177028486619e-10,-3.0061981441503702
RG,43.175345750455804,5.898136425267888e-10,-3.011983377133051
RG,43.177272904378945,5.898095977633626e-10,-3.0177798026901517
RG,43.17920005830209,5.898055684987916e-10,-3.0235874423248514
RG,43.181127212225235,5.898015546737103e-10,-3.0294063175820685
RG,43.183054366148376,5.897975562289793e-10,-3.035236450048476
RG,43.184981520071524,5.89793573105685e-10,-3.0410778613527296
RG,43.186908673994665,5.897896052451378e-10,-3.0469305731653766
RG,43.18883582791781,5.897856525888716e-10,-3.052794607199107
RG,43.190762981840955,5.897817150786412e-10,-3.0586699852086605
RG,43.1926901357641,5.897777926564238e-10,-3.0645567289910804
RG,43.194617289687244,5.897738852644148e-10,-3.0704548603856177
RG,43.19654444361039,5.897699928450297e-10,-3.0763644012739864
RG,43.19847159753353,5.897661153409011e-10,-3.0822853735802713
RG,43.200398751456675,5.897622526948783e-10,-3.088217799271157
RG,43.20232590537982,5.897584048500259e-10,-3.0941617003559463
RG,43.20425305930297,5.897545717496231e-10,-3.100117098886596
RG,43.20618021322611,5.897507533371629e-10,-3.1060840169578396
RG,43.20810736714925,5.897469495563496e-10,-3.112062476707315
RG,43.2100345210724,5.897431603510988e-10,-3.118052500315599
RG,43.21196167499554,5.897393856655362e-10,-3.1240541100062247
RG,43.21388882891869,5.897356254439969e-10,-3.130067328045914
RG,43.21581598284183,5.897318796310229e-10,-3.1360921767444854
RG,43.21774313676498,5.897281481713628e-10,-3.1421286784551103
RG,43.21967029068812,5.897244310099719e-10,-3.148176855574219
RG,43.22159744461127,5.897207280920081e-10,-3.1542367305417587
RG,43.22352459853441,5.897170393628338e-10,-3.160308325841097
RG,43.22545175245756,5.897133647680127e-10,-3.166391663999284
RG,43.2273789063807,5.897097042533098e-10,-3.172486767586955
RG,43.22930606030384,5.897060577646898e-10,-3.1785936592185684
RG,43.23123321422699,5.897024252483161e-10,-3.1847123615524224
RG,43.23316036815013,5.896988066505488e-10,-3.1908428972906693
RG,43.23508752207328,5.896952019179456e-10,-3.196985289179555
RG,43.23701467599642,5.896916109972587e-10,-3.2031395600093235
RG,43.23894182991957,5.896880338354328e-10,-3.209305732614477
RG,43.24086898384271,5.896844703796077e-10,-3.2154838298736825
RG,43.24279613776586,5.896809205771137e-10,-3.2216738747100324
RG,43.244723291689,5.896773843754707e-10,-3.2278758900909468
RG,43.24665044561215,5.896738617223889e-10,-3.2340898990284415
RG,43.24857759953529,5.896703525657665e-10,-3.240315924579026
RG,43.25050475345843,5.896668568536874e-10,-3.246553989843949
RG,43.25243190738158,5.896633745344219e-10,-3.2528041179692124
RG,43.254359061304726,5.896599055564425e-10,-3.259066332145663
RG,43.25628621522787,5.896564498697843e-10,-3.265340655613174
RG,43.25821336915101,5.896530074242758e-10,-3.27162711165555
RG,43.260140523074156,5.896495781691151e-10,-3.277925723599296
RG,43.2620676769973,5.896461620537034e-10,-3.284236514816091
RG,43.263994830920446,5.896427590276413e-10,-3.29055950872304
RG,43.26592198484359,5.896393690407295e-10,-3.296894728782571
RG,43.267849138766735,5.896359920429663e-10,-3.303242198502706
RG,43.269776292689876,5.89632627984548e-10,-3.309601941436962
RG,43.271703446613024,5.896292768158646e-10,-3.3159739811846243
RG,43.273630600536166,5.896259384875034e-10,-3.322358341390644
RG,43.275557754459314,5.896226129502436e-10,-3.3287550457459147
RG,43.277484908382455,5.896193001550572e-10,-3.335164117987168
RG,43.279412062305596,5.896160000531085e-10,-3.341585581897227
RG,43.281339216228744,5.896127125957515e-10,-3.3480194613050243
RG,43.283266370151885,5.896094377345292e-10,-3.354465780085616
RG,43.285193524075034,5.896061754211735e-10,-3.360924562160435
RG,43.287120677998175,5.896029256076042e-10,-3.367395831497191
RG,43.28904783192132,5.895996882459265e-10,-3.373879612110147
RG,43.290974985844464,5.895964632884312e-10,-3.380375928060018
RG,43.29290213976761,5.895932506875939e-10,-3.3868848034542496
RG,43.29482929369075,5.895900503960738e-10,-3.3934062624469146
RG,43.2967564476139,5.895868623667125e-10,-3.399940329238996
RG,43.29868360153704,5.895836865525332e-10,-3.4064870280782813
RG,43.300610755460184,5.895805229067404e-10,-3.413046383259621
RG,43.30253790938333,5.895773713827177e-10,-3.4196184191249466
RG,43.30446506330647,5.895742319340287e-10,-3.4262031600632867
RG,43.30639221722962,5.895711045144149e-10,-3.432800630511027
RG,43.30831937115276,5.895679890777954e-10,-3.4394108549518045
RG,43.31024652507591,5.89564885578265e-10,-3.4460338579167953
RG,43.31217367899905,5.895617939700955e-10,-3.4526696639846075
RG,43.3141008329222,5.895587142077332e-10,-3.459318297781568
RG,43.31602798684534,5.895556462457982e-10,-3.4659797839816178
RG,43.31795514076849,5.895525900390845e-10,-3.4726541473065993
RG,43.31988229469163,5.89549545542559e-10,-3.4793414125261504
RG,43.32180944861477,5.8954651271136e-10,-3.486041604457969
RG,43.32373660253792,5.895434915007972e-10,-3.4927547479678296
RG,43.32566375646107,5.895404818663503e-10,-3.4994808679696274
RG,43.32759091038421,5.895374837636698e-10,-3.506219989425518
RG,43.32951806430735,5.895344971485741e-10,-3.5129721373460603
RG,43.3314452182305,5.895315219770512e-10,-3.5197373367902594
RG,43.33337237215364,5.895285582052552e-10,-3.526515612865584
RG,43.33529952607679,5.895256057895084e-10,-3.5333069907282337
RG,43.33722667999993,5.895226646862988e-10,-3.5401114955830337
RG,43.33915383392308,5.895197348522805e-10,-3.5469291526837265
RG,43.34108098784622,5.895168162442721e-10,-3.5537599873328642
RG,43.34300814176937,5.89513908819257e-10,-3.5606040248821067
RG,43.34493529569251,5.895110125343818e-10,-3.56746129073211
RG,43.34686244961566,5.895081273469561e-10,-3.5743318103328243
RG,43.3487896035388,5.895052532144533e-10,-3.581215609183386
RG,43.35071675746194,5.895023900945068e-10,-3.588112712832389
RG,43.35264391138509,5.894995379449125e-10,-3.595023146877902
RG,43.35457106530823,5.894966967236264e-10,-3.601946936967491
RG,43.356498219231376,5.894938663887646e-10,-3.6088841087984873
RG,43.35842537315452,5.894910468986031e-10,-3.615834688117883
RG,43.360352527077666,5.894882382115765e-10,-3.6227987007226283
RG,43.36227968100081,5.894854402862771e-10,-3.629776172459524
RG,43.364206834923955,5.894826530814561e-10,-3.6367671292255213
RG,43.366133988847096,5.894798765560206e-10,-3.643771596967613
RG,43.368061142770244,5.894771106690357e-10,-3.6507896016831354
RG,43.369988296693386,5.894743553797215e-10,-3.657821169419659
RG,43.37191545061653,5.894716106474539e-10,-3.6648663262752637
RG,43.373842604539675,5.894688764317639e-10,-3.671925098398562
RG,43.37576975846282,5.89466152692337e-10,-3.6789975119887415
RG,43.377696912385964,5.894634393890122e-10,-3.686083593295713
RG,43.379624066309106,5.894607364817829e-10,-3.6931833686202626
RG,43.381551220232254,5.894580439307936e-10,-3.7002968643140965
RG,43.383478374155395,5.894553616963424e-10,-3.7074241067798592
RG,43.38540552807854,5.894526897388794e-10,-3.7145651224714156
RG,43.387332682001684,5.894500280190051e-10,-3.7217199378937402
RG,43.38925983592483,5.894473764974709e-10,-3.7288885796032236
RG,43.391186989847974,5.894447351351791e-10,-3.7360710742075627
RG,43.393114143771115,5.89442103893181e-10,-3.743267448366043
RG,43.39504129769426,5.894394827326777e-10,-3.750477728789558
RG,43.39696845161741,5.894368716150188e-10,-3.757701942240657
RG,43.39889560554055,5.894342705017019e-10,-3.7649401155336957
RG,43.40082275946369,5.894316793543724e-10,-3.772192275534989
RG,43.40274991338684,5.894290981348241e-10,-3.7794584491628607
RG,43.40467706730998,5.894265268049957e-10,-3.786738663387658
RG,43.40660422123313,5.894239653269728e-10,-3.7940329452320443
RG,43.40853137515627,5.894214136629871e-10,-3.80134132177088
RG,43.41045852907942,5.89418871775416e-10,-3.808663820131544
RG,43.41238568300256,5.894163396267804e-10,-3.8160004674938124
RG,43.41431283692571,5.894138171797461e-10,-3.8233512910901806
RG,43.41623999084885,5.894113043971232e-10,-3.8307163182057455
RG,43.418167144772,5.89408801241864e-10,-3.838095576178524
RG,43.42009429869514,5.894063076770643e-10,-3.8454890923993377
RG,43.42202145261828,5.894038236659623e-10,-3.8528968943121047
RG,43.42394860654143,5.894013491719378e-10,-3.86031900941386
RG,43.42587576046458,5.893988841585116e-10,-3.8677554652548025
RG,43.42780291438772,5.893964285893458e-10,-3.8752062894384536
RG,43.42973006831086,5.893939824282432e-10,-3.8826715096218116
RG,43.43165722223401,5.893915456391457e-10,-3.8901511535154016
RG,43.43358437615715,5.893891181861347e-10,-3.897645248883297
RG,43.4355115300803,5.893867000334307e-10,-3.9051538235434107
RG,43.43743868400344,5.893842911453931e-10,-3.9126769053673844
RG,43.43936583792659,5.893818914865178e-10,-3.9202145222809066
RG,43.44129299184973,5.893795010214395e-10,-3.9277667022635985
RG,43.44322014577287,5.893771197149285e-10,-3.9353334733493117
RG,43.44514729969602,5.89374747531893e-10,-3.9429148636261475
RG,43.447074453619166,5.893723844373756e-10,-3.9505109012365063
RG,43.44900160754231,5.89370030396556e-10,-3.9581216143772484
RG,43.45092876146545,5.893676853747469e-10,-3.965747031299853
RG,43.4528559153886,5.893653493373966e-10,-3.973387180310467
RG,43.45478306931174,5.893630222500869e-10,-3.981042089769929
RG,43.456710223234886,5.893607040785332e-10,-3.988711788094066
RG,43.45863737715803,5.893583947885835e-10,-3.996396303753578
RG,43.460564531081175,5.893560943462186e-10,-4.0040956652743676
RG,43.462491685004316,5.893538027175502e-10,-4.0118099012374175
RG,43.46441883892746,5.893515198688223e-10,-4.019539040279099
RG,43.466345992850606,5.893492457664088e-10,-4.027283111091191
RG,43.468273146773754,5.893469803768153e-10,-4.0350421424209255
RG,43.470200300696895,5.89344723666675e-10,-4.0428161630711585
RG,43.472127454620036,5.893424756027525e-10,-4.050605201900527
RG,43.474054608543184,5.893402361519395e-10,-4.058409287823505
RG,43.475981762466326,5.893380052812568e-10,-4.066228449810418
RG,43.477908916389474,5.893357829578515e-10,-4.074062716887755
RG,43.479836070312615,5.893335691489995e-10,-4.081912118138048
RG,43.48176322423576,5.893313638221027e-10,-4.089776682700203
RG,43.483690378158904,5.893291669446873e-10,-4.097656439769383
RG,43.48561753208205,5.893269784844076e-10,-4.105551418597349
RG,43.487544686005194,5.893247984090405e-10,-4.113461648492327
RG,43.48947183992834,5.893226266864878e-10,-4.121387158819361
RG,43.49139899385148,5.893204632847761e-10,-4.129327979000176
RG,43.493326147774624,5.893183081720538e-10,-4.137284138513501
RG,43.49525330169777,5.893161613165922e-10,-4.145255666895088
RG,43.49718045562092,5.893140226867852e-10,-4.153242593737757
RG,43.49910760954406,5.893118922511473e-10,-4.1612449486915715
RG,43.5010347634672,5.893097699783145e-10,-4.169262761464002
RG,43.50296191739035,5.893076558370422e-10,-4.177296061819977
RG,43.50488907131349,5.893055497962065e-10,-4.185344879581908
RG,43.50681622523664,5.89303451824802e-10,-4.193409244630003
RG,43.50874337915978,5.893013618919412e-10,-4.2014891869021405
RG,43.51067053308293,5.892992799668554e-10,-4.209584736394217
RG,43.51259768700607,5.892972060188929e-10,-4.217695923160022
RG,43.51452484092921,5.892951400175179e-10,-4.225822777311555
RG,43.51645199485236,5.892930819323112e-10,-4.233965329019045
RG,43.51837914877551,5.892910317329689e-10,-4.242123608511011
RG,43.52030630269865,5.892889893893016e-10,-4.2502976460744195
RG,43.52223345662179,5.892869548712341e-10,-4.258487472054868
RG,43.52416061054494,5.892849281488048e-10,-4.266693116856629
RG,43.52608776446808,5.892829091921644e-10,-4.2749146109426786
RG,43.52801491839123,5.892808979715762e-10,-4.283151984835012
RG,43.52994207231437,5.89278894457415e-10,-4.291405269114516
RG,43.53186922623752,5.89276898620166e-10,-4.29967449442133
RG,43.53379638016066,5.892749104304245e-10,-4.30795969145471
RG,43.53572353408381,5.892729298588961e-10,-4.316260890973384
RG,43.53765068800695,5.892709568763939e-10,-4.324578123795423
RG,43.5395778419301,5.892689914538405e-10,-4.3329114207986015
RG,43.54150499585324,5.89267033562265e-10,-4.34126081292026
RG,43.54343214977638,5.892650831728032e-10,-4.349626331157638
RG,43.54535930369953,5.892631402566976e-10,-4.3580080065678946
RG,43.547286457622675,5.892612047852949e-10,-4.366405870268159
RG,43.54921361154582,5.892592767300478e-10,-4.374819953435708
RG,43.55114076546896,5.892573560625114e-10,-4.3832502873081385
RG,43.553067919392106,5.892554427543454e-10,-4.39169690318343
RG,43.55499507331525,5.892535367773101e-10,-4.400159832419952
RG,43.556922227238395,5.892516381032698e-10,-4.408639106436809
RG,43.55884938116154,5.892497467041878e-10,-4.417134756713698
RG,43.560776535084685,5.892478625521285e-10,-4.425646814791277
RG,43.562703689007826,5.892459856192551e-10,-4.43417531227103
RG,43.56463084293097,5.892441158778309e-10,-4.4427202808156006
RG,43.566557996854115,5.892422533002148e-10,-4.451281752148817
RG,43.56848515077726,5.892403978588649e-10,-4.459859758055739
RG,43.570412304700405,5.89238549526335e-10,-4.468454330382843
RG,43.572339458623546,5.892367082752744e-10,-4.477065501038198
RG,43.574266612546694,5.892348740784271e-10,-4.48569330199152
RG,43.576193766469835,5.89233046908631e-10,-4.494337765274193
RG,43.57812092039298,5.892312267388176e-10,-4.502998922979609
RG,43.580048074316124,5.892294135420104e-10,-4.511676807263028
RG,43.58197522823927,5.892276072913245e-10,-4.5203714503419565
RG,43.583902382162414,5.892258079599662e-10,-4.529082884496001
RG,43.585829536085555,5.892240155212312e-10,-4.537811142067213
RG,43.5877566900087,5.892222299485045e-10,-4.546556255460113
RG,43.58968384393185,5.892204512152592e-10,-4.555318257141743
RG,43.59161099785499,5.892186792958871e-10,-4.564097179645153
RG,43.593538151778134,5.892169141655522e-10,-4.572893055569044
RG,43.59546530570128,5.892151557982023e-10,-4.581705917569905
RG,43.59739245962442,5.892134041678708e-10,-4.590535798367191
RG,43.59931961354757,5.892116592486946e-10,-4.599382730743759
RG,43.60124676747071,5.892099210149192e-10,-4.608246747545729
RG,43.60317392139386,5.892081894408909e-10,-4.617127881682864
RG,43.605101075317,5.892064645010636e-10,-4.62602616612843
RG,43.60702822924015,5.892047461699901e-10,-4.63494163391958
RG,43.60895538316329,5.892030344223293e-10,-4.643874318157212
RG,43.61088253708644,5.892013292328393e-10,-4.65282425200635
RG,43.61280969100958,5.891996305763789e-10,-4.661791468696007
RG,43.61473684493272,5.891979384279078e-10,-4.670776001519537
RG,43.61666399885587,5.891962527624839e-10,-4.679777883834657
RG,43.61859115277902,5.891945735552647e-10,-4.6887971490635
RG,43.62051830670216,5.891929007815044e-10,-4.697833830692813
RG,43.6224454606253,5.891912344165567e-10,-4.7068879622741395
RG,43.62437261454845,5.891895744358688e-10,-4.715959577423877
RG,43.62629976847159,5.891879208149862e-10,-4.725048709823305
RG,43.62822692239474,5.891862735295491e-10,-4.734155393218938
RG,43.63015407631788,5.891846325552926e-10,-4.743279661422383
RG,43.63208123024103,5.891829978680456e-10,-4.752421548310735
RG,43.63400838416417,5.891813694437314e-10,-4.76158108782643
RG,43.63593553808731,5.89179747258366e-10,-4.770758313977609
RG,43.63786269201046,5.891781312880573e-10,-4.779953260838139
RG,43.639789845933606,5.891765215090062e-10,-4.789165962547674
RG,43.64171699985675,5.891749178975049e-10,-4.798396453311845
RG,43.64364415377989,5.891733204299369e-10,-4.807644767402458
RG,43.64557130770304,5.891717290827746e-10,-4.816910939157549
RG,43.64749846162618,5.891701438325826e-10,-4.8261950029814145
RG,43.649425615549326,5.891685646560136e-10,-4.835496993344969
RG,43.65135276947247,5.891669915298103e-10,-4.844816944785606
RG,43.653279923395615,5.891654244308036e-10,-4.854154891907596
RG,43.65520707731876,5.891638633359124e-10,-4.863510869381944
RG,43.657134231241905,5.891623082221439e-10,-4.872884911946785
RG,43.659061385165046,5.891607590665927e-10,-4.882277054407246
RG,43.660988539088194,5.891592158464395e-10,-4.891687331635844
RG,43.662915693011335,5.89157678538953e-10,-4.901115778572344
RG,43.66484284693448,5.891561471214868e-10,-4.910562430224125
RG,43.666770000857625,5.891546215714806e-10,-4.92002732166621
RG,43.66869715478077,5.891531018664608e-10,-4.929510488041325
RG,43.670624308703914,5.891515879840369e-10,-4.939011964560099
RG,43.672551462627055,5.891500799019043e-10,-4.948531786501263
RG,43.6744786165502,5.891485775978422e-10,-4.9580699892117135
RG,43.676405770473345,5.891470810497146e-10,-4.967626608106535
RG,43.67833292439649,5.891455902354683e-10,-4.977201678669381
RG,43.680260078319634,5.89144105133134e-10,-4.98679523645232
RG,43.68218723224278,5.89142625720825e-10,-4.996407317076252
RG,43.68411438616592,5.891411519767379e-10,-5.006037956230759
RG,43.686041540089064,5.891396838791514e-10,-5.01568718967448
RG,43.68796869401221,5.891382214064263e-10,-5.025355053235146
RG,43.68989584793536,5.89136764537005e-10,-5.035041582809634
RG,43.6918230018585,5.891353132494114e-10,-5.044746814364173
RG,43.69375015578164,5.891338675222513e-10,-5.054470783934553
RG,43.69567730970479,5.891324273342112e-10,-5.064213527626183
RG,43.69760446362793,5.891309926640575e-10,-5.07397508161412
RG,43.69953161755108,5.891295634906381e-10,-5.083755482143452
RG,43.70145877147422,5.8912813979288e-10,-5.09355476552915
RG,43.70338592539737,5.891267215497907e-10,-5.103372968156485
RG,43.70531307932051,5.891253087404572e-10,-5.113210126480877
RG,43.70724023324365,5.891239013440461e-10,-5.123066277028285
RG,43.7091673871668,5.891224993398024e-10,-5.132941456395235
RG,43.71109454108995,5.891211027070511e-10,-5.1428357012488775
RG,43.71302169501309,5.891197114251944e-10,-5.152749048327201
RG,43.71494884893623,5.891183254737137e-10,-5.162681534439244
RG,43.71687600285938,5.891169448321684e-10,-5.172633196465151
RG,43.71880315678252,5.89115569480196e-10,-5.1826040713562085
RG,43.72073031070567,5.891141993975113e-10,-5.192594196135232
RG,43.72265746462881,5.891128345639061e-10,-5.202603607896416
RG,43.72458461855196,5.891114749592505e-10,-5.212632343805757
RG,43.7265117724751,5.891101205634905e-10,-5.22268044110091
RG,43.72843892639825,5.891087713566497e-10,-5.232747937091611
RG,43.73036608032139,5.891074273188273e-10,-5.242834869159525
RG,43.73229323424454,5.891060884301998e-10,-5.25294127475868
RG,43.73422038816768,5.891047546710185e-10,-5.26306719141531
RG,43.73614754209082,5.891034260216116e-10,-5.273212656728255
RG,43.73807469601397,5.891021024623828e-10,-5.28337770836899
RG,43.740001849937116,5.891007839738099e-10,-5.293562384081687
RG,43.74192900386026,5.890994705364477e-10,-5.3037667216834326
RG,43.7438561577834,5.890981621309248e-10,-5.313990759064444
RG,43.745783311706546,5.890968587379447e-10,-5.324234534188134
RG,43.74771046562969,5.890955603382861e-10,-5.334498085091141
RG,43.749637619552836,5.890942669128003e-10,-5.3447814498837305
RG,43.75156477347598,5.890929784424142e-10,-5.3550846667496375
RG,43.753491927399125,5.890916949081279e-10,-5.3654077739465125
RG,43.755419081322266,5.890904162910158e-10,-5.375750809805755
RG,43.75734623524541,5.890891425722246e-10,-5.38611381273293
RG,43.759273389168555,5.890878737329746e-10,-5.39649682120779
RG,43.761200543091704,5.890866097545591e-10,-5.406899873784343
RG,43.763127697014845,5.890853506183443e-10,-5.417323009091074
RG,43.765054850937986,5.890840963057685e-10,-5.427766265831168
RG,43.766982004861134,5.890828467983428e-10,-5.438229682782567
RG,43.768909158784275,5.890816020776495e-10,-5.448713298798012
RG,43.770836312707424,5.890803621253429e-10,-5.459217152805446
RG,43.772763466630565,5.890791269231499e-10,-5.469741283807856
RG,43.77469062055371,5.89077896452867e-10,-5.480285730883727
RG,43.776617774476854,5.890766706963628e-10,-5.490850533186874
RG,43.7785449284,5.890754496355765e-10,-5.501435729946901
RG,43.78047208232314,5.890742332525187e-10,-5.512041360469034
RG,43.78239923624629,5.890730215292685e-10,-5.52266746413458
RG,43.78432639016943,5.890718144479769e-10,-5.533314080400761
RG,43.786253544092574,5.890706119908634e-10,-5.543981248801132
RG,43.78818069801572,5.890694141402181e-10,-5.554669008945614
RG,43.79010785193887,5.890682208783999e-10,-5.565377400520559
RG,43.79203500586201,5.890670321878365e-10,-5.576106463288977
RG,43.79396215978515,5.890658480510252e-10,-5.586856237090766
RG,43.7958893137083,5.890646684505315e-10,-5.597626761842775
RG,43.79781646763144,5.890634933689884e-10,-5.608418077538836
RG,43.79974362155459,5.890623227890974e-10,-5.6192302242501935
RG,43.80167077547773,5.890611566936288e-10,-5.63006324212533
RG,43.80359792940088,5.890599950654189e-10,-5.640917171390435
RG,43.80552508332402,5.890588378873711e-10,-5.651792052349236
RG,43.80745223724716,5.890576851424567e-10,-5.6626879253834295
RG,43.80937939117031,5.89056536813713e-10,-5.673604830952705
RG,43.81130654509346,5.890553928842435e-10,-5.684542809594821
RG,43.8132336990166,5.89054253337217e-10,-5.695501901925831
RG,43.81516085293974,5.890531181558701e-10,-5.706482148640318
RG,43.81708800686289,5.890519873235027e-10,-5.717483590511462
RG,43.81901516078603,5.890508608234798e-10,-5.728506268391071
RG,43.82094231470918,5.89049738639232e-10,-5.739550223210015
RG,43.82286946863232,5.890486207542545e-10,-5.750615495978057
RG,43.82479662255547,5.890475071521057e-10,-5.761702127784321
RG,43.82672377647861,5.890463978164079e-10,-5.772810159797128
RG,43.82865093040175,5.890452927308468e-10,-5.783939633264429
RG,43.8305780843249,5.890441918791723e-10,-5.795090589513835
RG,43.83250523824805,5.890430952451948e-10,-5.80626306995269
RG,43.83443239217119,5.890420028127888e-10,-5.817457116068304
RG,43.83635954609433,5.890409145658908e-10,-5.828672769428191
RG,43.83828670001748,5.890398304884973e-10,-5.839910071680136
RG,43.84021385394062,5.890387505646682e-10,-5.8511690645522325
RG,43.842141007863766,5.890376747785225e-10,-5.8624497898533185
RG,43.84406816178691,5.890366031142412e-10,-5.873752289472804
RG,43.845995315710056,5.890355355560639e-10,-5.885076605381154
RG,43.8479224696332,5.890344720882911e-10,-5.8964227796297175
RG,43.849849623556345,5.890334126952824e-10,-5.907790854351209
RG,43.851776777479486,5.890323573614561e-10,-5.919180871759532
RG,43.853703931402634,5.890313060712896e-10,-5.930592874150273
RG,43.855631085325776,5.890302588093171e-10,-5.942026903900517
RG,43.85755823924892,5.890292155601324e-10,-5.9534830034693025
RG,43.859485393172065,5.890281763083844e-10,-5.964961215397645
RG,43.86141254709521,5.890271410387813e-10,-5.97646158230862
RG,43.863339701018354,5.89026109736086e-10,-5.987984146907592
RG,43.865266854941495,5.890250823851175e-10,-5.999528951982466
RG,43.867194008864644,5.890240589707508e-10,-6.011096040403759
RG,43.869121162787785,5.890230394779165e-10,-6.022685455124624
RG,43.87104831671093,5.890220238915981e-10,-6.034297239181313
RG,43.872975470634074,5.890210121968346e-10,-6.045931435692991
RG,43.87490262455722,5.890200043787193e-10,-6.0575880878622375
RG,43.876829778480364,5.890190004223971e-10,-6.069267238974861
RG,43.878756932403505,5.890180003130662e-10,-6.080968932400361
RG,43.88068408632665,5.890170040359772e-10,-6.092693211591955
RG,43.8826112402498,5.890160115764322e-10,-6.1044401200866565
RG,43.88453839417294,5.890150229197854e-10,-6.116209701505516
RG,43.88646554809608,5.890140380514406e-10,-6.128001999553874
RG,43.88839270201923,5.890130569568518e-10,-6.139817058021426
RG,43.89031985594237,5.890120796215234e-10,-6.151654920782262
RG,43.89224700986552,5.89011106031009e-10,-6.163515631795325
RG,43.89417416378866,5.890101361709099e-10,-6.175399235104227
RG,43.89610131771181,5.890091700268762e-10,-6.1873057748377605
RG,43.89802847163495,5.890082075846049e-10,-6.199235295209706
RG,43.89995562555809,5.890072488298407e-10,-6.211187840519305
RG,43.90188277948124,5.890062937483744e-10,-6.223163455151287
RG,43.90380993340439,5.890053423260425e-10,-6.235162183575946
RG,43.90573708732753,5.890043945487264e-10,-6.247184070349393
RG,43.90766424125067,5.890034504023533e-10,-6.259229160113801
RG,43.90959139517382,5.890025098728934e-10,-6.2712974975974864
RG,43.91151854909697,5.8900157294636e-10,-6.283389127614982
RG,43.91344570302011,5.890006396088112e-10,-6.295504095067286
RG,43.91537285694325,5.889997098463454e-10,-6.307642444942118
RG,43.9173000108664,5.889987836451032e-10,-6.319804222313996
RG,43.91922716478954,5.889978609912669e-10,-6.33198947234426
RG,43.92115431871269,5.889969418710582e-10,-6.344198240281558
RG,43.92308147263583,5.889960262707397e-10,-6.356430571461646
RG,43.92500862655898,5.889951141766113e-10,-6.368686511307915
RG,43.92693578048212,5.889942055753039e-10,-6.380966105332788
RG,43.92886293440526,5.889933004549445e-10,-6.393269399144623
RG,43.93079008832841,5.889923988023969e-10,-6.405596438432663
RG,43.932717242251556,5.889915006043182e-10,-6.417947268972858
RG,43.9346443961747,5.889906058474232e-10,-6.430321936629576
RG,43.93657155009784,5.889897145184847e-10,-6.442720487355859
RG,43.93849870402099,5.889888266043317e-10,-6.4551429671935034
RG,43.94042585794413,5.88987942091849e-10,-6.467589422273089
RG,43.942353011867276,5.889870609679771e-10,-6.480059898814467
RG,43.94428016579042,5.889861832197115e-10,-6.492554443126569
RG,43.946207319713565,5.889853088341014e-10,-6.505073101607938
RG,43.948134473636706,5.889844377982502e-10,-6.517615920746536
RG,43.95006162755985,5.889835700993146e-10,-6.530182947120233
RG,43.951988781482996,5.889827057245027e-10,-6.5427742273968414
RG,43.953915935406144,5.889818446610768e-10,-6.555389808334197
RG,43.955843089329285,5.889809868963488e-10,-6.568029736780421
RG,43.957770243252426,5.889801324176828e-10,-6.580694059674188
RG,43.959697397175574,5.889792812124935e-10,-6.593382824044801
RG,43.961624551098716,5.889784332682454e-10,-6.606096077012232
RG,43.963551705021864,5.889775885724527e-10,-6.618833865787616
RG,43.965478858945005,5.889767471126805e-10,-6.631596237673053
RG,43.96740601286815,5.889759088765402e-10,-6.644383240062159
RG,43.969333166791294,5.88975073851694e-10,-6.657194920439863
RG,43.97126032071444,5.889742420258514e-10,-6.670031326382958
RG,43.973187474637584,5.889734133867697e-10,-6.682892505559903
RG,43.97511462856073,5.889725879222538e-10,-6.695778505731375
RG,43.97704178248387,5.889717656201553e-10,-6.708689374750063
RG,43.978968936407014,5.889709464683732e-10,-6.721625160561182
RG,43.98089609033016,5.889701304548523e-10,-6.734585911202506
RG,43.98282324425331,5.889693175675843e-10,-6.747571674804452
RG,43.98475039817645,5.889685077946059e-10,-6.760582499590347
RG,43.98667755209959,5.889677011239997e-10,-6.773618433876708
RG,43.98860470602274,5.889668975438936e-10,-6.786679526073326
RG,43.99053185994588,5.889660970424599e-10,-6.799765824683294
RG,43.99245901386903,5.889652996079164e-10,-6.81287737830353
RG,43.99438616779217,5.889645052285252e-10,-6.82601423562457
RG,43.99631332171532,5.889637138925919e-10,-6.839176445431132
RG,43.99824047563846,5.889629255884674e-10,-6.85236405660191
RG,44.0001676295616,5.889621403045442e-10,-6.865577118110098
RG,44.00209478348475,5.889613580292609e-10,-6.878815679023423
RG,44.0040219374079,5.889605787510972e-10,-6.892079788504227
RG,44.00594909133104,5.889598024585771e-10,-6.9053694958097545
RG,44.00787624525418,5.889590291402673e-10,-6.918684850292424
RG,44.00980339917733,5.889582587847769e-10,-6.932025901399918
RG,44.01173055310047,5.889574913807579e-10,-6.94539269867522
RG,44.01365770702362,5.889567269169037e-10,-6.958785291757138
RG,44.01558486094676,5.889559653819523e-10,-6.972203730380101
RG,44.01751201486991,5.889552067646803e-10,-6.985648064374732
RG,44.01943916879305,5.889544510539084e-10,-6.999118343667639
RG,44.02136632271619,5.889536982384988e-10,-7.012614618281953
RG,44.02329347663934,5.889529483073546e-10,-7.026136938337356
RG,44.02522063056249,5.889522012494206e-10,-7.039685354050175
RG,44.02714778448563,5.88951457053683e-10,-7.053259915733662
RG,44.02907493840877,5.88950715709169e-10,-7.066860673798284
RG,44.03100209233192,5.889499772049469e-10,-7.080487678751813
RG,44.032929246255065,5.88949241530125e-10,-7.094140981199407
RG,44.03485640017821,5.88948508673854e-10,-7.1078206318439054
RG,44.03678355410135,5.889477786253238e-10,-7.1215266814861105
RG,44.038710708024496,5.889470513737658e-10,-7.135259181024883
RG,44.04063786194764,5.889463269084509e-10,-7.1490181814571745
RG,44.042565015870785,5.889456052186908e-10,-7.162803733878573
RG,44.04449216979393,5.889448862938377e-10,-7.17661588948309
RG,44.046419323717075,5.889441701232833e-10,-7.19045469956375
RG,44.048346477640216,5.889434566964605e-10,-7.204320215512383
RG,44.05027363156336,5.889427460028394e-10,-7.218212488820167
RG,44.052200785486505,5.88942038031933e-10,-7.232131571077665
RG,44.05412793940965,5.889413327732923e-10,-7.246077513974922
RG,44.056055093332795,5.889406302165083e-10,-7.26005036930175
RG,44.057982247255936,5.889399303512117e-10,-7.274050188948031
RG,44.059909401179084,5.889392331670722e-10,-7.288077024903805
RG,44.061836555102225,5.889385386537995e-10,-7.302130929259305
RG,44.06376370902537,5.889378468011424e-10,-7.316211954205519
RG,44.065690862948514,5.889371575988886e-10,-7.3303201520339645
RG,44.06761801687166,5.889364710368649e-10,-7.344455575137301
RG,44.069545170794804,5.889357871049373e-10,-7.358618276009109
RG,44.071472324717945,5.889351057930113e-10,-7.372808307244447
RG,44.07339947864109,5.889344270910304e-10,-7.387025721539895
RG,44.07532663256424,5.889337509889769e-10,-7.401270571693642
RG,44.07725378648738,5.889330774768725e-10,-7.415542910605792
RG,44.079180940410524,5.889324065447773e-10,-7.429842791278659
RG,44.08110809433367,5.889317381827896e-10,-7.444170266816866
RG,44.08303524825681,5.889310723810465e-10,-7.458525390427381
RG,44.08496240217996,5.889304091297231e-10,-7.472908215420083
RG,44.0868895561031,5.889297484190332e-10,-7.487318795207542
RG,44.08881671002625,5.88929090239229e-10,-7.501757183305636
RG,44.09074386394939,5.889284345806e-10,-7.516223433333331
RG,44.09267101787254,5.889277814334747e-10,-7.530717599013302
RG,44.09459817179568,5.889271307882182e-10,-7.545239734171707
RG,44.09652532571883,5.889264826352353e-10,-7.5597898927388165
RG,44.09845247964197,5.889258369649672e-10,-7.574368128748784
RG,44.10037963356511,5.889251937678931e-10,-7.588974496340223
RG,44.10230678748826,5.889245530345296e-10,-7.603609049756248
RG,44.10423394141141,5.889239147554319e-10,-7.618271843344566
RG,44.10616109533455,5.889232789211909e-10,-7.632962931557791
RG,44.10808824925769,5.889226455224361e-10,-7.64768236895375
RG,44.11001540318084,5.88922014549833e-10,-7.66243021019558
RG,44.11194255710398,5.889213859940855e-10,-7.677206510051768
RG,44.11386971102713,5.889207598459333e-10,-7.692011323396733
RG,44.11579686495027,5.889201360961537e-10,-7.706844705210601
RG,44.11772401887342,5.889195147355603e-10,-7.721706710579837
RG,44.11965117279656,5.889188957550034e-10,-7.736597394697018
RG,44.1215783267197,5.8891827914537e-10,-7.751516812861418
RG,44.12350548064285,5.889176648975831e-10,-7.766465020479057
RG,44.125432634565996,5.889170530026021e-10,-7.781442073062783
RG,44.12735978848914,5.889164434514228e-10,-7.796448026232602
RG,44.12928694241228,5.889158362350765e-10,-7.8114829357159845
RG,44.13121409633543,5.889152313446305e-10,-7.826546857347973
RG,44.13314125025857,5.889146287711876e-10,-7.8416398470712085
RG,44.135068404181716,5.889140285058866e-10,-7.8567619609365416
RG,44.13699555810486,5.889134305399011e-10,-7.871913255102786
RG,44.138922712028005,5.889128348644405e-10,-7.887093785837376
RG,44.14084986595115,5.88912241470749e-10,-7.902303609516127
RG,44.14277701987429,5.889116503501049e-10,-7.9175427826238405
RG,44.144704173797436,5.889110614938232e-10,-7.932811361754341
RG,44.146631327720584,5.889104748932514e-10,-7.948109403610575
RG,44.148558481643725,5.889098905397728e-10,-7.963436965004934
RG,44.15048563556687,5.889093084248037e-10,-7.978794102859578
RG,44.152412789490015,5.889087285397956e-10,-7.994180874206534
RG,44.154339943413156,5.889081508762331e-10,-8.009597336187737
RG,44.156267097336304,5.889075754256346e-10,-8.025043546055636
RG,44.158194251259445,5.889070021795521e-10,-8.040519561172959
RG,44.16012140518259,5.889064311295703e-10,-8.056025439013375
RG,44.162048559105735,5.889058622673075e-10,-8.071561237161248
RG,44.16397571302888,5.889052955844146e-10,-8.087127013312314
RG,44.165902866952024,5.889047310725745e-10,-8.102722825273435
RG,44.16783002087517,5.889041687235036e-10,-8.11834873096327
RG,44.16975717479831,5.889036085289489e-10,-8.134004788412028
RG,44.171684328721454,5.88903050480691e-10,-8.149691055762089
RG,44.1736114826446,5.889024945705408e-10,-8.165407591268046
RG,44.17553863656775,5.88901940790341e-10,-8.181154453296802
RG,44.17746579049089,5.889013891319651e-10,-8.196931700327907
RG,44.17939294441403,5.889008395873187e-10,-8.21273939095388
RG,44.18132009833718,5.88900292148336e-10,-8.22857758388032
RG,44.18324725226032,5.888997468069827e-10,-8.244446337925943
RG,44.18517440618347,5.888992035552552e-10,-8.260345712023211
RG,44.18710156010661,5.888986623851777e-10,-8.276275765218074
RG,44.18902871402976,5.888981232888059e-10,-8.292236556670668
RG,44.1909558679529,5.888975862582232e-10,-8.308228145655052
RG,44.19288302187604,5.888970512855428e-10,-8.324250591559847
RG,44.19481017579919,5.888965183629058e-10,-8.340303953888277
RG,44.19673732972234,5.888959874824815e-10,-8.356388292258268
RG,44.19866448364548,5.88895458636468e-10,-8.372503666402782
RG,44.20059163756862,5.888949318170899e-10,-8.388650136170167
RG,44.20251879149177,5.888944070166002e-10,-8.404827761524249
RG,44.20444594541491,5.888938842272772e-10,-8.421036602544376
RG,44.20637309933806,5.888933634414267e-10,-8.437276719426062
RG,44.2083002532612,5.888928446513815e-10,-8.453548172480724
RG,44.21022740718435,5.888923278494985e-10,-8.469851022136387
RG,44.21215456110749,5.888918130281612e-10,-8.48618532893742
RG,44.21408171503064,5.888913001797782e-10,-8.502551153545253
RG,44.21600886895378,5.888907892967827e-10,-8.518948556738103
RG,44.21793602287693,5.888902803716315e-10,-8.535377599411687
RG,44.21986317680007,5.888897733968064e-10,-8.551838342578966
RG,44.22179033072321,5.888892683648116e-10,-8.568330847370785
RG,44.22371748464636,5.888887652681755e-10,-8.584855175035917
RG,44.225644638569506,5.888882640994489e-10,-8.601411386941177
RG,44.22757179249265,5.888877648512046e-10,-8.617999544571752
RG,44.22949894641579,5.88887267516037e-10,-8.634619709531561
RG,44.231426100338936,5.888867720865626e-10,-8.651271943543353
RG,44.23335325426208,5.888862785554182e-10,-8.667956308448751
RG,44.235280408185226,5.888857869152625e-10,-8.68467286620891
RG,44.23720756210837,5.888852971587719e-10,-8.701421678904245
RG,44.239134716031515,5.88884809278644e-10,-8.718202808735162
RG,44.241061869954656,5.88884323267596e-10,-8.735016318021785
RG,44.2429890238778,5.888838391183621e-10,-8.751862269204615
RG,44.244916177800945,5.888833568236962e-10,-8.768740724844577
RG,44.246843331724094,5.88882876376368e-10,-8.785651747623122
RG,44.248770485647235,5.888823977691667e-10,-8.802595400342586
RG,44.250697639570376,5.888819209948968e-10,-8.819571745926533
RG,44.252624793493524,5.888814460463788e-10,-8.83658084741987
RG,44.254551947416665,5.888809729164495e-10,-8.853622767988885
RG,44.256479101339814,5.888805015979596e-10,-8.87069757092192
RG,44.258406255262955,5.88880032083776e-10,-8.887805319629086
RG,44.2603334091861,5.888795643667784e-10,-8.904946077643022
RG,44.262260563109244,5.888790984398779e-10,-8.922119908618736
RG,44.264187717032385,5.888786342973759e-10,-8.939326876344639
RG,44.26611487095553,5.888781719331926e-10,-8.956567044729189
RG,44.26804202487868,5.888777113404571e-10,-8.973840477797816
RG,44.26996917880182,5.888772525123291e-10,-8.991147239699556
RG,44.271896332724964,5.888767954420038e-10,-9.008487394707405
RG,44.27382348664811,5.888763401227071e-10,-9.025861007218444
RG,44.27575064057125,5.888758865476973e-10,-9.043268141753869
RG,44.2776777944944,5.888754347102634e-10,-9.060708862959679
RG,44.27960494841754,5.888749846037252e-10,-9.078183235606406
RG,44.28153210234069,5.888745362214326e-10,-9.095691324589865
RG,44.28345925626383,5.88874089556764e-10,-9.113233194930867
RG,44.28538641018698,5.888736446031299e-10,-9.130808911775992
RG,44.28731356411012,5.88873201353967e-10,-9.148418540397293
RG,44.28924071803327,5.888727598027415e-10,-9.166062146193072
RG,44.29116787195641,5.888723199429469e-10,-9.183739794687586
RG,44.29309502587955,5.888718817681043e-10,-9.201451551531752
RG,44.2950221798027,5.888714452717627e-10,-9.219197482503192
RG,44.29694933372585,5.888710104474979e-10,-9.236977653506345
RG,44.29887648764899,5.888705772889108e-10,-9.254792130572836
RG,44.30080364157213,5.888701457896302e-10,-9.272640979861858
RG,44.30273079549528,5.888697159433091e-10,-9.290524267660278
RG,44.30465794941842,5.888692877436276e-10,-9.308442060382689
RG,44.30658510334157,5.888688611842897e-10,-9.326394424572113
RG,44.30851225726471,5.888684362590239e-10,-9.344381426899723
RG,44.31043941118786,5.888680129615861e-10,-9.36240313416561
RG,44.312366565111,5.888675912857524e-10,-9.38045961329851
RG,44.31429371903414,5.888671712253265e-10,-9.398550931356507
RG,44.31622087295729,5.888667527741342e-10,-9.416677155527086
RG,44.318148026880436,5.888663359260254e-10,-9.434838353127248
RG,44.32007518080358,5.888659206748738e-10,-9.453034591603894
RG,44.32200233472672,5.888655070145755e-10,-9.471265938534199
RG,44.32392948864987,5.8886509493905e-10,-9.48953246162574
RG,44.32585664257301,5.8886468444224e-10,-9.507834228716542
RG,44.327783796496156,5.888642755181101e-10,-9.526171307775792
RG,44.3297109504193,5.888638681606478e-10,-9.544543766903562
RG,44.331638104342446,5.888634623638627e-10,-9.562951674331597
RG,44.33356525826559,5.888630581217864e-10,-9.581395098423021
RG,44.335492412188735,5.888626554284726e-10,-9.599874107673147
RG,44.337419566111876,5.888622542779977e-10,-9.61838877070917
RG,44.339346720035024,5.888618546644585e-10,-9.63693915629098
RG,44.341273873958166,5.888614565819741e-10,-9.655525333310862
RG,44.34320102788131,5.888610600246845e-10,-9.674147370794238
RG,44.345128181804455,5.888606649867517e-10,-9.692805337899708
RG,44.3470553357276,5.888602714623588e-10,-9.71149930391918
RG,44.348982489650744,5.888598794457093e-10,-9.730229338278253
RG,44.350909643573885,5.888594889310297e-10,-9.748995510536623
RG,44.352836797497034,5.888590999125648e-10,-9.767797890388199
RG,44.354763951420175,5.888587123845825e-10,-9.786636547661152
RG,44.35669110534332,5.888583263413703e-10,-9.805511552318661
RG,44.358618259266464,5.88857941777237e-10,-9.824422974458619
RG,44.36054541318961,5.88857558686512e-10,-9.843370884314451
RG,44.36247256711275,5.888571770635446e-10,-9.86235535225481
RG,44.364399721035895,5.88856796902706e-10,-9.881376448784334
RG,44.36632687495904,5.88856418198387e-10,-9.900434244543698
RG,44.36825402888219,5.888560409449989e-10,-9.919528810309734
RG,44.37018118280533,5.88855665136974e-10,-9.938660216995833
RG,44.37210833672847,5.888552907687635e-10,-9.957828535652354
RG,44.37403549065162,5.888549178348413e-10,-9.977033837466745
RG,44.37596264457476,5.888545463296996e-10,-9.996276193763595
RG,44.37788979849791,5.888541762478515e-10,-10.015555676005391
RG,44.37981695242105,5.888538075838309e-10,-10.034872355792226
RG,44.3817441063442,5.88853440332191e-10,-10.054226304862626
RG,44.38367126026734,5.888530744875059e-10,-10.073617595093248
RG,44.38559841419048,5.888527100443696e-10,-10.093046298499651
RG,44.38752556811363,5.888523469973962e-10,-10.112512487236346
RG,44.38945272203678,5.888519853412198e-10,-10.13201623359692
RG,44.39137987595992,5.888516250704956e-10,-10.151557610014454
RG,44.39330702988306,5.888512661798975e-10,-10.171136689061925
RG,44.39523418380621,5.888509086641203e-10,-10.190753543452349
RG,44.39716133772935,5.888505525178787e-10,-10.21040824603882
RG,44.3990884916525,5.888501977359079e-10,-10.230100869815296
RG,44.40101564557564,5.888498443129623e-10,-10.249831487916284
RG,44.40294279949879,5.888494922438172e-10,-10.2696001736177
RG,44.40486995342193,5.888491415232673e-10,-10.289407000336556
RG,44.40679710734508,5.888487921461276e-10,-10.309252041631817
RG,44.40872426126822,5.88848444107234e-10,-10.32913537120409
RG,44.41065141519137,5.888480974014407e-10,-10.349057062896485
RG,44.41257856911451,5.88847752023623e-10,-10.3690171906943
RG,44.41450572303765,5.888474079686763e-10,-10.389015828725817
RG,44.4164328769608,5.888470652315152e-10,-10.40905305126235
RG,44.418360030883946,5.888467238070748e-10,-10.429128932718378
RG,44.42028718480709,5.888463836903109e-10,-10.449243547651967
RG,44.42221433873023,5.888460448761979e-10,-10.469396970765203
RG,44.424141492653376,5.888457073597306e-10,-10.489589276904306
RG,44.42606864657652,5.888453711359243e-10,-10.509820541059707
RG,44.427995800499666,5.888450361998132e-10,-10.530090838366828
RG,44.42992295442281,5.888447025464525e-10,-10.550400244105775
RG,44.431850108345955,5.888443701709164e-10,-10.570748833702218
RG,44.433777262269096,5.888440390682995e-10,-10.591136682727068
RG,44.43570441619224,5.888437092337161e-10,-10.611563866897283
RG,44.437631570115386,5.888433806622999e-10,-10.632030462075923
RG,44.439558724038534,5.888430533492049e-10,-10.65253654427229
RG,44.441485877961675,5.888427272896041e-10,-10.673082189642354
RG,44.443413031884816,5.888424024786913e-10,-10.693667474489185
RG,44.445340185807964,5.888420789116794e-10,-10.714292475263095
RG,44.447267339731106,5.888417565838003e-10,-10.734957268561686
RG,44.449194493654254,5.888414354903062e-10,-10.755661931130673
RG,44.451121647577395,5.888411156264693e-10,-10.776406539863553
RG,44.45304880150054,5.888407969875802e-10,-10.797191171802508
RG,44.454975955423684,5.888404795689498e-10,-10.818015904138077
RG,44.45690310934683,5.888401633659077e-10,-10.838880814210059
RG,44.458830263269974,5.888398483738035e-10,-10.859785979507178
RG,44.46075741719312,5.888395345880052e-10,-10.880731477667995
RG,44.46268457111626,5.888392220039011e-10,-10.901717386480575
RG,44.464611725039404,5.888389106168977e-10,-10.92274378388332
RG,44.46653887896255,5.88838600422421e-10,-10.94381074796502
RG,44.4684660328857,5.88838291415916e-10,-10.964918356965002
RG,44.47039318680884,5.888379835928467e-10,-10.986066689273557
RG,44.47232034073198,5.888376769486949e-10,-11.007255823432395
RG,44.47424749465513,5.888373714789627e-10,-11.028485838134792
RG,44.47617464857827,5.888370671791696e-10,-11.04975681222563
RG,44.47810180250142,5.888367640448545e-10,-11.071068824702243
RG,44.48002895642456,5.888364620715738e-10,-11.09242195471409
RG,44.48195611034771,5.888361612549031e-10,-11.113816281563674
RG,44.48388326427085,5.888358615904353e-10,-11.135251884706193
RG,44.48581041819399,5.888355630737827e-10,-11.15672884375041
RG,44.48773757211714,5.888352657005741e-10,-11.178247238458692
RG,44.48966472604029,5.888349694664571e-10,-11.199807148747158
RG,44.49159187996343,5.888346743670963e-10,-11.221408654686131
RG,44.49351903388657,5.88834380398175e-10,-11.243051836500591
RG,44.49544618780972,5.888340875553921e-10,-11.264736774570313
RG,44.49737334173286,5.888337958344662e-10,-11.286463549429934
RG,44.49930049565601,5.888335052311306e-10,-11.3082322417698
RG,44.50122764957915,5.888332157411365e-10,-11.330042932435626
RG,44.5031548035023,5.88832927360253e-10,-11.351895702429447
RG,44.50508195742544,5.88832640084264e-10,-11.37379063290926
RG,44.50700911134858,5.888323539089705e-10,-11.395727805189901
RG,44.50893626527173,5.888320688301906e-10,-11.417707300743094
RG,44.51086341919488,5.888317848437577e-10,-11.439729201197597
RG,44.51279057311802,5.888315019455205e-10,-11.461793588339663
RG,44.51471772704116,5.888312201313447e-10,-11.483900544113508
RG,44.51664488096431,5.888309393971102e-10,-11.506050150621443
RG,44.51857203488745,5.888306597387137e-10,-11.528242490123944
RG,44.5204991888106,5.888303811520651e-10,-11.550477645040518
RG,44.52242634273374,5.888301036330901e-10,-11.572755697949361
RG,44.524353496656886,5.888298271777296e-10,-11.59507673158831
RG,44.52628065058003,5.888295517819374e-10,-11.617440828854498
RG,44.528207804503175,5.888292774416826e-10,-11.639848072805318
RG,44.530134958426316,5.888290041529473e-10,-11.662298546658064
RG,44.532062112349465,5.888287319117279e-10,-11.68479233379091
RG,44.533989266272606,5.888284607140339e-10,-11.707329517742535
RG,44.53591642019575,5.888281905558872e-10,-11.729910182213038
RG,44.537843574118895,5.888279214333235e-10,-11.752534411063975
RG,44.53977072804204,5.888276533423909e-10,-11.775202288318516
RG,44.541697881965185,5.888273862791487e-10,-11.79791389816191
RG,44.543625035888326,5.888271202396695e-10,-11.820669324941973
RG,44.545552189811474,5.888268552200358e-10,-11.843468653169218
RG,44.547479343734615,5.888265912163434e-10,-11.866311967516928
RG,44.54940649765776,5.888263282246971e-10,-11.889199352822049
RG,44.551333651580904,5.888260662412146e-10,-11.912130894084825
RG,44.55326080550405,5.888258052620217e-10,-11.935106676469797
RG,44.555187959427194,5.888255452832555e-10,-11.95812678530542
RG,44.557115113350335,5.888252863010624e-10,-11.981191306084991
RG,44.55904226727348,5.888250283115977e-10,-12.004300324466696
RG,44.56096942119663,5.888247713110269e-10,-12.027453926273758
RG,44.56289657511977,5.888245152955226e-10,-12.050652197494916
RG,44.564823729042914,5.888242602612659e-10,-12.073895224284925
RG,44.56675088296606,5.888240062044468e-10,-12.097183092964688
RG,44.5686780368892,5.888237531212614e-10,-12.120515890021318
RG,44.57060519081235,5.888235010079135e-10,-12.143893702109063
RG,44.57253234473549,5.888232498606133e-10,-12.167316616048925
RG,44.57445949865864,5.888229996755776e-10,-12.19078471882968
RG,44.57638665258178,5.888227504490281e-10,-12.214298097607486
RG,44.57831380650492,5.888225021771934e-10,-12.237856839706831
RG,44.58024096042807,5.888222548563052e-10,-12.261461032620579
RG,44.58216811435122,5.888220084826009e-10,-12.285110764010115
RG,44.58409526827436,5.888217630523222e-10,-12.308806121705846
RG,44.5860224221975,5.888215185617132e-10,-12.33254719370769
RG,44.58794957612065,5.888212750070223e-10,-12.35633406818523
RG,44.5898767300438,5.888210323844996e-10,-12.380166833477855
RG,44.59180388396694,5.888207906903984e-10,-12.404045578095259
RG,44.59373103789008,5.888205499209726e-10,-12.42797039071794
RG,44.59565819181323,5.888203100724788e-10,-12.451941360197349
RG,44.59758534573637,5.888200711411729e-10,-12.475958575555948
RG,44.59951249965952,5.888198331239132e-10,-12.500022125994548
RG,44.60143965358266,5.888195960186154e-10,-12.52413210089684
RG,44.60336680750581,5.888193598218032e-10,-12.548288589804418
RG,44.60529396142895,5.88819124529942e-10,-12.572491682430506
RG,44.60722111535209,5.888188901395165e-10,-12.596741468661753
RG,44.60914826927524,5.888186566470325e-10,-12.62103803855829
RG,44.611075423198386,5.888184240490135e-10,-12.645381482353892
RG,44.61300257712153,5.888181923420029e-10,-12.669771890456483
RG,44.61492973104467,5.888179615225618e-10,-12.69420935344864
RG,44.61685688496782,5.888177315872695e-10,-12.718693962087764
RG,44.61878403889096,5.888175025327229e-10,-12.743225807306121
RG,44.620711192814106,5.888172743555354e-10,-12.76780498021183
RG,44.62263834673725,5.888170470523372e-10,-12.792431572088454
RG,44.624565500660395,5.888168206197752e-10,-12.817105674396077
RG,44.62649265458354,5.888165950545112e-10,-12.841827378770903
RG,44.62841980850668,5.888163703532233e-10,-12.866596777026237
RG,44.630346962429826,5.888161465126054e-10,-12.89141396115255
RG,44.632274116352974,5.888159235293644e-10,-12.916279023317628
RG,44.634201270276115,5.88815701400223e-10,-12.9411920558671
RG,44.636128424199256,5.888154801219187e-10,-12.966153151324963
RG,44.638055578122405,5.888152596912016e-10,-12.991162402393737
RG,44.639982732045546,5.888150401048364e-10,-13.01621990195453
RG,44.641909885968694,5.888148213596009e-10,-13.041325743068027
RG,44.643837039891835,5.888146034522859e-10,-13.066480018974097
RG,44.64576419381498,5.888143863796958e-10,-13.091682823092876
RG,44.647691347738125,5.888141701386473e-10,-13.116934249024366
RG,44.64961850166127,5.8881395472597e-10,-13.142234390549532
RG,44.651545655584414,5.888137401385043e-10,-13.1675833416299
RG,44.65347280950756,5.888135263731057e-10,-13.192981196408645
RG,44.6553999634307,5.888133134266387e-10,-13.218428049210203
RG,44.657327117353844,5.888131012959811e-10,-13.243923994541264
RG,44.65925427127699,5.888128899780219e-10,-13.26946912709085
RG,44.66118142520014,5.888126794696621e-10,-13.295063541730471
RG,44.66310857912328,5.888124697678129e-10,-13.320707333514665
RG,44.66503573304642,5.888122608693981e-10,-13.34640059768154
RG,44.66696288696957,5.888120527713514e-10,-13.372143429652942
RG,44.66889004089271,5.88811845470618e-10,-13.397935925034513
RG,44.67081719481586,5.888116389641535e-10,-13.423778179616722
RG,44.672744348739,5.888114332489253e-10,-13.449670289374453
RG,44.67467150266215,5.888112283219106e-10,-13.475612350468118
RG,44.67659865658529,5.88811024180097e-10,-13.501604459243268
RG,44.67852581050843,5.88810820820483e-10,-13.527646712231594
RG,44.68045296443158,5.888106182400775e-10,-13.553739206151018
RG,44.68238011835473,5.888104164358999e-10,-13.579882037905854
RG,44.68430727227787,5.88810215404979e-10,-13.606075304587355
RG,44.68623442620101,5.888100151443551e-10,-13.63231910347427
RG,44.68816158012416,5.888098156510777e-10,-13.658613532033018
RG,44.6900887340473,5.888096169222071e-10,-13.684958687917744
RG,44.69201588797045,5.888094189548134e-10,-13.711354668971378
RG,44.69394304189359,5.888092217459766e-10,-13.737801573225207
RG,44.69587019581674,5.888090252927873e-10,-13.764299498900028
RG,44.69779734973988,5.888088295923455e-10,-13.790848544405726
RG,44.69972450366302,5.888086346417619e-10,-13.817448808342327
RG,44.70165165758617,5.888084404381565e-10,-13.84410038950007
RG,44.70357881150932,5.888082469786597e-10,-13.870803386859578
RG,44.70550596543246,5.888080542604118e-10,-13.89755789959242
RG,44.7074331193556,5.888078622805629e-10,-13.92436402706168
RG,44.70936027327875,5.888076710362741e-10,-13.95122186882213
RG,44.711287427201896,5.888074805247149e-10,-13.978131524620398
RG,44.71321458112504,5.888072907430655e-10,-14.005093094395539
RG,44.71514173504818,5.888071016885168e-10,-14.032106678279607
RG,44.717068888971326,5.888069133582686e-10,-14.059172376597827
RG,44.71899604289447,5.888067257495315e-10,-14.086290289868668
RG,44.720923196817616,5.888065388595253e-10,-14.113460518804919
RG,44.72285035074076,5.888063526854816e-10,-14.140683164313261
RG,44.724777504663905,5.8880616722464e-10,-14.167958327495441
RG,44.726704658587046,5.888059824742513e-10,-14.195286109647853
RG,44.72863181251019,5.888057984315771e-10,-14.222666612262614
RG,44.730558966433335,5.888056150938873e-10,-14.25009993702764
RG,44.732486120356484,5.888054324584641e-10,-14.27758618582682
RG,44.734413274279625,5.888052505225975e-10,-14.305125460740603
RG,44.736340428202766,5.888050692835906e-10,-14.332717864046575
RG,44.738267582125914,5.888048887387544e-10,-14.360363498219641
RG,44.740194736049055,5.888047088854113e-10,-14.388062465932096
RG,44.7421218899722,5.888045297208943e-10,-14.41581487005473
RG,44.744049043895345,5.888043512425455e-10,-14.44362081365638
RG,44.74597619781849,5.888041734477186e-10,-14.471480400005149
RG,44.747903351741634,5.888039963337773e-10,-14.49939373256795
RG,44.749830505664775,5.888038198980956e-10,-14.527360915011633
RG,44.75175765958792,5.888036441380583e-10,-14.555382051203038
RG,44.75368481351107,5.888034690510602e-10,-14.583457245209202
RG,44.75561196743421,5.88803294634507e-10,-14.611586601297926
RG,44.757539121357354,5.888031208858146e-10,-14.639770223938388
RG,44.7594662752805,5.888029478024104e-10,-14.668008217801319
RG,44.76139342920364,5.88802775381731e-10,-14.69630068775908
RG,44.76332058312679,5.888026036212244e-10,-14.724647738886787
RG,44.76524773704993,5.888024325183496e-10,-14.753049476461854
RG,44.76717489097308,5.888022620705749e-10,-14.781506005965234
RG,44.76910204489622,5.888020922753809e-10,-14.810017433080969
RG,44.77102919881937,5.888019231302577e-10,-14.838583863697421
RG,44.77295635274251,5.88801754632706e-10,-14.867205403906828
RG,44.77488350666566,5.888015867802383e-10,-14.895882160006543
RG,44.7768106605888,5.888014195703766e-10,-14.924614238498574
RG,44.77873781451194,5.888012530006546e-10,-14.953401746090735
RG,44.78066496843509,5.888010870686159e-10,-14.982244789696718
RG,44.78259212235824,5.888009217718147e-10,-15.011143476436276
RG,44.78451927628138,5.88800757107817e-10,-15.040097913635838
RG,44.78644643020452,5.888005930741976e-10,-15.069108208829121
RG,44.78837358412767,5.888004296685435e-10,-15.098174469757316
RG,44.79030073805081,5.888002668884527e-10,-15.127296804369163
RG,44.79222789197396,5.888001047315314e-10,-15.15647532082211
RG,44.7941550458971,5.887999431953993e-10,-15.185710127481853
RG,44.79608219982025,5.887997822776849e-10,-15.215001332923595
RG,44.79800935374339,5.887996219760275e-10,-15.244349045931596
RG,44.79993650766653,5.88799462288077e-10,-15.273753375500323
RG,44.80186366158968,5.887993032114938e-10,-15.30321443083454
RG,44.803790815512826,5.887991447439497e-10,-15.332732321349491
RG,44.80571796943597,5.887989868831246e-10,-15.362307156671521
RG,44.80764512335911,5.887988296267111e-10,-15.391939046638711
RG,44.80957227728226,5.887986729724105e-10,-15.421628101301055
RG,44.8114994312054,5.887985169179341e-10,-15.451374430920552
RG,44.813426585128546,5.887983614610054e-10,-15.481178145972374
RG,44.81535373905169,5.88798206599356e-10,-15.511039357144403
RG,44.817280892974836,5.887980523307284e-10,-15.540958175338519
RG,44.81920804689798,5.887978986528737e-10,-15.570934711670127
RG,44.82113520082112,5.887977455635554e-10,-15.60096907746935
RG,44.823062354744266,5.887975930605441e-10,-15.6310613842811
RG,44.824989508667414,5.887974411416215e-10,-15.661211743865284
RG,44.826916662590556,5.887972898045784e-10,-15.691420268197422
RG,44.8288438165137,5.887971390472154e-10,-15.721687069469299
RG,44.830770970436845,5.887969888673419e-10,-15.752012260089153
RG,44.83269812435999,5.88796839262777e-10,-15.782395952681865
RG,44.834625278283134,5.887966902313485e-10,-15.81283826008961
RG,44.836552432206275,5.887965417708936e-10,-15.84333929537248
RG,44.838479586129424,5.88796393879258e-10,-15.873899171808704
RG,44.840406740052565,5.887962465542961e-10,-15.904518002894706
RG,44.84233389397571,5.887960997938711e-10,-15.93519590234633
RG,44.844261047898854,5.887959535958547e-10,-15.965932984098348
RG,44.846188201822,5.88795807958126e-10,-15.99672936230579
RG,44.84811535574514,5.887956628785732e-10,-16.027585151343462
RG,44.850042509668285,5.887955183550921e-10,-16.058500465807157
RG,44.85196966359143,5.88795374385586e-10,-16.089475420513743
RG,44.85389681751458,5.887952309679662e-10,-16.120510130501366
RG,44.85582397143772,5.887950881001508e-10,-16.15160471103008
RG,44.85775112536086,5.88794945780066e-10,-16.18275927758253
RG,44.85967827928401,5.887948040056437e-10,-16.21397394586413
RG,44.86160543320715,5.887946627748237e-10,-16.24524883180315
RG,44.8635325871303,5.887945220855518e-10,-16.276584051551954
RG,44.86545974105344,5.887943819357806e-10,-16.307979721486507
RG,44.86738689497659,5.887942423234685e-10,-16.339435958207716
RG,44.86931404889973,5.887941032465798e-10,-16.37095287854095
RG,44.87124120282287,5.887939647030837e-10,-16.402530599537275
RG,44.87316835674602,5.887938266909578e-10,-16.43416923847353
RG,44.87509551066917,5.887936892081803e-10,-16.465868912852542
RG,44.87702266459231,5.887935522527379e-10,-16.49762974040378
RG,44.87894981851545,5.887934158226206e-10,-16.529451839084025
RG,44.8808769724386,5.887932799158233e-10,-16.561335327077572
RG,44.88280412636174,5.887931445303435e-10,-16.593280322796307
RG,44.88473128028489,5.887930096641847e-10,-16.625286944880983
RG,44.88665843420803,5.887928753153522e-10,-16.657355312200686
RG,44.88858558813118,5.887927414818556e-10,-16.689485543854243
RG,44.89051274205432,5.887926081617063e-10,-16.721677759169697
RG,44.89243989597747,5.887924753529197e-10,-16.753932077705702
RG,44.89436704990061,5.887923430535119e-10,-16.786248619251005
RG,44.89629420382376,5.887922112615019e-10,-16.81862750382584
RG,44.8982213577469,5.887920799749105e-10,-16.851068851681426
RG,44.90014851167004,5.887919491917591e-10,-16.883572783301226
RG,44.90207566559319,5.887918189100702e-10,-16.916139419401045
RG,44.904002819516336,5.887916891278673e-10,-16.94876888092922
RG,44.90592997343948,5.887915598431729e-10,-16.981461289067315
RG,44.90785712736262,5.887914310540108e-10,-17.014216765230803
RG,44.909784281285766,5.887913027584038e-10,-17.04703543106926
RG,44.91171143520891,5.887911749543726e-10,-17.07991740846646
RG,44.913638589132056,5.887910476399382e-10,-17.11286281954167
RG,44.9155657430552,5.887909208131189e-10,-17.14587178664911
RG,44.917492896978345,5.887907944719304e-10,-17.17894443237939
RG,44.919420050901486,5.887906686143876e-10,-17.212080879558975
RG,44.92134720482463,5.887905432385001e-10,-17.24528125125149
RG,44.923274358747776,5.887904183422759e-10,-17.278545670757808
RG,44.925201512670924,5.887902939237184e-10,-17.31187426161624
RG,44.927128666594065,5.887901699808264e-10,-17.345267147603252
RG,44.929055820517206,5.887900465115942e-10,-17.378724452734154
RG,44.930982974440354,5.88789923514011e-10,-17.412246301263295
RG,44.932910128363496,5.887898009860601e-10,-17.445832817684156
RG,44.934837282286644,5.887896789258381e-10,-17.479484126732448
RG,44.936764436209785,5.887895573329714e-10,-17.513200353406674
RG,44.93869159013293,5.887894362060969e-10,-17.54698162293225
RG,44.940618744056074,5.887893155433729e-10,-17.580828060768436
RG,44.942545897979215,5.887891953429707e-10,-17.614739792617
RG,44.944473051902364,5.887890756030752e-10,-17.648716944422304
RG,44.94640020582551,5.887889563218835e-10,-17.68275964237151
RG,44.94832735974865,5.887888374976064e-10,-17.716868012895308
RG,44.950254513671794,5.887887191284662e-10,-17.75104218266861
RG,44.95218166759494,5.887886012126969e-10,-17.785282278610786
RG,44.95410882151808,5.887884837485445e-10,-17.819588427885737
RG,44.95603597544123,5.887883667342641e-10,-17.85396075790325
RG,44.95796312936437,5.887882501681231e-10,-17.888399396318455
RG,44.95989028328752,5.887881340483972e-10,-17.922904471033313
RG,44.96181743721066,5.887880183733743e-10,-17.95747611019606
RG,44.96374459113381,5.887879031413491e-10,-17.992114442202702
RG,44.96567174505695,5.887877883506264e-10,-18.026819595696477
RG,44.9675988989801,5.887876739995213e-10,-18.06159169956933
RG,44.96952605290324,5.887875600863548e-10,-18.096430882961393
RG,44.97145320682638,5.887874466094577e-10,-18.131337275262325
RG,44.97338036074953,5.887873335671688e-10,-18.16631100611143
RG,44.97530751467268,5.887872209578338e-10,-18.201352205397868
RG,44.97723466859582,5.887871087798067e-10,-18.236461003261386
RG,44.97916182251896,5.887869970314478e-10,-18.271637530093074
RG,44.98108897644211,5.887868857111251e-10,-18.306881916535566
RG,44.98301613036525,5.887867748172139e-10,-18.34219429348315
RG,44.9849432842884,5.887866643480942e-10,-18.377574792083152
RG,44.98687043821154,5.887865543021552e-10,-18.41302354373539
RG,44.98879759213469,5.887864446777896e-10,-18.448540680093686
RG,44.99072474605783,5.887863354733985e-10,-18.484126333065323
RG,44.99265189998097,5.88786226687387e-10,-18.519780634812438
RG,44.99457905390412,5.887861183181679e-10,-18.55550371775213
RG,44.99650620782727,5.887860103641575e-10,-18.591295714556676
RG,44.99843336175041,5.887859028237801e-10,-18.62715675815429
RG,45.00036051567355,5.887857956954633e-10,-18.663086981729872
RG,45.0022876695967,5.887856889776416e-10,-18.699086518725252
RG,45.00421482351984,5.887855826687537e-10,-18.73515550283928
RG,45.00614197744299,5.887854767672438e-10,-18.771294068029235
RG,45.00806913136613,5.887853712715614e-10,-18.807502348510287
RG,45.009996285289276,5.887852661801611e-10,-18.843780478757036
RG,45.01192343921242,5.887851614915016e-10,-18.88012859350295
RG,45.013850593135565,5.887850572040466e-10,-18.916546827741936
RG,45.015777747058706,5.887849533162655e-10,-18.953035316727775
RG,45.017704900981855,5.88784849826632e-10,-18.989594195975684
RG,45.019632054904996,5.887847467336244e-10,-19.026223601261755
RG,45.02155920882814,5.887846440357259e-10,-19.062923668624396
RG,45.023486362751285,5.887845417314237e-10,-19.099694534364428
RG,45.02541351667443,5.887844398192107e-10,-19.136536335045328
RG,45.027340670597575,5.887843382975836e-10,-19.173449207494006
RG,45.029267824520716,5.887842371650444e-10,-19.21043328880158
RG,45.031194978443864,5.887841364200993e-10,-19.247488716323613
RG,45.033122132367005,5.887840360612581e-10,-19.284615627680218
RG,45.03504928629015,5.887839360870371e-10,-19.32181416075753
RG,45.036976440213294,5.887838364959562e-10,-19.359084453707116
RG,45.03890359413644,5.8878373728654e-10,-19.396426644947574
RG,45.040830748059584,5.887836384573178e-10,-19.433840873163984
RG,45.042757901982725,5.887835400068232e-10,-19.471327277309346
RG,45.04468505590587,5.887834419335953e-10,-19.50888599660471
RG,45.04661220982902,5.88783344236177e-10,-19.54651717053941
RG,45.04853936375216,5.887832469131163e-10,-19.584220938871855
RG,45.050466517675304,5.887831499629665e-10,-19.621997441630327
RG,45.05239367159845,5.887830533842841e-10,-19.65984681911323
RG,45.05432082552159,5.887829571756323e-10,-19.697769211889195
RG,45.05624797944474,5.887828613355783e-10,-19.735764760798567
RG,45.05817513336788,5.88782765862693e-10,-19.77383360695282
RG,45.06010228729103,5.88782670755555e-10,-19.811975891736207
RG,45.06202944121417,5.887825760127456e-10,-19.850191756805152
RG,45.06395659513731,5.887824816328514e-10,-19.88848134408977
RG,45.06588374906046,5.88782387614465e-10,-19.926844795793965
RG,45.06781090298361,5.887822939561837e-10,-19.965282254395685
RG,45.06973805690675,5.887822006566092e-10,-20.003793862647733
RG,45.07166521082989,5.887821077143494e-10,-20.042379763578573
RG,45.07359236475304,5.887820151280165e-10,-20.081040100492594
RG,45.07551951867618,5.887819228962291e-10,-20.119775016970202
RG,45.07744667259933,5.887818310176104e-10,-20.15858465686936
RG,45.07937382652247,5.887817394907891e-10,-20.19746916432498
RG,45.08130098044562,5.887816483143996e-10,-20.236428683750596
RG,45.08322813436876,5.887815574870815e-10,-20.27546335983777
RG,45.08515528829191,5.887814670074797e-10,-20.314573337557775
RG,45.08708244221505,5.887813768742447e-10,-20.353758762160968
RG,45.0890095961382,5.887812870860337e-10,-20.393019779178502
RG,45.09093675006134,5.887811976415085e-10,-20.432356534421707
RG,45.09286390398448,5.887811085393363e-10,-20.47176917398364
RG,45.09479105790763,5.887810197781906e-10,-20.511257844239204
RG,45.096718211830776,5.88780931356751e-10,-20.550822691845394
RG,45.09864536575392,5.887808432737021e-10,-20.590463863742134
RG,45.10057251967706,5.887807555277359e-10,-20.63018150715312
RG,45.10249967360021,5.88780668117548e-10,-20.669975769586078
RG,45.10442682752335,5.887805810418414e-10,-20.70984679883286
RG,45.106353981446496,5.887804942993256e-10,-20.749794742971037
RG,45.10828113536964,5.887804078887143e-10,-20.789819750363264
RG,45.110208289292785,5.887803218087285e-10,-20.82992196965901
RG,45.11213544321593,5.88780236058095e-10,-20.87010154979395
RG,45.11406259713907,5.887801506355465e-10,-20.910358639991514
RG,45.115989751062216,5.887800655398219e-10,-20.950693389763035
RG,45.117916904985364,5.887799807696659e-10,-20.991105948907997
RG,45.119844058908505,5.887798963238301e-10,-21.031596467514877
RG,45.121771212831646,5.88779812201071e-10,-21.072165095962017
RG,45.123698366754795,5.88779728400152e-10,-21.112811984917883
RG,45.125625520677936,5.88779644919843e-10,-21.153537285341166
RG,45.127552674601084,5.887795617589185e-10,-21.194341148482394
RG,45.129479828524225,5.887794789161612e-10,-21.235223725883316
RG,45.13140698244737,5.887793963903578e-10,-21.276185169378625
RG,45.133334136370514,5.887793141803033e-10,-21.31722563109536
RG,45.13526129029366,5.887792322847959e-10,-21.35834526345466
RG,45.137188444216804,5.887791507026429e-10,-21.39954421917111
RG,45.13911559813995,5.887790694326559e-10,-21.44082265125454
RG,45.14104275206309,5.887789884736523e-10,-21.482180713009367
RG,45.142969905986234,5.88778907824457e-10,-21.523618558036233
RG,45.14489705990938,5.887788274838991e-10,-21.565136340232126
RG,45.14682421383253,5.887787474508149e-10,-21.606734213790624
RG,45.14875136775567,5.887786677240454e-10,-21.648412333202796
RG,45.15067852167881,5.887785883024382e-10,-21.690170853258067
RG,45.15260567560196,5.887785091848464e-10,-21.732009929044498
RG,45.1545328295251,5.88778430370129e-10,-21.77392971594889
RG,45.15645998344825,5.887783518571505e-10,-21.81593036965844
RG,45.15838713737139,5.887782736447804e-10,-21.858012046160084
RG,45.16031429129454,5.887781957318945e-10,-21.900174901742325
RG,45.16224144521768,5.887781181173734e-10,-21.942419092994555
RG,45.16416859914082,5.887780408001033e-10,-21.98474477680872
RG,45.16609575306397,5.887779637789755e-10,-22.02715211037947
RG,45.16802290698712,5.887778870528864e-10,-22.06964125120437
RG,45.16995006091026,5.887778106207374e-10,-22.112212357084857
RG,45.1718772148334,5.88777734481435e-10,-22.1548655861271
RG,45.17380436875655,5.887776586338895e-10,-22.197601096742282
RG,45.17573152267969,5.887775830770179e-10,-22.240419047646718
RG,45.17765867660284,5.887775078097398e-10,-22.28331959786354
RG,45.17958583052598,5.887774328309793e-10,-22.326302906722013
RG,45.18151298444913,5.887773581396665e-10,-22.36936913385943
RG,45.18344013837227,5.887772837347341e-10,-22.412518439220378
RG,45.18536729229541,5.887772096151188e-10,-22.455750983058486
RG,45.18729444621856,5.887771357797617e-10,-22.499066925936514
RG,45.18922160014171,5.887770622276079e-10,-22.54246642872664
RG,45.19114875406485,5.887769889576043e-10,-22.58594965261138
RG,45.19307590798799,5.887769159687032e-10,-22.629516759084478
RG,45.19500306191114,5.887768432598585e-10,-22.67316790995121
RG,45.19693021583428,5.887767708300279e-10,-22.71690326732848
RG,45.19885736975743,5.887766986781716e-10,-22.760722993646564
RG,45.20078452368057,5.887766268032523e-10,-22.804627251648395
RG,45.202711677603716,5.887765552042345e-10,-22.848616204391476
RG,45.20463883152686,5.887764838800863e-10,-22.892690015247183
RG,45.206565985450005,5.88776412829776e-10,-22.936848847902656
RG,45.20849313937315,5.887763420522751e-10,-22.981092866360104
RG,45.210420293296295,5.887762715465552e-10,-23.025422234938727
RG,45.212347447219436,5.8877620131159e-10,-23.069837118273995
RG,45.21427460114258,5.887761313463537e-10,-23.114337681319416
RG,45.216201755065725,5.887760616498216e-10,-23.158924089346634
RG,45.218128908988874,5.887759922209692e-10,-23.203596507945736
RG,45.220056062912015,5.887759230587717e-10,-23.248355103026157
RG,45.221983216835156,5.887758541622056e-10,-23.29320004081765
RG,45.223910370758304,5.887757855302456e-10,-23.33813148787054
RG,45.225837524681445,5.887757171618659e-10,-23.38314961105587
RG,45.22776467860459,5.887756490560409e-10,-23.42825457756715
RG,45.229691832527735,5.887755812117418e-10,-23.473446554919644
RG,45.23161898645088,5.887755136279401e-10,-23.518725710952335
RG,45.233546140374024,5.887754463036043e-10,-23.56409221382719
RG,45.235473294297165,5.88775379237701e-10,-23.60954623203095
RG,45.23740044822031,5.887753124291942e-10,-23.65508793437526
RG,45.23932760214346,5.887752458770448e-10,-23.700717489996926
RG,45.2412547560666,5.887751795802103e-10,-23.74643506835889
RG,45.243181909989744,5.887751135376453e-10,-23.792240839251185
RG,45.24510906391289,5.887750477483003e-10,-23.838134972791227
RG,45.24703621783603,5.887749822111204e-10,-23.884117639423913
RG,45.24896337175918,5.887749169250473e-10,-23.93018900992344
RG,45.25089052568232,5.887748518890169e-10,-23.97634925539257
RG,45.25281767960547,5.887747871019591e-10,-24.02259854726463
RG,45.25474483352861,5.887747225627997e-10,-24.06893705730275
RG,45.25667198745176,5.88774658270456e-10,-24.115364957601884
RG,45.2585991413749,5.887745942238393e-10,-24.161882420588054
RG,45.26052629529805,5.887745304218549e-10,-24.208489619020344
RG,45.26245344922119,5.887744668633994e-10,-24.255186725990182
RG,45.26438060314433,5.887744035473611e-10,-24.301973914923153
RG,45.26630775706748,5.887743404726208e-10,-24.34885135957912
RG,45.26823491099063,5.887742776380499e-10,-24.395819234052524
RG,45.27016206491377,5.8877421504251e-10,-24.44287771277336
RG,45.27208921883691,5.887741526858094e-10,-24.490026970528014
RG,45.27401637276006,5.887740905681995e-10,-24.537267182449337
RG,45.2759435266832,5.88774028688712e-10,-24.58459852398207
RG,45.27787068060635,5.887739670463809e-10,-24.632021170910093
RG,45.27979783452949,5.887739056402512e-10,-24.679535299355827
RG,45.28172498845264,5.887738444693774e-10,-24.727141085782264
RG,45.28365214237578,5.887737835328241e-10,-24.774838706992245
RG,45.28557929629892,5.887737228296641e-10,-24.822628340130297
RG,45.28750645022207,5.887736623589788e-10,-24.870510162682795
RG,45.289433604145216,5.887736021198584e-10,-24.918484352478227
RG,45.29136075806836,5.887735421114002e-10,-24.966551087688227
RG,45.2932879119915,5.887734823327091e-10,-25.014710546828567
RG,45.29521506591465,5.88773422782897e-10,-25.06296290875947
RG,45.29714221983779,5.887733634610823e-10,-25.11130835268572
RG,45.299069373760936,5.8877330436639e-10,-25.159747058158597
RG,45.30099652768408,5.887732454979513e-10,-25.208279205075073
RG,45.302923681607226,5.887731868549023e-10,-25.256904973679926
RG,45.30485083553037,5.887731284363862e-10,-25.305624544564974
RG,45.30677798945351,5.887730702415492e-10,-25.354438098670993
RG,45.308705143376656,5.88773012269544e-10,-25.403345817287832
RG,45.310632297299804,5.887729545195276e-10,-25.45234788205474
RG,45.312559451222945,5.887728969906616e-10,-25.501444474961396
RG,45.31448660514609,5.887728396821105e-10,-25.550635778348912
RG,45.316413759069235,5.88772782593045e-10,-25.599921974910195
RG,45.318340912992376,5.887727257226383e-10,-25.64930324769003
RG,45.320268066915524,5.887726690700669e-10,-25.698779780087055
RG,45.322195220838665,5.887726126345119e-10,-25.748351755852976
RG,45.324122374761814,5.887725564151564e-10,-25.798019359094702
RG,45.326049528684955,5.887725004111879e-10,-25.84778277427357
RG,45.3279766826081,5.887724446217958e-10,-25.897642186207477
RG,45.329903836531244,5.88772389046173e-10,-25.947597780070122
RG,45.33183099045439,5.887723336835153e-10,-25.99764974139314
RG,45.33375814437753,5.8877227853302e-10,-26.04779825606532
RG,45.335685298300675,5.887722235938884e-10,-26.098043510334584
RG,45.33761245222382,5.88772168865323e-10,-26.148385690808137
RG,45.33953960614697,5.887721143465297e-10,-26.198824984452767
RG,45.34146676007011,5.887720600367158e-10,-26.249361578595916
RG,45.34339391399325,5.887720059350903e-10,-26.29999566092675
RG,45.3453210679164,5.887719520408659e-10,-26.350727419496486
RG,45.34724822183954,5.887718983532563e-10,-26.401557042718512
RG,45.34917537576269,5.887718448714769e-10,-26.45248471937041
RG,45.35110252968583,5.887717915947459e-10,-26.503510638593156
RG,45.35302968360898,5.887717385222827e-10,-26.554634989893316
RG,45.35495683753212,5.887716856533093e-10,-26.605857963142252
RG,45.35688399145526,5.887716329870486e-10,-26.657179748578137
RG,45.35881114537841,5.887715805227263e-10,-26.708600536806102
RG,45.36073829930156,5.88771528259569e-10,-26.760120518798573
RG,45.3626654532247,5.88771476196806e-10,-26.811739885896333
RG,45.36459260714784,5.887714243336679e-10,-26.86345882980964
RG,45.36651976107099,5.88771372669387e-10,-26.915277542618544
RG,45.36844691499413,5.887713212031972e-10,-26.967196216773026
RG,45.37037406891728,5.887712699343358e-10,-27.019215045095073
RG,45.37230122284042,5.887712188620395e-10,-27.071334220777825
RG,45.37422837676357,5.88771167985549e-10,-27.12355393738786
RG,45.37615553068671,5.887711173041055e-10,-27.17587438886437
RG,45.37808268460985,5.887710668169528e-10,-27.228295769521207
RG,45.380009838533,5.887710165233362e-10,-27.280818274047057
RG,45.38193699245615,5.887709664225035e-10,-27.333442097505767
RG,45.38386414637929,5.887709165137042e-10,-27.386167435337445
RG,45.38579130030243,5.887708667961894e-10,-27.438994483359583
RG,45.38771845422558,5.887708172692129e-10,-27.49192343776741
RG,45.389645608148726,5.887707679320307e-10,-27.544954495134217
RG,45.39157276207187,5.887707187839008e-10,-27.598087852412473
RG,45.39349991599501,5.887706698240826e-10,-27.65132370693496
RG,45.395427069918156,5.887706210518392e-10,-27.704662256415126
RG,45.3973542238413,5.887705724664356e-10,-27.758103698947203
RG,45.399281377764446,5.88770524067138e-10,-27.81164823300834
RG,45.40120853168759,5.887704758532167e-10,-27.86529605745777
RG,45.403135685610735,5.887704278239435e-10,-27.91904737153911
RG,45.405062839533876,5.887703799785921e-10,-27.972902374879542
RG,45.40698999345702,5.887703323164411e-10,-28.026861267491917
RG,45.408917147380166,5.887702848367692e-10,-28.08092424977493
RG,45.410844301303314,5.887702375388594e-10,-28.135091522513463
RG,45.412771455226455,5.887701904219966e-10,-28.18936328687971
RG,45.414698609149596,5.887701434854694e-10,-28.243739744434347
RG,45.416625763072744,5.887700967285678e-10,-28.298221097126874
RG,45.418552916995885,5.887700501505869e-10,-28.352807547295768
RG,45.420480070919034,5.887700037508228e-10,-28.40749929767064
RG,45.422407224842175,5.887699575285756e-10,-28.462296551371377
RG,45.42433437876532,5.887699114831483e-10,-28.51719951191052
RG,45.426261532688464,5.887698656138472e-10,-28.57220838319239
RG,45.428188686611605,5.887698199199812e-10,-28.62732336951528
RG,45.430115840534754,5.887697744008634e-10,-28.682544675571606
RG,45.4320429944579,5.887697290558099e-10,-28.73787250644824
RG,45.43397014838104,5.887696838841393e-10,-28.793307067627715
RG,45.435897302304184,5.887696388851749e-10,-28.848848564989368
RG,45.43782445622733,5.887695940582428e-10,-28.904497204809708
RG,45.43975161015047,5.887695494026724e-10,-28.96025319376258
RG,45.44167876407362,5.887695049177973e-10,-29.016116738921355
RG,45.44360591799676,5.887694606029535e-10,-29.072088047758058
RG,45.44553307191991,5.887694164574818e-10,-29.128167328145796
RG,45.44746022584305,5.887693724807266e-10,-29.184354788357872
RG,45.4493873797662,5.887693286720345e-10,-29.240650637070228
RG,45.45131453368934,5.887692850307579e-10,-29.297055083360537
RG,45.45324168761249,5.887692415562511e-10,-29.35356833671067
RG,45.45516884153563,5.88769198247874e-10,-29.41019060700579
RG,45.45709599545877,5.88769155104988e-10,-29.46692210453661
RG,45.45902314938192,5.887691121269599e-10,-29.52376303999953
RG,45.46095030330507,5.887690693131602e-10,-29.580713624497015
RG,45.46287745722821,5.887690266629629e-10,-29.637774069538793
RG,45.46480461115135,5.887689841757453e-10,-29.694944587043064
RG,45.4667317650745,5.887689418508891e-10,-29.752225389336864
RG,45.46865891899764,5.887688996877802e-10,-29.809616689156222
RG,45.47058607292079,5.887688576858075e-10,-29.86711869964844
RG,45.47251322684393,5.88768815844364e-10,-29.92473163437117
RG,45.47444038076708,5.887687741628463e-10,-29.98245570729492
RG,45.47636753469022,5.887687326406555e-10,-30.040291132802157
RG,45.47829468861336,5.887686912771957e-10,-30.098238125689555
RG,45.48022184253651,5.887686500718747e-10,-30.15629690116821
RG,45.48214899645966,5.887686090241044e-10,-30.21446767486396
RG,45.4840761503828,5.887685681333002e-10,-30.27275066281865
RG,45.48600330430594,5.887685273988812e-10,-30.331146081491323
RG,45.48793045822909,5.887684868202696e-10,-30.38965414775864
RG,45.48985761215223,5.887684463968915e-10,-30.448275078915017
RG,45.49178476607538,5.887684061281766e-10,-30.507009092674934
RG,45.49371191999852,5.887683660135573e-10,-30.565856407172014
RG,45.495639073921666,5.887683260524709e-10,-30.624817240961583
RG,45.49756622784481,5.887682862443555e-10,-30.683891813019727
RG,45.49949338176795,5.887682465886548e-10,-30.74308034274563
RG,45.501420535691096,5.887682070848144e-10,-30.802383049961737
RG,45.503347689614245,5.887681677322825e-10,-30.86180015491413
RG,45.505274843537386,5.887681285305113e-10,-30.921331878273776
RG,45.50720199746053,5.887680894789556e-10,-30.9809784411378
RG,45.509129151383675,5.887680505770723e-10,-31.040740065029837
RG,45.51105630530682,5.88768011824321e-10,-31.100616971900436
RG,45.512983459229964,5.887679732201644e-10,-31.160609384128318
RG,45.514910613153106,5.887679347640674e-10,-31.220717524521625
RG,45.516837767076254,5.887678964554965e-10,-31.280941616318326
RG,45.518764920999395,5.887678582939213e-10,-31.34128188318636
RG,45.52069207492254,5.887678202788129e-10,-31.40173854922602
RG,45.522619228845684,5.887677824096436e-10,-31.462311838969015
RG,45.52454638276883,5.887677446858885e-10,-31.52300197738106
RG,45.526473536691974,5.887677071070239e-10,-31.583809189860943
RG,45.528400690615115,5.887676696725268e-10,-31.644733702242913
RG,45.53032784453826,5.88767632381876e-10,-31.705775740796845
RG,45.53225499846141,5.887675952345511e-10,-31.766935532228626
RG,45.53418215238455,5.887675582300326e-10,-31.828213303681434
RG,45.536109306307694,5.887675213678021e-10,-31.88960928273704
RG,45.53803646023084,5.887674846473404e-10,-31.951123697416186
RG,45.53996361415398,5.887674480681301e-10,-32.01275677617877
RG,45.54189076807713,5.887674116296523e-10,-32.07450874792622
RG,45.54381792200027,5.887673753313887e-10,-32.13637984200059
RG,45.54574507592342,5.887673391728211e-10,-32.1983702881872
RG,45.54767222984656,5.887673031534295e-10,-32.26048031671361
RG,45.5495993837697,5.887672672726941e-10,-32.32271015825214
RG,45.55152653769285,5.887672315300929e-10,-32.385060043920014
RG,45.553453691616,5.887671959251035e-10,-32.44753020527971
RG,45.55538084553914,5.88767160457201e-10,-32.51012087434032
RG,45.55730799946228,5.887671251258592e-10,-32.572832283558846
RG,45.55923515338543,5.887670899305498e-10,-32.63566466584058
RG,45.56116230730857,5.887670548707416e-10,-32.698618254539305
RG,45.56308946123172,5.887670199459005e-10,-32.76169328345972
RG,45.56501661515486,5.887669851554908e-10,-32.82488998685649
RG,45.56694376907801,5.88766950498971e-10,-32.88820859943696
RG,45.56887092300115,5.887669159757981e-10,-32.95164935636011
RG,45.5707980769243,5.887668815854243e-10,-33.015212493239346
RG,45.57272523084744,5.88766847327297e-10,-33.07889824614144
RG,45.57465238477059,5.887668132008603e-10,-33.142706851589324
RG,45.57657953869373,5.887667792055521e-10,-33.206638546561024
RG,45.57850669261687,5.887667453408059e-10,-33.27069356849222
RG,45.58043384654002,5.887667116060487e-10,-33.33487215527637
RG,45.582361000463166,5.887666780007017e-10,-33.399174545265154
RG,45.58428815438631,5.887666445241811e-10,-33.46360097726979
RG,45.58621530830945,5.887666111758935e-10,-33.52815169056236
RG,45.5881424622326,5.887665779552411e-10,-33.592826924876285
RG,45.59006961615574,5.887665448616174e-10,-33.65762692040639
RG,45.591996770078886,5.887665118944077e-10,-33.72255191781155
RG,45.59392392400203,5.887664790529895e-10,-33.78760215821357
RG,45.595851077925175,5.887664463367317e-10,-33.85277788320006
RG,45.59777823184832,5.887664137449927e-10,-33.91807933482333
RG,45.59970538577146,5.887663812771234e-10,-33.98350675560299
RG,45.601632539694606,5.887663489324629e-10,-34.049060388526115
RG,45.603559693617754,5.887663167103403e-10,-34.114740477047654
RG,45.605486847540895,5.887662846100745e-10,-34.18054726509176
RG,45.607414001464036,5.887662526312629e-10,-34.246480997061674
RG,45.609341155387185,5.88766220774947e-10,-34.31254191787412
RG,45.611268309310326,5.887661890408562e-10,-34.37873027287945
RG,45.613195463233474,5.887661574284662e-10,-34.445046307894835
RG,45.615122617156615,5.88766125937262e-10,-34.51149026921087
RG,45.61704977107976,5.887660945667355e-10,-34.57806240359439
RG,45.618976925002904,5.887660633163883e-10,-34.644762958287465
RG,45.620904078926046,5.887660321857282e-10,-34.71159218101002
RG,45.622831232849194,5.887660011742707e-10,-34.77855031995996
RG,45.62475838677234,5.887659702815373e-10,-34.84563762381364
RG,45.62668554069548,5.887659395070561e-10,-34.91285434172725
RG,45.628612694618624,5.887659088503608e-10,-34.980200723338214
RG,45.63053984854177,5.887658783109917e-10,-35.04767701876566
RG,45.632467002464914,5.887658478884923e-10,-35.11528347861052
RG,45.63439415638806,5.887658175824129e-10,-35.18302035395827
RG,45.6363213103112,5.887657873923071e-10,-35.25088789637781
RG,45.63824846423435,5.887657573177332e-10,-35.3188863579244
RG,45.64017561815749,5.887657273582531e-10,-35.38701599113859
RG,45.64210277208064,5.887656975134332e-10,-35.455277049049165
RG,45.64402992600378,5.887656677828424e-10,-35.52366978517206
RG,45.64595707992693,5.887656381660528e-10,-35.5921944535133
RG,45.64788423385007,5.887656086626397e-10,-35.660851308567935
RG,45.64981138777321,5.887655792721819e-10,-35.729640605322736
RG,45.65173854169636,5.887655499942589e-10,-35.79856259925637
RG,45.65366569561951,5.887655208284549e-10,-35.86761754633988
RG,45.65559284954265,5.887654917743533e-10,-35.93680570303807
RG,45.65752000346579,5.887654628315422e-10,-36.00612732631102
RG,45.65944715738894,5.887654339996097e-10,-36.07558267361448
RG,45.66137431131208,5.887654052781465e-10,-36.145172002900104
RG,45.66330146523523,5.887653766667442e-10,-36.21489557261816
RG,45.66522861915837,5.887653481649961e-10,-36.28475364171644
RG,45.66715577308152,5.88765319772497e-10,-36.35474646964328
RG,45.66908292700466,5.887652914888425e-10,-36.42487431634646
RG,45.6710100809278,5.887652633136285e-10,-36.49513744227597
RG,45.67293723485095,5.887652352464531e-10,-36.565536108384194
RG,45.6748643887741,5.887652072869143e-10,-36.63607057612638
RG,45.67679154269724,5.887651794346117e-10,-36.70674110746208
RG,45.67871869662038,5.887651516891448e-10,-36.77754796485671
RG,45.68064585054353,5.887651240501145e-10,-36.848491411281934
RG,45.68257300446667,5.887650965171213e-10,-36.9195717102159
RG,45.68450015838982,5.887650690897667e-10,-36.990789125646025
RG,45.68642731231296,5.887650417676534e-10,-37.0621439220679
RG,45.688354466236106,5.887650145503832e-10,-37.133636364488325
RG,45.69028162015925,5.887649874375594e-10,-37.20526671842427
RG,45.692208774082395,5.887649604287849e-10,-37.27703524990587
RG,45.69413592800554,5.887649335236641e-10,-37.34894222547538
RG,45.696063081928685,5.887649067218005e-10,-37.420987912190235
RG,45.697990235851826,5.887648800227983e-10,-37.49317257762194
RG,45.69991738977497,5.887648534262627e-10,-37.56549648985891
RG,45.701844543698115,5.887648269317987e-10,-37.637959917506684
RG,45.703771697621264,5.887648005390116e-10,-37.71056312968838
RG,45.705698851544405,5.887647742475078e-10,-37.78330639604623
RG,45.707626005467546,5.88764748056893e-10,-37.85618998674312
RG,45.709553159390694,5.887647219667747e-10,-37.929214172463034
RG,45.711480313313835,5.887646959767597e-10,-38.0023792244113
RG,45.71340746723698,5.887646700864554e-10,-38.07568541431745
RG,45.715334621160125,5.887646442954707e-10,-38.14913301443407
RG,45.71726177508327,5.887646186034136e-10,-38.22272229754
RG,45.719188929006414,5.887645930098943e-10,-38.296453536939154
RG,45.721116082929555,5.887645675145224e-10,-38.37032700646344
RG,45.7230432368527,5.887645421169085e-10,-38.44434298047299
RG,45.72497039077585,5.887645168166643e-10,-38.518501733856596
RG,45.72689754469899,5.887644916134021e-10,-38.59280354203331
RG,45.728824698622134,5.887644665067351e-10,-38.667248680954
RG,45.73075185254528,5.88764441496277e-10,-38.74183742710184
RG,45.73267900646842,5.887644165816424e-10,-38.81657005749249
RG,45.73460616039157,5.887643917624475e-10,-38.89144684967708
RG,45.73653331431471,5.887643670383103e-10,-38.966468081741034
RG,45.73846046823786,5.887643424088476e-10,-39.041634032307286
RG,45.740387622161,5.887643178736789e-10,-39.11694498053515
RG,45.74231477608414,5.887642934324254e-10,-39.19240120612326
RG,45.74424193000729,5.887642690847087e-10,-39.26800298930978
RG,45.74616908393044,5.887642448301514e-10,-39.34375061087293
RG,45.74809623785358,5.887642206683788e-10,-39.41964435213254
RG,45.75002339177672,5.88764196599017e-10,-39.49568449495169
RG,45.75195054569987,5.887641726216938e-10,-39.57187132173717
RG,45.75387769962301,5.887641487360382e-10,-39.64820511543972
RG,45.75580485354616,5.887641249416809e-10,-39.724686159557024
RG,45.7577320074693,5.887641012382554e-10,-39.80131473813254
RG,45.75965916139245,5.887640776253959e-10,-39.87809113575878
RG,45.76158631531559,5.887640541027383e-10,-39.955015637576146
RG,45.76351346923874,5.887640306699216e-10,-40.032088529276216
RG,45.76544062316188,5.887640073265862e-10,-40.10931009710058
RG,45.76736777708503,5.887639840723734e-10,-40.18668062784415
RG,45.76929493100817,5.887639609069283e-10,-40.26420040885394
RG,45.77122208493131,5.887639378298977e-10,-40.34186972803218
RG,45.77314923885446,5.887639148409297e-10,-40.419688873836485
RG,45.775076392777606,5.887638919396748e-10,-40.49765813528037
RG,45.77700354670075,5.887638691257872e-10,-40.575777801934905
RG,45.77893070062389,5.887638463989223e-10,-40.654048163930355
RG,45.78085785454704,5.887638237587373e-10,-40.732469511956694
RG,45.78278500847018,5.887638012048934e-10,-40.81104213726382
RG,45.784712162393326,5.887637787370527e-10,-40.88976633166465
RG,45.78663931631647,5.887637563548805e-10,-40.968642387533926
RG,45.788566470239616,5.887637340580444e-10,-41.04767059781156
RG,45.79049362416276,5.887637118462152e-10,-41.12685125600146
RG,45.7924207780859,5.887636897190653e-10,-41.20618465617461
RG,45.794347932009046,5.887636676762703e-10,-41.28567109296933
RG,45.796275085932194,5.88763645717508e-10,-41.36531086159178
RG,45.798202239855335,5.88763623842459e-10,-41.445104257817604
RG,45.80012939377848,5.887636020508069e-10,-41.525051577993665
RG,45.802056547701625,5.887635803422374e-10,-41.60515311903852
RG,45.803983701624766,5.887635587164386e-10,-41.68540917844269
RG,45.805910855547914,5.887635371731024e-10,-41.76582005427177
RG,45.807838009471055,5.887635157119225e-10,-41.84638604516521
RG,45.809765163394204,5.887634943325946e-10,-41.92710745033979
RG,45.811692317317345,5.887634730348181e-10,-42.007984569588345
RG,45.81361947124049,5.887634518182954e-10,-42.089017703283275
RG,45.815546625163634,5.887634306827297e-10,-42.17020715237525
RG,45.81747377908678,5.887634096278285e-10,-42.25155321839675
RG,45.81940093300992,5.887633886533008e-10,-42.333056203460764
RG,45.821328086933065,5.887633677588584e-10,-42.41471641026401
RG,45.82325524085621,5.887633469442158e-10,-42.4965341420872
RG,45.82518239477936,5.887633262090896e-10,-42.57850970279549
RG,45.8271095487025,5.887633055531982e-10,-42.660643396840285
RG,45.82903670262564,5.887632849762641e-10,-42.74293552926091
RG,45.83096385654879,5.887632644780101e-10,-42.82538640568518
RG,45.83289101047193,5.887632440581623e-10,-42.9079963323296
RG,45.83481816439508,5.887632237164485e-10,-42.990765616002655
RG,45.83674531831822,5.887632034525982e-10,-43.073694564103455
RG,45.83867247224137,5.887631832663442e-10,-43.156783484625386
RG,45.84059962616451,5.887631631574195e-10,-43.240032686154755
RG,45.84252678008765,5.887631431255598e-10,-43.323442477874096
RG,45.8444539340108,5.887631231705026e-10,-43.40701316956239
RG,45.84638108793395,5.887631032919867e-10,-43.490745071595605
RG,45.84830824185709,5.887630834897518e-10,-43.574638494948445
RG,45.85023539578023,5.887630637635403e-10,-43.65869375119613
RG,45.85216254970338,5.887630441130943e-10,-43.74291115251495
RG,45.85408970362652,5.887630245381587e-10,-43.82729101168243
RG,45.85601685754967,5.887630050384778e-10,-43.91183364208074
RG,45.85794401147281,5.887629856137972e-10,-43.9965393576953
RG,45.85987116539596,5.887629662638644e-10,-44.08140847311846
RG,45.8617983193191,5.887629469884252e-10,-44.16644130354817
RG,45.86372547324224,5.887629277872278e-10,-44.25163816479132
RG,45.86565262716539,5.887629086600199e-10,-44.33699937326401
RG,45.86757978108854,5.887628896065487e-10,-44.422525245991984
RG,45.86950693501168,5.887628706265623e-10,-44.50821610061257
RG,45.87143408893482,5.887628517198077e-10,-44.59407225537638
RG,45.87336124285797,5.887628328860315e-10,-44.680094029147895
RG,45.87528839678111,5.887628141249799e-10,-44.76628174140567
RG,45.87721555070426,5.887627954363978e-10,-44.85263571224577
RG,45.8791427046274,5.887627768200298e-10,-44.93915626238036
RG,45.881069858550546,5.887627582756182e-10,-45.02584371314146
RG,45.88299701247369,5.887627398029041e-10,-45.11269838647961
RG,45.884924166396836,5.887627214016273e-10,-45.199720604967524
RG,45.88685132031998,5.887627030715245e-10,-45.28691069179881
RG,45.888778474243125,5.887626848123318e-10,-45.37426897079167
RG,45.890705628166266,5.887626666237808e-10,-45.46179576638754
RG,45.89263278208941,5.887626485056017e-10,-45.549491403654535
RG,45.894559936012556,5.887626304575212e-10,-45.63735620828768
RG,45.896487089935704,5.887626124792628e-10,-45.72539050660946
RG,45.898414243858845,5.887625945705461e-10,-45.813594625571646
RG,45.900341397781986,5.887625767310876e-10,-45.901968892757196
RG,45.902268551705134,5.887625589605981e-10,-45.990513636380754
RG,45.904195705628275,5.887625412587862e-10,-46.07922918528891
RG,45.906122859551424,5.88762523625353e-10,-46.16811586896367
RG,45.908050013474565,5.887625060599974e-10,-46.25717401752109
RG,45.90997716739771,5.887624885624101e-10,-46.34640396171504
RG,45.911904321320854,5.887624711322778e-10,-46.43580603293588
RG,45.913831475243995,5.887624537692805e-10,-46.525380563213886
RG,45.915758629167144,5.887624364730918e-10,-46.615127885219536
RG,45.91768578309029,5.887624192433791e-10,-46.705048332264056
RG,45.91961293701343,5.887624020798012e-10,-46.795142238301295
RG,45.921540090936574,5.887623849820106e-10,-46.88540993792961
RG,45.92346724485972,5.887623679496521e-10,-46.97585176639244
RG,45.92539439878286,5.887623509823608e-10,-47.066468059578526
RG,45.92732155270601,5.887623340797648e-10,-47.157259154025446
RG,45.92924870662915,5.887623172414813e-10,-47.24822538691824
RG,45.9311758605523,5.887623004671196e-10,-47.33936709609325
RG,45.93310301447544,5.887622837562789e-10,-47.4306846200367
RG,45.93503016839859,5.887622671085469e-10,-47.52217829788862
RG,45.93695732232173,5.887622505235012e-10,-47.61384846944141
RG,45.93888447624488,5.887622340007091e-10,-47.70569547514373
RG,45.94081163016802,5.88762217539725e-10,-47.79771965609907
RG,45.94273878409116,5.887622011401027e-10,-47.88992135406982
RG,45.94466593801431,5.88762184802714e-10,-47.98230091153125
RG,45.94659309193746,5.887621685281292e-10,-48.07485867160652
RG,45.9485202458606,5.887621523160489e-10,-48.167594978045244
RG,45.95044739978374,5.887621361661816e-10,-48.2605101752611
RG,45.95237455370689,5.887621200782435e-10,-48.35360460833243
RG,45.95430170763003,5.887621040519581e-10,-48.44687862300244
RG,45.95622886155318,5.887620880870553e-10,-48.54033256568289
RG,45.95815601547632,5.887620721832723e-10,-48.633966783452635
RG,45.96008316939947,5.887620563403501e-10,-48.727781624061635
RG,45.96201032332261,5.88762040558038e-10,-48.82177743592945
RG,45.96393747724575,5.887620248360885e-10,-48.915954568148976
RG,45.9658646311689,5.887620091742597e-10,-49.0103133704867
RG,45.96779178509205,5.887619935723138e-10,-49.10485419338323
RG,45.96971893901519,5.88761978030018e-10,-49.19957738795535
RG,45.97164609293833,5.887619625471418e-10,-49.29448330599796
RG,45.97357324686148,5.887619471234594e-10,-49.389572299984685
RG,45.97550040078462,5.887619317587477e-10,-49.48484472306816
RG,45.977427554707766,5.887619164527869e-10,-49.58030092908371
RG,45.97935470863091,5.887619012053591e-10,-49.67594127254794
RG,45.981281862554056,5.887618860162506e-10,-49.77176610866276
RG,45.9832090164772,5.88761870885248e-10,-49.867775793313946
RG,45.98513617040034,5.887618558121405e-10,-49.96397068307489
RG,45.987063324323486,5.887618407967196e-10,-50.06035113520687
RG,45.988990478246635,5.88761825838778e-10,-50.156917507659664
RG,45.990917632169776,5.887618109381093e-10,-50.253670159073536
RG,45.99284478609292,5.887617960945096e-10,-50.350609448781356
RG,45.994771940016065,5.887617813077744e-10,-50.447735736809136
RG,45.996699093939206,5.887617665777018e-10,-50.54504938387633
RG,45.998626247862354,5.887617519040891e-10,-50.642550751399675
RG,46.000553401785496,5.887617372867353e-10,-50.74024020149163
RG,46.002480555708644,5.887617227254398e-10,-50.83811809696462
RG,46.004407709631785,5.887617082200017e-10,-50.93618480132948
RG,46.00633486355493,5.887616937702207e-10,-51.0344406787997
RG,46.008262017478074,5.887616793758973e-10,-51.13288609428986
RG,46.01018917140122,5.887616650368309e-10,-51.23152141341991
RG,46.012116325324364,5.887616507528224e-10,-51.330347002513605
RG,46.014043479247505,5.887616365236716e-10,-51.42936322860239
RG,46.01597063317065,5.887616223491784e-10,-51.528570459425694
RG,46.0178977870938,5.887616082291419e-10,-51.62796906343156
RG,46.01982494101694,5.887615941633628e-10,-51.72755940977871
RG,46.021752094940084,5.887615801516399e-10,-51.82734186833872
RG,46.02367924886323,5.887615661937723e-10,-51.927316809696556
RG,46.02560640278637,5.887615522895584e-10,-52.02748460515093
RG,46.02753355670952,5.887615384387965e-10,-52.127845626718226
RG,46.02946071063266,5.887615246412848e-10,-52.22840024713092
RG,46.03138786455581,5.887615108968209e-10,-52.32914883984193
RG,46.03331501847895,5.88761497205202e-10,-52.43009177902304
RG,46.03524217240209,5.887614835662249e-10,-52.531229439568875
RG,46.03716932632524,5.887614699796859e-10,-52.632562197097215
RG,46.03909648024839,5.887614564453814e-10,-52.7340904279496
RG,46.04102363417153,5.887614429631071e-10,-52.8358145091935
RG,46.04295078809467,5.887614295326582e-10,-52.93773481862443
RG,46.04487794201782,5.887614161538301e-10,-53.03985173476667
RG,46.04680509594096,5.887614028264176e-10,-53.14216563687349
RG,46.04873224986411,5.887613895502155e-10,-53.24467690493121
RG,46.05065940378725,5.887613763250175e-10,-53.34738591965759
RG,46.0525865577104,5.887613631506187e-10,-53.45029306250628
RG,46.05451371163354,5.88761350026813e-10,-53.55339871566521
RG,46.05644086555669,5.887613369533942e-10,-53.656703262061036
RG,46.05836801947983,5.887613239301565e-10,-53.760207085357514
RG,46.06029517340298,5.887613109568936e-10,-53.863910569960005
RG,46.06222232732612,5.887612980334001e-10,-53.967814101013815
RG,46.06414948124926,5.887612851594699e-10,-54.071918064408344
RG,46.06607663517241,5.887612723348973e-10,-54.176222846777335
RG,46.068003789095556,5.887612595594772e-10,-54.280728835499566
RG,46.0699309430187,5.887612468330041e-10,-54.385436418701055
RG,46.07185809694184,5.887612341552735e-10,-54.49034598525728
RG,46.07378525086499,5.887612215260814e-10,-54.595457924793834
RG,46.07571240478813,5.887612089452234e-10,-54.700772627686746
RG,46.077639558711276,5.887611964124964e-10,-54.80629048506662
RG,46.07956671263442,5.887611839276974e-10,-54.912011888817005
RG,46.081493866557565,5.887611714906251e-10,-55.01793723157894
RG,46.083421020480706,5.887611591010775e-10,-55.12406690674933
RG,46.08534817440385,5.887611467588545e-10,-55.2304013084851
RG,46.087275328326996,5.887611344637561e-10,-55.33694083170355
RG,46.089202482250144,5.887611222155838e-10,-55.44368587208297
RG,46.091129636173285,5.887611100141399e-10,-55.55063682606496
RG,46.093056790096426,5.887610978592276e-10,-55.657794090856655
RG,46.094983944019575,5.887610857506509e-10,-55.76515806443142
RG,46.096911097942716,5.887610736882166e-10,-55.872729145529156
RG,46.098838251865864,5.887610616717305e-10,-55.98050773366056
RG,46.100765405789005,5.887610497010013e-10,-56.08849422910543
RG,46.10269255971215,5.887610377758378e-10,-56.19668903291731
RG,46.104619713635294,5.887610258960521e-10,-56.305092546921856
RG,46.106546867558436,5.887610140614555e-10,-56.41370517372106
RG,46.108474021481584,5.887610022718627e-10,-56.5225273166936
RG,46.11040117540473,5.887609905270889e-10,-56.63155937999551
RG,46.11232832932787,5.887609788269509e-10,-56.74080176856248
RG,46.114255483251014,5.887609671712679e-10,-56.850254888112204
RG,46.11618263717416,5.887609555598605e-10,-56.95991914514506
RG,46.118109791097304,5.887609439925506e-10,-57.0697949469444
RG,46.12003694502045,5.887609324691629e-10,-57.179882701580915
RG,46.12196409894359,5.887609209895227e-10,-57.29018281791092
RG,46.12389125286674,5.887609095534575e-10,-57.40069570558108
RG,46.12581840678988,5.887608981607983e-10,-57.51142177502673
RG,46.12774556071303,5.887608868113754e-10,-57.622361437476634
RG,46.12967271463617,5.887608755050233e-10,-57.73351510495126
RG,46.13159986855932,5.887608642415773e-10,-57.84488319026756
RG,46.13352702248246,5.887608530208747e-10,-57.956466107037265
RG,46.1354541764056,5.887608418427557e-10,-58.06826426967126
RG,46.13738133032875,5.887608307070613e-10,-58.18027809337992
RG,46.1393084842519,5.887608196136357e-10,-58.2925079941738
RG,46.14123563817504,5.887608085623244e-10,-58.40495438886606
RG,46.14316279209818,5.887607975529753e-10,-58.51761769507474
RG,46.14508994602133,5.887607865854377e-10,-58.6304983312236
RG,46.14701709994447,5.887607756595641e-10,-58.743596716542356
RG,46.14894425386762,5.887607647752079e-10,-58.856913271071164
RG,46.15087140779076,5.887607539322253e-10,-58.970448415658865
RG,46.15279856171391,5.887607431304742e-10,-59.084202571967865
RG,46.15472571563705,5.887607323698138e-10,-59.19817616247235
RG,46.15665286956019,5.887607216501065e-10,-59.312369610462824
RG,46.15858002348334,5.887607109712155e-10,-59.42678334004638
RG,46.16050717740649,5.887607003330064e-10,-59.54141777614745
RG,46.16243433132963,5.887606897353466e-10,-59.656273344510225
RG,46.16436148525277,5.887606791781051e-10,-59.77135047170109
RG,46.16628863917592,5.887606686611522e-10,-59.88664958510933
RG,46.16821579309906,5.887606581843611e-10,-60.00217111294748
RG,46.17014294702221,5.887606477476048e-10,-60.11791548425584
RG,46.17207010094535,5.8876063735076e-10,-60.233883128900715
RG,46.173997254868496,5.887606269937027e-10,-60.35007447757938
RG,46.17592440879164,5.887606166763111e-10,-60.46648996181827
RG,46.17785156271478,5.88760606398465e-10,-60.58313001397757
RG,46.17977871663793,5.887605961600452e-10,-60.69999506725155
RG,46.181705870561075,5.887605859609332e-10,-60.817085555669294
RG,46.183633024484216,5.887605758010118e-10,-60.93440191409714
RG,46.18556017840736,5.887605656801643e-10,-61.05194457824122
RG,46.187487332330505,5.887605555982759e-10,-61.16971398464815
RG,46.18941448625365,5.887605455552307e-10,-61.2877105707058
RG,46.191341640176795,5.887605355509146e-10,-61.40593477464577
RG,46.193268794099936,5.887605255852129e-10,-61.52438703554592
RG,46.195195948023084,5.887605156580122e-10,-61.643067793331056
RG,46.197123101946225,5.887605057691982e-10,-61.7619774887733
RG,46.19905025586937,5.887604959186568e-10,-61.88111656349675
RG,46.200977409792515,5.88760486106274e-10,-62.000485459975636
RG,46.20290456371566,5.887604763319352e-10,-62.12008462153943
RG,46.204831717638804,5.887604665955248e-10,-62.239914492370985
RG,46.206758871561945,5.887604568969272e-10,-62.359975517511266
RG,46.20868602548509,5.887604472360253e-10,-62.480268142859664
RG,46.21061317940824,5.887604376127011e-10,-62.60079281517473
RG,46.21254033333138,5.887604280268348e-10,-62.72154998207675
RG,46.214467487254524,5.88760418478306e-10,-62.84254009205026
RG,46.21639464117767,5.887604089669914e-10,-62.963763594444806
RG,46.21832179510081,5.887603994927668e-10,-63.085220939475285
RG,46.22024894902396,5.887603900555054e-10,-63.20691257822671
RG,46.2221761029471,5.887603806550774e-10,-63.328838962652284
RG,46.22410325687025,5.887603712913511e-10,-63.45100054557869
RG,46.22603041079339,5.887603619641916e-10,-63.57339778070412
RG,46.22795756471653,5.887603526734608e-10,-63.69603112260312
RG,46.22988471863968,5.887603434190169e-10,-63.818901026726905
RG,46.23181187256283,5.88760334200715e-10,-63.94200794940414
RG,46.23373902648597,5.887603250184058e-10,-64.06535234784349
RG,46.23566618040911,5.887603158719357e-10,-64.18893468013621
RG,46.23759333433226,5.887603067611472e-10,-64.31275540525702
RG,46.2395204882554,5.887602976858767e-10,-64.43681498306427
RG,46.24144764217855,5.887602886459568e-10,-64.56111387430491
RG,46.24337479610169,5.887602796412137e-10,-64.68565254061251
RG,46.24530195002484,5.887602706714679e-10,-64.81043144451263
RG,46.24722910394798,5.88760261736535e-10,-64.93545104942085
RG,46.24915625787113,5.887602528362219e-10,-65.06071181964806
RG,46.25108341179427,5.88760243970331e-10,-65.18621422039863
RG,46.25301056571742,5.887602351386561e-10,-65.31195871777567
RG,46.25493771964056,5.887602263409844e-10,-65.4379457787791
RG,46.2568648735637,5.887602175770942e-10,-65.56417587131061
RG,46.25879202748685,5.887602088467566e-10,-65.69064946417396
RG,46.260719181409996,5.887602001497332e-10,-65.81736702707575
RG,46.26264633533314,5.887601914857774e-10,-65.94432903062811
RG,46.26457348925628,5.887601828546337e-10,-66.07153594635133
RG,46.26650064317943,5.887601742560347e-10,-66.19898824667465
RG,46.26842779710257,5.887601656897043e-10,-66.32668640493655
RG,46.270354951025716,5.887601571553564e-10,-66.45463089538985
RG,46.27228210494886,5.887601486526927e-10,-66.58282219319959
RG,46.274209258872006,5.88760140181404e-10,-66.71126077444858
RG,46.27613641279515,5.887601317411682e-10,-66.8399471161353
RG,46.27806356671829,5.887601233316523e-10,-66.96888169617908
RG,46.279990720641436,5.887601149530437e-10,-67.09806499345072
RG,46.281917874564584,5.887601066066737e-10,-67.22749748780919
RG,46.283845028487725,5.887600982924626e-10,-67.35717965995886
RG,46.28577218241087,5.887600900102327e-10,-67.48711199152673
RG,46.287699336334015,5.887600817598128e-10,-67.6172949650692
RG,46.289626490257156,5.887600735410398e-10,-67.74772906407247
RG,46.291553644180304,5.887600653537563e-10,-67.87841477295765
RG,46.293480798103445,5.887600571978106e-10,-68.0093525770787
RG,46.29540795202659,5.887600490730584e-10,-68.14054296272803
RG,46.297335105949735,5.887600409793582e-10,-68.2719864171345
RG,46.299262259872876,5.887600329165751e-10,-68.4036834284685
RG,46.301189413796024,5.887600248845785e-10,-68.53563448584237
RG,46.30311656771917,5.887600168832422e-10,-68.66784007931118
RG,46.30504372164231,5.887600089124424e-10,-68.80030069987554
RG,46.306970875565455,5.887600009720601e-10,-68.93301683948434
RG,46.3088980294886,5.887599930619797e-10,-69.06598899103562
RG,46.31082518341175,5.887599851820871e-10,-69.19921764837741
RG,46.31275233733489,5.887599773322726e-10,-69.3327033063105
RG,46.31467949125803,5.887599695124277e-10,-69.46644646059124
RG,46.31660664518118,5.88759961722446e-10,-69.60044760793245
RG,46.31853379910432,5.887599539622238e-10,-69.73470724600367
RG,46.32046095302747,5.887599462316583e-10,-69.86922587343655
RG,46.32238810695061,5.887599385306486e-10,-70.00400398982268
RG,46.32431526087376,5.887599308590945e-10,-70.1390420957194
RG,46.3262424147969,5.887599232168976e-10,-70.27434069264773
RG,46.32816956872004,5.8875991560396e-10,-70.40990028309758
RG,46.33009672264319,5.887599080201838e-10,-70.54572137052827
RG,46.33202387656634,5.887599004654734e-10,-70.68180445936929
RG,46.33395103048948,5.887598929397316e-10,-70.81815005502315
RG,46.33587818441262,5.887598854428633e-10,-70.95475866386836
RG,46.33780533833577,5.887598779747721e-10,-71.09163079326018
RG,46.33973249225891,5.887598705353621e-10,-71.22876695153107
RG,46.34165964618206,5.887598631245378e-10,-71.36616764799602
RG,46.3435868001052,5.887598557422031e-10,-71.50383339295051
RG,46.34551395402835,5.887598483882614e-10,-71.64176469767632
RG,46.34744110795149,5.887598410626161e-10,-71.77996207443947
RG,46.34936826187463,5.887598337651709e-10,-71.9184260364956
RG,46.35129541579778,5.88759826495827e-10,-72.05715709809041
RG,46.35322256972093,5.887598192544869e-10,-72.19615577446048
RG,46.35514972364407,5.887598120410517e-10,-72.33542258183627
RG,46.35707687756721,5.887598048554227e-10,-72.47495803744496
RG,46.35900403149036,5.88759797697499e-10,-72.6147626595115
RG,46.3609311854135,5.887597905671806e-10,-72.75483696725881
RG,46.36285833933665,5.887597834643655e-10,-72.89518148091345
RG,46.36478549325979,5.887597763889521e-10,-73.03579672170332
RG,46.366712647182936,5.88759769340837e-10,-73.17668321186385
RG,46.36863980110608,5.887597623199165e-10,-73.31784147463564
RG,46.370566955029226,5.887597553260867e-10,-73.45927203427073
RG,46.37249410895237,5.887597483592423e-10,-73.6009754160302
RG,46.374421262875515,5.887597414192767e-10,-73.74295214619046
RG,46.376348416798656,5.887597345060839e-10,-73.88520275204093
RG,46.3782755707218,5.887597276195564e-10,-74.02772776188966
RG,46.380202724644946,5.887597207595859e-10,-74.17052770506379
RG,46.382129878568094,5.887597139260639e-10,-74.31360311191038
RG,46.384057032491235,5.887597071188814e-10,-74.4569545137995
RG,46.385984186414376,5.887597003379279e-10,-74.60058244312721
RG,46.387911340337524,5.887596935830936e-10,-74.74448743331654
RG,46.389838494260665,5.88759686854267e-10,-74.88867001881782
RG,46.391765648183814,5.887596801513368e-10,-75.03313073511444
RG,46.393692802106955,5.887596734741914e-10,-75.17787011872053
RG,46.3956199560301,5.887596668227179e-10,-75.32288870718729
RG,46.397547109953244,5.887596601968045e-10,-75.46818703910063
RG,46.399474263876385,5.887596535963381e-10,-75.613765654087
RG,46.40140141779953,5.887596470212055e-10,-75.75962509281374
RG,46.40332857172268,5.887596404712941e-10,-75.90576589699005
RG,46.40525572564582,5.887596339464903e-10,-76.05218860937002
RG,46.407182879568964,5.887596274466809e-10,-76.19889377375581
RG,46.40911003349211,5.887596209717531e-10,-76.34588193499854
RG,46.41103718741525,5.887596145215927e-10,-76.49315363899873
RG,46.4129643413384,5.887596080960879e-10,-76.64070943271207
RG,46.41489149526154,5.88759601695125e-10,-76.78854986414716
RG,46.41681864918469,5.887595953185927e-10,-76.93667548237188
RG,46.41874580310783,5.887595889663778e-10,-77.08508683751111
RG,46.42067295703097,5.887595826383694e-10,-77.23378448075255
RG,46.42260011095412,5.887595763344563e-10,-77.38276896434712
RG,46.42452726487727,5.887595700545277e-10,-77.53204084161001
RG,46.42645441880041,5.887595637984738e-10,-77.68160066692376
RG,46.42838157272355,5.887595575661851e-10,-77.8314489957414
RG,46.4303087266467,5.887595513575532e-10,-77.98158638458749
RG,46.43223588056984,5.887595451724706e-10,-78.1320133910585
RG,46.43416303449299,5.887595390108299e-10,-78.28273057382879
RG,46.43609018841613,5.887595328725261e-10,-78.43373849264815
RG,46.43801734233928,5.887595267574537e-10,-78.58503770834847
RG,46.43994449626242,5.887595206655092e-10,-78.73662878284127
RG,46.44187165018557,5.887595145965898e-10,-78.88851227912428
RG,46.44379880410871,5.887595085505939e-10,-79.04068876127914
RG,46.44572595803186,5.887595025274213e-10,-79.19315879447782
RG,46.447653111955,5.887594965269733e-10,-79.34592294498039
RG,46.44958026587814,5.887594905491518e-10,-79.49898178014098
RG,46.45150741980129,5.887594845938603e-10,-79.6523358684082
RG,46.45343457372444,5.887594786610046e-10,-79.80598577932619
RG,46.45536172764758,5.887594727504911e-10,-79.95993208353781
RG,46.45728888157072,5.887594668622277e-10,-80.11417535278787
RG,46.45921603549387,5.887594609961243e-10,-80.26871615992422
RG,46.46114318941701,5.887594551520914e-10,-80.42355507889812
RG,46.463070343340156,5.887594493300428e-10,-80.5786926847703
RG,46.4649974972633,5.887594435298924e-10,-80.73412955370867
RG,46.466924651186446,5.887594377515566e-10,-80.88986626299489
RG,46.46885180510959,5.887594319949531e-10,-81.04590339102205
RG,46.47077895903273,5.887594262600014e-10,-81.20224151730079
RG,46.472706112955876,5.88759420546623e-10,-81.35888122245971
RG,46.474633266879025,5.887594148547402e-10,-81.51582308824642
RG,46.476560420802166,5.887594091842783e-10,-81.67306769753083
RG,46.47848757472531,5.887594035351636e-10,-81.83061563430843
RG,46.480414728648455,5.887593979073243e-10,-81.98846748370143
RG,46.482341882571596,5.887593923006902e-10,-82.14662383195905
RG,46.484269036494744,5.887593867151934e-10,-82.30508526646385
RG,46.486196190417886,5.887593811507663e-10,-82.46385237572923
RG,46.488123344341034,5.887593756073444e-10,-82.62292574940626
RG,46.490050498264175,5.887593700848648e-10,-82.78230597828126
RG,46.49197765218732,5.887593645832656e-10,-82.94199365428258
RG,46.493904806110464,5.887593591024863e-10,-83.10198937047822
RG,46.49583196003361,5.88759353642469e-10,-83.26229372108263
RG,46.497759113956754,5.887593482031564e-10,-83.42290730145425
RG,46.499686267879895,5.887593427844932e-10,-83.58383070810183
RG,46.50161342180304,5.88759337386425e-10,-83.74506453868493
RG,46.50354057572619,5.887593320089002e-10,-83.90660939201487
RG,46.50546772964933,5.887593266518666e-10,-84.06846586805818
RG,46.50739488357247,5.887593213152738e-10,-84.23063456794002
RG,46.50932203749562,5.887593159990742e-10,-84.39311609394517
RG,46.51124919141876,5.887593107032186e-10,-84.55591104951851
RG,46.51317634534191,5.887593054276609e-10,-84.71902003927148
RG,46.51510349926505,5.887593001723556e-10,-84.88244366897945
RG,46.5170306531882,5.887592949372567e-10,-85.04618254558879
RG,46.51895780711134,5.887592897223206e-10,-85.21023727721433
RG,46.52088496103448,5.887592845275031e-10,-85.3746084731458
RG,46.52281211495763,5.887592793527617e-10,-85.5392967438483
RG,46.52473926888078,5.887592741980535e-10,-85.70430270096332
RG,46.52666642280392,5.887592690633356e-10,-85.86962695731228
RG,46.52859357672706,5.887592639485652e-10,-86.03527012689989
RG,46.53052073065021,5.887592588537009e-10,-86.20123282491532
RG,46.53244788457335,5.887592537786998e-10,-86.3675156677326
RG,46.5343750384965,5.88759248723519e-10,-86.53411927291718
RG,46.53630219241964,5.887592436881153e-10,-86.70104425922328
RG,46.53822934634279,5.887592386724444e-10,-86.86829124660113
RG,46.54015650026593,5.887592336764623e-10,-87.03586085619436
RG,46.54208365418907,5.88759228700123e-10,-87.2037537103465
RG,46.54401080811222,5.887592237433801e-10,-87.37197043260156
RG,46.54593796203537,5.887592188061851e-10,-87.54051164770499
RG,46.54786511595851,5.887592138884885e-10,-87.70937798160729
RG,46.54979226988165,5.887592089902392e-10,-87.87857006146751
RG,46.5517194238048,5.887592041113837e-10,-88.04808851565436
RG,46.55364657772794,5.887591992518669e-10,-88.21793397374663
RG,46.55557373165109,5.887591944116308e-10,-88.38810706653987
RG,46.55750088557423,5.887591895906151e-10,-88.5586084260438
RG,46.55942803949738,5.887591847887566e-10,-88.72943868548951
RG,46.56135519342052,5.88759180005989e-10,-88.90059847932685
RG,46.563282347343666,5.887591752422429e-10,-89.07208844323179
RG,46.56520950126681,5.887591704974448e-10,-89.24390921410375
RG,46.567136655189955,5.887591657715178e-10,-89.41606143007289
RG,46.569063809113096,5.887591610643807e-10,-89.58854573049749
RG,46.57099096303624,5.887591563759484e-10,-89.76136275597074
RG,46.572918116959386,5.887591517061302e-10,-89.93451314832113
RG,46.574845270882534,5.887591470548309e-10,-90.10799755061356
RG,46.576772424805675,5.887591424219506e-10,-90.28181660715298
RG,46.578699578728816,5.88759137807382e-10,-90.45597096348803
RG,46.580626732651965,5.887591332110143e-10,-90.63046126641214
RG,46.582553886575106,5.887591286327294e-10,-90.80528816396398
RG,46.584481040498254,5.887591240724012e-10,-90.98045230543428
RG,46.586408194421395,5.887591195298994e-10,-91.15595434136317
RG,46.58833534834454,5.88759115005084e-10,-91.33179492354759
RG,46.590262502267684,5.887591104978097e-10,-91.50797470503863
RG,46.592189656190826,5.887591060079214e-10,-91.68449434014836
RG,46.594116810113974,5.887591015352567e-10,-91.86135448445035
RG,46.59604396403712,5.887590970796435e-10,-92.03855579478068
RG,46.59797111796026,5.887590926409022e-10,-92.21609892924178
RG,46.599898271883404,5.887590882188423e-10,-92.39398454720602
RG,46.60182542580655,5.88759083813264e-10,-92.57221330931685
RG,46.603752579729694,5.887590794239577e-10,-92.75078587748928
RG,46.60567973365284,5.88759075050702e-10,-92.92970291491682
RG,46.60760688757598,5.887590706932652e-10,-93.10896508606875
RG,46.60953404149913,5.887590663514038e-10,-93.2885730566977
RG,46.61146119542227,5.88759062024863e-10,-93.46852749383689
RG,46.61338834934542,5.887590577133745e-10,-93.64882906580776
RG,46.61531550326856,5.887590534167412e-10,-93.82947844222389
RG,46.61724265719171,5.887590491362358e-10,-94.01047629411036
RG,46.61916981111485,5.887590448722892e-10,-94.1918232937174
RG,46.62109696503799,5.887590406247921e-10,-94.37352011455084
RG,46.62302411896114,5.88759036393641e-10,-94.55556743141618
RG,46.62495127288429,5.887590321787383e-10,-94.7379659204197
RG,46.62687842680743,5.887590279799906e-10,-94.9207162589723
RG,46.62880558073057,5.887590237973118e-10,-95.10381912579338
RG,46.63073273465372,5.88759019630619e-10,-95.28727520091188
RG,46.63265988857686,5.887590154798338e-10,-95.47108516566686
RG,46.63458704250001,5.887590113448816e-10,-95.6552497027147
RG,46.63651419642315,5.887590072256919e-10,-95.83976949602618
RG,46.6384413503463,5.887590031221978e-10,-96.02464523089444
RG,46.64036850426944,5.887589990343347e-10,-96.20987759393208
RG,46.64229565819258,5.88758994962041e-10,-96.39546727307841
RG,46.64422281211573,5.88758990905258e-10,-96.58141495760002
RG,46.64614996603888,5.887589868639288e-10,-96.76772133809185
RG,46.64807711996202,5.887589828379992e-10,-96.9543871064812
RG,46.65000427388516,5.887589788274161e-10,-97.14141295603162
RG,46.65193142780831,5.887589748321278e-10,-97.32879958134403
RG,46.65385858173145,5.88758970852085e-10,-97.51654767835734
RG,46.6557857356546,5.887589668872385e-10,-97.70465794435576
RG,46.65771288957774,5.887589629375409e-10,-97.89313107796586
RG,46.659640043500886,5.887589590029453e-10,-98.08196777916474
RG,46.66156719742403,5.887589550834053e-10,-98.271168749277
RG,46.66349435134717,5.887589511788756e-10,-98.46073469098219
RG,46.66542150527032,5.887589472893104e-10,-98.65066630831546
RG,46.667348659193465,5.887589434146648e-10,-98.84096430666857
RG,46.669275813116606,5.88758939554894e-10,-99.03162939279402
RG,46.67120296703975,5.887589357099529e-10,-99.22266227480904
RG,46.673130120962895,5.887589318797965e-10,-99.41406366219684
RG,46.675057274886036,5.887589280643797e-10,-99.60583426580703
RG,46.676984428809185,5.887589242636568e-10,-99.7979747978633
RG,46.678911582732326,5.887589204775821e-10,-99.99048597196034
RG,46.680838736655474,5.887589167061091e-10,-100.18336850307213
RG,46.682765890578615,5.887589129491916e-10,-100.37662310754902
RG,46.68469304450176,5.887589092067816e-10,-100.57025050312593
RG,46.686620198424905,5.887589054788314e-10,-100.7642514089194
RG,46.68854735234805,5.887589017652929e-10,-100.95862654543599
RG,46.690474506271194,5.887588980661163e-10,-101.15337663456914
RG,46.692401660194335,5.88758894381252e-10,-101.34850239960691
RG,46.69432881411748,5.887588907106491e-10,-101.54400456523257
RG,46.69625596804063,5.887588870542561e-10,-101.73988385752571
RG,46.69818312196377,5.887588834120212e-10,-101.93614100396654
RG,46.700110275886914,5.887588797838912e-10,-102.1327767334399
RG,46.70203742981006,5.887588761698126e-10,-102.32979177623659
RG,46.7039645837332,5.887588725697307e-10,-102.52718686405389
RG,46.70589173765635,5.887588689835901e-10,-102.72496273000336
RG,46.70781889157949,5.887588654113353e-10,-102.92312010860773
RG,46.70974604550264,5.887588618529091e-10,-103.12165973580952
RG,46.71167319942578,5.887588583082544e-10,-103.32058234896782
RG,46.71360035334892,5.887588547773121e-10,-103.51988868686627
RG,46.71552750727207,5.887588512600247e-10,-103.71957948971351
RG,46.71745466119522,5.88758847756332e-10,-103.91965549914454
RG,46.71938181511836,5.88758844266174e-10,-104.12011745822488
RG,46.7213089690415,5.887588407894904e-10,-104.3209661114549
RG,46.72323612296465,5.887588373262196e-10,-104.52220220477096
RG,46.72516327688779,5.887588338763002e-10,-104.72382648554614
RG,46.72709043081094,5.887588304396699e-10,-104.92583970259807
RG,46.72901758473408,5.887588270162664e-10,-105.12824260618584
RG,46.73094473865723,5.887588236060272e-10,-105.33103594801875
RG,46.73287189258037,5.887588202088885e-10,-105.53422048125309
RG,46.73479904650352,5.887588168247875e-10,-105.73779696050096
RG,46.73672620042666,5.8875881345366e-10,-105.94176614182706
RG,46.73865335434981,5.887588100954429e-10,-106.14612878275757
RG,46.74058050827295,5.88758806750073e-10,-106.35088564227686
RG,46.74250766219609,5.887588034174852e-10,-106.55603748083564
RG,46.74443481611924,5.887588000976163e-10,-106.76158506035152
RG,46.746361970042386,5.887587967904025e-10,-106.96752914421033
RG,46.74828912396553,5.887587934957808e-10,-107.17387049727047
RG,46.75021627788867,5.887587902136877e-10,-107.38060988586729
RG,46.75214343181182,5.887587869440599e-10,-107.5877480778144
RG,46.75407058573496,5.887587836868348e-10,-107.79528584240424
RG,46.755997739658106,5.8875878044195e-10,-108.00322395041633
RG,46.75792489358125,5.887587772093441e-10,-108.21156317411393
RG,46.759852047504396,5.887587739889554e-10,-108.42030428725317
RG,46.76177920142754,5.887587707807228e-10,-108.62944806507969
RG,46.76370635535068,5.887587675845866e-10,-108.83899528433689
RG,46.765633509273826,5.887587644004875e-10,-109.04894672326662
RG,46.767560663196974,5.887587612283659e-10,-109.25930316161045
RG,46.769487817120115,5.887587580681646e-10,-109.4700653806141
RG,46.77141497104326,5.887587549198256e-10,-109.681234163032
RG,46.773342124966405,5.887587517832934e-10,-109.8928102931285
RG,46.775269278889546,5.887587486585124e-10,-110.1047945566786
RG,46.777196432812694,5.887587455454278e-10,-110.31718774097624
RG,46.779123586735835,5.887587424439874e-10,-110.52999063483101
RG,46.78105074065898,5.887587393541375e-10,-110.74320402857732
RG,46.782977894582125,5.887587362758277e-10,-110.95682871407112
RG,46.784905048505266,5.88758733209008e-10,-111.17086548469831
RG,46.786832202428414,5.887587301536286e-10,-111.38531513537532
RG,46.78875935635156,5.887587271096434e-10,-111.6001784625505
RG,46.7906865102747,5.887587240770046e-10,-111.81545626420865
RG,46.792613664197845,5.887587210556677e-10,-112.03114933987563
RG,46.79454081812099,5.887587180455887e-10,-112.24725849061964
RG,46.796467972044134,5.887587150467251e-10,-112.46378451905194
RG,46.79839512596728,5.88758712059036e-10,-112.68072822933529
RG,46.80032227989042,5.88758709082481e-10,-112.89809042718062
RG,46.80224943381357,5.887587061170221e-10,-113.11587191985643
RG,46.80417658773671,5.887587031626217e-10,-113.33407351618536
RG,46.80610374165986,5.887587002192445e-10,-113.55269602655358
RG,46.808030895583,5.88758697286856e-10,-113.77174026290743
RG,46.80995804950615,5.887586943654228e-10,-113.99120703876287
RG,46.81188520342929,5.887586914549137e-10,-114.21109716920199
RG,46.81381235735243,5.887586885552991e-10,-114.43141147088181
RG,46.81573951127558,5.887586856665483e-10,-114.65215076203474
RG,46.81766666519873,5.887586827886353e-10,-114.8733158624701
RG,46.81959381912187,5.887586799215332e-10,-115.09490759357874
RG,46.82152097304501,5.887586770652165e-10,-115.31692677833776
RG,46.82344812696816,5.887586742196621e-10,-115.53937424131189
RG,46.8253752808913,5.887586713848474e-10,-115.76225080865413
RG,46.82730243481445,5.887586685607505e-10,-115.98555730811448
RG,46.82922958873759,5.887586657473515e-10,-116.20929456903657
RG,46.83115674266074,5.887586629446307e-10,-116.43346342236723
RG,46.83308389658388,5.887586601525703e-10,-116.65806470065293
RG,46.83501105050702,5.887586573711524e-10,-116.88309923804876
RG,46.83693820443017,5.887586546003614e-10,-117.108567870319
RG,46.83886535835332,5.88758651840181e-10,-117.33447143483856
RG,46.84079251227646,5.887586490905972e-10,-117.56081077059766
RG,46.8427196661996,5.887586463515947e-10,-117.78758671820674
RG,46.84464682012275,5.887586436231605e-10,-118.01480011989784
RG,46.84657397404589,5.887586409052815e-10,-118.24245181952517
RG,46.84850112796904,5.887586381979444e-10,-118.47054266257422
RG,46.85042828189218,5.887586355011368e-10,-118.69907349615801
RG,46.852355435815326,5.88758632814847e-10,-118.92804516902711
RG,46.85428258973847,5.88758630139062e-10,-119.15745853156594
RG,46.85620974366161,5.887586274737693e-10,-119.38731443580185
RG,46.85813689758476,5.887586248189575e-10,-119.61761373540577
RG,46.860064051507905,5.887586221746121e-10,-119.84835728569361
RG,46.861991205431046,5.88758619540721e-10,-120.07954594363117
RG,46.86391835935419,5.887586169172693e-10,-120.311180567839
RG,46.865845513277335,5.887586143042434e-10,-120.54326201859385
RG,46.867772667200484,5.887586117016269e-10,-120.77579115783013
RG,46.869699821123625,5.887586091094028e-10,-121.00876884914487
RG,46.871626975046766,5.887586065275536e-10,-121.24219595780254
RG,46.873554128969914,5.887586039560602e-10,-121.47607335073658
RG,46.875481282893055,5.887586013949005e-10,-121.71040189655002
RG,46.877408436816204,5.887585988440532e-10,-121.94518246552467
RG,46.879335590739345,5.887585963034923e-10,-122.18041592961745
RG,46.88126274466249,5.887585937731913e-10,-122.4161031624706
RG,46.883189898585634,5.88758591253121e-10,-122.65224503940782
RG,46.885117052508775,5.887585887432494e-10,-122.88884243744366
RG,46.88704420643192,5.887585862435417e-10,-123.12589623528416
RG,46.88897136035507,5.887585837539597e-10,-123.36340731332834
RG,46.89089851427821,5.887585812744629e-10,-123.60137655367312
RG,46.892825668201354,5.88758578805006e-10,-123.83980484011836
RG,46.8947528221245,5.887585763455411e-10,-124.0786930581684
RG,46.89667997604764,5.887585738960156e-10,-124.31804209503262
RG,46.89860712997079,5.887585714563724e-10,-124.5578528396349
RG,46.90053428389393,5.887585690265506e-10,-124.79812618260982
RG,46.90246143781708,5.88758566606484e-10,-125.038863016313
RG,46.90438859174022,5.887585641961012e-10,-125.28006423481729
RG,46.90631574566336,5.887585617953256e-10,-125.52173073392231
RG,46.90824289958651,5.887585594040751e-10,-125.763863411155
RG,46.91017005350966,5.88758557022261e-10,-126.00646316577121
RG,46.9120972074328,5.887585546497883e-10,-126.2495308987607
RG,46.91402436135594,5.887585522865566e-10,-126.49306751285235
RG,46.91595151527909,5.88758549932457e-10,-126.73707391251551
RG,46.91787866920223,5.887585475873743e-10,-126.98155100396085
RG,46.91980582312538,5.887585452511849e-10,-127.22649969514971
RG,46.92173297704852,5.887585429237581e-10,-127.47192089579046
RG,46.92366013097167,5.88758540604954e-10,-127.71781551734892
RG,46.92558728489481,5.887585382946252e-10,-127.96418447304448
RG,46.92751443881796,5.887585359926135e-10,-128.21102867786072
RG,46.9294415927411,5.887585336987529e-10,-128.45834904854144
RG,46.93136874666425,5.88758531412867e-10,-128.7061465036014
RG,46.93329590058739,5.887585291347692e-10,-128.9544219633222
RG,46.93522305451053,5.887585268642622e-10,-129.20317634976226
RG,46.93715020843368,5.887585246011372e-10,-129.4524105867573
UG con Q(N),35.51245770609112,4.6642794776506225e-06,1.000049842768534
UG con Q(N),35.51439028385916,4.6462861521743715e-06,0.9814719702313501
UG con Q(N),35.516322861627195,4.628362492797394e-06,0.9265680019678088
UG con Q(N),35.51825543939523,4.6105084435154166e-06,0.8375720020378308
UG con Q(N),35.52018801716327,4.592723880603369e-06,0.7179511893756232
UG con Q(N),35.52212059493131,4.575008582157775e-06,0.5722623349560954
UG con Q(N),35.52405317269935,4.557362238707032e-06,0.40597073130494826
UG con Q(N),35.525985750467385,4.5397844519829e-06,0.22523912065608756
UG con Q(N),35.52791832823543,4.522274756835227e-06,0.03669489042732099
UG con Q(N),35.52985090600347,4.504832658071536e-06,-0.1528155740472749
UG con Q(N),35.531783483771505,4.4874576517857e-06,-0.3364762417219814
UG con Q(N),35.53371606153954,4.470149273944998e-06,-0.5077454451875674
UG con Q(N),35.53564863930758,4.452907120537641e-06,-0.660585913788327
UG con Q(N),35.53758121707562,4.435730865361021e-06,-0.7896729082049069
UG con Q(N),35.53951379484366,4.418620276421067e-06,-0.8905735107890184
UG con Q(N),35.541446372611695,4.401575197881761e-06,-0.9598913166119714
UG con Q(N),35.54337895037973,4.384595547729806e-06,-0.995372141908416
UG con Q(N),35.54531152814777,4.367681285038511e-06,-0.995967839734422
UG con Q(N),35.54724410591581,4.350832378509015e-06,-0.9618568612556332
UG con Q(N),35.54917668368385,4.334048784259762e-06,-0.8944217456457119
UG con Q(N),35.551109261451884,4.317330404547999e-06,-0.7961852133739862
UG con Q(N),35.55304183921992,4.300677081949888e-06,-0.6707079426076648
UG con Q(N),35.55497441698796,4.2840885792026945e-06,-0.5224523466974208
UG con Q(N),35.556906994756,4.267564580577919e-06,-0.35661774533985113
UG con Q(N),35.55883957252404,4.251104708805887e-06,-0.17895316648414297
UG con Q(N),35.56077215029208,4.2347085312324386e-06,0.00444537203189717
UG con Q(N),35.56270472806012,4.218375600673099e-06,0.18734588854141432
UG con Q(N),35.56463730582816,4.202105471605662e-06,0.3635924578306277
UG con Q(N),35.566569883596195,4.185897732305507e-06,0.527311054682382
UG con Q(N),35.56850246136423,4.169752027582507e-06,0.6731024354657762
UG con Q(N),35.57043503913227,4.153668063993254e-06,0.7962158719573987
UG con Q(N),35.57236761690031,4.137645628194891e-06,0.8926983465759177
UG con Q(N),35.574300194668346,4.12168456909076e-06,0.9595147614194586
UG con Q(N),35.576232772436384,4.1057847955757865e-06,0.9946357914047033
UG con Q(N),35.57816535020442,4.089946250030022e-06,0.9970911555221785
UG con Q(N),35.58009792797246,4.074168884307246e-06,0.9669872789367027
UG con Q(N),35.5820305057405,4.058452642034655e-06,0.9054895094148361
UG con Q(N),35.583963083508536,4.0427974234148566e-06,0.8147702017027783
UG con Q(N),35.585895661276574,4.027203082973795e-06,0.6979250706161413
UG con Q(N),35.58782823904462,4.011669407842465e-06,0.5588611715943758
UG con Q(N),35.58976081681266,3.9961961244468225e-06,0.4021607124201739
UG con Q(N),35.591693394580695,3.9807829012895e-06,0.23292556591804914
UG con Q(N),35.59362597234873,3.965429360960012e-06,0.05660785736305757
UG con Q(N),35.59555855011677,3.950135107415603e-06,-0.12116768879862405
UG con Q(N),35.59749112788481,3.934899734450278e-06,-0.2947838359668071
UG con Q(N),35.599423705652846,3.919722862107061e-06,-0.45880761332587955
UG con Q(N),35.601356283420884,3.904604143186609e-06,-0.6081582878883898
UG con Q(N),35.60328886118892,3.889543286306971e-06,-0.7382614462053285
UG con Q(N),35.60522143895696,3.8745400571806745e-06,-0.8451846591877185
UG con Q(N),35.607154016725,3.859594279811055e-06,-0.9257508914095947
UG con Q(N),35.609086594493036,3.844705833646477e-06,-0.9776266015631302
UG con Q(N),35.611019172261074,3.829874630237675e-06,-0.9993823369766859
UG con Q(N),35.61295175002911,3.815100609668204e-06,-0.9905245344087369
UG con Q(N),35.61488432779715,3.800383706260105e-06,-0.9514981450096613
UG con Q(N),35.61681690556519,3.7857238429980304e-06,-0.8836606174137901
UG con Q(N),35.61874948333323,3.7711209045669685e-06,-0.7892286199195818
UG con Q(N),35.62068206110127,3.7565747327444153e-06,-0.6711996889429546
UG con Q(N),35.62261463886931,3.7420851165660636e-06,-0.5332516875956613
UG con Q(N),35.624547216637346,3.7276517921108452e-06,-0.3796235620416629
UG con Q(N),35.626479794405384,3.7132744546138723e-06,-0.21498135758111003
UG con Q(N),35.62841237217342,3.698952759764462e-06,-0.04427379934541659
UG con Q(N),35.63034494994146,3.68468635296759e-06,0.12741804875280885
UG con Q(N),35.6322775277095,3.670474871594124e-06,0.29503247197767746
UG con Q(N),35.634210105477536,3.6563179758099017e-06,0.45367563398188004
UG con Q(N),35.63614268324557,3.642215352141946e-06,0.598762646643432
UG con Q(N),35.63807526101361,3.62816673310265e-06,0.7261472050890608
UG con Q(N),35.64000783878165,3.614171896183141e-06,0.8322362422420734
UG con Q(N),35.64194041654969,3.6002306686991826e-06,0.9140865838806472
UG con Q(N),35.643872994317725,3.5863429214142817e-06,0.9694811790363352
UG con Q(N),35.64580557208576,3.5725085561636927e-06,0.9969831320856599
UG con Q(N),35.64773814985381,3.5587274992772816e-06,0.9959664474580986
UG con Q(N),35.649670727621846,3.5449996760654105e-06,0.9666230879743981
UG con Q(N),35.651603305389884,3.531325008908824e-06,0.9099466439713957
UG con Q(N),35.65353588315792,3.5177033888323117e-06,0.8276935568750773
UG con Q(N),35.65546846092596,3.5041346797417694e-06,0.7223234694443657
UG con Q(N),35.657401038694,3.4906186986592423e-06,0.5969208112807151
UG con Q(N),35.659333616462035,3.4771552254774886e-06,0.45510021888234103
UG con Q(N),35.66126619423007,3.4637439966944682e-06,0.3008987678768424
UG con Q(N),35.66319877199811,3.450384720778325e-06,0.13865829923835887
UG con Q(N),35.66513134976615,3.437077082204904e-06,-0.027098689373717712
UG con Q(N),35.66706392753419,3.4238207598087426e-06,-0.1917960187192196
UG con Q(N),35.668996505302225,3.4106154367588163e-06,-0.3509301118414235
UG con Q(N),35.67092908307026,3.3974608146125247e-06,-0.5001921339779097
UG con Q(N),35.6728616608383,3.3843566249098992e-06,-0.6355827349325502
UG con Q(N),35.67479423860634,3.371302632730863e-06,-0.7535164213673946
UG con Q(N),35.67672681637438,3.3582986462058265e-06,-0.8509129434708561
UG con Q(N),35.67865939414242,3.3453445069753045e-06,-0.9252734932256325
UG con Q(N),35.68059197191046,3.3324400960607943e-06,-0.97473998166675
UG con Q(N),35.6825245496785,3.31958531316345e-06,-0.9981361518331665
UG con Q(N),35.684457127446535,3.3067800797794504e-06,-0.9949898128716151
UG con Q(N),35.68638970521457,3.294024312920614e-06,-0.9655359887384705
UG con Q(N),35.68832228298261,3.281317928065767e-06,-0.9107013033826934
UG con Q(N),35.69025486075065,3.26866081423817e-06,-0.8320703971190226
UG con Q(N),35.69218743851869,3.2560528397279958e-06,-0.7318356405718215
UG con Q(N),35.694120016286725,3.243493834154382e-06,-0.6127318049361639
UG con Q(N),35.69605259405476,3.230983598845077e-06,-0.47795771521369773
UG con Q(N),35.6979851718228,3.2185218982480555e-06,-0.3310871908566058
UG con Q(N),35.69991774959084,3.206108474966679e-06,-0.1759718103019423
UG con Q(N),35.701850327358876,3.1937430490536115e-06,-0.01663817788850086
UG con Q(N),35.703782905126914,3.181425335840774e-06,0.14281754684328596
UG con Q(N),35.70571548289495,3.169155048761963e-06,0.298335098072924
UG con Q(N),35.70764806066299,3.1569319168682303e-06,0.4459928382207913
UG con Q(N),35.709580638431035,3.144755686262624e-06,0.5821052206608445
UG con Q(N),35.71151321619907,3.13262613378574e-06,0.7033126215293084
UG con Q(N),35.71344579396711,3.120543063725953e-06,0.8066614298129011
UG con Q(N),35.71537837173515,3.1085063152946596e-06,0.8896725864883266
UG con Q(N),35.71731094950319,3.096515753534883e-06,0.9503970931458103
UG con Q(N),35.719243527271225,3.0845712706626045e-06,0.9874573790109769
UG con Q(N),35.72117610503926,3.0726727723885985e-06,1.0000737886830104
UG con Q(N),35.7231086828073,3.060820175470517e-06,0.9880758478663435
UG con Q(N),35.72504126057534,3.0490133923641118e-06,0.95189834215214
UG con Q(N),35.726973838343376,3.0372523285561885e-06,0.8925626252190094
UG con Q(N),35.728906416111414,3.0255368689457377e-06,0.8116439178396331
UG con Q(N),35.73083899387945,3.0138668783570638e-06,0.7112256908087977
UG con Q(N),35.73277157164749,3.002242192215986e-06,0.5938425057715409
UG con Q(N),35.73470414941553,2.9906626222509832e-06,0.46241294140193034
UG con Q(N),35.736636727183566,2.9791279522835627e-06,0.32016442613971974
UG con Q(N),35.73856930495161,2.9676379491114463e-06,0.17055195461535905
UG con Q(N),35.74050188271965,2.956192362296839e-06,0.017172758672548243
UG con Q(N),35.74243446048769,2.9447909383514315e-06,-0.13632094657219887
UG con Q(N),35.744367038255724,2.9334334220258252e-06,-0.28630902970772526
UG con Q(N),35.74629961602376,2.922119570822756e-06,-0.42928826628416344
UG con Q(N),35.7482321937918,2.910849154885281e-06,-0.5619529648634243
UG con Q(N),35.75016477155984,2.899621969170916e-06,-0.6812695908633378
UG con Q(N),35.752097349327876,2.888437829159632e-06,-0.7845437653001153
UG con Q(N),35.754029927095914,2.8772965797134355e-06,-0.8694782382691273
UG con Q(N),35.75596250486395,2.8661980849031684e-06,-0.9342206754037856
UG con Q(N),35.75789508263199,2.855142234173574e-06,-0.9774003685153777
UG con Q(N),35.75982766040003,2.8441289266097923e-06,-0.9981532495686234
UG con Q(N),35.761760238168065,2.8331580759408515e-06,-0.9961348837437739
UG con Q(N),35.7636928159361,2.8222295915672446e-06,-0.9715213873382079
UG con Q(N),35.76562539370414,2.8113433840983955e-06,-0.9249985090041378
UG con Q(N),35.76755797147218,2.8004993466639956e-06,-0.8577393601336509
UG con Q(N),35.769490549240224,2.7896973620913226e-06,-0.7713715425690141
UG con Q(N),35.77142312700826,2.7789372880782044e-06,-0.6679346267976586
UG con Q(N),35.7733557047763,2.7682189660493795e-06,-0.5498291427405141
UG con Q(N),35.77528828254434,2.7575422127110707e-06,-0.4197583940075611
UG con Q(N),35.777220860312376,2.746906829531879e-06,-0.28066454537863256
UG con Q(N),35.779153438080414,2.7363126014195153e-06,-0.13566051717064703
UG con Q(N),35.78108601584845,2.7257593050692995e-06,0.012040719028026677
UG con Q(N),35.78301859361649,2.7152467136276046e-06,0.15919783373605903
UG con Q(N),35.78495117138453,2.7047746020607245e-06,0.3026122286034224
UG con Q(N),35.786883749152565,2.694342755329402e-06,0.4391969807763697
UG con Q(N),35.7888163269206,2.6839509694567557e-06,0.5660421861985274
UG con Q(N),35.79074890468864,2.6735990602438524e-06,0.6804753608905207
UG con Q(N),35.79268148245668,2.6632868596586328e-06,0.7801156968105524
UG con Q(N),35.79461406022472,2.6530142232110995e-06,0.8629211351229025
UG con Q(N),35.796546637992755,2.642781020999852e-06,0.927227393936122
UG con Q(N),35.7984792157608,2.632587144427365e-06,0.9717782890252187
UG con Q(N),35.80041179352884,2.6224324918301316e-06,0.9957468780130981
UG con Q(N),35.802344371296876,2.6123169748742218e-06,0.998747177813372
UG con Q(N),35.80427694906491,2.6022405027414922e-06,0.9808363966278073
UG con Q(N),35.80620952683295,2.59220298602765e-06,0.9425078385082168
UG con Q(N),35.80814210460099,2.582204325057129e-06,0.8846748167674162
UG con Q(N),35.81007468236903,2.5722444099726926e-06,0.8086461042189609
UG con Q(N),35.812007260137065,2.5623231164277876e-06,0.716093603874883
UG con Q(N),35.8139398379051,2.552440302734235e-06,0.6090130729380736
UG con Q(N),35.81587241567314,2.542595812888251e-06,0.4896788557303267
UG con Q(N),35.81780499344118,2.5327894727940295e-06,0.3605936793716754
UG con Q(N),35.81973757120922,2.52302109896808e-06,0.2244346453728284
UG con Q(N),35.821670148977255,2.513290494234541e-06,0.0839965959838494
UG con Q(N),35.82360272674529,2.5035974609458395e-06,-0.057865936727849274
UG con Q(N),35.82553530451333,2.4939417953938534e-06,-0.19829699588647035
UG con Q(N),35.82746788228137,2.4843233020741833e-06,-0.33449649796299424
UG con Q(N),35.82940046004941,2.4747417898818914e-06,-0.4637754331652719
UG con Q(N),35.83133303781745,2.4651970807519494e-06,-0.5836079069036301
UG con Q(N),35.83326561558549,2.4556890102618333e-06,-0.6916790497837451
UG con Q(N),35.83519819335353,2.446217428084931e-06,-0.7859279303161579
UG con Q(N),35.837130771121565,2.4367822015559702e-06,-0.8645847258673036
UG con Q(N),35.8390633488896,2.4273832097362137e-06,-0.9262015365076823
UG con Q(N),35.84099592665764,2.4180203482835922e-06,-0.9696763721377958
UG con Q(N),35.84292850442568,2.4086935179538243e-06,-0.9942699808519453
UG con Q(N),35.84486108219372,2.3994026305169907e-06,-0.999615345708558
UG con Q(N),35.846793659961754,2.390147596156363e-06,-0.985719811209329
UG con Q(N),35.84872623772979,2.3809283260746354e-06,-0.9529599583496144
UG con Q(N),35.85065881549783,2.3717447256402684e-06,-0.9020694729956893
UG con Q(N),35.85259139326587,2.3625966911498545e-06,-0.8341203889986795
UG con Q(N),35.854523971033906,2.3534841101988628e-06,-0.7504982025820526
UG con Q(N),35.856456548801944,2.344406855439001e-06,-0.6528714580055921
UG con Q(N),35.85838912656999,2.3353647907898685e-06,-0.54315650006634
UG con Q(N),35.86032170433803,2.3263577633668246e-06,-0.42347815652525284
UG con Q(N),35.862254282106065,2.3173856136540393e-06,-0.2961271804756287
UG con Q(N),35.8641868598741,2.308448170603524e-06,-0.16351531452889143
UG con Q(N),35.86611943764214,2.299545258564284e-06,-0.02812886961798808
UG con Q(N),35.86805201541018,2.2906767000131325e-06,0.10751828788336643
UG con Q(N),35.869984593178216,2.2818423162780416e-06,0.2409314552916791
UG con Q(N),35.871917170946254,2.27304193600564e-06,0.36968066198798255
UG con Q(N),35.87384974871429,2.2642753909533656e-06,0.49144427116323086
UG con Q(N),35.87578232648233,2.255542526390352e-06,0.604049857422054
UG con Q(N),35.87771490425037,2.2468431949868887e-06,0.7055116677995157
UG con Q(N),35.879647482018406,2.2381772632873003e-06,0.7940640578053142
UG con Q(N),35.881580059786444,2.2295446097800567e-06,0.8681903779316329
UG con Q(N),35.88351263755448,2.2209451226174482e-06,0.9266468839654106
UG con Q(N),35.88544521532252,2.2123787025223773e-06,0.9684813457233641
UG con Q(N),35.88737779309056,2.203845254175613e-06,0.9930461275023021
UG con Q(N),35.8893103708586,2.1953446910878996e-06,1.0000056267675939
UG con Q(N),35.89124294862664,2.1868769254724917e-06,0.9893380501257888
UG con Q(N),35.89317552639468,2.178441870457454e-06,0.9613316188493871
UG con Q(N),35.895108104162716,2.1700394360256116e-06,0.9165753828278557
UG con Q(N),35.897040681930754,2.16166952452284e-06,0.8559449180914948
UG con Q(N),35.89897325969879,2.1533320339015283e-06,0.7805832667310814
UG con Q(N),35.90090583746683,2.145026849224547e-06,0.691877547127967
UG con Q(N),35.90283841523487,2.1367538494545325e-06,0.5914317367738577
UG con Q(N),35.904770993002906,2.1285129016801697e-06,0.48103617378083596
UG con Q(N),35.906703570770944,2.1203038647985025e-06,0.3626343758869436
UG con Q(N),35.90863614853898,2.1121265916618598e-06,0.23828780130517802
UG con Q(N),35.91056872630702,2.1039809274194923e-06,0.11013919837377195
UG con Q(N),35.91250130407506,2.095866717504885e-06,-0.01962480036970661
UG con Q(N),35.914433881843095,2.0877838027557034e-06,-0.1488111889686607
UG con Q(N),35.91636645961113,2.079732027915864e-06,-0.2752575651562602
UG con Q(N),35.91829903737918,2.0717112413277027e-06,-0.3968679616582275
UG con Q(N),35.920231615147216,2.063721295944447e-06,-0.5116469526194483
UG con Q(N),35.922164192915254,2.0557620553778317e-06,-0.6177315008853141
UG con Q(N),35.92409677068329,2.0478333882500967e-06,-0.7134200598518314
UG con Q(N),35.92602934845133,2.0399351753472233e-06,-0.7971985062971689
UG con Q(N),35.92796192621937,2.0320673048137034e-06,-0.8677625376128904
UG con Q(N),35.929894503987406,2.0242296731626595e-06,-0.924036240035075
UG con Q(N),35.93182708175544,2.016422186335776e-06,-0.9651866019395571
UG con Q(N),35.93375965952348,2.008644753395247e-06,-0.9906338170823067
UG con Q(N),35.93569223729152,2.000897290406844e-06,-1.0000573014305985
UG con Q(N),35.93762481505956,1.9931797128134522e-06,-0.9933974100072661
UG con Q(N),35.939557392827595,1.985491936604147e-06,-0.9708529202625487
UG con Q(N),35.94148997059563,1.977833876916202e-06,-0.9328744079449205
UG con Q(N),35.94342254836367,1.9702054428776454e-06,-0.8801537070688684
UG con Q(N),35.94535512613171,1.962606541177202e-06,-0.8136097070616979
UG con Q(N),35.94728770389975,1.9550370691630314e-06,-0.7343707853439295
UG con Q(N),35.94922028166779,1.9474969181404724e-06,-0.643754229049182
UG con Q(N),35.95115285943583,1.9399859731970486e-06,-0.5432430308963292
UG con Q(N),35.95308543720387,1.932504110708388e-06,-0.43446048031140116
UG con Q(N),35.955018014971905,1.92505120384449e-06,-0.31914299595592144
UG con Q(N),35.95695059273994,1.917627118004449e-06,-0.1991116589194114
UG con Q(N),35.95888317050798,1.9102317161323512e-06,-0.0762429196813007
UG con Q(N),35.96081574827602,1.9028648604475828e-06,0.04756105110262139
UG con Q(N),35.96274832604406,1.8955264112979795e-06,0.17040190120015933
UG con Q(N),35.964680903812095,1.8882162333888094e-06,0.2904140723013852
UG con Q(N),35.96661348158013,1.8809341922078619e-06,0.4057927790463315
UG con Q(N),35.96854605934817,1.8736801585734656e-06,0.5148205850325551
UG con Q(N),35.97047863711621,1.866454010694494e-06,0.6158922002322531
UG con Q(N),35.97241121488425,1.8592556311746834e-06,0.707537159515915
UG con Q(N),35.974343792652284,1.8520849119017782e-06,0.7884400856247579
UG con Q(N),35.97627637042032,1.8449417498257684e-06,0.8574582790432755
UG con Q(N),35.97820894818837,1.837826048322918e-06,0.9136364289515706
UG con Q(N),35.980141525956405,1.830737718905484e-06,0.9562182847626515
UG con Q(N),35.98207410372444,1.8236766748772188e-06,0.984655175363056
UG con Q(N),35.98400668149248,1.8166428348957726e-06,0.9986113197478615
UG con Q(N),35.98593925926052,1.809636118818336e-06,0.9979659130342606
UG con Q(N),35.98787183702856,1.8026564461223388e-06,0.9828120267874638
UG con Q(N),35.989804414796595,1.7957037382151648e-06,0.9534524065280526
UG con Q(N),35.99173699256463,1.7887779109828649e-06,0.910392288676211
UG con Q(N),35.99366957033267,1.781878878216208e-06,0.8543294091008311
UG con Q(N),35.99560214810071,1.775006549826233e-06,0.7861414021969857
UG con Q(N),35.997534725868746,1.768160829405952e-06,0.7068708282312522
UG con Q(N),35.999467303636784,1.7613416175096524e-06,0.617708095029655
UG con Q(N),36.00139988140482,1.7545488072484926e-06,0.5199725599228608
UG con Q(N),36.00333245917286,1.7477822870416622e-06,0.41509212280652225
UG con Q(N),36.0052650369409,1.741041943320124e-06,0.3045816301887635
UG con Q(N),36.007197614708936,1.7343276564381884e-06,0.19002042074384948
UG con Q(N),36.00913019247698,1.72763930599164e-06,0.07302934915270543
UG con Q(N),36.01106277024502,1.7209767701809433e-06,-0.044752379548448046
UG con Q(N),36.01299534801306,1.7143399263705304e-06,-0.16169023548700542
UG con Q(N),36.014927925781095,1.707728655774784e-06,-0.27617693139295985
UG con Q(N),36.01686050354913,1.7011428394408353e-06,-0.3866542269871811
UG con Q(N),36.01879308131717,1.69458236241638e-06,-0.4916336847302498
UG con Q(N),36.02072565908521,1.6880471159556034e-06,-0.5897161123623821
UG con Q(N),36.022658236853246,1.681536993814137e-06,-0.6796094509230218
UG con Q(N),36.024590814621284,1.67505189629473e-06,-0.7601448976784125
UG con Q(N),36.02652339238932,1.6685917286285023e-06,-0.8302910787720602
UG con Q(N),36.02845597015736,1.6621564002221274e-06,-0.8891661203291213
UG con Q(N),36.0303885479254,1.6557458272981497e-06,-0.9360474992515905
UG con Q(N),36.032321125693436,1.6493599275825448e-06,-0.9703795839322564
UG con Q(N),36.034253703461474,1.642998622129531e-06,-0.991778815546326
UG con Q(N),36.03618628122951,1.6366618363653803e-06,-1.000036507783313
UG con Q(N),36.03811885899755,1.6303494941205195e-06,-0.9951192751095777
UG con Q(N),36.040051436765594,1.624061520354771e-06,-0.9771671379518919
UG con Q(N),36.04198401453363,1.617797839451922e-06,-0.9464893743477688
UG con Q(N),36.04391659230167,1.6115583729620108e-06,-0.9035582208178504
UG con Q(N),36.04584917006971,1.605343041199013e-06,-0.8490005512413659
UG con Q(N),36.047781747837746,1.5991517599964742e-06,-0.7835876822971695
UG con Q(N),36.049714325605784,1.5929844412916106e-06,-0.7082234798763483
UG con Q(N),36.05164690337382,1.58684099559682e-06,-0.6239309554915984
UG con Q(N),36.05357948114186,1.580721326993985e-06,-0.5318375557301109
UG con Q(N),36.0555120589099,1.5746253365158532e-06,-0.43315936517812303
UG con Q(N),36.057444636677936,1.5685529241415521e-06,-0.32918444573913225
UG con Q(N),36.05937721444597,1.5625039849512099e-06,-0.22125554352548465
UG con Q(N),36.06130979221401,1.5564784131275206e-06,-0.11075239876282911
UG con Q(N),36.06324236998205,1.5504761024462766e-06,0.0009261101671711458
UG con Q(N),36.06517494775009,1.5444969456013644e-06,0.11237975835928668
UG con Q(N),36.067107525518125,1.5385408370139868e-06,0.22222447893007216
UG con Q(N),36.06904010328617,1.532607671993024e-06,0.32910936660868106
UG con Q(N),36.07097268105421,1.5266973477630388e-06,0.4317329781119491
UG con Q(N),36.072905258822246,1.5208097662645525e-06,0.5288587412980392
UG con Q(N),36.074837836590284,1.5149448308821159e-06,0.6193292989872154
UG con Q(N),36.07677041435832,1.5091024488224282e-06,0.7020796338606424
UG con Q(N),36.07870299212636,1.5032825334178546e-06,0.7761488377941341
UG con Q(N),36.0806355698944,1.497484999233102e-06,0.8406904072000884
UG con Q(N),36.082568147662435,1.4917097649084764e-06,0.8949809726394783
UG con Q(N),36.08450072543047,1.485956754456792e-06,0.9384273872160406
UG con Q(N),36.08643330319851,1.480225892290934e-06,0.9705721199448271
UG con Q(N),36.08836588096655,1.4745171056113292e-06,0.9910969282727229
UG con Q(N),36.09029845873459,1.4688303245315724e-06,0.9998247986610872
UG con Q(N),36.092231036502625,1.463165478411025e-06,0.996720167188089
UG con Q(N),36.09416361427066,1.457522497312519e-06,0.9818874563444214
UG con Q(N),36.0960961920387,1.4519013111961252e-06,0.955567978048091
UG con Q(N),36.098028769806746,1.446301848123225e-06,0.9181352740231055
UG con Q(N),36.099961347574784,1.4407240350158688e-06,0.8700889822934764
UG con Q(N),36.10189392534282,1.4351677963914142e-06,0.8120473311975821
UG con Q(N),36.10382650311086,1.4296330539903566e-06,0.7447383785021882
UG con Q(N),36.1057590808789,1.42411972781194e-06,0.6689901241156181
UG con Q(N),36.107691658646935,1.4186277343035682e-06,0.5857196339336737
UG con Q(N),36.10962423641497,1.4131569872447612e-06,0.49592132297713964
UG con Q(N),36.11155681418301,1.4077073993412242e-06,0.4006545499212442
UG con Q(N),36.11348939195105,1.4022788798883714e-06,0.3010306796163768
UG con Q(N),36.11542196971909,1.3968713367159894e-06,0.19819977440844008
UG con Q(N),36.117354547487125,1.3914846781432066e-06,0.0933370729114567
UG con Q(N),36.11928712525516,1.3861188102224791e-06,-0.01237058529398366
UG con Q(N),36.1212197030232,1.3807736393294371e-06,-0.11773823339165004
UG con Q(N),36.12315228079124,1.37544907422037e-06,-0.22159600027499757
UG con Q(N),36.125084858559276,1.3701450228670056e-06,-0.3228019382760821
UG con Q(N),36.127017436327314,1.3648613952630178e-06,-0.4202543207172137
UG con Q(N),36.12895001409536,1.3595981053325594e-06,-0.5129032831640253
UG con Q(N),36.1308825918634,1.3543550673401166e-06,-0.599761691095821
UG con Q(N),36.132815169631435,1.3491321985903958e-06,-0.6799151315979868
UG con Q(N),36.13474774739947,1.343929421019437e-06,-0.7525309362747503
UG con Q(N),36.13668032516751,1.3387466572117406e-06,-0.8168661545037182
UG con Q(N),36.13861290293555,1.3335838328346769e-06,-0.8722744146405788
UG con Q(N),36.14054548070359,1.328440877865369e-06,-0.9182116198348577
UG con Q(N),36.142478058471625,1.3233177223429213e-06,-0.9542404388422631
UG con Q(N),36.14441063623966,1.3182142985369009e-06,-0.9800335722274464
UG con Q(N),36.1463432140077,1.3131305418728655e-06,-0.9953757818875639
UG con Q(N),36.14827579177574,1.3080663866487333e-06,-1.000164686023321
UG con Q(N),36.150208369543776,1.3030217680363676e-06,-0.9944103410446725
UG con Q(N),36.152140947311814,1.2979966228245975e-06,-0.9782336373700458
UG con Q(N),36.15407352507985,1.2929908854000143e-06,-0.9518635494612402
UG con Q(N),36.15600610284789,1.2880044896904691e-06,-0.9156332971388502
UG con Q(N),36.15793868061593,1.283037369833562e-06,-0.8699754785125337
UG con Q(N),36.15987125838397,1.2780894567426596e-06,-0.8154162462690373
UG con Q(N),36.16180383615201,1.2731606800230967e-06,-0.7525686114934819
UG con Q(N),36.16373641392005,1.268250968614135e-06,-0.6821249605540636
UG con Q(N),36.16566899168809,1.263360248224751e-06,-0.604848879000319
UG con Q(N),36.167601569456124,1.2584884431225828e-06,-0.5215663836517346
UG con Q(N),36.16953414722416,1.2536354767267844e-06,-0.4331566638764265
UG con Q(N),36.1714667249922,1.2488012701055591e-06,-0.34054243765891473
UG con Q(N),36.17339930276024,1.2439857434187103e-06,-0.24468003010287678
UG con Q(N),36.175331880528276,1.239188816390497e-06,-0.14654928046492516
UG con Q(N),36.177264458296314,1.2344104079294157e-06,-0.04714338418973374
UG con Q(N),36.17919703606435,1.2296504369433817e-06,0.05254122577759923
UG con Q(N),36.18112961383239,1.2249088225751376e-06,0.15151485732200115
UG con Q(N),36.18306219160043,1.2201854851504559e-06,0.24880429973398138
UG con Q(N),36.184994769368465,1.21548034549748e-06,0.3434622338794857
UG con Q(N),36.1869273471365,1.2107933255648307e-06,0.4345762250596272
UG con Q(N),36.18885992490455,1.2061243502521996e-06,0.5212772182964701
UG con Q(N),36.190792502672586,1.201473344888558e-06,0.6027474611296929
UG con Q(N),36.192725080440624,1.1968402367159772e-06,0.6782277891015004
UG con Q(N),36.19465765820866,1.19222495680875e-06,0.7470242155389011
UG con Q(N),36.1965902359767,1.1876274362603553e-06,0.8085137733843591
UG con Q(N),36.19852281374474,1.1830476084180847e-06,0.8621495710466548
UG con Q(N),36.200455391512776,1.1784854101672903e-06,0.9074650279535832
UG con Q(N),36.202387969280814,1.1739407779992677e-06,0.944077263772884
UG con Q(N),36.20432054704885,1.1694136503542067e-06,0.9716896305595627
UG con Q(N),36.20625312481689,1.1649039679075816e-06,0.9900933784576814
UG con Q(N),36.20818570258493,1.1604116707846673e-06,0.9991684562836948
UG con Q(N),36.210118280352965,1.1559367001276963e-06,0.9988834605345586
UG con Q(N),36.212050858121,1.151478997567319e-06,0.9892947483499549
UG con Q(N),36.21398343588904,1.1470385043510504e-06,0.9705447408963568
UG con Q(N),36.21591601365708,1.142615161403444e-06,0.9428594505641023
UG con Q(N),36.21784859142512,1.1382089085890825e-06,0.906545270613538
UG con Q(N),36.21978116919316,1.1338196861400627e-06,0.8619850738182047
UG con Q(N),36.2217137469612,1.1294474319895333e-06,0.8096336683631953
UG con Q(N),36.22364632472924,1.125092082851249e-06,0.7500126697160613
UG con Q(N),36.225578902497276,1.1207535759898082e-06,0.6837048465192899
UG con Q(N),36.22751148026531,1.1164318454515243e-06,0.6113480018108735
UG con Q(N),36.22944405803335,1.1121268246235492e-06,0.5336284592315234
UG con Q(N),36.23137663580139,1.1078384469253614e-06,0.45127421902815895
UG con Q(N),36.23330921356943,1.1035666434361545e-06,0.3650478534471523
UG con Q(N),36.235241791337465,1.0993113450398482e-06,0.27573921292135606
UG con Q(N),36.2371743691055,1.095072482084735e-06,0.18415801133633913
UG con Q(N),36.23910694687354,1.0908499847424145e-06,0.09112636050291907
UG con Q(N),36.24103952464158,1.0866437828150374e-06,-0.0025286783840388904
UG con Q(N),36.24297210240962,1.0824538058132053e-06,-0.09598245982859344
UG con Q(N),36.244904680177655,1.0782799853070228e-06,-0.18841997219916629
UG con Q(N),36.24683725794569,1.0741222517393903e-06,-0.27904284738950513
UG con Q(N),36.24876983571374,1.0699805367820073e-06,-0.36707610485556313
UG con Q(N),36.250702413481775,1.0658547744139044e-06,-0.45177457632301027
UG con Q(N),36.25263499124981,1.0617448983050561e-06,-0.5324289601852099
UG con Q(N),36.25456756901785,1.0576508441105624e-06,-0.6083714622238379
UG con Q(N),36.25650014678589,1.0535725488649184e-06,-0.6789809807103875
UG con Q(N),36.25843272455393,1.0495099512882594e-06,-0.7436878010114142
UG con Q(N),36.260365302321965,1.045462991159244e-06,-0.8019777689185192
UG con Q(N),36.26229788009,1.0414316092209309e-06,-0.8533959179451627
UG con Q(N),36.26423045785804,1.0374157491900724e-06,-0.8975495317573208
UG con Q(N),36.26616303562608,1.03341535413717e-06,-0.9341106239438093
UG con Q(N),36.26809561339412,1.0294303687480481e-06,-0.9628178308961365
UG con Q(N),36.270028191162154,1.025460739336484e-06,-0.9834777107539098
UG con Q(N),36.27196076893019,1.0215064119409417e-06,-0.9959654495879792
UG con Q(N),36.27389334669823,1.0175673335950463e-06,-1.0002249837092019
UG con Q(N),36.27582592446627,1.0136434510485334e-06,-0.9962685465023159
UG con Q(N),36.277758502234306,1.0097347124200493e-06,-0.9841756581556086
UG con Q(N),36.27969108000235,1.0058410643253636e-06,-0.9640915746679517
UG con Q(N),36.28162365777039,1.0019624533139972e-06,-0.9362252245434197
UG con Q(N),36.28355623553843,9.98098826677726e-07,-0.9008466583824347
UG con Q(N),36.285488813306465,9.94250129753443e-07,-0.8582840413179197
UG con Q(N),36.2874213910745,9.904163079007463e-07,-0.8089202261279332
UG con Q(N),36.28935396884254,9.86597305371346e-07,-0.7531889402363525
UG con Q(N),36.29128654661058,9.827930665305998e-07,-0.6915706280143997
UG con Q(N),36.293219124378616,9.79003533943983e-07,-0.6245879871157127
UG con Q(N),36.295151702146654,9.752286494359954e-07,-0.5528012436565005
UG con Q(N),36.29708427991469,9.714683554104677e-07,-0.47680320826506556
UG con Q(N),36.29901685768273,9.67722592195983e-07,-0.39721415651921316
UG con Q(N),36.30094943545077,9.639913003459822e-07,-0.3146765804816235
UG con Q(N),36.302882013218806,9.602744196578649e-07,-0.22984985369805128
UG con Q(N),36.304814590986844,9.565718905770668e-07,-0.14340485499694233
UG con Q(N),36.30674716875488,9.528836524250977e-07,-0.05601859360746833
UG con Q(N),36.30867974652293,9.49209644675462e-07,0.03163112130392526
UG con Q(N),36.310612324290965,9.455498081493084e-07,0.11887092668857842
UG con Q(N),36.312544902059,9.419040827703516e-07,0.20503702730223983
UG con Q(N),36.31447747982704,9.382724096774391e-07,0.2894801563330829
UG con Q(N),36.31641005759508,9.346547301067719e-07,0.3715703393963978
UG con Q(N),36.318342635363116,9.310509872874408e-07,0.4507014299174632
UG con Q(N),36.320275213131154,9.274611239360576e-07,0.5262953843719947
UG con Q(N),36.32220779089919,9.238850841130359e-07,0.5978062517773728
UG con Q(N),36.32414036866723,9.203228135148877e-07,0.6647238519945439
UG con Q(N),36.32607294643527,9.167742581071896e-07,0.726577120641202
UG con Q(N),36.328005524203306,9.132393652675964e-07,0.7829371038913788
UG con Q(N),36.329938101971344,9.097180826959452e-07,0.8334195860145436
UG con Q(N),36.33187067973938,9.062103604992964e-07,0.8776873398685042
UG con Q(N),36.33380325750742,9.02716148050323e-07,0.9154519874085626
UG con Q(N),36.33573583527546,8.992353962591049e-07,0.9464754694081088
UG con Q(N),36.337668413043495,8.957680565592883e-07,0.9705711175491419
UG con Q(N),36.33960099081154,8.923140814570866e-07,0.9876043314610078
UG con Q(N),36.34153356857958,8.888734231835885e-07,0.9974928621639934
UG con Q(N),36.343466146347616,8.854460342934993e-07,1.0002067100492125
UG con Q(N),36.345398724115654,8.820318684916949e-07,0.9957676453026004
UG con Q(N),36.34733130188369,8.786308785021294e-07,0.9842483602652763
UG con Q(N),36.34926387965173,8.75243017626956e-07,0.9657712712802442
UG con Q(N),36.35119645741977,8.718682383332074e-07,0.9405069822970059
UG con Q(N),36.353129035187806,8.685064942373731e-07,0.9086724317937045
UG con Q(N),36.35506161295584,8.651577371095078e-07,0.8705287385053755
UG con Q(N),36.35699419072388,8.618219190945571e-07,0.826378772994627
UG con Q(N),36.35892676849192,8.584989916345968e-07,0.7765644736385249
UG con Q(N),36.36085934625996,8.551889064199907e-07,0.7214639341386735
UG con Q(N),36.362791924027995,8.518916137331253e-07,0.6614882857990683
UG con Q(N),36.36472450179603,8.486070636416149e-07,0.5970784032936978
UG con Q(N),36.36665707956407,8.453352063216944e-07,0.5287014588901489
UG con Q(N),36.36858965733211,8.420759910747936e-07,0.45684735270245164
UG con Q(N),36.370522235100154,8.388293670386257e-07,0.3820250472295683
UG con Q(N),36.37245481286819,8.355952826202546e-07,0.30475883291135686
UG con Q(N),36.37438739063623,8.323736872133166e-07,0.22558455255103652
UG con Q(N),36.37631996840427,8.291645288858818e-07,0.14504581071175637
UG con Q(N),36.378252546172305,8.25967756421993e-07,0.06369019555453959
UG con Q(N),36.38018512394034,8.227833180485617e-07,-0.017934462168216203
UG con Q(N),36.38211770170838,8.196111634631445e-07,-0.09928376786819042
UG con Q(N),36.38405027947642,8.164512412249138e-07,-0.1798203557085389
UG con Q(N),36.38598285724446,8.133035010379919e-07,-0.2590173729268619
UG con Q(N),36.387915435012495,8.101678926185374e-07,-0.3363618341845397
UG con Q(N),36.38984801278053,8.070443671798463e-07,-0.4113578267119751
UG con Q(N),36.39178059054857,8.03932875318017e-07,-0.4835295466584008
UG con Q(N),36.39371316831661,8.008333688318688e-07,-0.5524241516038823
UG con Q(N),36.39564574608465,7.977458001097635e-07,-0.6176144127014883
UG con Q(N),36.397578323852684,7.946701226941687e-07,-0.6787011538473996
UG con Q(N),36.39951090162073,7.916062900765432e-07,-0.7353154652266867
UG con Q(N),36.40144347938877,7.885542566796676e-07,-0.7871206828836409
UG con Q(N),36.403376057156805,7.855139778968854e-07,-0.8338141251571519
UG con Q(N),36.40530863492484,7.824854097107392e-07,-0.8751285795978248
UG con Q(N),36.40724121269288,7.794685084337669e-07,-0.9108335363096564
UG con Q(N),36.40917379046092,7.764632308451186e-07,-0.9407361650721137
UG con Q(N),36.41110636822896,7.734695348052145e-07,-0.9646820354937209
UG con Q(N),36.413038945996995,7.70487378140304e-07,-0.9825555793861944
UG con Q(N),36.41497152376503,7.675167191293909e-07,-0.9942802998837545
UG con Q(N),36.41690410153307,7.645575160132776e-07,-0.9998187295981256
UG con Q(N),36.41883667930111,7.616097280133219e-07,-0.9991721449131528
UG con Q(N),36.420769257069146,7.586733137721297e-07,-0.992380040608365
UG con Q(N),36.422701834837184,7.557482323195963e-07,-0.9795193764300303
UG con Q(N),36.42463441260522,7.528344422312423e-07,-0.9607036022905994
UG con Q(N),36.42656699037326,7.499319028791317e-07,-0.9360814752484142
UG con Q(N),36.428499568141305,7.470405726882433e-07,-0.9058356768344358
UG con Q(N),36.43043214590934,7.441604103499426e-07,-0.870181247112006
UG con Q(N),36.43236472367738,7.412913738582027e-07,-0.8293638458932745
UG con Q(N),36.43429730144542,7.384334218571968e-07,-0.7836578579421278
UG con Q(N),36.43622987921346,7.355865119083405e-07,-0.7333643542174901
UG con Q(N),36.438162456981495,7.327506017680512e-07,-0.6788089277643923
UG con Q(N),36.44009503474953,7.299256484623894e-07,-0.6203394174772148
UG con Q(N),36.44202761251757,7.271116096177664e-07,-0.558323537833856
UG con Q(N),36.44396019028561,7.243084418921121e-07,-0.4931464289527787
UG con Q(N),36.445892768053646,7.215161021386931e-07,-0.4252081454497489
UG con Q(N),36.447825345821684,7.18734546652492e-07,-0.354921098890164
UG con Q(N),36.44975792358972,7.159637323558283e-07,-0.28270747109727673
UG con Q(N),36.45169050135776,7.132036155455068e-07,-0.2089966135421781
UG con Q(N),36.4536230791258,7.104541527260765e-07,-0.13422244932318775
UG con Q(N),36.455555656893836,7.077153001822217e-07,-0.05882089260967971
UG con Q(N),36.457488234661874,7.049870148536709e-07,0.016772699543336045
UG con Q(N),36.45942081242992,7.022692535649987e-07,0.09212602854357552
UG con Q(N),36.46135339019796,6.995619732818044e-07,0.166812295251439
UG con Q(N),36.463285967965994,6.968651311869213e-07,0.24041256748450604
UG con Q(N),36.46521854573403,6.941786850611208e-07,0.3125180621006798
UG con Q(N),36.46715112350207,6.915025931472127e-07,0.3827323298066304
UG con Q(N),36.46908370127011,6.888368136292634e-07,0.45067333221992484
UG con Q(N),36.471016279038146,6.861813053501252e-07,0.5159754018572248
UG con Q(N),36.472948856806184,6.835360275652053e-07,0.5782910758034745
UG con Q(N),36.47488143457422,6.80900940503917e-07,0.6372927956562792
UG con Q(N),36.47681401234226,6.782760040388708e-07,0.6926744657417486
UG con Q(N),36.4787465901103,6.756611790318464e-07,0.7441528658066006
UG con Q(N),36.480679167878336,6.730564264759603e-07,0.7914689109790201
UG con Q(N),36.48261174564637,6.704617086441505e-07,0.8343887572401939
UG con Q(N),36.48454432341441,6.678769871802866e-07,0.87270474642091
UG con Q(N),36.48647690118245,6.653022248211413e-07,0.9062361929275291
UG con Q(N),36.48840947895049,6.627373841620504e-07,0.9348300069654863
UG con Q(N),36.49034205671853,6.60182429071008e-07,0.9583611579169575
UG con Q(N),36.49227463448657,6.576373226875441e-07,0.9767329743351066
UG con Q(N),36.49420721225461,6.551020290620759e-07,0.9898772874111487
UG con Q(N),36.496139790022646,6.525765119577898e-07,0.9977544156545611
UG con Q(N),36.498072367790684,6.500607360396217e-07,1.0003529980405497
UG con Q(N),36.50000494555872,6.475546655277342e-07,0.9976896759421582
UG con Q(N),36.50193752332676,6.450582649367975e-07,0.9898086322368986
UG con Q(N),36.5038701010948,6.42571498661574e-07,0.9767809905766289
UG con Q(N),36.505802678862835,6.400943313364505e-07,0.9587040823918529
UG con Q(N),36.50773525663087,6.376267277917623e-07,0.9357005874329959
UG con Q(N),36.50966783439891,6.35168652227289e-07,0.9079175547932518
UG con Q(N),36.51160041216695,6.32720069166402e-07,0.875525313950474
UG con Q(N),36.51353298993499,6.302809427377552e-07,0.8387162813939197
UG con Q(N),36.515465567703025,6.278512377326478e-07,0.7977036736535912
UG con Q(N),36.51739814547106,6.254309178322389e-07,0.7527201325267738
UG con Q(N),36.51933072323911,6.23019947253998e-07,0.7040162753639271
UG con Q(N),36.521263301007146,6.206182895965904e-07,0.6518591758122738
UG con Q(N),36.523195878775184,6.18225909095948e-07,0.5965307872103104
UG con Q(N),36.52512845654322,6.158427692032973e-07,0.5383263155556866
UG con Q(N),36.52706103431126,6.134688336006359e-07,0.47755255377514494
UG con Q(N),36.5289936120793,6.111040656916821e-07,0.41452618498714866
UG con Q(N),36.530926189847335,6.087484290211748e-07,0.34957206495616744
UG con Q(N),36.53285876761537,6.064018873981146e-07,0.2830214926101607
UG con Q(N),36.53479134538341,6.040644039987294e-07,0.21521047751119896
UG con Q(N),36.53672392315145,6.017359425109306e-07,0.14647801376768682
UG con Q(N),36.53865650091949,5.994164663078217e-07,0.07716436818071018
UG con Q(N),36.540589078687525,5.971059396478754e-07,0.0076093913867008095
UG con Q(N),36.54252165645556,5.948043260126164e-07,-0.0618491400526944
UG con Q(N),36.5444542342236,5.925115896309734e-07,-0.1308771431748118
UG con Q(N),36.54638681199164,5.902276945275026e-07,-0.19914580218480243
UG con Q(N),36.548319389759676,5.879526053451288e-07,-0.26633308974100744
UG con Q(N),36.55025196752772,5.856862869486071e-07,-0.3321252288920762
UG con Q(N),36.55218454529576,5.834287041055323e-07,-0.39621809003984065
UG con Q(N),36.5541171230638,5.811798221750524e-07,-0.4583185177127879
UG con Q(N),36.556049700831835,5.789396065238933e-07,-0.5181455814251049
UG con Q(N),36.55798227859987,5.767080235451197e-07,-0.5754317472631044
UG con Q(N),36.55991485636791,5.744850390673895e-07,-0.6299239640619412
UG con Q(N),36.56184743413595,5.722706198191363e-07,-0.6813846637047546
UG con Q(N),36.56378001190399,5.700647324670131e-07,-0.72959266951741
UG con Q(N),36.565712589672025,5.67867344356257e-07,-0.7743440127698564
UG con Q(N),36.56764516744006,5.6567842316898e-07,-0.815452653436607
UG con Q(N),36.5695777452081,5.634979364773952e-07,-0.8527511044571753
UG con Q(N),36.57151032297614,5.613258524944197e-07,-0.8860909594907759
UG con Q(N),36.573442900744176,5.591621393694674e-07,-0.9153433217159487
UG con Q(N),36.575375478512214,5.570067661962429e-07,-0.9403991362011254
UG con Q(N),36.57730805628025,5.548597015109332e-07,-0.961169422741343
UG con Q(N),36.57924063404829,5.527209145368657e-07,-0.9775854146393295
UG con Q(N),36.581173211816335,5.505903744114475e-07,-0.9895986006353054
UG con Q(N),36.58310578958437,5.484680505701576e-07,-0.997180674568998
UG con Q(N),36.58503836735241,5.46353912928303e-07,-1.0003233937081637
UG con Q(N),36.58697094512045,5.442479308383927e-07,-0.9990383473640684
UG con Q(N),36.58890352288849,5.421500742626339e-07,-0.9933566418306927
UG con Q(N),36.590836100656524,5.400603128333303e-07,-0.9833285009123957
UG con Q(N),36.59276867842456,5.379786167572744e-07,-0.9690227891509117
UG con Q(N),36.5947012561926,5.359049559430098e-07,-0.9505264583069025
UG con Q(N),36.59663383396064,5.338393002649417e-07,-0.9279439237523646
UG con Q(N),36.598566411728676,5.317816197305721e-07,-0.9013963739519234
UG con Q(N),36.600498989496714,5.297318841131826e-07,-0.8710210171468568
UG con Q(N),36.60243156726475,5.27690063778315e-07,-0.8369702712879057
UG con Q(N),36.60436414503279,5.256561283000657e-07,-0.7994108994020945
UG con Q(N),36.60629672280083,5.23630047697731e-07,-0.7585230989819552
UG con Q(N),36.608229300568865,5.216117916977358e-07,-0.714499546985862
UG con Q(N),36.61016187833691,5.196013300735685e-07,-0.6675444077251403
UG con Q(N),36.61209445610495,5.175986329529927e-07,-0.6178723079893621
UG con Q(N),36.614027033872986,5.156036697465608e-07,-0.565707283864087
UG con Q(N),36.615959611641024,5.136164103605993e-07,-0.5112817063885741
UG con Q(N),36.61789218940906,5.116368243399528e-07,-0.45483518888474295
UG con Q(N),36.6198247671771,5.096648815515806e-07,-0.3966134827190281
UG con Q(N),36.62175734494514,5.077005519199811e-07,-0.3368673655526342
UG con Q(N),36.623689922713176,5.05743804986396e-07,-0.27585152728373885
UG con Q(N),36.625622500481214,5.037946107208971e-07,-0.21382345885468698
UG con Q(N),36.62755507824925,5.018529388180684e-07,-0.15104234793880936
UG con Q(N),36.62948765601729,4.999187595162376e-07,-0.08776798650735734
UG con Q(N),36.63142023378533,4.979920428761194e-07,-0.02425969450044465
UG con Q(N),36.633352811553365,4.960727589771847e-07,0.03922473619050679
UG con Q(N),36.6352853893214,4.941608782153693e-07,0.10243007342594906
UG con Q(N),36.63721796708944,4.922563708695177e-07,0.16510464830963623
UG con Q(N),36.639150544857486,4.903592078945394e-07,0.22700132726519046
UG con Q(N),36.641083122625524,4.884693599352077e-07,0.2878784484445929
UG con Q(N),36.64301570039356,4.86586797972618e-07,0.347500720430746
UG con Q(N),36.6449482781616,4.847114932046935e-07,0.4056400795167524
UG con Q(N),36.64688085592964,4.828434168546249e-07,0.4620765031243902
UG con Q(N),36.648813433697676,4.809825408686572e-07,0.5165987775075032
UG con Q(N),36.65074601146571,4.791288368270779e-07,0.5690052159461498
UG con Q(N),36.65267858923375,4.772822768192013e-07,0.6191043278539805
UG con Q(N),36.65461116700179,4.7544283307888887e-07,0.6667154351088349
UG con Q(N),36.65654374476983,4.736104779396942e-07,0.7116692352085093
UG con Q(N),36.658476322537865,4.7178518444165046e-07,0.7538083104488527
UG con Q(N),36.6604089003059,4.6996692523256474e-07,0.7929875801798792
UG con Q(N),36.66234147807394,4.6815567350908226e-07,0.8290746987393661
UG con Q(N),36.66427405584198,4.663514025580981e-07,0.8619503956336007
UG con Q(N),36.66620663361002,4.6455408576194034e-07,0.8915087594456782
UG con Q(N),36.668139211378055,4.6276369715447685e-07,0.9176574656810157
UG con Q(N),36.6700717891461,4.609802103549843e-07,0.9403179465750751
UG con Q(N),36.67200436691414,4.592035994746363e-07,0.9594255070964978
UG con Q(N),36.673936944682175,4.5743383867598035e-07,0.974929384392998
UG con Q(N),36.67586952245021,4.5567090215098663e-07,0.986792753440288
UG con Q(N),36.67780210021825,4.5391476466950224e-07,0.9949926801860098
UG con Q(N),36.67973467798629,4.5216540058175975e-07,0.9995200211186811
UG con Q(N),36.68166725575433,4.5042278460039153e-07,1.000379274421496
UG con Q(N),36.683599833522365,4.4868689148360634e-07,0.9975883811173785
UG con Q(N),36.6855324112904,4.4695769592077715e-07,0.9911784794297831
UG con Q(N),36.68746498905844,4.452351730963537e-07,0.9811936147651376
UG con Q(N),36.68939756682648,4.435192978268018e-07,0.9676904050709652
UG con Q(N),36.69133014459452,4.41810045097871e-07,0.9507376667897849
UG con Q(N),36.693262722362554,4.4010738999293696e-07,0.9304160014772374
UG con Q(N),36.69519530013059,4.38411307429453e-07,0.9068173459149597
UG con Q(N),36.69712787789863,4.3672177272746655e-07,0.8800444891312387
UG con Q(N),36.69906045566667,4.350387609799952e-07,0.8502105568810016
UG con Q(N),36.70099303343471,4.333622472094764e-07,0.8174384680419572
UG con Q(N),36.70292561120275,4.316922066491054e-07,0.7818603648705624
UG con Q(N),36.70485818897079,4.300286143048046e-07,0.7436170190431113
UG con Q(N),36.70679076673883,4.2837144547755576e-07,0.7028572175080525
UG con Q(N),36.708723344506865,4.2672067546512063e-07,0.6597371294691777
UG con Q(N),36.7106559222749,4.250762792589279e-07,0.6144196578031921
UG con Q(N),36.71258850004294,4.234382321950798e-07,0.5670737782035606
UG con Q(N),36.71452107781098,4.2180650938954106e-07,0.5178738672971086
UG con Q(N),36.716453655579016,4.201810861300655e-07,0.4669990236431337
UG con Q(N),36.718386233347054,4.18561937950617e-07,0.41463238352981785
UG con Q(N),36.72031881111509,4.1694903992957016e-07,0.3609604339894557
UG con Q(N),36.72225138888313,4.153423675737068e-07,0.3061723264054762
UG con Q(N),36.72418396665117,4.1374189626066623e-07,0.2504591920551847
UG con Q(N),36.726116544419206,4.121476014172305e-07,0.19401346266105446
UG con Q(N),36.728049122187244,4.105594588901772e-07,0.1370281979950101
UG con Q(N),36.72998169995529,4.089774441288581e-07,0.07969642276022013
UG con Q(N),36.73191427772333,4.0740153292093965e-07,0.022210474924166432
UG con Q(N),36.733846855491365,4.058317011195289e-07,-0.035238632511339074
UG con Q(N),36.7357794332594,4.042679245337641e-07,-0.09246183430553384
UG con Q(N),36.73771201102744,4.027101793908076e-07,-0.14927261876479936
UG con Q(N),36.73964458879548,4.011584418810649e-07,-0.20548761425540446
UG con Q(N),36.741577166563516,3.9961268815714327e-07,-0.2609271553057584
UG con Q(N),36.743509744331554,3.980728947398043e-07,-0.31541582681342584
UG con Q(N),36.74544232209959,3.9653903807335044e-07,-0.3687829843758776
UG con Q(N),36.74737489986763,3.9501109487512023e-07,-0.4208632503431241
UG con Q(N),36.74930747763567,3.9348904220190923e-07,-0.471496983771834
UG con Q(N),36.751240055403706,3.9197285679606747e-07,-0.520530722892302
UG con Q(N),36.753172633171744,3.904625158948091e-07,-0.5678176007713491
UG con Q(N),36.75510521093978,3.889579967451209e-07,-0.6132177312952403
UG con Q(N),36.75703778870782,3.874592766790627e-07,-0.6565985661996538
UG con Q(N),36.758970366475864,3.859663334858638e-07,-0.6978352224683179
UG con Q(N),36.7609029442439,3.8447914481713663e-07,-0.7368107782932516
UG con Q(N),36.76283552201194,3.8299768848095114e-07,-0.7734165391893644
UG con Q(N),36.76476809977998,3.815219425630903e-07,-0.8075522729270831
UG con Q(N),36.766700677548016,3.800518851055039e-07,-0.8391264128142671
UG con Q(N),36.768633255316054,3.785874944395808e-07,-0.868056230618931
UG con Q(N),36.77056583308409,3.7712874917242605e-07,-0.8942679779774941
UG con Q(N),36.77249841085213,3.756756276257694e-07,-0.9176969962309977
UG con Q(N),36.77443098862017,3.7422810856564373e-07,-0.938287797289234
UG con Q(N),36.776363566388206,3.727861707453197e-07,-0.9559941127510382
UG con Q(N),36.77829614415624,3.7134979296113833e-07,-0.9707789139219741
UG con Q(N),36.78022872192428,3.699189543861484e-07,-0.982614403007307
UG con Q(N),36.78216129969232,3.684936340821714e-07,-0.9914819745925294
UG con Q(N),36.78409387746036,3.670738111336395e-07,-0.9973721501193644
UG con Q(N),36.786026455228395,3.6565946488727354e-07,-1.0002844854154411
UG con Q(N),36.78795903299643,3.6425057459696845e-07,-1.0002274511745664
UG con Q(N),36.78989161076448,3.628471196704525e-07,-0.9972182889488928
UG con Q(N),36.791824188532516,3.614490797995252e-07,-0.9912828426209502
UG con Q(N),36.793756766300554,3.6005643432654893e-07,-0.982455365535267
UG con Q(N),36.79568934406859,3.586691629138354e-07,-0.9707783071461049
UG con Q(N),36.79762192183663,3.5728724522697603e-07,-0.9563020772109527
UG con Q(N),36.79955449960467,3.5591066086223563e-07,-0.9390847903698699
UG con Q(N),36.801487077372705,3.54539389650873e-07,-0.9191919924082704
UG con Q(N),36.80341965514074,3.5317341149360434e-07,-0.8966963683989826
UG con Q(N),36.80535223290878,3.5181270602842827e-07,-0.871677434369858
UG con Q(N),36.80728481067682,3.5045725320635207e-07,-0.8442212150135494
UG con Q(N),36.80921738844486,3.491070328892175e-07,-0.8144199065202274
UG con Q(N),36.811149966212895,3.477620249244454e-07,-0.7823715275202983
UG con Q(N),36.81308254398093,3.4642220942475983e-07,-0.7481795590515605
UG con Q(N),36.81501512174897,3.450875663788723e-07,-0.7119525740746966
UG con Q(N),36.81694769951701,3.4375807570600525e-07,-0.6738038588840892
UG con Q(N),36.81888027728505,3.4243371754840043e-07,-0.6338510274752268
UG con Q(N),36.82081285505309,3.4111447194208797e-07,-0.5922156294697513
UG con Q(N),36.82274543282113,3.398003189795998e-07,-0.5490227537414739
UG con Q(N),36.82467801058917,3.3849123901490027e-07,-0.5044006286284911
UG con Q(N),36.826610588357205,3.371872121693234e-07,-0.45848021960902274
UG con Q(N),36.82854316612524,3.358882186754708e-07,-0.4113948264808772
UG con Q(N),36.83047574389328,3.3459423890340405e-07,-0.36327968058051274
UG con Q(N),36.83240832166132,3.333052531423265e-07,-0.3142715433488749
UG con Q(N),36.83434089942936,3.320212418014996e-07,-0.2645083075088499
UG con Q(N),36.836273477197395,3.307421855376274e-07,-0.2141286018308758
UG con Q(N),36.83820605496543,3.2946806474792804e-07,-0.16327140052367198
UG con Q(N),36.84013863273347,3.281988600584939e-07,-0.11207563839351169
UG con Q(N),36.84207121050151,3.2693455218669345e-07,-0.06067983259785806
UG con Q(N),36.844003788269546,3.25675121806912e-07,-0.00922171206828612
UG con Q(N),36.845936366037584,3.2442054975753875e-07,0.04216214470949908
UG con Q(N),36.84786894380562,3.231708171165918e-07,0.09333666255042888
UG con Q(N),36.84980152157367,3.219259047200738e-07,0.14416861207875925
UG con Q(N),36.851734099341705,3.206857936870001e-07,0.1945269417780749
UG con Q(N),36.85366667710974,3.1945046521858385e-07,0.244283098199633
UG con Q(N),36.85559925487778,3.182199005028034e-07,0.2933113339371878
UG con Q(N),36.85753183264582,3.1699408091070654e-07,0.34148900305683694
UG con Q(N),36.85946441041386,3.157729880557827e-07,0.3886968430566697
UG con Q(N),36.861396988181895,3.1455660333750773e-07,0.43481924252723725
UG con Q(N),36.86332956594993,3.1334490844311035e-07,0.4797444953505056
UG con Q(N),36.86526214371797,3.1213788515483624e-07,0.5233650396145075
UG con Q(N),36.86719472148601,3.1093551525500725e-07,0.565577681522146
UG con Q(N),36.869127299254046,3.097377807013748e-07,0.6062838043252489
UG con Q(N),36.871059877022084,3.085446637019684e-07,0.6453895615545477
UG con Q(N),36.87299245479012,3.073561462814005e-07,0.6828060538342596
UG con Q(N),36.87492503255816,3.061722107088729e-07,0.7184494908763001
UG con Q(N),36.8768576103262,3.0499283937654543e-07,0.7522413367658843
UG con Q(N),36.878790188094236,3.0381801467416027e-07,0.7841084391217631
UG con Q(N),36.88072276586228,3.026477191340446e-07,0.8139831426001631
UG con Q(N),36.88265534363032,3.0148193554058003e-07,0.8418033862869785
UG con Q(N),36.88458792139836,3.00320646542477e-07,0.8675127843368798
UG con Q(N),36.886520499166394,2.9916383493446154e-07,0.8910606918099099
UG con Q(N),36.88845307693443,2.9801148367798316e-07,0.9124022544039843
UG con Q(N),36.89038565470247,2.968635757215831e-07,0.9314984423384398
UG con Q(N),36.89231823247051,2.957200941044221e-07,0.9483160694508905
UG con Q(N),36.894250810238546,2.945810221019112e-07,0.9628277973544628
UG con Q(N),36.896183388006584,2.9344634293417494e-07,0.9750121241266294
UG con Q(N),36.89811596577462,2.923160398223156e-07,0.9848533592329429
UG con Q(N),36.90004854354266,2.9119009620512187e-07,0.9923415847072875
UG con Q(N),36.9019811213107,2.900684955036823e-07,0.997472601915581
UG con Q(N),36.903913699078736,2.889512211706879e-07,1.0002478656087765
UG con Q(N),36.90584627684677,2.878382568545927e-07,1.0006744053964072
UG con Q(N),36.90777885461481,2.8672958625604944e-07,0.9987647343638958
UG con Q(N),36.90971143238285,2.856251929280156e-07,0.9945367457748484
UG con Q(N),36.911644010150894,2.8452506067411466e-07,0.9880135994685042
UG con Q(N),36.91357658791893,2.8342917329235163e-07,0.9792235963135905
UG con Q(N),36.91550916568697,2.8233751456549614e-07,0.9682000428170439
UG con Q(N),36.91744174345501,2.81250068408023e-07,0.9549811062390516
UG con Q(N),36.919374321223046,2.8016681887926954e-07,0.9396096603068929
UG con Q(N),36.921306898991084,2.7908774984086923e-07,0.922133121772719
UG con Q(N),36.92323947675912,2.7801284533738903e-07,0.902603280065307
UG con Q(N),36.92517205452716,2.769420894689692e-07,0.8810761186806534
UG con Q(N),36.9271046322952,2.758754663002976e-07,0.857611629795938
UG con Q(N),36.929037210063235,2.7481295995254445e-07,0.8322736228425529
UG con Q(N),36.93096978783127,2.7375455471582254e-07,0.8051295274001292
UG con Q(N),36.93290236559931,2.727002348161501e-07,0.7762501905652239
UG con Q(N),36.93483494336735,2.7164998443643835e-07,0.745709670134597
UG con Q(N),36.93676752113539,2.706037879387913e-07,0.7135850240858107
UG con Q(N),36.938700098903425,2.6956162966057163e-07,0.6799560962214837
UG con Q(N),36.94063267667147,2.6852349393468105e-07,0.6449052993110203
UG con Q(N),36.94256525443951,2.6748936522495993e-07,0.6085173960981702
UG con Q(N),36.944497832207546,2.6645922810114804e-07,0.5708792785339654
UG con Q(N),36.946430409975584,2.654330669501564e-07,0.5320797457281456
UG con Q(N),36.94836298774362,2.644108663569048e-07,0.4922092818505188
UG con Q(N),36.95029556551166,2.6339261094402094e-07,0.45135983358043685
UG con Q(N),36.9522281432797,2.6237828531471633e-07,0.4096245881808316
UG con Q(N),36.954160721047735,2.6136787413248726e-07,0.3670977525835436
UG con Q(N),36.95609329881577,2.603613622216608e-07,0.3238743339461939
UG con Q(N),36.95802587658381,2.5935873438410967e-07,0.28004992210479607
UG con Q(N),36.95995845435185,2.5835997536726407e-07,0.23572047446904154
UG con Q(N),36.96189103211989,2.5736507011307174e-07,0.1909821037939172
UG con Q(N),36.963823609887925,2.5637400356745313e-07,0.14593086916166093
UG con Q(N),36.96575618765596,2.5538676068245435e-07,0.10066257068178808
UG con Q(N),36.967688765424,2.544033265267618e-07,0.05527254817408642
UG con Q(N),36.969621343192046,2.534236863148554e-07,0.00985548430811245
UG con Q(N),36.97155392096008,2.524478251504975e-07,-0.03549478735756983
UG con Q(N),36.97348649872812,2.5147572825059924e-07,-0.08068546944063062
UG con Q(N),36.97541907649616,2.50507380951633e-07,-0.12562498231931526
UG con Q(N),36.9773516542642,2.4954276859660536e-07,-0.17022313990764337
UG con Q(N),36.979284232032235,2.485818765701961e-07,-0.2143913195725826
UG con Q(N),36.98121680980027,2.4762469040510183e-07,-0.25804262591966975
UG con Q(N),36.98314938756831,2.466711957392649e-07,-0.30109204797176325
UG con Q(N),36.98508196533635,2.4572137808661873e-07,-0.3434566094932715
UG con Q(N),36.98701454310439,2.447752231686347e-07,-0.3850555130529885
UG con Q(N),36.988947120872425,2.438327167667551e-07,-0.42581027658191173
UG con Q(N),36.99087969864046,2.4289384467907605e-07,-0.46564486281937023
UG con Q(N),36.9928122764085,2.419585927722646e-07,-0.5044858016279405
UG con Q(N),36.99474485417654,2.410269470694582e-07,-0.5422623049554973
UG con Q(N),36.996677431944576,2.4009889365546246e-07,-0.5789063740008726
UG con Q(N),36.998610009712614,2.3917441852604137e-07,-0.6143528987180054
UG con Q(N),37.00054258748066,2.3825350789464993e-07,-0.648539750416427
UG con Q(N),37.0024751652487,2.373361480126874e-07,-0.6814078659233231
UG con Q(N),37.004407743016735,2.364223251520812e-07,-0.7129013242825237
UG con Q(N),37.00634032078477,2.3551202566437157e-07,-0.7429674159414128
UG con Q(N),37.00827289855281,2.3460523605146698e-07,-0.7715567042786159
UG con Q(N),37.01020547632085,2.3370194284775095e-07,-0.7986230791023747
UG con Q(N),37.01213805408889,2.3280213252920014e-07,-0.8241238026091157
UG con Q(N),37.014070631856924,2.319057917687572e-07,-0.8480195484951202
UG con Q(N),37.01600320962496,2.3101290727126962e-07,-0.8702744327598686
UG con Q(N),37.017935787393,2.3012346575927766e-07,-0.8908560374194033
UG con Q(N),37.01986836516104,2.2923745403151096e-07,-0.9097354271313618
UG con Q(N),37.021800942929076,2.283548590242673e-07,-0.9268871586619356
UG con Q(N),37.023733520697114,2.2747566769762915e-07,-0.9422892829267484
UG con Q(N),37.02566609846515,2.2659986695381296e-07,-0.9559233402256607
UG con Q(N),37.02759867623319,2.257274438771748e-07,-0.9677743494597127
UG con Q(N),37.02953125400123,2.2485838557794774e-07,-0.9778307898793952
UG con Q(N),37.03146383176927,2.2399267917851808e-07,-0.9860845767424309
UG con Q(N),37.03339640953731,2.2313031186400694e-07,-0.9925310309057269
UG con Q(N),37.03532898730535,2.2227127094203248e-07,-0.9971688423928905
UG con Q(N),37.037261565073386,2.2141554375465015e-07,-1.000000027777494
UG con Q(N),37.039194142841424,2.205631175620089e-07,-1.001029881875956
UG con Q(N),37.04112672060946,2.1971397979983408e-07,-1.0002669248644747
UG con Q(N),37.0430592983775,2.1886811792549332e-07,-0.9977228432405266
UG con Q(N),37.04499187614554,2.1802551940402836e-07,-0.9934124261223858
UG con Q(N),37.046924453913576,2.171861717445051e-07,-0.9873534968962867
UG con Q(N),37.048857031681614,2.1635006256200683e-07,-0.9795668403778057
UG con Q(N),37.05078960944965,2.1551717952883737e-07,-0.9700761254346666
UG con Q(N),37.05272218721769,2.1468751021706494e-07,-0.9589078233290653
UG con Q(N),37.05465476498573,2.1386104234774e-07,-0.9460911230936306
UG con Q(N),37.056587342753765,2.1303776367773662e-07,-0.9316578425513565
UG con Q(N),37.0585199205218,2.1221766196968932e-07,-0.9156423361931588
UG con Q(N),37.06045249828985,2.1140072501100487e-07,-0.8980814000484497
UG con Q(N),37.062385076057886,2.1058694067597785e-07,-0.8790141737721339
UG con Q(N),37.064317653825924,2.097762969190169e-07,-0.8584820399967108
UG con Q(N),37.06625023159396,2.089687816160126e-07,-0.8365285210653541
UG con Q(N),37.068182809362,2.0816438271696502e-07,-0.8131991741772007
UG con Q(N),37.07011538713004,2.073630882511153e-07,-0.7885414843758234
UG con Q(N),37.072047964898076,2.0656488625544288e-07,-0.7626047557837089
UG con Q(N),37.07398054266611,2.0576976477722686e-07,-0.7354400015464082
UG con Q(N),37.07591312043415,2.04977711927965e-07,-0.7070998326442697
UG con Q(N),37.07784569820219,2.0418871591157697e-07,-0.6776383457160733
UG con Q(N),37.07977827597023,2.034027649186949e-07,-0.6471110100069288
UG con Q(N),37.081710853738265,2.0261984711041805e-07,-0.6155745539181288
UG con Q(N),37.0836434315063,2.0183995077874694e-07,-0.5830868514534888
UG con Q(N),37.08557600927434,2.010630642314496e-07,-0.5497068082806948
UG con Q(N),37.08750858704238,2.0028917578406592e-07,-0.5154942480732432
UG con Q(N),37.089441164810424,1.9951827379216865e-07,-0.48050979918052306
UG con Q(N),37.09137374257846,1.9875034669915046e-07,-0.44481478182854106
UG con Q(N),37.0933063203465,1.9798538300671363e-07,-0.40847109600695475
UG con Q(N),37.09523889811454,1.9722337114117267e-07,-0.3715411102275757
UG con Q(N),37.097171475882575,1.9646429963990775e-07,-0.3340875514872446
UG con Q(N),37.09910405365061,1.9570815709441162e-07,-0.2961733963736318
UG con Q(N),37.10103663141865,1.9495493211296527e-07,-0.2578617636400836
UG con Q(N),37.10296920918669,1.9420461332494035e-07,-0.21921580835805315
UG con Q(N),37.10490178695473,1.9345718942687825e-07,-0.18029861777630213
UG con Q(N),37.106834364722765,1.9271264920457565e-07,-0.14117310906918318
UG con Q(N),37.1087669424908,1.9197098144677743e-07,-0.10190192915401983
UG con Q(N),37.11069952025884,1.9123217491785035e-07,-0.0625473566363478
UG con Q(N),37.11263209802688,1.9049621851419957e-07,-0.023171205944611376
UG con Q(N),37.11456467579492,1.8976310115790213e-07,0.016165266029639594
UG con Q(N),37.116497253562954,1.8903281179064874e-07,0.05540145079139108
UG con Q(N),37.11842983133099,1.8830533939400974e-07,0.09447747655186448
UG con Q(N),37.12036240909904,1.8758067303158882e-07,0.1333342938602441
UG con Q(N),37.122294986867075,1.8685880184335554e-07,0.17191375837598338
UG con Q(N),37.12422756463511,1.8613971493372348e-07,0.2101587106265989
UG con Q(N),37.12616014240315,1.854234014628935e-07,0.24801305306845328
UG con Q(N),37.12809272017119,1.8470985068340265e-07,0.28542182406670946
UG con Q(N),37.13002529793923,1.8399905187569432e-07,0.3223312686438442
UG con Q(N),37.131957875707265,1.8329099434354383e-07,0.3586889061539982
UG con Q(N),37.1338904534753,1.825856674434582e-07,0.39444359485624403
UG con Q(N),37.13582303124334,1.8188306061770928e-07,0.42954559326319564
UG con Q(N),37.13775560901138,1.811831633684714e-07,0.4639466181021454
UG con Q(N),37.139688186779416,1.80485965152029e-07,0.49759989882139477
UG con Q(N),37.141620764547454,1.7979145552447646e-07,0.5304602292939088
UG con Q(N),37.14355334231549,1.7909962410454313e-07,0.5624840158271804
UG con Q(N),37.14548592008353,1.784104605401749e-07,0.5936293218145519
UG con Q(N),37.14741849785157,1.7772395450620696e-07,0.6238559091115419
UG con Q(N),37.149351075619606,1.7704009573474785e-07,0.6531252761642511
UG con Q(N),37.15128365338765,1.7635887404059894e-07,0.6814006927830628
UG con Q(N),37.15321623115569,1.7568027928651348e-07,0.7086472314288567
UG con Q(N),37.15514880892373,1.7500430129188348e-07,0.7348317950478488
UG con Q(N),37.157081386691765,1.743309299868077e-07,0.7599231422717067
UG con Q(N),37.1590139644598,1.7366015534940108e-07,0.783891908793771
UG con Q(N),37.16094654222784,1.729919673864289e-07,0.8067106256173936
UG con Q(N),37.16287911999588,1.723263561314488e-07,0.8283537341745695
UG con Q(N),37.164811697763916,1.716633116728271e-07,0.8487975983959514
UG con Q(N),37.166744275531954,1.7100282417545187e-07,0.8680205136563308
UG con Q(N),37.16867685329999,1.7034488384802115e-07,0.8860027125013105
UG con Q(N),37.17060943106803,1.69689480858719e-07,0.9027263672258751
UG con Q(N),37.17254200883607,1.6903660547755694e-07,0.918175590203071
UG con Q(N),37.174474586604106,1.6838624801969241e-07,0.9323364307277353
UG con Q(N),37.176407164372144,1.677383988269381e-07,0.9451968691513328
UG con Q(N),37.17833974214018,1.6709304826460485e-07,0.9567468083197526
UG con Q(N),37.18027231990823,1.66450186745566e-07,0.9669780624213291
UG con Q(N),37.182204897676264,1.6580980475170622e-07,0.9758843432117764
UG con Q(N),37.1841374754443,1.651718928113135e-07,0.9834612435621274
UG con Q(N),37.18607005321234,1.6453644141671043e-07,0.9897062183650104
UG con Q(N),37.18800263098038,1.6390344113656569e-07,0.9946185636809428
UG con Q(N),37.189935208748416,1.6327288259293233e-07,0.9981993931516634
UG con Q(N),37.191867786516454,1.6264475643200591e-07,1.0004516121779523
UG con Q(N),37.19380036428449,1.6201905331926823e-07,1.0013798900444792
UG con Q(N),37.19573294205253,1.613957639579041e-07,1.0009906300701399
UG con Q(N),37.19766551982057,1.607748791113377e-07,0.9992919378039959
UG con Q(N),37.199598097588606,1.601563895947799e-07,0.9962935872496335
UG con Q(N),37.20153067535664,1.595402862035642e-07,0.9920069851180592
UG con Q(N),37.20346325312468,1.589265597643645e-07,0.9864451337557694
UG con Q(N),37.20539583089272,1.5831520117684382e-07,0.9796225924260288
UG con Q(N),37.20732840866076,1.577062013621939e-07,0.9715554367949482
UG con Q(N),37.209260986428795,1.5709955125893327e-07,0.9622612171366227
UG con Q(N),37.21119356419684,1.5649524183296947e-07,0.9517589152331667
UG con Q(N),37.21312614196488,1.5589326409995694e-07,0.9400689000523264
UG con Q(N),37.215058719732916,1.5529360913069898e-07,0.927212882216259
UG con Q(N),37.216991297500954,1.5469626800746696e-07,0.9132138672764187
UG con Q(N),37.21892387526899,1.5410123178914103e-07,0.898096108033839
UG con Q(N),37.22085645303703,1.5350849162938805e-07,0.8818850563417177
UG con Q(N),37.22278903080507,1.5291803870124897e-07,0.8646073136067234
UG con Q(N),37.224721608573105,1.5232986419857231e-07,0.846290580777451
UG con Q(N),37.22665418634114,1.517439593345442e-07,0.8269636076810762
UG con Q(N),37.22858676410918,1.5116031536008407e-07,0.8066561418408787
UG con Q(N),37.23051934187722,1.505789235790392e-07,0.7853988768137523
UG con Q(N),37.23245191964526,1.4999977533349617e-07,0.763223400085262
UG con Q(N),37.234384497413295,1.4942286194147204e-07,0.7401621405781379
UG con Q(N),37.23631707518133,1.4884817476822006e-07,0.7162483161657324
UG con Q(N),37.23824965294937,1.4827570523263875e-07,0.6915158809088854
UG con Q(N),37.24018223071741,1.477054447748739e-07,0.6659994721561122
UG con Q(N),37.242114808485454,1.4713738485239185e-07,0.6397343577039947
UG con Q(N),37.24404738625349,1.465715169489025e-07,0.6127563830285597
UG con Q(N),37.24597996402153,1.4600783259239832e-07,0.5851019186605385
UG con Q(N),37.24791254178957,1.45446323360805e-07,0.5568078077586164
UG con Q(N),37.249845119557605,1.4488698085146343e-07,0.5279113139314107
UG con Q(N),37.25177769732564,1.4432979663845844e-07,0.49845006939453523
UG con Q(N),37.25371027509368,1.4377476237860926e-07,0.4684620236389235
UG con Q(N),37.25564285286172,1.4322186975417766e-07,0.43798539242833523
UG con Q(N),37.25757543062976,1.426711104710086e-07,0.40705860738277344
UG con Q(N),37.259508008397795,1.421224762545397e-07,0.37572026613439924
UG con Q(N),37.26144058616583,1.4157595886224632e-07,0.34400908310587147
UG con Q(N),37.26337316393387,1.410315500985959e-07,0.31196384097096796
UG con Q(N),37.26530574170191,1.404892418134335e-07,0.27962334285579615
UG con Q(N),37.267238319469946,1.3994902586303363e-07,0.24702636533890038
UG con Q(N),37.269170897237984,1.39410894101853e-07,0.2142116122678394
UG con Q(N),37.27110347500603,1.388748384644762e-07,0.18121766940876527
UG con Q(N),37.27303605277407,1.3834085090592682e-07,0.14808296005460347
UG con Q(N),37.274968630542105,1.378089234054051e-07,0.11484570158545654
UG con Q(N),37.27690120831014,1.3727904796464268e-07,0.08154386300519356
UG con Q(N),37.27883378607818,1.3675121662044072e-07,0.04821512347563778
UG con Q(N),37.28076636384622,1.3622542145680202e-07,0.01489683190615626
UG con Q(N),37.28269894161426,1.3570165460009862e-07,-0.0183740323443794
UG con Q(N),37.284631519382295,1.3517990817954301e-07,-0.0515608975964965
UG con Q(N),37.28656409715033,1.346601743365779e-07,-0.08462763692013392
UG con Q(N),37.28849667491837,1.3414244528396913e-07,-0.11753860412157809
UG con Q(N),37.29042925268641,1.3362671325700507e-07,-0.15025866838465107
UG con Q(N),37.292361830454446,1.3311297051559227e-07,-0.1827532477633634
UG con Q(N),37.294294408222484,1.3260120934364042e-07,-0.21498834146660134
UG con Q(N),37.29622698599052,1.320914220602852e-07,-0.2469305609404947
UG con Q(N),37.29815956375856,1.3158360103045619e-07,-0.27854715969824234
UG con Q(N),37.300092141526605,1.3107773866066718e-07,-0.30980606184728593
UG con Q(N),37.30202471929464,1.3057382736475703e-07,-0.34067588926293163
UG con Q(N),37.30395729706268,1.3007185956544462e-07,-0.3711259875855099
UG con Q(N),37.30588987483072,1.295718277569587e-07,-0.4011264510961181
UG con Q(N),37.30782245259876,1.2907372445565241e-07,-0.4306481460091392
UG con Q(N),37.309755030366794,1.2857754220366617e-07,-0.45966273259599444
UG con Q(N),37.31168760813483,1.2808327356685486e-07,-0.48814268601458527
UG con Q(N),37.31362018590287,1.2759091114394768e-07,-0.5160613158918667
UG con Q(N),37.31555276367091,1.2710044757653647e-07,-0.5433927846198982
UG con Q(N),37.317485341438946,1.2661187554805553e-07,-0.5701121243257182
UG con Q(N),37.319417919206984,1.2612518775887192e-07,-0.5961952524753877
UG con Q(N),37.32135049697502,1.2564037690552207e-07,-0.6216189862265199
UG con Q(N),37.32328307474306,1.251574357564663e-07,-0.6463610558719013
UG con Q(N),37.3252156525111,1.2467635710334233e-07,-0.6704001165793697
UG con Q(N),37.327148230279136,1.2419713376436768e-07,-0.6937157590695906
UG con Q(N),37.32908080804717,1.2371975858018712e-07,-0.7162885190416348
UG con Q(N),37.33101338581522,1.2324422442013036e-07,-0.7380998854343698
UG con Q(N),37.332945963583256,1.227705241917127e-07,-0.7591323075006986
UG con Q(N),37.334878541351294,1.222986508436406e-07,-0.779369200668522
UG con Q(N),37.33681111911933,1.2182859735166025e-07,-0.7987949511595007
UG con Q(N),37.33874369688737,1.213603566852199e-07,-0.8173949193805212
UG con Q(N),37.34067627465541,1.2089392186390277e-07,-0.8351554425790096
UG con Q(N),37.342608852423446,1.2042928594444655e-07,-0.8520638360857198
UG con Q(N),37.344541430191484,1.199664420079477e-07,-0.868108393470987
UG con Q(N),37.34647400795952,1.1950538315718332e-07,-0.8832783856736169
UG con Q(N),37.34840658572756,1.1904610251875203e-07,-0.8975640591170059
UG con Q(N),37.3503391634956,1.1858859325113192e-07,-0.9109566328329405
UG con Q(N),37.352271741263635,1.1813284855089622e-07,-0.9234482945781411
UG con Q(N),37.35420431903167,1.1767886164838464e-07,-0.935032195928613
UG con Q(N),37.35613689679971,1.1722662578344467e-07,-0.9457024463368718
UG con Q(N),37.35806947456775,1.1677613420231317e-07,-0.9554541063726034
UG con Q(N),37.36000205233579,1.1632738021219015e-07,-0.9642831803326312
UG con Q(N),37.36193463010383,1.158803571385285e-07,-0.9721866075330964
UG con Q(N),37.36386720787187,1.1543505833029695e-07,-0.9791622529805621
UG con Q(N),37.36579978563991,1.1499147715657917e-07,-0.9852088971933505
UG con Q(N),37.367732363407946,1.1454960701143458e-07,-0.9903262252773347
UG con Q(N),37.369664941175984,1.141094413211446e-07,-0.9945148152533292
UG con Q(N),37.37159751894402,1.136709735469766e-07,-0.997776125632049
UG con Q(N),37.37353009671206,1.1323419717588125e-07,-1.0001124822328225
UG con Q(N),37.3754626744801,1.1279910569339609e-07,-1.0015270642528453
UG con Q(N),37.377395252248135,1.123656926165424e-07,-1.0020238899667788
UG con Q(N),37.37932783001617,1.1193395150262707e-07,-1.001607801695744
UG con Q(N),37.38126040778421,1.115038759289198e-07,-1.0002844500600794
UG con Q(N),37.38319298555225,1.11075459492777e-07,-0.9980602777683647
UG con Q(N),37.38512556332029,1.1064869581112484e-07,-0.9949425028749069
UG con Q(N),37.387058141088325,1.1022357852579124e-07,-0.9909391015602731
UG con Q(N),37.38899071885636,1.0980010130948024e-07,-0.9860587904399056
UG con Q(N),37.39092329662441,1.0937825786646056e-07,-0.980311008405837
UG con Q(N),37.392855874392446,1.0895804192149639e-07,-0.9737058980066751
UG con Q(N),37.39478845216048,1.085394471961944e-07,-0.9662542863940845
UG con Q(N),37.39672102992852,1.0812246745220882e-07,-0.9579676661729984
UG con Q(N),37.39865360769656,1.0770709648107569e-07,-0.9488581757029928
UG con Q(N),37.4005861854646,1.0729332809438927e-07,-0.9389385790981095
UG con Q(N),37.402518763232635,1.0688115612240894e-07,-0.9282222459869188
UG con Q(N),37.40445134100067,1.0647057441440239e-07,-0.9167231310239505
UG con Q(N),37.40638391876871,1.0606157684356035e-07,-0.9044557531887596
UG con Q(N),37.40831649653675,1.0565415731208306e-07,-0.8914351748838873
UG con Q(N),37.41024907430479,1.0524830975144487e-07,-0.877676980842975
UG con Q(N),37.412181652072825,1.048440281123918e-07,-0.8631972568602901
UG con Q(N),37.41411422984086,1.0444130634395713e-07,-0.848012568367159
UG con Q(N),37.4160468076089,1.040401384325067e-07,-0.8321399390824223
UG con Q(N),37.41797938537694,1.0364051839296198e-07,-0.8155968294417015
UG con Q(N),37.41991196314498,1.0324244025955665e-07,-0.7984011149733271
UG con Q(N),37.42184454091302,1.0284589808491656e-07,-0.7805710646771964
UG con Q(N),37.42377711868106,1.0245088594001678e-07,-0.7621253193911955
UG con Q(N),37.4257096964491,1.0205739791828731e-07,-0.7430828701778348
UG con Q(N),37.427642274217135,1.0166542814023355e-07,-0.7234630367449095
UG con Q(N),37.42957485198517,1.0127497075447166e-07,-0.7032854459153202
UG con Q(N),37.43150742975321,1.0088601993067137e-07,-0.6825700101607456
UG con Q(N),37.43344000752125,1.0049856984071697e-07,-0.661336906215417
UG con Q(N),37.43537258528929,1.0011261468211806e-07,-0.639606553867283
UG con Q(N),37.437305163057324,9.972814868715386e-08,-0.6173995948579989
UG con Q(N),37.43923774082536,9.934516610565304e-08,-0.5947368718898887
UG con Q(N),37.4411703185934,9.89636612065358e-08,-0.5716394078430532
UG con Q(N),37.44310289636144,9.858362827654984e-08,-0.5481283851673209
UG con Q(N),37.445035474129476,9.820506162318424e-08,-0.524225125474264
UG con Q(N),37.446968051897514,9.782795557889778e-08,-0.4999510693450773
UG con Q(N),37.44890062966555,9.745230450336167e-08,-0.4753277563701036
UG con Q(N),37.4508332074336,9.707810278006143e-08,-0.45037680543571074
UG con Q(N),37.452765785201635,9.67053448033425e-08,-0.425119895274861
UG con Q(N),37.45469836296967,9.633402497428021e-08,-0.3995787452888146
UG con Q(N),37.45663094073771,9.596413773862056e-08,-0.373775096646385
UG con Q(N),37.45856351850575,9.559567755756842e-08,-0.34773069368756926
UG con Q(N),37.460496096273786,9.522863891285534e-08,-0.3214672656406292
UG con Q(N),37.462428674041824,9.486301630405341e-08,-0.29500650866337075
UG con Q(N),37.46436125180986,9.449880424978874e-08,-0.2683700682055696
UG con Q(N),37.4662938295779,9.413599729119553e-08,-0.24157952170713273
UG con Q(N),37.46822640734594,9.377458999504369e-08,-0.21465636164683632
UG con Q(N),37.470158985113976,9.341457695365116e-08,-0.187621978956476
UG con Q(N),37.472091562882014,9.305595277843095e-08,-0.16049764681526957
UG con Q(N),37.47402414065005,9.269871208514986e-08,-0.13330450483620349
UG con Q(N),37.47595671841809,9.234284951718808e-08,-0.10606354355398824
UG con Q(N),37.47788929618613,9.198835974762318e-08,-0.07879558934495948
UG con Q(N),37.479821873954165,9.163523746740596e-08,-0.051521289762849656
UG con Q(N),37.48175445172221,9.128347738653325e-08,-0.02426109926206972
UG con Q(N),37.48368702949025,9.093307423293758e-08,0.0029647346766890625
UG con Q(N),37.485619607258286,9.058402275443042e-08,0.030136185026376106
UG con Q(N),37.487552185026324,9.023631772182119e-08,0.05723345828453
UG con Q(N),37.48948476279436,8.988995393098505e-08,0.08423700712426863
UG con Q(N),37.4914173405624,8.954492620143278e-08,0.1111275426122284
UG con Q(N),37.49334991833044,8.920122936872774e-08,0.13788604598106313
UG con Q(N),37.495282496098476,8.885885827312673e-08,0.16449377996474884
UG con Q(N),37.49721507386651,8.851780779007408e-08,0.1909322998721592
UG con Q(N),37.49914765163455,8.8178072816453e-08,0.2171834640638234
UG con Q(N),37.50108022940259,8.783964826821589e-08,0.24322944404734598
UG con Q(N),37.50301280717063,8.750252907960773e-08,0.26905273414148917
UG con Q(N),37.504945384938665,8.716671020275962e-08,0.2946361607225552
UG con Q(N),37.5068779627067,8.68321866095986e-08,0.3199628910580881
UG con Q(N),37.50881054047474,8.64989532944775e-08,0.3450164417185382
UG con Q(N),37.510743118242786,8.616700527568631e-08,0.3697806865576242
UG con Q(N),37.512675696010824,8.583633759381466e-08,0.39423986425149216
UG con Q(N),37.51460827377886,8.550694530475325e-08,0.41837858538867795
UG con Q(N),37.5165408515469,8.517882347024427e-08,0.4421818391289133
UG con Q(N),37.51847342931494,8.485196718604677e-08,0.4656349996543941
UG con Q(N),37.520406007082975,8.452637156771125e-08,0.48872383197427244
UG con Q(N),37.52233858485101,8.420203174939609e-08,0.511434497393256
UG con Q(N),37.52427116261905,8.387894288308101e-08,0.5337535585679585
UG con Q(N),37.52620374038709,8.35571001381176e-08,0.5556679841696124
UG con Q(N),37.52813631815513,8.323649870275706e-08,0.5771651531633559
UG con Q(N),37.530068895923165,8.291713378636716e-08,0.598232858698106
UG con Q(N),37.5320014736912,8.25990006208547e-08,0.6188593116010254
UG con Q(N),37.53393405145924,8.228209445964107e-08,0.6390331434705949
UG con Q(N),37.53586662922728,8.196641057240718e-08,0.6587434093623024
UG con Q(N),37.53779920699532,8.165194423541352e-08,0.677979590072605
UG con Q(N),37.53973178476336,8.133869075200955e-08,0.6967315942611634
UG con Q(N),37.5416643625314,8.102664544852882e-08,0.7149897600396051
UG con Q(N),37.54359694029944,8.071580366810904e-08,0.7327448561962893
UG con Q(N),37.545529518067475,8.040616077140324e-08,0.7499880831082447
UG con Q(N),37.54746209583551,8.009771213563504e-08,0.7667110733026784
UG con Q(N),37.54939467360355,7.979045315552968e-08,0.7829058916965503
UG con Q(N),37.55132725137159,7.948437924512722e-08,0.7985650355114519
UG con Q(N),37.55325982913963,7.917948583931479e-08,0.8136814338609486
UG con Q(N),37.555192406907665,7.887576839377542e-08,0.8282484470075551
UG con Q(N),37.5571249846757,7.857322238192979e-08,0.8422598652865038
UG con Q(N),37.55905756244374,7.827184328735971e-08,0.855709907693472
UG con Q(N),37.56099014021178,7.797162660656277e-08,0.8685932202565118
UG con Q(N),37.562922717979816,7.767256786719557e-08,0.8809048742306618
UG con Q(N),37.564855295747854,7.737466261022611e-08,0.89264036374353
UG con Q(N),37.56678787351589,7.707790639420115e-08,0.9037956033292414
UG con Q(N),37.56872045128393,7.678229479356541e-08,0.9143669251508743
UG con Q(N),37.57065302905197,7.648782339877779e-08,0.9243510759796878
UG con Q(N),37.57258560682001,7.619448781757092e-08,0.9337452139315425
UG con Q(N),37.57451818458805,7.590228367648961e-08,0.9425469049601023
UG con Q(N),37.57645076235609,7.561120662169466e-08,0.9507541191071303
UG con Q(N),37.57838334012413,7.532125231795081e-08,0.9583652265089807
UG con Q(N),37.580315917892165,7.503241644459384e-08,0.965378993159608
UG con Q(N),37.5822484956602,7.474469468819242e-08,0.9717945764370044
UG con Q(N),37.58418107342824,7.445808275813399e-08,0.9776115205981227
UG con Q(N),37.58611365119628,7.417257638448755e-08,0.9828297519368118
UG con Q(N),37.588046228964316,7.388817131208122e-08,0.9874495737258729
UG con Q(N),37.589978806732354,7.360486330162757e-08,0.9914716610271388
UG con Q(N),37.59191138450039,7.332264812878969e-08,0.9948970553120431
UG con Q(N),37.59384396226843,7.304152158461711e-08,0.9977271589251127
UG con Q(N),37.59577654003647,7.276147947673656e-08,0.999963729392117
UG con Q(N),37.597709117804506,7.248251763057006e-08,1.0016088735746078
UG con Q(N),37.599641695572544,7.22046318897558e-08,1.002665041672584
UG con Q(N),37.60157427334059,7.192781811486505e-08,1.0031350210770165
UG con Q(N),37.60350685110863,7.165207217944684e-08,1.0030219300739613
UG con Q(N),37.605439428876664,7.137738996426601e-08,1.0023292114150082
UG con Q(N),37.6073720066447,7.110376737405834e-08,1.0010606259259627
UG con Q(N),37.60930458441274,7.08312003304122e-08,0.9992202458388093
UG con Q(N),37.61123716218078,7.05596847694715e-08,0.9968124480564804
UG con Q(N),37.613169739948816,7.028921664227887e-08,0.9938419073414706
UG con Q(N),37.615102317716854,7.001979191408884e-08,0.9903135894094635
UG con Q(N),37.61703489548489,6.975140656477246e-08,0.9862327439482784
UG con Q(N),37.61896747325293,6.94840565898212e-08,0.9816048975650722
UG con Q(N),37.62090005102097,6.921773800136668e-08,0.9764358466647287
UG con Q(N),37.622832628789006,6.895244682855718e-08,0.9707316502623715
UG con Q(N),37.62476520655704,6.868817911656411e-08,0.9644986227329347
UG con Q(N),37.62669778432508,6.842493092343813e-08,0.9577433265007249
UG con Q(N),37.62863036209312,6.816269831476071e-08,0.9504725646759792
UG con Q(N),37.630562939861164,6.790147737636473e-08,0.9426933737525602
UG con Q(N),37.6324955176292,6.7641264211857e-08,0.9344130161900656
UG con Q(N),37.63442809539724,6.738205493813907e-08,0.9256389729595398
UG con Q(N),37.63636067316528,6.712384568651044e-08,0.9163789361041498
UG con Q(N),37.638293250933316,6.686663260190246e-08,0.9066408012758544
UG con Q(N),37.640225828701354,6.661041184306556e-08,0.8964326602678625
UG con Q(N),37.64215840646939,6.635517958333464e-08,0.8857627935463017
UG con Q(N),37.64409098423743,6.610093201152556e-08,0.8746396627845516
UG con Q(N),37.64602356200547,6.584766533245238e-08,0.8630719034036927
UG con Q(N),37.647956139773505,6.559537576649917e-08,0.8510683171225232
UG con Q(N),37.64988871754154,6.534405954763448e-08,0.838637864520597
UG con Q(N),37.65182129530958,6.509371291921908e-08,0.8257896576177337
UG con Q(N),37.65375387307762,6.484433213639509e-08,0.8125329525025503
UG con Q(N),37.65568645084566,6.45959134770697e-08,0.7988771420192472
UG con Q(N),37.657619028613695,6.434845323016558e-08,0.7848317484140842
UG con Q(N),37.65955160638174,6.410194769888271e-08,0.7704064160743764
UG con Q(N),37.66148418414978,6.385639319972624e-08,0.7556109043004517
UG con Q(N),37.663416761917816,6.361178606233738e-08,0.7404550801261398
UG con Q(N),37.665349339685854,6.336812262994721e-08,0.7249489111924621
UG con Q(N),37.66728191745389,6.312539926011394e-08,0.70910245867714
UG con Q(N),37.66921449522193,6.288361232537121e-08,0.6929258702836483
UG con Q(N),37.67114707298997,6.264275821335885e-08,0.6764293732931729
UG con Q(N),37.673079650758005,6.240283332596997e-08,0.6596232676828805
UG con Q(N),37.67501222852604,6.21638340770138e-08,0.6425179193139146
UG con Q(N),37.67694480629408,6.192575688834605e-08,0.6251237531926082
UG con Q(N),37.67887738406212,6.168859819959647e-08,0.6074512468127687
UG con Q(N),37.68080996183016,6.145235446644046e-08,0.5895109235722797
UG con Q(N),37.682742539598195,6.121702215675819e-08,0.5713133462662238
UG con Q(N),37.68467511736623,6.098259775179729e-08,0.552869110673574
UG con Q(N),37.68660769513427,6.074907774554991e-08,0.534188839229033
UG con Q(N),37.68854027290231,6.051645864477698e-08,0.5152831747821287
UG con Q(N),37.690472850670346,6.028473696946213e-08,0.4961627744465382
UG con Q(N),37.69240542843839,6.005390925342792e-08,0.47683830354253676
UG con Q(N),37.69433800620643,5.982397204481323e-08,0.45732042963596675
UG con Q(N),37.69627058397447,5.959492190605643e-08,0.4376198166756299
UG con Q(N),37.698203161742505,5.9366755413027535e-08,0.4177471192334905
UG con Q(N),37.70013573951054,5.9139469152896685e-08,0.39771297684959594
UG con Q(N),37.70206831727858,5.891305972104986e-08,0.377528008482868
UG con Q(N),37.70400089504662,5.868752373071888e-08,0.3572028070298079
UG con Q(N),37.70593347281466,5.8462857809358605e-08,0.3367479339871571
UG con Q(N),37.707866050582695,5.823905859649522e-08,0.3161739142126164
UG con Q(N),37.70979862835073,5.801612274448735e-08,0.29549123079332035
UG con Q(N),37.71173120611877,5.7794046918021306e-08,0.27471032002566304
UG con Q(N),37.71366378388681,5.757282779412173e-08,0.2538415665017016
UG con Q(N),37.715596361654846,5.735246206250794e-08,0.23289529830442818
UG con Q(N),37.717528939422884,5.7132946426091165e-08,0.2118817823142041
UG con Q(N),37.71946151719092,5.691427760137599e-08,0.19081121962864844
UG con Q(N),37.72139409495897,5.669645231849778e-08,0.1696937410981956
UG con Q(N),37.723326672727005,5.647946732061164e-08,0.1485394029800813
UG con Q(N),37.72525925049504,5.6263319362308124e-08,0.12735818271188376
UG con Q(N),37.72719182826308,5.6048005206811894e-08,0.10615997480801313
UG con Q(N),37.72912440603112,5.583352163161631e-08,0.08495458681700115
UG con Q(N),37.73105698379916,5.561986543011854e-08,0.0637517354218963
UG con Q(N),37.732989561567194,5.540703340658798e-08,0.04256104269039973
UG con Q(N),37.73492213933523,5.519502237779889e-08,0.02139203240577993
UG con Q(N),37.73685471710327,5.498382917248095e-08,0.0002541265265456477
UG con Q(N),37.73878729487131,5.477345063120881e-08,-0.020843358244027194
UG con Q(N),37.740719872639346,5.456388360660946e-08,-0.041891213776982045
UG con Q(N),37.742652450407384,5.435512496373902e-08,-0.06288034372384993
UG con Q(N),37.74458502817542,5.4147171580452925e-08,-0.08380176660836722
UG con Q(N),37.74651760594346,5.3940020347570896e-08,-0.10464661880221077
UG con Q(N),37.7484501837115,5.37336681686183e-08,-0.1254061573832186
UG con Q(N),37.75038276147954,5.352811195890538e-08,-0.1460717628746394
UG con Q(N),37.75231533924758,5.332334864369793e-08,-0.1666349418634241
UG con Q(N),37.75424791701562,5.3119375157230303e-08,-0.18708732951679177
UG con Q(N),37.756180494783656,5.291618845122843e-08,-0.20742069207630984
UG con Q(N),37.758113072551694,5.27137854880851e-08,-0.22762692909743076
UG con Q(N),37.76004565031973,5.2512163241949545e-08,-0.2476980756570618
UG con Q(N),37.76197822808777,5.2311318698635806e-08,-0.2676263044359448
UG con Q(N),37.76391080585581,5.211124885532749e-08,-0.28740392769390743
UG con Q(N),37.765843383623846,5.191195072059081e-08,-0.30702339914326204
UG con Q(N),37.767775961391884,5.171342131459714e-08,-0.32647731571954475
UG con Q(N),37.76970853915992,5.151565766943223e-08,-0.34575841924878864
UG con Q(N),37.77164111692796,5.131865682935173e-08,-0.3648595980105246
UG con Q(N),37.773573694696,5.112241585082398e-08,-0.38377388819570146
UG con Q(N),37.775506272464035,5.092693180218693e-08,-0.4024944752587207
UG con Q(N),37.77743885023207,5.0732201762732134e-08,-0.4210146951627767
UG con Q(N),37.77937142800011,5.05382228210179e-08,-0.43932803551769833
UG con Q(N),37.78130400576815,5.034499207528158e-08,-0.4574281366476583
UG con Q(N),37.783236583536194,5.015250664003576e-08,-0.4753087926365013
UG con Q(N),37.78516916130423,4.996076363934048e-08,-0.4929639521168181
UG con Q(N),37.78710173907227,4.976976020861316e-08,-0.5103877190713648
UG con Q(N),37.78903431684031,4.957949349430695e-08,-0.5275743535122082
UG con Q(N),37.790966894608346,4.9389960653689625e-08,-0.5445182720730543
UG con Q(N),37.792899472376384,4.9201158854858495e-08,-0.5612140485166272
UG con Q(N),37.79483205014442,4.901308527691399e-08,-0.5776564141569666
UG con Q(N),37.79676462791246,4.882573711019838e-08,-0.5938402581964447
UG con Q(N),37.7986972056805,4.863911155649246e-08,-0.6097606279773056
UG con Q(N),37.800629783448535,4.845320582904837e-08,-0.6254127291475259
UG con Q(N),37.80256236121657,4.8268017152326006e-08,-0.6407919257408008
UG con Q(N),37.80449493898461,4.80835427612898e-08,-0.6558937401704552
UG con Q(N),37.80642751675265,4.7899779900114065e-08,-0.6707138531370828
UG con Q(N),37.80836009452069,4.771672582164427e-08,-0.6852481034714194
UG con Q(N),37.810292672288725,4.753437779367029e-08,-0.6994924879977492
UG con Q(N),37.81222525005677,4.735273309358141e-08,-0.7134431611576214
UG con Q(N),37.81415782782481,4.717178900929928e-08,-0.7270964346533858
UG con Q(N),37.816090405592846,4.699154283924199e-08,-0.7404487770042797
UG con Q(N),37.81802298336088,4.681199189209257e-08,-0.7534968130317479
UG con Q(N),37.81995556112892,4.6633133486758115e-08,-0.7662373232815867
UG con Q(N),37.82188813889696,4.645496495247026e-08,-0.7786672433828519
UG con Q(N),37.823820716665,4.627748362895939e-08,-0.7907836633438302
UG con Q(N),37.825753294433035,4.61006868666249e-08,-0.8025838267853244
UG con Q(N),37.82768587220107,4.592457202661242e-08,-0.8140651301115
UG con Q(N),37.82961844996911,4.5749136480700255e-08,-0.8252251216185431
UG con Q(N),37.83155102773715,4.557437761088907e-08,-0.8360615005413792
UG con Q(N),37.83348360550519,4.540029280858078e-08,-0.8465721160386994
UG con Q(N),37.835416183273225,4.522687947325099e-08,-0.8567549661169079
UG con Q(N),37.83734876104126,4.505413501560415e-08,-0.8666081965701744
UG con Q(N),37.8392813388093,4.488205685833336e-08,-0.8761300998295581
UG con Q(N),37.841213916577345,4.471064243307934e-08,-0.8853191137092259
UG con Q(N),37.84314649434538,4.453988918154901e-08,-0.8941738201651962
UG con Q(N),37.84507907211342,4.4369794555219344e-08,-0.9026929439866614
UG con Q(N),37.84701164988146,4.420035601521496e-08,-0.9108753514457042
UG con Q(N),37.8489442276495,4.403157103231635e-08,-0.9187200489064447
UG con Q(N),37.850876805417535,4.3863437087059433e-08,-0.9262261813939389
UG con Q(N),37.85280938318557,4.369595166987265e-08,-0.9333930311233871
UG con Q(N),37.85474196095361,4.352911228119048e-08,-0.9402200159901786
UG con Q(N),37.85667453872165,4.3362916431474575e-08,-0.9467066880212969
UG con Q(N),37.85860711648969,4.319736164106662e-08,-0.9528527317886125
UG con Q(N),37.860539694257724,4.3032445439791216e-08,-0.9586579627845863
UG con Q(N),37.86247227202576,4.286816536622159e-08,-0.9641223257609108
UG con Q(N),37.8644048497938,4.270451896664265e-08,-0.9692458930324642
UG con Q(N),37.86633742756184,4.254150379862725e-08,-0.9740288628190361
UG con Q(N),37.868270005329876,4.237911743001479e-08,-0.9784715574890877
UG con Q(N),37.87020258309792,4.221735743736897e-08,-0.9825744217718785
UG con Q(N),37.87213516086596,4.2056221406661653e-08,-0.9863380209750443
UG con Q(N),37.874067738634,4.1895706933045344e-08,-0.9897630391653037
UG con Q(N),37.876000316402035,4.173581162075729e-08,-0.9928502773285592
UG con Q(N),37.87793289417007,4.157653308312113e-08,-0.9956006515102644
UG con Q(N),37.87986547193811,4.141786894261852e-08,-0.9980151909366132
UG con Q(N),37.88179804970615,4.125981683099059e-08,-1.000095036117209
UG con Q(N),37.883730627474186,4.110237438932453e-08,-1.001841436929863
UG con Q(N),37.885663205242224,4.094553926807386e-08,-1.0032557506881632
UG con Q(N),37.88759578301026,4.0789309126956896e-08,-1.0043394401924646
UG con Q(N),37.8895283607783,4.063368163467149e-08,-1.0050940717649404
UG con Q(N),37.89146093854634,4.047865446836258e-08,-1.0055213132693452
UG con Q(N),37.893393516314376,4.0324225312772904e-08,-1.0056229321161334
UG con Q(N),37.895326094082414,4.017039186183113e-08,-1.0054007932880715
UG con Q(N),37.89725867185045,4.0017151820318956e-08,-1.004856857355884
UG con Q(N),37.89919124961849,3.9864502900815715e-08,-1.003993178428166
UG con Q(N),37.90112382738653,3.9712442824794965e-08,-1.0028119021462483
UG con Q(N),37.90305640515457,3.956096932241577e-08,-1.001315263657275
UG con Q(N),37.90498898292261,3.941008013241338e-08,-0.9995055855840037
UG con Q(N),37.90692156069065,3.9259773002067395e-08,-0.9973852759919035
UG con Q(N),37.908854138458686,3.911004568723699e-08,-0.9949568263543016
UG con Q(N),37.910786716226724,3.896089595242847e-08,-0.992222809516138
UG con Q(N),37.91271929399476,3.881232157086769e-08,-0.989185877657002
UG con Q(N),37.9146518717628,3.8664320324540354e-08,-0.9858487602540865
UG con Q(N),37.91658444953084,3.851689000416104e-08,-0.9822142620456987
UG con Q(N),37.918517027298876,3.8370028409027374e-08,-0.9782852609959721
UG con Q(N),37.92044960506691,3.822373334671236e-08,-0.9740647062614177
UG con Q(N),37.92238218283495,3.8078002632545675e-08,-0.9695556161599567
UG con Q(N),37.92431476060299,3.7932834089039534e-08,-0.9647610761447952
UG con Q(N),37.92624733837103,3.7788225548817915e-08,-0.9596842368132978
UG con Q(N),37.928179916139065,3.764417485293208e-08,-0.9543283118822495
UG con Q(N),37.9301124939071,3.7500679850360185e-08,-0.9486965761802443
UG con Q(N),37.93204507167515,3.735773839836263e-08,-0.9427923636564417
UG con Q(N),37.933977649443186,3.7215348362342316e-08,-0.9366190653940479
UG con Q(N),37.935910227211224,3.707350761576931e-08,-0.9301801276334359
UG con Q(N),37.93784280497926,3.693221404016895e-08,-0.9234790498058905
UG con Q(N),37.9397753827473,3.679146552514893e-08,-0.9165193825782043
UG con Q(N),37.94170796051534,3.6651259968449543e-08,-0.9093047259088063
UG con Q(N),37.943640538283375,3.6511595275992805e-08,-0.9018387271159489
UG con Q(N),37.94557311605141,3.637246936190411e-08,-0.8941250789585077
UG con Q(N),37.94750569381945,3.6233880148476955e-08,-0.8861675177299408
UG con Q(N),37.94943827158749,3.609582556604888e-08,-0.877969821365963
UG con Q(N),37.95137084935553,3.5958303552753694e-08,-0.8695358075664805
UG con Q(N),37.953303427123565,3.5821312054114004e-08,-0.860869331932341
UG con Q(N),37.9552360048916,3.568484902254804e-08,-0.8519742861177297
UG con Q(N),37.95716858265964,3.554891241967169e-08,-0.8428545960063577
UG con Q(N),37.95910116042768,3.541350021518281e-08,-0.8335142198943216
UG con Q(N),37.961033738195724,3.5278610386196635e-08,-0.8239571466897189
UG con Q(N),37.96296631596376,3.514424091763122e-08,-0.8141873941350319
UG con Q(N),37.9648988937318,3.501038980208545e-08,-0.8042090070457734
UG con Q(N),37.96683147149984,3.4877055039774116e-08,-0.7940260555675933
UG con Q(N),37.968764049267875,3.474423463850433e-08,-0.7836426334517361
UG con Q(N),37.97069662703591,3.461192661368618e-08,-0.7730628563494708
UG con Q(N),37.97262920480395,3.448012898836318e-08,-0.7622908601258724
UG con Q(N),37.97456178257199,3.4348839793247e-08,-0.751330799193368
UG con Q(N),37.97649436034003,3.421805706673753e-08,-0.7401868448654609
UG con Q(N),37.978426938108065,3.408777885490821e-08,-0.7288631837310469
UG con Q(N),37.9803595158761,3.395800321143342e-08,-0.7173640160497343
UG con Q(N),37.98229209364414,3.382872819743394e-08,-0.7056935541685831
UG con Q(N),37.98422467141218,3.369995188121423e-08,-0.6938560209606754
UG con Q(N),37.986157249180216,3.357167233786398e-08,-0.6818556482859307
UG con Q(N),37.988089826948254,3.3443887649620284e-08,-0.6696966754702883
UG con Q(N),37.9900224047163,3.3316595907633555e-08,-0.6573833478011841
UG con Q(N),37.99195498248434,3.318979520970935e-08,-0.6449199150612317
UG con Q(N),37.993887560252375,3.3063483660997025e-08,-0.6323106300713094
UG con Q(N),37.99582013802041,3.293765937392896e-08,-0.6195597472617631
UG con Q(N),37.99775271578845,3.281232046814318e-08,-0.606671521265642
UG con Q(N),37.99968529355649,3.2687465070441675e-08,-0.5936502055342252
UG con Q(N),38.00161787132453,3.256309131477792e-08,-0.5805000509750551
UG con Q(N),38.003550449092565,3.2439197342265854e-08,-0.5672253046127418
UG con Q(N),38.0054830268606,3.231578130119969e-08,-0.5538302082727995
UG con Q(N),38.00741560462864,3.219284134707337e-08,-0.5403189972887799
UG con Q(N),38.00934818239668,3.20703756425856e-08,-0.526695899232963
UG con Q(N),38.011280760164716,3.1948382357615794e-08,-0.5129651326708697
UG con Q(N),38.013213337932754,3.182685966915414e-08,-0.49913090593985876
UG con Q(N),38.01514591570079,3.1705805761168285e-08,-0.48519741595206933
UG con Q(N),38.01707849346883,3.158521882438737e-08,-0.4711688470219746
UG con Q(N),38.01901107123687,3.1465097055983814e-08,-0.4570493697188058
UG con Q(N),38.020943649004906,3.134543865998188e-08,-0.4428431397330544
UG con Q(N),38.02287622677295,3.122624184854635e-08,-0.4285542967563749
UG con Q(N),38.02480880454099,3.110750484014764e-08,-0.4141869634228734
UG con Q(N),38.02674138230903,3.0989225860158433e-08,-0.39974524424290464
UG con Q(N),38.028673960077064,3.087140314079385e-08,-0.38523322457124687
UG con Q(N),38.0306065378451,3.075403492104806e-08,-0.3706549695979354
UG con Q(N),38.03253911561314,3.0637119446656004e-08,-0.3560145233617886
UG con Q(N),38.03447169338118,3.052065497007685e-08,-0.34131590778669735
UG con Q(N),38.036404271149216,3.0404639750493155e-08,-0.32656312174080404
UG con Q(N),38.038336848917254,3.028907205381924e-08,-0.31176014011869313
UG con Q(N),38.04026942668529,3.0173950152711034e-08,-0.29691091294671845
UG con Q(N),38.04220200445333,3.0059272326567636e-08,-0.28201936451159093
UG con Q(N),38.04413458222137,2.994503686151463e-08,-0.26708939251235153
UG con Q(N),38.046067159989406,2.9831242050357586e-08,-0.2521248672358525
UG con Q(N),38.04799973775744,2.9717886192493632e-08,-0.2371296307558711
UG con Q(N),38.04993231552548,2.9604967593767554e-08,-0.22210749615598122
UG con Q(N),38.051864893293526,2.949248456625847e-08,-0.20706224677625018
UG con Q(N),38.053797471061564,2.9380435428106355e-08,-0.1919976354814889
UG con Q(N),38.0557300488296,2.926881850488129e-08,-0.1769173839176685
UG con Q(N),38.05766262659764,2.9157632128549188e-08,-0.16182518184412617
UG con Q(N),38.05959520436568,2.904687463736444e-08,-0.14672468646388317
UG con Q(N),38.061527782133716,2.8936544376025103e-08,-0.131619521773279
UG con Q(N),38.063460359901754,2.882663969561168e-08,-0.11651327793772931
UG con Q(N),38.06539293766979,2.8717158953544236e-08,-0.10140951068792309
UG con Q(N),38.06732551543783,2.8608100513555847e-08,-0.08631174073647266
UG con Q(N),38.06925809320587,2.8499462745679815e-08,-0.07122345321502915
UG con Q(N),38.071190670973905,2.8391244026246352e-08,-0.05614809713187699
UG con Q(N),38.07312324874194,2.828344273788417e-08,-0.04108908485002047
UG con Q(N),38.07505582650998,2.8176057269520813e-08,-0.026049791585775195
UG con Q(N),38.07698840427802,2.8069086016375578e-08,-0.011033554927878497
UG con Q(N),38.07892098204606,2.7962527379937335e-08,0.0039563256228694055
UG con Q(N),38.0808535598141,2.785637976791893e-08,0.01891658909347413
UG con Q(N),38.08278613758214,2.775064159418179e-08,0.03384401345778287
UG con Q(N),38.08471871535018,2.7645311278615365e-08,0.048735416035500134
UG con Q(N),38.086651293118216,2.7540387246969884e-08,0.06358765387006787
UG con Q(N),38.088583870886254,2.7435867930749838e-08,0.07839762409013774
UG con Q(N),38.09051644865429,2.7331751768327075e-08,0.09316226428940437
UG con Q(N),38.09244902642233,2.7228037203987824e-08,0.10787855282358637
UG con Q(N),38.09438160419037,2.712472268792958e-08,0.12254350912152677
UG con Q(N),38.096314181958405,2.7021806676363984e-08,0.1371541939784666
UG con Q(N),38.09824675972644,2.6919287631467344e-08,0.15170770982703274
UG con Q(N),38.10017933749448,2.681716402134356e-08,0.16620120099154062
UG con Q(N),38.10211191526252,2.6715434319998546e-08,0.18063185392567488
UG con Q(N),38.10404449303056,2.6614097007324063e-08,0.19499689743361107
UG con Q(N),38.105977070798595,2.651315056908892e-08,0.2092936028746415
UG con Q(N),38.10790964856663,2.6412593496934006e-08,0.22351928435136867
UG con Q(N),38.10984222633467,2.6312424288367517e-08,0.2376712988815288
UG con Q(N),38.11177480410271,2.621264144675621e-08,0.251747046553509
UG con Q(N),38.11370738187075,2.6113243481307227e-08,0.2657439706656728
UG con Q(N),38.11563995963879,2.601422890703735e-08,0.2796595578492479
UG con Q(N),38.11757253740683,2.5915596244718465e-08,0.29349133817561207
UG con Q(N),38.11950511517487,2.5817344020800154e-08,0.3072368852470093
UG con Q(N),38.121437692942905,2.5719470767297588e-08,0.3208938162715336
UG con Q(N),38.12337027071094,2.562197502163946e-08,0.334459792122133
UG con Q(N),38.12530284847898,2.552485532703472e-08,0.34793251740189407
UG con Q(N),38.12723542624702,2.5428110232853973e-08,0.36130974049390013
UG con Q(N),38.12916800401506,2.5331738293769043e-08,0.37458925355156564
UG con Q(N),38.131100581783095,2.523573807006919e-08,0.387768892520463
UG con Q(N),38.13303315955113,2.514010812761891e-08,0.4008465371315467
UG con Q(N),38.13496573731917,2.5044847037821673e-08,0.4138201108819991
UG con Q(N),38.13689831508721,2.4949953377591436e-08,0.42668758100390597
UG con Q(N),38.138830892855246,2.485542572933162e-08,0.43944695842086856
UG con Q(N),38.140763470623284,2.4761262680919963e-08,0.45209629769265636
UG con Q(N),38.14269604839133,2.4667462825697438e-08,0.46463369694805084
UG con Q(N),38.14462862615937,2.457402476246093e-08,0.47705729780571104
UG con Q(N),38.146561203927405,2.4480947095452132e-08,0.4893652852838546
UG con Q(N),38.14849378169544,2.438822843434636e-08,0.501555887697938
UG con Q(N),38.15042635946348,2.4295867394233064e-08,0.5136273765471343
UG con Q(N),38.15235893723152,2.4203862595586315e-08,0.5255780663894342
UG con Q(N),38.15429151499956,2.4112212664220896e-08,0.537406314705523
UG con Q(N),38.156224092767594,2.4020916231229993e-08,0.5491105217515385
UG con Q(N),38.15815667053563,2.392997193289976e-08,0.5606891304008136
UG con Q(N),38.16008924830367,2.383937841059616e-08,0.5721406259747094
UG con Q(N),38.16202182607171,2.3749134310985628e-08,0.5834635360792705
UG con Q(N),38.163954403839746,2.365923828642983e-08,0.594656430438735
UG con Q(N),38.165886981607784,2.3569688994242964e-08,0.6057179206703321
UG con Q(N),38.16781955937582,2.3480485096944825e-08,0.6166466600951102
UG con Q(N),38.16975213714386,2.3391625262231903e-08,0.6274413435259926
UG con Q(N),38.171684714911905,2.330310816294588e-08,0.6381007070476948
UG con Q(N),38.17361729267994,2.3214932477049205e-08,0.648623527788725
UG con Q(N),38.17554987044798,2.3127096887602136e-08,0.6590086236861686
UG con Q(N),38.17748244821602,2.303960008274736e-08,0.6692548532425951
UG con Q(N),38.179415025984056,2.2952440755696128e-08,0.6793611152757905
UG con Q(N),38.181347603752094,2.286561760471671e-08,0.6893263486611968
UG con Q(N),38.18328018152013,2.277912933312319e-08,0.699149532067219
UG con Q(N),38.18521275928817,2.2692974649262862e-08,0.7088296836835118
UG con Q(N),38.18714533705621,2.26071522665001e-08,0.7183658609423684
UG con Q(N),38.189077914824246,2.252166090319449e-08,0.7277571602333262
UG con Q(N),38.191010492592284,2.243649928267058e-08,0.737002716611107
UG con Q(N),38.19294307036032,2.235166613317669e-08,0.7461017034970114
UG con Q(N),38.19487564812836,2.2267160187829905e-08,0.7550533323738824
UG con Q(N),38.1968082258964,2.2182980184544085e-08,0.7638568524747564
UG con Q(N),38.198740803664435,2.2099124865947863e-08,0.772511550465819
UG con Q(N),38.20067338143248,2.201559297980811e-08,0.7810167501486098
UG con Q(N),38.20260595920052,2.1932383278817462e-08,0.7893718121247759
UG con Q(N),38.204538536968556,2.1849494520364376e-08,0.797576133458041
UG con Q(N),38.206471114736594,2.1766925466647294e-08,0.8056291473462835
UG con Q(N),38.20840369250463,2.1684674884646118e-08,0.813530322782243
UG con Q(N),38.21033627027267,2.1602741546097293e-08,0.821279164210318
UG con Q(N),38.21226884804071,2.152112422747191e-08,0.8288752111795936
UG con Q(N),38.214201425808746,2.1439821709957097e-08,0.8363180379932098
UG con Q(N),38.216134003576784,2.1358832779439806e-08,0.8436072533541757
UG con Q(N),38.21806658134482,2.1278156226492806e-08,0.8507425000077428
UG con Q(N),38.21999915911286,2.1197790846361844e-08,0.8577234543804411
UG con Q(N),38.2219317368809,2.1117735438953076e-08,0.8645498262158908
UG con Q(N),38.223864314648935,2.103798880881961e-08,0.8712213582074962
UG con Q(N),38.22579689241697,2.095854976514586e-08,0.8777378256281299
UG con Q(N),38.22772947018501,2.08794171217283e-08,0.8840990359569177
UG con Q(N),38.22966204795305,2.080058969695092e-08,0.8903048285032319
UG con Q(N),38.23159462572109,2.072206631375382e-08,0.8963550740280011
UG con Q(N),38.23352720348913,2.0643845799592663e-08,0.9022496743624676
UG con Q(N),38.23545978125717,2.0565926986388922e-08,0.9079885620243721
UG con Q(N),38.23739235902521,2.048830871046452e-08,0.9135716998319962
UG con Q(N),38.239324936793246,2.0410989812674558e-08,0.9189990805255415
UG con Q(N),38.24125751456128,2.033396913860712e-08,0.9242707263891292
UG con Q(N),38.24319009232932,2.025724553814645e-08,0.9293866888425295
UG con Q(N),38.24512267009736,2.0180817865618503e-08,0.9343470480588465
UG con Q(N),38.2470552478654,2.010468497977113e-08,0.9391519125726409
UG con Q(N),38.248987825633435,2.0028845743752152e-08,0.943801418887068
UG con Q(N),38.25092040340147,1.9953299025089238e-08,0.9482957310803009
UG con Q(N),38.25285298116951,1.987804369567196e-08,0.9526350404113241
UG con Q(N),38.25478555893755,1.9803078631735294e-08,0.9568195649251868
UG con Q(N),38.25671813670559,1.9728402713844877e-08,0.9608495490578006
UG con Q(N),38.258650714473625,1.9654014826883224e-08,0.9647252632403687
UG con Q(N),38.26058329224166,1.9579913860036613e-08,0.9684470035035343
UG con Q(N),38.26251587000971,1.950609870678157e-08,0.9720150910813468
UG con Q(N),38.264448447777745,1.9432568264872094e-08,0.975429872015055
UG con Q(N),38.26638102554578,1.9359321436322313e-08,0.9786917167570102
UG con Q(N),38.26831360331382,1.9286357127389596e-08,0.9818010197745016
UG con Q(N),38.27024618108186,1.921367424855257e-08,0.9847581991538127
UG con Q(N),38.2721787588499,1.9141271714484943e-08,0.9875636962045008
UG con Q(N),38.274111336617935,1.9069148444023473e-08,0.9902179750640033
UG con Q(N),38.27604391438597,1.8997303360128973e-08,0.9927215223026565
UG con Q(N),38.27797649215401,1.8925735389839067e-08,0.995074846529213
UG con Q(N),38.27990906992205,1.8854443464362107e-08,0.9972784780027412
UG con Q(N),38.28184164769009,1.8783426519218773e-08,0.9993329682465608
UG con Q(N),38.283774225458124,1.8712683493913162e-08,1.0012388896454385
UG con Q(N),38.28570680322616,1.864221333203883e-08,1.0029968350608585
UG con Q(N),38.2876393809942,1.8572014981262285e-08,1.0046074174424138
UG con Q(N),38.28957195876224,1.850208739330439e-08,1.0060712694404583
UG con Q(N),38.29150453653028,1.8432429523922535e-08,1.0073890430202017
UG con Q(N),38.29343711429832,1.8363040332895254e-08,1.0085614090772812
UG con Q(N),38.29536969206636,1.8293918784005198e-08,1.0095890570549375
UG con Q(N),38.2973022698344,1.8225063845025813e-08,1.0104726945627613
UG con Q(N),38.299234847602435,1.8156474487707353e-08,1.011213046997141
UG con Q(N),38.30116742537047,1.8088149687763712e-08,1.0118108571634428
UG con Q(N),38.30310000313851,1.8020088424859296e-08,1.0122668848999858
UG con Q(N),38.30503258090655,1.795228968259577e-08,1.0125819067038742
UG con Q(N),38.306965158674586,1.788475244849794e-08,1.012756715358742
UG con Q(N),38.308897736442624,1.7817475713998455e-08,1.012792119564476
UG con Q(N),38.31083031421066,1.77504584744206e-08,1.0126889435689685
UG con Q(N),38.3127628919787,1.768369972895873e-08,1.012448026801967
UG con Q(N),38.31469546974674,1.761719848065546e-08,1.0120702235110748
UG con Q(N),38.316628047514776,1.7550953736375092e-08,1.011556402399963
UG con Q(N),38.318560625282814,1.748496450677242e-08,1.0109074462688576
UG con Q(N),38.32049320305086,1.741922980625758e-08,1.0101242516573887
UG con Q(N),38.3224257808189,1.7353748653143522e-08,1.009207728493864
UG con Q(N),38.324358358586935,1.7288520069573856e-08,1.008158799741739
UG con Q(N),38.32629093635497,1.7223543081398515e-08,1.006978401047674
UG con Q(N),38.32822351412301,1.7158816718222486e-08,1.0056674803960977
UG con Q(N),38.33015609189105,1.7094340013389695e-08,1.0042269977649323
UG con Q(N),38.332088669659086,1.7030112003966993e-08,1.0026579247839982
UG con Q(N),38.334021247427124,1.6966131730729027e-08,1.0009612443961287
UG con Q(N),38.33595382519516,1.6902398238143428e-08,0.9991379505210272
UG con Q(N),38.3378864029632,1.6838910574356786e-08,0.9971890477219003
UG con Q(N),38.33981898073124,1.6775667791181078e-08,0.9951155508748998
UG con Q(N),38.341751558499276,1.6712668944080565e-08,0.992918484841405
UG con Q(N),38.34368413626731,1.664991309215901e-08,0.9905988841431801
UG con Q(N),38.34561671403535,1.6587399298147008e-08,0.988157792640437
UG con Q(N),38.34754929180339,1.652512662838923e-08,0.9855962632128392
UG con Q(N),38.34948186957143,1.646309415283128e-08,0.982915357443476
UG con Q(N),38.351414447339465,1.64013009450059e-08,0.980116145305843
UG con Q(N),38.35334702510751,1.6339746082018043e-08,0.9771997048538488
UG con Q(N),38.35527960287555,1.6278428644529647e-08,0.9741671219149463
UG con Q(N),38.357212180643586,1.621734771674052e-08,0.9710194897862598
UG con Q(N),38.359144758411624,1.6156502386369378e-08,0.9677579089339546
UG con Q(N),38.36107733617966,1.609589174463122e-08,0.9643834866957222
UG con Q(N),38.3630099139477,1.603551488621192e-08,0.9608973369864771
UG con Q(N),38.36494249171574,1.5975370909272943e-08,0.957300580007072
UG con Q(N),38.366875069483775,1.591545891556933e-08,0.953594341955409
UG con Q(N),38.36880764725181,1.5855778010264215e-08,0.9497797547421925
UG con Q(N),38.37074022501985,1.579632730195871e-08,0.9458579557087515
UG con Q(N),38.37267280278789,1.573710590268891e-08,0.9418300873485839
UG con Q(N),38.37460538055593,1.5678112927911934e-08,0.9376972970321726
UG con Q(N),38.376537958323965,1.561934749649224e-08,0.9334607367350125
UG con Q(N),38.378470536092,1.5560808730688123e-08,0.9291215627688517
UG con Q(N),38.38040311386004,1.5502495756138574e-08,0.9246809355161634
UG con Q(N),38.382335691628086,1.544440770185024e-08,0.9201400191678373
UG con Q(N),38.384268269396124,1.538654370018572e-08,0.9154999814642055
UG con Q(N),38.38620084716416,1.5328902886850027e-08,0.9107619934391593
UG con Q(N),38.3881334249322,1.5271484400879277e-08,0.9059272291677032
UG con Q(N),38.39006600270024,1.5214287384628445e-08,0.9009968655167051
UG con Q(N),38.391998580468275,1.5157310983759266e-08,0.8959720818989554
UG con Q(N),38.39393115823631,1.510055434722798e-08,0.8908540600305255
UG con Q(N),38.39586373600435,1.5044016627272645e-08,0.8856439836914393
UG con Q(N),38.39779631377239,1.4987696979400094e-08,0.8803430384896659
UG con Q(N),38.39972889154043,1.493159456237204e-08,0.8749524116284451
UG con Q(N),38.401661469308465,1.4875708538190365e-08,0.869473291676956
UG con Q(N),38.4035940470765,1.4820038072081277e-08,0.8639068683443389
UG con Q(N),38.40552662484454,1.4764582332478136e-08,0.8582543322570814
UG con Q(N),38.40745920261258,1.4709340491002671e-08,0.8525168747397777
UG con Q(N),38.409391780380616,1.4654311722447698e-08,0.8466956875991106
UG con Q(N),38.41132435814866,1.4599495204852617e-08,0.8407919629065197
UG con Q(N),38.4132569359167,1.4544890119426937e-08,0.8348068927914439
UG con Q(N),38.41518951368474,1.4490495650511705e-08,0.8287416692352706
UG con Q(N),38.417122091452775,1.4436310985592275e-08,0.8225974838669923
UG con Q(N),38.41905466922081,1.4382335315285762e-08,0.816375527763214
UG con Q(N),38.42098724698885,1.4328567833328894e-08,0.8100769912513391
UG con Q(N),38.42291982475689,1.4275007736565732e-08,0.8037030637159049
UG con Q(N),38.42485240252493,1.422165422493576e-08,0.797254933408063
UG con Q(N),38.426784980292965,1.4168506501461955e-08,0.7907337872581993
UG con Q(N),38.428717558061,1.4115563772239128e-08,0.784140810691688
UG con Q(N),38.43065013582904,1.4062825246422343e-08,0.777477187447773
UG con Q(N),38.43258271359708,1.401029013621552e-08,0.7707440994015733
UG con Q(N),38.434515291365116,1.3957957656860077e-08,0.7639427263892038
UG con Q(N),38.436447869133154,1.3905827026623677e-08,0.7570742460360098
UG con Q(N),38.43838044690119,1.3853897466788842e-08,0.750139833587906
UG con Q(N),38.44031302466923,1.3802168201641614e-08,0.743140661745817
UG con Q(N),38.44224560243727,1.3750638458459925e-08,0.7360779005032123
UG con Q(N),38.44417818020531,1.3699307467501633e-08,0.7289527169867052
UG con Q(N),38.44611075797335,1.3648174461993046e-08,0.721766275299866
UG con Q(N),38.44804333574139,1.3597238678115207e-08,0.7145197363698529
UG con Q(N),38.44997591350943,1.3546499354991443e-08,0.7072142577973758
UG con Q(N),38.451908491277464,1.3495955734673381e-08,0.6998509937095987
UG con Q(N),38.4538410690455,1.3445607062126315e-08,0.6924310946161283
UG con Q(N),38.45577364681354,1.3395452585213732e-08,0.6849557072680607
UG con Q(N),38.45770622458158,1.3345491554723837e-08,0.6774259745152976
UG con Q(N),38.459638802349616,1.329572322436234e-08,0.6698430351702722
UG con Q(N),38.461571380117654,1.3246146850686045e-08,0.6622080238805303
UG con Q(N),38.46350395788569,1.3196761693118672e-08,0.6545220709957894
UG con Q(N),38.46543653565373,1.3147567013939921e-08,0.646786302440977
UG con Q(N),38.46736911342177,1.3098562078274485e-08,0.6390018395920123
UG con Q(N),38.469301691189806,1.3049746154081071e-08,0.631169799154315
UG con Q(N),38.47123426895784,1.3001118512141554e-08,0.6232912930440266
UG con Q(N),38.47316684672589,1.2952678426049878e-08,0.615367428271899
UG con Q(N),38.475099424493926,1.2904425172202102e-08,0.6073993068300125
UG con Q(N),38.477032002261964,1.2856358029784596e-08,0.5993880255808686
UG con Q(N),38.47896458003,1.2808476280764177e-08,0.5913346761494268
UG con Q(N),38.48089715779804,1.2760779209877432e-08,0.583240344817634
UG con Q(N),38.48282973556608,1.2713266104620184e-08,0.5751061124216039
UG con Q(N),38.484762313334116,1.2665936255237077e-08,0.5669330542514057
UG con Q(N),38.486694891102154,1.261878895471108e-08,0.558722239953444
UG con Q(N),38.48862746887019,1.2571823498752972e-08,0.5504747334354168
UG con Q(N),38.49056004663823,1.2525039185790843e-08,0.5421915927738359
UG con Q(N),38.49249262440627,1.2478435316959314e-08,0.5338738701240962
UG con Q(N),38.494425202174305,1.2432011196088776e-08,0.525522611633075
UG con Q(N),38.49635777994234,1.2385766129694339e-08,0.5171388573542522
UG con Q(N),38.49829035771038,1.2339699426964571e-08,0.5087236411653311
UG con Q(N),38.50022293547842,1.2293810399749981e-08,0.5002779906883474
UG con Q(N),38.502155513246464,1.2248098362550984e-08,0.49180292721222096
UG con Q(N),38.5040880910145,1.2202562632506356e-08,0.4832994656179196
UG con Q(N),38.50602066878254,1.215720252939456e-08,0.47476861430285666
UG con Q(N),38.50795324655058,1.2112017375648559e-08,0.46621137510528654
UG con Q(N),38.509885824318616,1.2067006496295225e-08,0.45762874324465497
UG con Q(N),38.511818402086654,1.2022169218964205e-08,0.44902170725165336
UG con Q(N),38.51375097985469,1.1977504873879248e-08,0.44039124890408937
UG con Q(N),38.51568355762273,1.1933012793848269e-08,0.43173834316514287
UG con Q(N),38.51761613539077,1.188869231425349e-08,0.4230639581237434
UG con Q(N),38.519548713158805,1.184454277304149e-08,0.4143690549370517
UG con Q(N),38.52148129092684,1.1800563510713452e-08,0.4056545877750246
UG con Q(N),38.52341386869488,1.175675387031527e-08,0.396921503767047
UG con Q(N),38.52534644646292,1.1713113197427849e-08,0.3881707429506096
UG con Q(N),38.52727902423096,1.1669640840157401e-08,0.3794032382220164
UG con Q(N),38.529211601998995,1.1626336149125756e-08,0.37061991528910054
UG con Q(N),38.53114417976704,1.1583198477460606e-08,0.3618216926259001
UG con Q(N),38.53307675753508,1.1540227180786519e-08,0.3530094814294667
UG con Q(N),38.535009335303116,1.1497421617214403e-08,0.3441841855783052
UG con Q(N),38.53694191307115,1.1454781147332579e-08,0.33534670159307145
UG con Q(N),38.53887449083919,1.1412305134197036e-08,0.326497918599024
UG con Q(N),38.54080706860723,1.1369992943321809e-08,0.31763871829040624
UG con Q(N),38.54273964637527,1.1327843942669353e-08,0.30876997489670766
UG con Q(N),38.544672224143305,1.128585750264088e-08,0.29989255515078383
UG con Q(N),38.54660480191134,1.1244032996066581e-08,0.29100731825881954
UG con Q(N),38.54853737967938,1.1202369798195863e-08,0.28211511587211313
UG con Q(N),38.55046995744742,1.1160867286687437e-08,0.27321679206066574
UG con Q(N),38.55240253521546,1.1119524841599344e-08,0.26431318328855524
UG con Q(N),38.554335112983495,1.1078341845378883e-08,0.2554051183910775
UG con Q(N),38.55626769075153,1.1037317682856007e-08,0.24649341855261905
UG con Q(N),38.55820026851957,1.0996451741256804e-08,0.23757889728002646
UG con Q(N),38.56013284628761,1.0955743410162006e-08,0.2286623603925111
UG con Q(N),38.562065424055646,1.0915192081504626e-08,0.21974460600314277
UG con Q(N),38.56399800182369,1.087479714956425e-08,0.21082642450284508
UG con Q(N),38.56593057959173,1.0834558010958681e-08,0.2019085985470311
UG con Q(N),38.56786315735977,1.079447406463401e-08,0.19299190304338737
UG con Q(N),38.569795735127805,1.0754544711856241e-08,0.18407710514144354
UG con Q(N),38.57172831289584,1.0714769356202259e-08,0.17516496422341765
UG con Q(N),38.57366089066388,1.067514740355094e-08,0.16625623189651587
UG con Q(N),38.57559346843192,1.0635678262074285e-08,0.15735165198663514
UG con Q(N),38.57752604619996,1.0596361342228636e-08,0.14845196053345094
UG con Q(N),38.579458623967994,1.0557196056745875e-08,0.13955788578687206
UG con Q(N),38.58139120173603,1.0518181820624697e-08,0.13067014820484327
UG con Q(N),38.58332377950407,1.04793180511219e-08,0.12178946045247932
UG con Q(N),38.58525635727211,1.0440604167743607e-08,0.11291652740251001
UG con Q(N),38.587188935040146,1.0402039592236664e-08,0.10405204613702013
UG con Q(N),38.589121512808184,1.0363623748579902e-08,0.09519670595046428
UG con Q(N),38.59105409057622,1.0325356062975448e-08,0.08635118835393987
UG con Q(N),38.59298666834427,1.028723596383997e-08,0.07751616708066639
UG con Q(N),38.594919246112305,1.0249262881796487e-08,0.06869230809284846
UG con Q(N),38.59685182388034,1.0211436249664923e-08,0.05988026958941661
UG con Q(N),38.59878440164838,1.0173755502453943e-08,0.051080702015277896
UG con Q(N),38.60071697941642,1.0136220077352168e-08,0.042294248071570145
UG con Q(N),38.602649557184456,1.0098829413719512e-08,0.03352154272709715
UG con Q(N),38.604582134952494,1.0061582953078503e-08,0.024763213230893505
UG con Q(N),38.60651471272053,1.0024480139105701e-08,0.016019879125901554
UG con Q(N),38.60844729048857,9.98752041762305e-09,0.007292152263728134
UG con Q(N),38.61037986825661,9.950703236602554e-09,-0.0014193631842205606
UG con Q(N),38.612312446024646,9.914028046149274e-09,-0.010114070708547758
UG con Q(N),38.614245023792684,9.8774942984832e-09,-0.018791381440891423
UG con Q(N),38.61617760156072,9.841101447938856e-09,-0.027450714137782772
UG con Q(N),38.61811017932876,9.804848950956982e-09,-0.036091495161161107
UG con Q(N),38.6200427570968,9.768736266076373e-09,-0.04471315845799989
UG con Q(N),38.62197533486484,9.732762853925652e-09,-0.05331514553909089
UG con Q(N),38.62390791263288,9.696928177215667e-09,-0.06189690545681174
UG con Q(N),38.62584049040092,9.661231700730709e-09,-0.07045789478236646
UG con Q(N),38.627773068168956,9.625672891321039e-09,-0.07899757758188126
UG con Q(N),38.629705645936994,9.59025121789482e-09,-0.08751542539184584
UG con Q(N),38.63163822370503,9.554966151410194e-09,-0.0960109171937246
UG con Q(N),38.63357080147307,9.51981716486743e-09,-0.1044835393877854
UG con Q(N),38.63550337924111,9.484803733301026e-09,-0.11293278576616057
UG con Q(N),38.637435957009146,9.44992533377188e-09,-0.12135815748515513
UG con Q(N),38.639368534777184,9.415181445359506e-09,-0.12975916303681773
UG con Q(N),38.64130111254522,9.380571549154135e-09,-0.1381353182197893
UG con Q(N),38.64323369031326,9.34609512824898e-09,-0.1464861461094445
UG con Q(N),38.6451662680813,9.31175166773241e-09,-0.15481117702734093
UG con Q(N),38.647098845849335,9.277540654680139e-09,-0.16310994850999166
UG con Q(N),38.64903142361737,9.243461578147452e-09,-0.17138200527697575
UG con Q(N),38.65096400138542,9.20951392916131e-09,-0.1796268991984325
UG con Q(N),38.652896579153456,9.175697200713086e-09,-0.18784418926177257
UG con Q(N),38.654829156921494,9.142010887750079e-09,-0.19603344153807592
UG con Q(N),38.65676173468953,9.108454487168275e-09,-0.204194229147585
UG con Q(N),38.65869431245757,9.075027497804579e-09,-0.2123261322247636
UG con Q(N),38.66062689022561,9.041729420429166e-09,-0.22042873788275433
UG con Q(N),38.662559467993646,9.008559757737931e-09,-0.22850164017728006
UG con Q(N),38.66449204576168,8.975518014346532e-09,-0.23654444007047737
UG con Q(N),38.66642462352972,8.942603696795046e-09,-0.24455674539810787
UG con Q(N),38.66835720129776,8.909816313520946e-09,-0.25253817082700825
UG con Q(N),38.6702897790658,8.877155374856691e-09,-0.26048833781801406
UG con Q(N),38.672222356833835,8.844620393024982e-09,-0.2684068745882852
UG con Q(N),38.67415493460187,8.81221088213129e-09,-0.2762934160724382
UG con Q(N),38.67608751236991,8.779926358156451e-09,-0.2841476038832745
UG con Q(N),38.67802009013795,8.747766338949336e-09,-0.2919690862721142
UG con Q(N),38.67995266790599,8.7157303442196e-09,-0.29975751808874734
UG con Q(N),38.681885245674025,8.683817895530485e-09,-0.30751256074101263
UG con Q(N),38.68381782344207,8.652028516291552e-09,-0.3152338821540434
UG con Q(N),38.68575040121011,8.620361731752044e-09,-0.3229211567290217
UG con Q(N),38.687682978978145,8.588817068993154e-09,-0.3305740653018765
UG con Q(N),38.68961555674618,8.557394056921415e-09,-0.33819229510136917
UG con Q(N),38.69154813451422,8.526092226261607e-09,-0.34577553970700425
UG con Q(N),38.69348071228226,8.494911109549748e-09,-0.353323499006604
UG con Q(N),38.6954132900503,8.463850241126139e-09,-0.3608358791535878
UG con Q(N),38.697345867818335,8.432909157128345e-09,-0.3683123925239664
UG con Q(N),38.69927844558637,8.402087395484277e-09,-0.37575275767306215
UG con Q(N),38.70121102335441,8.371384495905217e-09,-0.38315669929196605
UG con Q(N),38.70314360112245,8.340799999878835e-09,-0.39052394816374275
UG con Q(N),38.70507617889049,8.310333450662271e-09,-0.3978542411193936
UG con Q(N),38.707008756658524,8.279984393275143e-09,-0.4051473209935902
UG con Q(N),38.70894133442656,8.249752374492623e-09,-0.41240293658018745
UG con Q(N),38.7108739121946,8.219636942838516e-09,-0.4196208425875285
UG con Q(N),38.712806489962645,8.18963764857821e-09,-0.42680079959357825
UG con Q(N),38.71473906773068,8.159754043712245e-09,-0.43394257400073777
UG con Q(N),38.71667164549872,8.129985681968787e-09,-0.4410459379907471
UG con Q(N),38.71860422326676,8.100332118797292e-09,-0.44811066947915856
UG con Q(N),38.7205368010348,8.070792911361597e-09,-0.4551365520697882
UG con Q(N),38.722469378802835,8.041367618534893e-09,-0.4621233750093287
UG con Q(N),38.72440195657087,8.012055800905287e-09,-0.469070933144422
UG con Q(N),38.72633453433891,7.982857020748712e-09,-0.4759790268720834
UG con Q(N),38.72826711210695,7.953770842028274e-09,-0.48284746209441637
UG con Q(N),38.730199689874986,7.924796830390268e-09,-0.4896760501730314
UG con Q(N),38.732132267643024,7.89593455315744e-09,-0.4964646078828451
UG con Q(N),38.73406484541106,7.8671835793223e-09,-0.5032129573658162
UG con Q(N),38.7359974231791,7.838543479540515e-09,-0.5099209260846259
UG con Q(N),38.73793000094714,7.810013826124408e-09,-0.5165883467763078
UG con Q(N),38.739862578715176,7.78159419303654e-09,-0.5232150574058356
UG con Q(N),38.74179515648322,7.753284155883185e-09,-0.5298009011196977
UG con Q(N),38.74372773425126,7.725083291908455e-09,-0.5363457261993219
UG con Q(N),38.7456603120193,7.696991179987377e-09,-0.5428493860147185
UG con Q(N),38.747592889787335,7.669007400620087e-09,-0.5493117389778659
UG con Q(N),38.74952546755537,7.641131535925492e-09,-0.555732648496205
UG con Q(N),38.75145804532341,7.613363169635068e-09,-0.5621119829261093
UG con Q(N),38.75339062309145,7.585701887086728e-09,-0.5684496155263563
UG con Q(N),38.755323200859486,7.558147275218572e-09,-0.5747454244116097
UG con Q(N),38.757255778627524,7.53069892256279e-09,-0.5809992925059181
UG con Q(N),38.75918835639556,7.503356419239487e-09,-0.5872111074962377
UG con Q(N),38.7611209341636,7.476119356950472e-09,-0.5933807617859839
UG con Q(N),38.76305351193164,7.448987328973141e-09,-0.5995081524486203
UG con Q(N),38.764986089699676,7.4219599301542594e-09,-0.6055931811812914
UG con Q(N),38.76691866746771,7.3950367569038234e-09,-0.6116357542585034
UG con Q(N),38.76885124523575,7.36821740718885e-09,-0.6176357824858638
UG con Q(N),38.77078382300379,7.341501480527208e-09,-0.623593181153883
UG con Q(N),38.77271640077183,7.314888577981426e-09,-0.6295078699918448
UG con Q(N),38.77464897853987,7.288378302152465e-09,-0.6353797731217772
UG con Q(N),38.77658155630791,7.261970257173913e-09,-0.6412088190123963
UG con Q(N),38.77851413407595,7.235664048705308e-09,-0.6469949404333575
UG con Q(N),38.780446711843986,7.2094592839264135e-09,-0.6527380744093849
UG con Q(N),38.782379289612024,7.183355571531065e-09,-0.6584381621746143
UG con Q(N),38.78431186738006,7.157352521731304e-09,-0.6640951491282874
UG con Q(N),38.7862444451481,7.13144974624831e-09,-0.6697089847892221
UG con Q(N),38.78817702291614,7.1056468582916824e-09,-0.675279622748575
UG con Q(N),38.790109600684175,7.079943472564322e-09,-0.6808070206258406
UG con Q(N),38.79204217845221,7.054339205256315e-09,-0.6862911400237686
UG con Q(N),38.79397475622025,7.028833674038843e-09,-0.6917319464834215
UG con Q(N),38.79590733398829,7.003426498058293e-09,-0.6971294094393834
UG con Q(N),38.79783991175633,6.9781172979303625e-09,-0.702483502175119
UG con Q(N),38.799772489524365,6.952905695734309e-09,-0.7077942017784887
UG con Q(N),38.8017050672924,6.927791315007235e-09,-0.7130614890974224
UG con Q(N),38.80363764506045,6.902773780738374e-09,-0.7182853486957725
UG con Q(N),38.805570222828486,6.87785271936387e-09,-0.7234657688092373
UG con Q(N),38.807502800596524,6.853027758760693e-09,-0.7286027413016422
UG con Q(N),38.80943537836456,6.8282985282415045e-09,-0.7336962616211995
UG con Q(N),38.8113679561326,6.8036646585491076e-09,-0.7387463287570388
UG con Q(N),38.81330053390064,6.7791257818509884e-09,-0.743752945195894
UG con Q(N),38.815233111668675,6.7546815317339e-09,-0.7487161168789698
UG con Q(N),38.81716568943671,6.7303315431984085e-09,-0.7536358531589914
UG con Q(N),38.81909826720475,6.706075452653536e-09,-0.7585121667574399
UG con Q(N),38.82103084497279,6.681912897911283e-09,-0.7633450737219761
UG con Q(N),38.82296342274083,6.657843518181246e-09,-0.7681345933840565
UG con Q(N),38.824896000508865,6.633866954065157e-09,-0.772880748316744
UG con Q(N),38.8268285782769,6.609982847551485e-09,-0.7775835642927166
UG con Q(N),38.82876115604494,6.586190842009935e-09,-0.7822430702424773
UG con Q(N),38.83069373381298,6.5624905821860306e-09,-0.7868592982127678
UG con Q(N),38.83262631158102,6.538881714195527e-09,-0.7914322833252062
UG con Q(N),38.83455888934906,6.515363885519282e-09,-0.7959620637350504
UG con Q(N),38.8364914671171,6.491936744997227e-09,-0.8004486805903442
UG con Q(N),38.83842404488514,6.468599942823234e-09,-0.8048921779911092
UG con Q(N),38.840356622653175,6.445353130539514e-09,-0.8092926029488425
UG con Q(N),38.84228920042121,6.422195961031119e-09,-0.8136500053462183
UG con Q(N),38.84422177818925,6.399128088520447e-09,-0.8179644378970152
UG con Q(N),38.84615435595729,6.376149168561768e-09,-0.8222359561062729
UG con Q(N),38.84808693372533,6.353258858045472e-09,-0.8264646182314975
UG con Q(N),38.850019511493365,6.3304568151963305e-09,-0.8306504852436318
UG con Q(N),38.8519520892614,6.307742699544496e-09,-0.8347936207858869
UG con Q(N),38.85388466702944,6.285116171934443e-09,-0.8388940911359979
UG con Q(N),38.85581724479748,6.2625768945198006e-09,-0.8429519651675563
UG con Q(N),38.857749822565516,6.240124530757944e-09,-0.8469673143115621
UG con Q(N),38.859682400333554,6.217758745404707e-09,-0.8509402125182242
UG con Q(N),38.8616149781016,6.195479204509064e-09,-0.8548707362190241
UG con Q(N),38.86354755586964,6.173285575408343e-09,-0.8587589642889588
UG con Q(N),38.865480133637675,6.151177526722688e-09,-0.8626049780091763
UG con Q(N),38.86741271140571,6.1291547283503726e-09,-0.8664088610297187
UG con Q(N),38.86934528917375,6.107216851462824e-09,-0.8701706993325875
UG con Q(N),38.87127786694179,6.0853635684997294e-09,-0.8738905811950477
UG con Q(N),38.87321044470983,6.063594553164192e-09,-0.877568597153182
UG con Q(N),38.875143022477864,6.041909480417952e-09,-0.8812048399656992
UG con Q(N),38.8770756002459,6.020308026476595e-09,-0.8847994045779941
UG con Q(N),38.87900817801394,5.998789868804799e-09,-0.8883523880864621
UG con Q(N),38.88094075578198,5.977354686111613e-09,-0.8918638897030673
UG con Q(N),38.882873333550016,5.95600215834572e-09,-0.8953340107201642
UG con Q(N),38.884805911318054,5.934731966690697e-09,-0.898762854475575
UG con Q(N),38.88673848908609,5.913543793560314e-09,-0.9021505263179229
UG con Q(N),38.88867106685413,5.892437322593764e-09,-0.9054971335722188
UG con Q(N),38.89060364462217,5.871412238650957e-09,-0.9088027855057073
UG con Q(N),38.892536222390206,5.850468227807739e-09,-0.9120675932939663
UG con Q(N),38.89446880015825,5.829604977351051e-09,-0.915291669987278
UG con Q(N),38.89640137792629,5.8088221757744405e-09,-0.9184751304771972
UG con Q(N),38.898333955694326,5.788119512772798e-09,-0.921618091463496
UG con Q(N),38.900266533462364,5.767496679237832e-09,-0.9247206714212493
UG con Q(N),38.9021991112304,5.746953367253144e-09,-0.9277829905682371
UG con Q(N),38.90413168899844,5.726489270089357e-09,-0.9308051708325966
UG con Q(N),38.90606426676648,5.70610408219923e-09,-0.9337873358207321
UG con Q(N),38.907996844534516,5.68579749921276e-09,-0.9367296107854864
UG con Q(N),38.909929422302554,5.665569217932262e-09,-0.939632122594573
UG con Q(N),38.91186200007059,5.645418936327437e-09,-0.942494999699269
UG con Q(N),38.91379457783863,5.625346353530437e-09,-0.9453183721033706
UG con Q(N),38.91572715560667,5.605351169845549e-09,-0.9481023713335998
UG con Q(N),38.917659733374705,5.585433086742063e-09,-0.9508471304088679
UG con Q(N),38.91959231114274,5.56559180682667e-09,-0.9535527838081673
UG con Q(N),38.92152488891078,5.545827033854473e-09,-0.9562194674418735
UG con Q(N),38.923457466678826,5.526138472724102e-09,-0.9588473186220166
UG con Q(N),38.925390044446864,5.506525829473243e-09,-0.9614364760327694
UG con Q(N),38.9273226222149,5.486988811273533e-09,-0.9639870797013008
UG con Q(N),38.92925519998294,5.467527126426238e-09,-0.9664992709688
UG con Q(N),38.93118777775098,5.44814048435768e-09,-0.9689731924618167
UG con Q(N),38.933120355519016,5.428828595614802e-09,-0.9714089880638581
UG con Q(N),38.935052933287054,5.409591171860785e-09,-0.97380680288725
UG con Q(N),38.93698551105509,5.390427925870714e-09,-0.9761667832452612
UG con Q(N),38.93891808882313,5.371338571527338e-09,-0.9784890766244925
UG con Q(N),38.94085066659117,5.352322823816818e-09,-0.9807738316575245
UG con Q(N),38.942783244359205,5.3333803988245525e-09,-0.9830211980958288
UG con Q(N),38.94471582212724,5.314511013731004e-09,-0.9852313267829356
UG con Q(N),38.94664839989528,5.295714386807573e-09,-0.9874043696278625
UG con Q(N),38.94858097766332,5.276990237412479e-09,-0.9895404795787978
UG con Q(N),38.95051355543136,5.258338285986646e-09,-0.9916398105970419
UG con Q(N),38.9524461331994,5.239758254049553e-09,-0.9937025176312101
UG con Q(N),38.95437871096744,5.221249864195387e-09,-0.9957287565916519
UG con Q(N),38.95631128873548,5.202812840088555e-09,-0.9977186843251988
UG con Q(N),38.958243866503516,5.184446906459842e-09,-0.9996724585900876
UG con Q(N),38.96017644427155,5.166151789102233e-09,-1.0015902380311728
UG con Q(N),38.96210902203959,5.147927214866769e-09,-1.00347218215538
UG con Q(N),38.96404159980763,5.129772911658429e-09,-1.0053184513074098
UG con Q(N),38.96597417757567,5.1116886084319364e-09,-1.0071292066456858
UG con Q(N),38.967906755343705,5.093674035187582e-09,-1.0089046101185513
UG con Q(N),38.96983933311174,5.075728922967019e-09,-1.01064482444071
UG con Q(N),38.97177191087978,5.0578530038490095e-09,-1.012350013069912
UG con Q(N),38.97370448864782,5.0400460109451916e-09,-1.0140203401838803
UG con Q(N),38.97563706641586,5.022307678395758e-09,-1.015655970657482
UG con Q(N),38.977569644183895,5.004637741365165e-09,-1.017257070040137
UG con Q(N),38.97950222195193,4.9870359360377845e-09,-1.0188238045334705
UG con Q(N),38.98143479971998,4.969501999613467e-09,-1.0203563409692047
UG con Q(N),38.983367377488015,4.952035670303408e-09,-1.021854846787264
UG con Q(N),38.98529995525605,4.934636687325381e-09,-1.0233194900141718
UG con Q(N),38.98723253302409,4.917304790920376e-09,-1.0247504392436697
UG con Q(N),38.98916511079213,4.90003972233591e-09,-1.026147863614351
UG con Q(N),38.99109768856017,4.88284122380382e-09,-1.0275119327870048
UG con Q(N),38.993030266328205,4.865709038551544e-09,-1.0288428169254715
UG con Q(N),38.99496284409624,4.848642910797881e-09,-1.030140686676204
UG con Q(N),38.99689542186428,4.8316425857488296e-09,-1.031405713148066
UG con Q(N),38.99882799963232,4.81470780959349e-09,-1.032638067892374
UG con Q(N),39.00076057740036,4.797838329500062e-09,-1.0338379228831736
UG con Q(N),39.002693155168394,4.781033893611916e-09,-1.0350054504977564
UG con Q(N),39.00462573293643,4.7642942510436885e-09,-1.0361408234974074
UG con Q(N),39.00655831070447,4.7476191518775105e-09,-1.0372442150083887
UG con Q(N),39.00849088847251,4.731008347159206e-09,-1.0383157985031508
UG con Q(N),39.010423466240546,4.7144615888946015e-09,-1.0393557477817765
UG con Q(N),39.012356044008584,4.697978630045845e-09,-1.0403642369536494
UG con Q(N),39.01428862177663,4.681559224527703e-09,-1.0413414404193526
UG con Q(N),39.01622119954467,4.6652031272042e-09,-1.0422875328527743
UG con Q(N),39.018153777312705,4.648910093884678e-09,-1.0432026891834698
UG con Q(N),39.02008635508074,4.632679881320468e-09,-1.0440870845792083
UG con Q(N),39.02201893284878,4.616512247201293e-09,-1.0449408944287564
UG con Q(N),39.02395151061682,4.600406950151726e-09,-1.0457642943248746
UG con Q(N),39.025884088384856,4.584363749727678e-09,-1.0465574600475291
UG con Q(N),39.027816666152894,4.5683824064128495e-09,-1.047320567547315
UG con Q(N),39.02974924392093,4.552462681615217e-09,-1.0480537929290927
UG con Q(N),39.03168182168897,4.536604337663513e-09,-1.0487573124358334
UG con Q(N),39.03361439945701,4.5208071378036604e-09,-1.0494313024326714
UG con Q(N),39.035546977225046,4.505070846195228e-09,-1.0500759393911634
UG con Q(N),39.037479554993084,4.489395227907876e-09,-1.050691399873751
UG con Q(N),39.03941213276112,4.473780048917744e-09,-1.0512778605184265
UG con Q(N),39.04134471052916,4.458225076103865e-09,-1.0518354980235989
UG con Q(N),39.043277288297205,4.442730077244463e-09,-1.0523644891331596
UG con Q(N),39.04520986606524,4.4272948210135385e-09,-1.0528650106217377
UG con Q(N),39.04714244383328,4.411919076976837e-09,-1.0533372392801676
UG con Q(N),39.04907502160132,4.396602615588364e-09,-1.0537813519011314
UG con Q(N),39.051007599369356,4.3813452081866004e-09,-1.0541975252650038
UG con Q(N),39.052940177137394,4.366146626990717e-09,-1.054585936125882
UG con Q(N),39.05487275490543,4.3510066450967935e-09,-1.0549467611978078
UG con Q(N),39.05680533267347,4.335925036473975e-09,-1.0552801771411717
UG con Q(N),39.05873791044151,4.320901575960612e-09,-1.0555863605493045
UG con Q(N),39.060670488209546,4.3059360392603734e-09,-1.0558654879352498
UG con Q(N),39.062603065977584,4.2910282029557406e-09,-1.0561177357208595
UG con Q(N),39.06453564374562,4.276177844505339e-09,-1.0563432802241401
UG con Q(N),39.06646822151366,4.261384742206928e-09,-1.0565422976425334
UG con Q(N),39.0684007992817,4.246648675214595e-09,-1.0567149640430076
UG con Q(N),39.070333377049735,4.231969423535286e-09,-1.0568614553498195
UG con Q(N),39.07226595481778,4.217346768025141e-09,-1.056981947332437
UG con Q(N),39.07419853258582,4.202780490386175e-09,-1.0570766155936488
UG con Q(N),39.076131110353856,4.188270373162454e-09,-1.0571456355578592
UG con Q(N),39.078063688121894,4.173816199736927e-09,-1.0571891824595676
UG con Q(N),39.07999626588993,4.159417754327975e-09,-1.057207431332026
UG con Q(N),39.08192884365797,4.1450748219861355e-09,-1.05720055699608
UG con Q(N),39.08386142142601,4.130787188590817e-09,-1.0571687340491844
UG con Q(N),39.085793999194046,4.1165546408470886e-09,-1.0571121368545966
UG con Q(N),39.08772657696208,4.102376966282508e-09,-1.0570309395307427
UG con Q(N),39.08965915473012,4.088253953243966e-09,-1.0569253159407568
UG con Q(N),39.09159173249816,4.0741853908945804e-09,-1.0567954396821895
UG con Q(N),39.0935243102662,4.060171069210598e-09,-1.056641484076885
UG con Q(N),39.095456888034235,4.046210778978343e-09,-1.0564636221610255
UG con Q(N),39.09738946580227,4.032304311791156e-09,-1.0562620266753397
UG con Q(N),39.09932204357031,4.018451460046375e-09,-1.0560368700554734
UG con Q(N),39.10125462133835,4.004652016942299e-09,-1.0557883244225221
UG con Q(N),39.10318719910639,3.990905776475184e-09,-1.0555165615737225
UG con Q(N),39.10511977687443,3.977212533436188e-09,-1.0552217529732997
UG con Q(N),39.10705235464247,3.963572083408541e-09,-1.054904069743475
UG con Q(N),39.10898493241051,3.949984222764254e-09,-1.054563682655617
UG con Q(N),39.110917510178545,3.936448748661287e-09,-1.054200762121555
UG con Q(N),39.11285008794658,3.922965459040481e-09,-1.0538154781850364
UG con Q(N),39.11478266571462,3.9095341526225095e-09,-1.0534080005133328
UG con Q(N),39.11671524348266,3.896154628904842e-09,-1.0529784983889936
UG con Q(N),39.1186478212507,3.88282668815866e-09,-1.0525271407017418
UG con Q(N),39.120580399018735,3.869550131425777e-09,-1.0520540959405134
UG con Q(N),39.12251297678677,3.856324760515543e-09,-1.0515595321856372
UG con Q(N),39.12444555455481,3.843150378001683e-09,-1.0510436171011526
UG con Q(N),39.12637813232285,3.830026787219173e-09,-1.0505065179272641
UG con Q(N),39.12831071009089,3.816953792261044e-09,-1.0499484014729317
UG con Q(N),39.130243287858924,3.803931197975175e-09,-1.0493694341085928
UG con Q(N),39.13217586562696,3.7909588099610594e-09,-1.0487697817590174
UG con Q(N),39.13410844339501,3.77803643456649e-09,-1.0481496098962868
UG con Q(N),39.136041021163045,3.765163878884441e-09,-1.0475090835329148
UG con Q(N),39.13797359893108,3.7523409507494684e-09,-1.0468483672150701
UG con Q(N),39.13990617669912,3.739567458734526e-09,-1.0461676250159442
UG con Q(N),39.14183875446716,3.726843212149149e-09,-1.0454670205294694
UG con Q(N),39.1437713322352,3.7141680210675135e-09,-1.0447467168686142
UG con Q(N),39.145703910003235,3.7015416962858087e-09,-1.044006876653442
UG con Q(N),39.14763648777127,3.688964049321103e-09,-1.0432476620052502
UG con Q(N),39.14956906553931,3.6764348924186843e-09,-1.0424692345421467
UG con Q(N),39.15150164330735,3.663954038548925e-09,-1.0416717553732258
UG con Q(N),39.153434221075386,3.6515213014042402e-09,-1.0408553850928743
UG con Q(N),39.155366798843424,3.6391364953960637e-09,-1.0400202837752048
UG con Q(N),39.15729937661146,3.6267994356519093e-09,-1.0391666109686166
UG con Q(N),39.1592319543795,3.6145099380124524e-09,-1.0382945256904796
UG con Q(N),39.16116453214754,3.6022678190286716e-09,-1.037404186421944
UG con Q(N),39.16309710991558,3.590072895958994e-09,-1.036495751102867
UG con Q(N),39.16502968768362,3.5779249867666764e-09,-1.0355693771268757
UG con Q(N),39.16696226545166,3.5658239101168122e-09,-1.0346252213365181
UG con Q(N),39.1688948432197,3.5537694853737813e-09,-1.033663440018561
UG con Q(N),39.170827420987735,3.541761532598529e-09,-1.0326841888993883
UG con Q(N),39.17275999875577,3.5297998725459196e-09,-1.031687623140518
UG con Q(N),39.17469257652381,3.5178843266620896e-09,-1.0306738973342293
UG con Q(N),39.17662515429185,3.506014717081844e-09,-1.0296431654993012
UG con Q(N),39.178557732059886,3.4941908666260567e-09,-1.02859558107686
UG con Q(N),39.180490309827924,3.4824125987991035e-09,-1.0275312969263366
UG con Q(N),39.18242288759596,3.4706797377862843e-09,-1.026450465321526
UG con Q(N),39.184355465364,3.4589921084512622e-09,-1.0253532379467547
UG con Q(N),39.18628804313204,3.4473495363335183e-09,-1.024239765893149
UG con Q(N),39.188220620900076,3.4357518476458047e-09,-1.0231101996550056
UG con Q(N),39.19015319866811,3.4241988692716e-09,-1.021964689126262
UG con Q(N),39.19208577643616,3.412690428762511e-09,-1.0208033835970596
UG con Q(N),39.194018354204196,3.4012263543358962e-09,-1.0196264317504262
UG con Q(N),39.195950931972234,3.389806474872055e-09,-1.0184339816590107
UG con Q(N),39.19788350974027,3.378430619911839e-09,-1.0172261807819523
UG con Q(N),39.19981608750831,3.367098619654024e-09,-1.0160031759618227
UG con Q(N),39.20174866527635,3.3558103049527285e-09,-1.014765113421661
UG con Q(N),39.203681243044386,3.3445655073148193e-09,-1.0135121387620984
UG con Q(N),39.205613820812424,3.333364058897281e-09,-1.012244396958569
UG con Q(N),39.20754639858046,3.322205792504596e-09,-1.010962032358608
UG con Q(N),39.2094789763485,3.3110905415860807e-09,-1.009665188679231
UG con Q(N),39.21141155411654,3.3000181402332185e-09,-1.0083540090044
UG con Q(N),39.213344131884575,3.288988423176959e-09,-1.0070286357825657
UG con Q(N),39.21527670965261,3.2780012257850015e-09,-1.0056892108242923
UG con Q(N),39.21720928742065,3.2670563840590428e-09,-1.0043358752999587
UG con Q(N),39.21914186518869,3.2561537346320154e-09,-1.002968769737536
UG con Q(N),39.22107444295673,3.2452931147652817e-09,-1.0015880340204402
UG con Q(N),39.223007020724765,3.234474362345809e-09,-1.0001938073854564
UG con Q(N),39.22493959849281,3.223697315883275e-09,-0.9987862284207314
UG con Q(N),39.22687217626085,3.21296181450735e-09,-0.9973654350638604
UG con Q(N),39.228804754028886,3.2022676979827e-09,-0.9959315646030482
UG con Q(N),39.230737331796924,3.1916148067094e-09,-0.9944847536760434
UG con Q(N),39.23266990956496,3.1810029816811293e-09,-0.9930251382618925
UG con Q(N),39.234602487333,3.1704320645057316e-09,-0.9915528536831744
UG con Q(N),39.23653506510104,3.159901897402925e-09,-0.9900680346045698
UG con Q(N),39.238467642869075,3.149412323201721e-09,-0.9885708150314506
UG con Q(N),39.24040022063711,3.1389631853378724e-09,-0.9870613283085461
UG con Q(N),39.24233279840515,3.1285543278513615e-09,-0.9855397071186842
UG con Q(N),39.24426537617319,3.118185595383928e-09,-0.9840060834816089
UG con Q(N),39.24619795394123,3.1078568331766455e-09,-0.98246058875287
UG con Q(N),39.248130531709265,3.0975678870675128e-09,-0.9809033536227865
UG con Q(N),39.2500631094773,3.087318603489087e-09,-0.9793345081154804
UG con Q(N),39.25199568724534,3.0771088294661524e-09,-0.9777541815879816
UG con Q(N),39.253928265013386,3.066938412613369e-09,-0.976162502729395
UG con Q(N),39.25586084278142,3.0568072011331368e-09,-0.9745595995601664
UG con Q(N),39.25779342054946,3.0467150438131196e-09,-0.9729455994313548
UG con Q(N),39.2597259983175,3.036661790024149e-09,-0.9713206290240305
UG con Q(N),39.26165857608554,3.026647289717972e-09,-0.9696848143487073
UG con Q(N),39.263591153853575,3.0166713934250475e-09,-0.9680382807448448
UG con Q(N),39.26552373162161,3.0067339522523694e-09,-0.9663811528804126
UG con Q(N),39.26745630938965,2.9968348178812784e-09,-0.9647135547515155
UG con Q(N),39.26938888715769,2.9869738425653164e-09,-0.9630356096820791
UG con Q(N),39.27132146492573,2.977150879128073e-09,-0.9613474403235939
UG con Q(N),39.273254042693765,2.967365780961033e-09,-0.9596491686549168
UG con Q(N),39.2751866204618,2.957618402021448e-09,-0.9579409159821302
UG con Q(N),39.27711919822984,2.947908596830197e-09,-0.9562228029384555
UG con Q(N),39.27905177599788,2.938236220469658e-09,-0.9544949494842215
UG con Q(N),39.280984353765916,2.928601128581574e-09,-0.9527574749068857
UG con Q(N),39.28291693153396,2.9190031773648855e-09,-0.9510104978211007
UG con Q(N),39.284849509302,2.909442223573731e-09,-0.9492541361688649
UG con Q(N),39.28678208707004,2.8999181245151045e-09,-0.9474885072196578
UG con Q(N),39.288714664838075,2.8904307380468346e-09,-0.9457137275706876
UG con Q(N),39.29064724260611,2.880979922575411e-09,-0.9439299131471556
UG con Q(N),39.29257982037415,2.8715655370537946e-09,-0.9421371792025718
UG con Q(N),39.29451239814219,2.8621874409792695e-09,-0.940335640319117
UG con Q(N),39.29644497591023,2.852845494391235e-09,-0.9385254104080482
UG con Q(N),39.298377553678264,2.843539557869013e-09,-0.9367066027101465
UG con Q(N),39.3003101314463,2.834269492529627e-09,-0.9348793297962085
UG con Q(N),39.30224270921434,2.8250351600255685e-09,-0.9330437035675758
UG con Q(N),39.30417528698238,2.81583642254255e-09,-0.9311998352567062
UG con Q(N),39.306107864750416,2.8066731427972334e-09,-0.9293478354277821
UG con Q(N),39.308040442518454,2.7975451840349446e-09,-0.9274878139773565
UG con Q(N),39.30997302028649,2.788452410027362e-09,-0.9256198801350345
UG con Q(N),39.31190559805454,2.77939468507015e-09,-0.9237441424641839
UG con Q(N),39.313838175822575,2.770371873980749e-09,-0.9218607088627132
UG con Q(N),39.31577075359061,2.761383842095791e-09,-0.9199696865638133
UG con Q(N),39.31770333135865,2.7524304552688327e-09,-0.9180711821368002
UG con Q(N),39.31963590912669,2.743511579871118e-09,-0.9161653014885206
UG con Q(N),39.321568486894726,2.73462708282027e-09,-0.9142521498698416
UG con Q(N),39.323501064662764,2.7257768315311653e-09,-0.912331831868463
UG con Q(N),39.3254336424308,2.7169606939234736e-09,-0.9104044514114836
UG con Q(N),39.32736622019884,2.708178538427231e-09,-0.9084701117678096
UG con Q(N),39.32929879796688,2.69943023398067e-09,-0.9065289155492539
UG con Q(N),39.331231375734916,2.6907156500281025e-09,-0.9045809647116739
UG con Q(N),39.333163953502954,2.682034656517813e-09,-0.9026263605561466
UG con Q(N),39.33509653127099,2.6733871238999974e-09,-0.90066520373018
UG con Q(N),39.33702910903903,2.664772923124719e-09,-0.8986975942289607
UG con Q(N),39.33896168680707,2.656191925639894e-09,-0.8967236313966375
UG con Q(N),39.340894264575105,2.6476440033893095e-09,-0.8947434139276381
UG con Q(N),39.34282684234314,2.639129028810647e-09,-0.8927570398680215
UG con Q(N),39.34475942011119,2.630646874833522e-09,-0.8907646066168544
UG con Q(N),39.346691997879226,2.622197414877677e-09,-0.8887662109276583
UG con Q(N),39.348624575647264,2.613780522850902e-09,-0.886761948909814
UG con Q(N),39.3505571534153,2.605396073147268e-09,-0.8847519160300708
UG con Q(N),39.35248973118334,2.5970439406452353e-09,-0.8827362071140497
UG con Q(N),39.35442230895138,2.5887240007058036e-09,-0.8807149163477827
UG con Q(N),39.356354886719416,2.580436129170674e-09,-0.8786881372792821
UG con Q(N),39.358287464487454,2.572180202360426e-09,-0.8766559628201372
UG con Q(N),39.36022004225549,2.56395609707271e-09,-0.8746184852471389
UG con Q(N),39.36215262002353,2.555763690580445e-09,-0.8725757962039309
UG con Q(N),39.36408519779157,2.5476028606300263e-09,-0.8705279867026869
UG con Q(N),39.366017775559605,2.5394734854395388e-09,-0.8684751471258136
UG con Q(N),39.36795035332764,2.531375443696988e-09,-0.8664173672276781
UG con Q(N),39.36988293109568,2.5233086145585248e-09,-0.8643547361363588
UG con Q(N),39.37181550886372,2.5152728776466676e-09,-0.8622873423554206
UG con Q(N),39.373748086631764,2.5072681130485264e-09,-0.8602152737657042
UG con Q(N),39.3756806643998,2.49929420131414e-09,-0.8581386176271752
UG con Q(N),39.37761324216784,2.4913510234545445e-09,-0.8560574605807192
UG con Q(N),39.37954581993588,2.4834384609401293e-09,-0.8539718886500323
UG con Q(N),39.381478397703916,2.475556395698832e-09,-0.8518819872434937
UG con Q(N),39.38341097547195,2.467704710114379e-09,-0.8497878411560652
UG con Q(N),39.38534355323999,2.4598832870245064e-09,-0.8476895345712083
UG con Q(N),39.38727613100803,2.4520920097191883e-09,-0.84558715106282
UG con Q(N),39.38920870877607,2.444330761938842e-09,-0.8434807735971839
UG con Q(N),39.391141286544105,2.436599427872547e-09,-0.8413704845349391
UG con Q(N),39.39307386431214,2.4288978921562358e-09,-0.8392563656330633
UG con Q(N),39.39500644208018,2.4212260398708925e-09,-0.8371384980468715
UG con Q(N),39.39693901984822,2.4135837565407283e-09,-0.8350169623320278
UG con Q(N),39.39887159761626,2.4059709281313505e-09,-0.8328918384465721
UG con Q(N),39.400804175384295,2.3983874410479268e-09,-0.8307632057529574
UG con Q(N),39.40273675315234,2.3908331821332945e-09,-0.8286311430200928
UG con Q(N),39.40466933092038,2.3833080386662057e-09,-0.8264957284254364
UG con Q(N),39.406601908688415,2.3758118983592782e-09,-0.8243570395570194
UG con Q(N),39.40853448645645,2.3683446493572128e-09,-0.8222151534155606
UG con Q(N),39.41046706422449,2.360906180234841e-09,-0.820070146416548
UG con Q(N),39.41239964199253,2.3534963799952046e-09,-0.8179220943923386
UG con Q(N),39.41433221976057,2.346115138067604e-09,-0.8157710725942655
UG con Q(N),39.416264797528605,2.3387623443056306e-09,-0.8136171556947511
UG con Q(N),39.41819737529664,2.3314378889905393e-09,-0.811460417790337
UG con Q(N),39.42012995306468,2.324141662855161e-09,-0.8093009324083551
UG con Q(N),39.42206253083272,2.316873557034674e-09,-0.8071387725011546
UG con Q(N),39.42399510860076,2.3096334630804e-09,-0.804974010450766
UG con Q(N),39.425927686368794,2.302421272962661e-09,-0.802806718071898
UG con Q(N),39.42786026413683,2.295236879069029e-09,-0.8006369666141752
UG con Q(N),39.42979284190487,2.2880801742025945e-09,-0.7984648267643882
UG con Q(N),39.43172541967291,2.2809510515802615e-09,-0.7962903686487552
UG con Q(N),39.433657997440946,2.273849404831058e-09,-0.7941136618351945
UG con Q(N),39.43559057520899,2.266775127994443e-09,-0.7919347753356003
UG con Q(N),39.43752315297703,2.2597281155187642e-09,-0.7897537776081692
UG con Q(N),39.43945573074507,2.2527082622594673e-09,-0.7875707365596567
UG con Q(N),39.441388308513105,2.245715463477588e-09,-0.7853857195477232
UG con Q(N),39.44332088628114,2.238749614838128e-09,-0.78319879338325
UG con Q(N),39.44525346404918,2.2318106124084753e-09,-0.7810100243326725
UG con Q(N),39.44718604181722,2.2248983526568346e-09,-0.7788194781203213
UG con Q(N),39.449118619585256,2.2180127324506763e-09,-0.7766272199307724
UG con Q(N),39.451051197353294,2.211153649055198e-09,-0.7744333144112057
UG con Q(N),39.45298377512133,2.2043210001317976e-09,-0.7722378256737701
UG con Q(N),39.45491635288937,2.1975146837365485e-09,-0.7700408172979565
UG con Q(N),39.45684893065741,2.1907345983187113e-09,-0.7678423523329783
UG con Q(N),39.458781508425446,2.1839806427192215e-09,-0.7656424933001569
UG con Q(N),39.460714086193484,2.1772527161692197e-09,-0.763441302195315
UG con Q(N),39.46264666396152,2.1705507182885588e-09,-0.7612388404911751
UG con Q(N),39.46457924172957,2.163874549084317e-09,-0.7590351691397546
UG con Q(N),39.466511819497605,2.1572241089494347e-09,-0.7568303485748079
UG con Q(N),39.46844439726564,2.1505992986611025e-09,-0.7546244387141915
UG con Q(N),39.47037697503368,2.1440000193794104e-09,-0.7524174989623138
UG con Q(N),39.47230955280172,2.137426172645876e-09,-0.7502095882125501
UG con Q(N),39.474242130569756,2.130877660381997e-09,-0.7480007648496675
UG con Q(N),39.476174708337794,2.1243543848878116e-09,-0.7457910867522543
UG con Q(N),39.47810728610583,2.117856248840451e-09,-0.7435806112951517
UG con Q(N),39.48003986387387,2.1113831552927126e-09,-0.7413693953518887
UG con Q(N),39.48197244164191,2.104935007671608e-09,-0.7391574952971182
UG con Q(N),39.483905019409946,2.098511709776934e-09,-0.7369449670090557
UG con Q(N),39.485837597177984,2.09211316577983e-09,-0.7347318658719191
UG con Q(N),39.48777017494602,2.0857392802213332e-09,-0.7325182467783699
UG con Q(N),39.48970275271406,2.0793899580109375e-09,-0.7303041641319546
UG con Q(N),39.4916353304821,2.0730651044251465e-09,-0.7280896718495471
UG con Q(N),39.49356790825014,2.066764625105999e-09,-0.725874823363782
UG con Q(N),39.49550048601818,2.0604884260597057e-09,-0.7236596716255297
UG con Q(N),39.49743306378622,2.0542364136550548e-09,-0.7214442691062877
UG con Q(N),39.499365641554256,2.04800849462203e-09,-0.7192286678006534
UG con Q(N),39.501298219322294,2.0418045760503233e-09,-0.7170129192287544
UG con Q(N),39.50323079709033,2.035624565387852e-09,-0.7147970744386845
UG con Q(N),39.50516337485837,2.0294683704392734e-09,-0.7125811840089387
UG con Q(N),39.50709595262641,2.023335899364493e-09,-0.7103652980508444
UG con Q(N),39.509028530394446,2.017227060677155e-09,-0.7081494662109908
UG con Q(N),39.51096110816248,2.011141763243137e-09,-0.705933737673654
UG con Q(N),39.51289368593052,2.005079916279024e-09,-0.703718161163219
UG con Q(N),39.51482626369856,1.999041429350577e-09,-0.7015027849465976
UG con Q(N),39.5167588414666,1.9930262123711926e-09,-0.6992876568356421
UG con Q(N),39.518691419234635,1.987034175600348e-09,-0.6970728241895537
UG con Q(N),39.52062399700267,1.9810652296420336e-09,-0.6948583339172866
UG con Q(N),39.52255657477072,1.9751192854431973e-09,-0.6926442324799423
UG con Q(N),39.52448915253875,1.969196254312948e-09,-0.6904305658961012
UG con Q(N),39.526421730306794,1.9632960479051866e-09,-0.6882173797421918
UG con Q(N),39.52835430807483,1.9574185782011613e-09,-0.6860047191526177
UG con Q(N),39.53028688584287,1.951563757522077e-09,-0.6837926288239906
UG con Q(N),39.53221946361091,1.945731498527808e-09,-0.6815811530175986
UG con Q(N),39.534152041378945,1.9399217142154733e-09,-0.6793703355618232
UG con Q(N),39.53608461914698,1.9341343179180687e-09,-0.677160219854563
UG con Q(N),39.53801719691502,1.928369223303109e-09,-0.6749508488656529
UG con Q(N),39.53994977468306,1.922626344371274e-09,-0.6727422651392826
UG con Q(N),39.5418823524511,1.9169055954550722e-09,-0.6705345107964106
UG con Q(N),39.543814930219135,1.9112068912175264e-09,-0.6683276275371762
UG con Q(N),39.54574750798717,1.905530146650853e-09,-0.666121656643308
UG con Q(N),39.54768008575521,1.899875277075171e-09,-0.6639166389805287
UG con Q(N),39.54961266352325,1.8942421981372134e-09,-0.6617126150009573
UG con Q(N),39.551545241291294,1.8886308258090254e-09,-0.6595096247454993
UG con Q(N),39.553477819059324,1.8830410763868044e-09,-0.6573077078462816
UG con Q(N),39.55541039682737,1.8774728664894177e-09,-0.6551069035289538
UG con Q(N),39.55734297459541,1.8719261130574424e-09,-0.6529072506151895
UG con Q(N),39.559275552363445,1.8664007333516984e-09,-0.6507087875249786
UG con Q(N),39.56120813013148,1.8608966449521256e-09,-0.648511552279047
UG con Q(N),39.56314070789952,1.8554137657565388e-09,-0.6463155825012229
UG con Q(N),39.56507328566756,1.8499520139794169e-09,-0.6441209154208056
UG con Q(N),39.5670058634356,1.8445113081506904e-09,-0.6419275878749315
UG con Q(N),39.568938441203635,1.8390915671145464e-09,-0.6397356363109339
UG con Q(N),39.57087101897167,1.8336927100282302e-09,-0.6375450967886983
UG con Q(N),39.57280359673971,1.8283146563608598e-09,-0.635356004983013
UG con Q(N),39.57473617450775,1.822957325892238e-09,-0.6331683961859144
UG con Q(N),39.576668752275786,1.8176206387116818e-09,-0.6309823053090267
UG con Q(N),39.578601330043824,1.8123045152168371e-09,-0.6287977668858965
UG con Q(N),39.58053390781186,1.8070088761125186e-09,-0.626614815074322
UG con Q(N),39.5824664855799,1.8017336424095354e-09,-0.6244334836586761
UG con Q(N),39.584399063347945,1.7964787354235099e-09,-0.6222538060522155
UG con Q(N),39.58633164111598,1.7912440767737937e-09,-0.6200758152994247
UG con Q(N),39.58826421888402,1.7860295883821916e-09,-0.6178995440782733
UG con Q(N),39.59019679665206,1.7808351924718807e-09,-0.6157250247025469
UG con Q(N),39.5921293744201,1.7756608115662331e-09,-0.6135522891241322
UG con Q(N),39.594061952188135,1.770506368487661e-09,-0.6113813689353031
UG con Q(N),39.59599452995617,1.7653717863564603e-09,-0.6092122953710007
UG con Q(N),39.59792710772421,1.760256988589653e-09,-0.6070450993111057
UG con Q(N),39.59985968549225,1.7551618988998342e-09,-0.6048798112827051
UG con Q(N),39.601792263260286,1.750086441294009e-09,-0.6027164614623506
UG con Q(N),39.603724841028324,1.7450305400724394e-09,-0.6005550796783106
UG con Q(N),39.60565741879636,1.7399941198274783e-09,-0.5983956954128151
UG con Q(N),39.6075899965644,1.7349771054424121e-09,-0.5962383378042926
UG con Q(N),39.60952257433244,1.729979422090287e-09,-0.5940830356495991
UG con Q(N),39.611455152100476,1.7250009952327514e-09,-0.591929817406241
UG con Q(N),39.61338772986852,1.720041750618857e-09,-0.5897787111945803
UG con Q(N),39.61532030763656,1.7151016142839615e-09,-0.5876297448000727
UG con Q(N),39.617252885404596,1.710180512548438e-09,-0.5854829456754179
UG con Q(N),39.619185463172634,1.7052783720165637e-09,-0.5833383409427815
UG con Q(N),39.62111804094067,1.7003951195753145e-09,-0.5811959573959675
UG con Q(N),39.62305061870871,1.6955306823931733e-09,-0.5790558215025919
UG con Q(N),39.62498319647675,1.690684987918924e-09,-0.5769179594062465
UG con Q(N),39.626915774244786,1.6858579638804575e-09,-0.5747823969286546
UG con Q(N),39.628848352012824,1.6810495382835522e-09,-0.5726491595718175
UG con Q(N),39.63078092978086,1.6762596394106613e-09,-0.5705182725201517
UG con Q(N),39.6327135075489,1.6714881958196887e-09,-0.5683897606426177
UG con Q(N),39.63464608531694,1.666735136342758e-09,-0.5662636484948385
UG con Q(N),39.636578663084975,1.6620003900999233e-09,-0.5641399603222885
UG con Q(N),39.63851124085301,1.6572838864889418e-09,-0.5620187200619514
UG con Q(N),39.64044381862105,1.6525855551682174e-09,-0.5598999513431768
UG con Q(N),39.642376396389096,1.6479053260677985e-09,-0.5577836774905576
UG con Q(N),39.64430897415713,1.6432431293883633e-09,-0.555669921526071
UG con Q(N),39.64624155192517,1.6385988955999426e-09,-0.5535587061710859
UG con Q(N),39.64817412969321,1.6339725554410661e-09,-0.5514500538485575
UG con Q(N),39.65010670746125,1.6293640399175086e-09,-0.5493439866850177
UG con Q(N),39.652039285229286,1.6247732803013044e-09,-0.5472405265126824
UG con Q(N),39.653971862997324,1.6202002081296703e-09,-0.5451396948715038
UG con Q(N),39.65590444076536,1.6156447552039592e-09,-0.5430415130112209
UG con Q(N),39.6578370185334,1.6111068535886175e-09,-0.5409460018934035
UG con Q(N),39.65976959630144,1.6065864356101467e-09,-0.5388531821934852
UG con Q(N),39.661702174069475,1.6020834338560851e-09,-0.5367630743027905
UG con Q(N),39.66363475183751,1.5975977811739781e-09,-0.5346756983305515
UG con Q(N),39.66556732960555,1.5931294106703742e-09,-0.5325910741059176
UG con Q(N),39.66749990737359,1.588678255709815e-09,-0.5305092211799551
UG con Q(N),39.66943248514163,1.584244249913837e-09,-0.52843015882764
UG con Q(N),39.67136506290967,1.5798273271599639e-09,-0.5263539060498335
UG con Q(N),39.6732976406777,1.5754274215808018e-09,-0.524280481575295
UG con Q(N),39.67523021844575,1.5710444675628772e-09,-0.5222099038625657
UG con Q(N),39.677162796213786,1.56667839974589e-09,-0.5201421911020319
UG con Q(N),39.67909537398182,1.5623291530215707e-09,-0.5180773612177916
UG con Q(N),39.68102795174986,1.5579966625327919e-09,-0.5160154318696335
UG con Q(N),39.6829605295179,1.5536808636725887e-09,-0.5139564204549617
UG con Q(N),39.68489310728594,1.5493816920832144e-09,-0.5119003441107195
UG con Q(N),39.686825685053975,1.5450990836551813e-09,-0.5098472197153049
UG con Q(N),39.68875826282201,1.5408329745263198e-09,-0.5077970638904774
UG con Q(N),39.69069084059005,1.5365833010808315e-09,-0.5057498930032563
UG con Q(N),39.69262341835809,1.5323499999483537e-09,-0.5037057231678104
UG con Q(N),39.69455599612613,1.5281330080030193e-09,-0.5016645702473389
UG con Q(N),39.696488573894165,1.5239322623625348e-09,-0.4996264498559446
UG con Q(N),39.6984211516622,1.5197477003872392e-09,-0.4975913773604974
UG con Q(N),39.70035372943024,1.515579259679183e-09,-0.49555936788248967
UG con Q(N),39.70228630719828,1.5114268780812048e-09,-0.4935304362998835
UG con Q(N),39.70421888496632,1.5072904936759912e-09,-0.4915045972489412
UG con Q(N),39.70615146273436,1.5031700447852188e-09,-0.4894818651260846
UG con Q(N),39.7080840405024,1.4990654699685472e-09,-0.4874622540896718
UG con Q(N),39.71001661827044,1.4949767080227552e-09,-0.4854457780618391
UG con Q(N),39.711949196038475,1.4909036979808203e-09,-0.4834324507302974
UG con Q(N),39.71388177380651,1.4868463791109964e-09,-0.48142228555012745
UG con Q(N),39.71581435157455,1.4828046909158981e-09,-0.47941529574556635
UG con Q(N),39.71774692934259,1.4787785731315974e-09,-0.4774114943117854
UG con Q(N),39.71967950711063,1.4747679657266988e-09,-0.4754108940166597
UG con Q(N),39.721612084878664,1.4707728089014342e-09,-0.4734135074025281
UG con Q(N),39.7235446626467,1.4667930430867454e-09,-0.4714193467879459
UG con Q(N),39.72547724041474,1.4628286089433725e-09,-0.46942842426942777
UG con Q(N),39.72740981818278,1.4588794473609382e-09,-0.46744075172318245
UG con Q(N),39.729342395950816,1.4549454994570337e-09,-0.4654563408068388
UG con Q(N),39.731274973718854,1.4510267065763027e-09,-0.46347520296116296
UG con Q(N),39.7332075514869,1.4471230102895091e-09,-0.4614973494117598
UG con Q(N),39.73514012925494,1.443234352392677e-09,-0.459522791170802
UG con Q(N),39.737072707022975,1.4393606749060787e-09,-0.4575515390386774
UG con Q(N),39.73900528479101,1.435501920073381e-09,-0.4555836036057007
UG con Q(N),39.74093786255905,1.4316580303606928e-09,-0.45361899525378024
UG con Q(N),39.74287044032709,1.4278289484556514e-09,-0.4516577241580828
UG con Q(N),39.744803018095126,1.4240146172664845e-09,-0.44969980028869005
UG con Q(N),39.746735595863164,1.4202149799210827e-09,-0.4477452334122463
UG con Q(N),39.7486681736312,1.416429979766064e-09,-0.44579403309359744
UG con Q(N),39.75060075139924,1.4126595603658379e-09,-0.44384620869742086
UG con Q(N),39.75253332916728,1.4089036655016621e-09,-0.4419017693898472
UG con Q(N),39.754465906935316,1.4051622391751344e-09,-0.4399607241398415
UG con Q(N),39.756398484703354,1.4014352256154238e-09,-0.4380230817204961
UG con Q(N),39.75833106247139,1.3977225692565045e-09,-0.43608885071177833
UG con Q(N),39.76026364023943,1.3940242147459017e-09,-0.4341580395014931
UG con Q(N),39.762196218007475,1.3903401069447998e-09,-0.43223065628680474
UG con Q(N),39.764128795775505,1.386670190927259e-09,-0.4303067090758472
UG con Q(N),39.76606137354355,1.3830144119792248e-09,-0.4283862056892122
UG con Q(N),39.76799395131159,1.379372715597873e-09,-0.4264691537616046
UG con Q(N),39.769926529079626,1.3757450474906293e-09,-0.42455556074331197
UG con Q(N),39.771859106847664,1.3721313535744084e-09,-0.42264543390177783
UG con Q(N),39.7737916846157,1.3685315799747745e-09,-0.4207387803231236
UG con Q(N),39.77572426238374,1.3649456730251249e-09,-0.4188356069136684
UG con Q(N),39.77765684015178,1.361373579265876e-09,-0.4169359204014396
UG con Q(N),39.779589417919816,1.3578152454436554e-09,-0.41503972733767514
UG con Q(N),39.781521995687854,1.354270618510495e-09,-0.41314703409831566
UG con Q(N),39.78345457345589,1.3507396456230378e-09,-0.41125784688548883
UG con Q(N),39.78538715122393,1.347222274141738e-09,-0.4093721717289844
UG con Q(N),39.78731972899197,1.343718451630077e-09,-0.4074900144877202
UG con Q(N),39.789252306760005,1.3402281258537704e-09,-0.4056113808512001
UG con Q(N),39.79118488452804,1.3367512447799958e-09,-0.4037362763409622
UG con Q(N),39.79311746229608,1.333287756576607e-09,-0.40186470631201954
UG con Q(N),39.795050040064126,1.3298376096113553e-09,-0.39999667595428434
UG con Q(N),39.796982617832164,1.3264007524511708e-09,-0.3981321902940186
UG con Q(N),39.7989151956002,1.3229771338613154e-09,-0.39627125419520715
UG con Q(N),39.80084777336824,1.3195667028046797e-09,-0.3944138723609914
UG con Q(N),39.80278035113628,1.3161694084410053e-09,-0.3925600493350596
UG con Q(N),39.804712928904316,1.312785200126137e-09,-0.3907097895030364
UG con Q(N),39.80664550667235,1.309414027411268e-09,-0.38886309709386324
UG con Q(N),39.80857808444039,1.3060558400421924e-09,-0.3870199761811713
UG con Q(N),39.81051066220843,1.3027105879585618e-09,-0.3851804306846456
UG con Q(N),39.81244323997647,1.2993782212931433e-09,-0.383344464371381
UG con Q(N),39.814375817744505,1.296058690371078e-09,-0.3815120808572306
UG con Q(N),39.81630839551254,1.2927519457091485e-09,-0.3796832836081453
UG con Q(N),39.81824097328058,1.2894579380150444e-09,-0.3778580759415058
UG con Q(N),39.82017355104862,1.2861766181866286e-09,-0.37603646102744626
UG con Q(N),39.82210612881666,1.2829079373112116e-09,-0.37421844189017067
UG con Q(N),39.8240387065847,1.2796518466648115e-09,-0.37240402140925377
UG con Q(N),39.82597128435274,1.2764082977114783e-09,-0.37059320232096804
UG con Q(N),39.82790386212078,1.2731772421024967e-09,-0.36878598721953615
UG con Q(N),39.829836439888815,1.269958631675718e-09,-0.36698237855844223
UG con Q(N),39.83176901765685,1.2667524184548258e-09,-0.36518237865170194
UG con Q(N),39.83370159542489,1.2635585546486195e-09,-0.3633859896751319
UG con Q(N),39.83563417319293,1.2603769926503e-09,-0.36159321366761144
UG con Q(N),39.83756675096097,1.2572076850367508e-09,-0.3598040525323363
UG con Q(N),39.839499328729005,1.2540505845678315e-09,-0.3580185080380656
UG con Q(N),39.84143190649704,1.25090564418566e-09,-0.3562365818203606
UG con Q(N),39.84336448426508,1.2477728170139043e-09,-0.35445827538281666
UG con Q(N),39.84529706203312,1.2446520563570706e-09,-0.3526835900982873
UG con Q(N),39.84722963980116,1.2415433156997969e-09,-0.3509125272101015
UG con Q(N),39.849162217569194,1.2384465487061397e-09,-0.349145087833273
UG con Q(N),39.85109479533723,1.2353617092188701e-09,-0.3473812729557031
UG con Q(N),39.85302737310528,1.2322887512587523e-09,-0.34562108343936926
UG con Q(N),39.85495995087331,1.229227629023894e-09,-0.3438645200215458
UG con Q(N),39.85689252864135,1.226178296888913e-09,-0.3421115833159138
UG con Q(N),39.85882510640939,1.2231407094043917e-09,-0.34036227381382533
UG con Q(N),39.86075768417743,1.2201148212960407e-09,-0.33861659188540005
UG con Q(N),39.86269026194547,1.217100587464053e-09,-0.33687453778071696
UG con Q(N),39.864622839713505,1.214097962982381e-09,-0.33513611163096163
UG con Q(N),39.86655541748154,1.211106903098035e-09,-0.33340131344957225
UG con Q(N),39.86848799524958,1.2081273632303656e-09,-0.3316701431333794
UG con Q(N),39.87042057301762,1.2051592989703636e-09,-0.32994260046373874
UG con Q(N),39.872353150785656,1.2022026660799457e-09,-0.32821868510765734
UG con Q(N),39.874285728553694,1.1992574204912458e-09,-0.3264983966189128
UG con Q(N),39.87621830632173,1.1963235183059064e-09,-0.3247817344391664
UG con Q(N),39.87815088408977,1.1934009157961552e-09,-0.32306869789859116
UG con Q(N),39.88008346185781,1.190489569410638e-09,-0.32135928621530635
UG con Q(N),39.88201603962585,1.1875894357601975e-09,-0.31965349850008795
UG con Q(N),39.883948617393884,1.184700471622122e-09,-0.3179513337560764
UG con Q(N),39.88588119516193,1.1818226339404178e-09,-0.31625279087949376
UG con Q(N),39.88781377292997,1.1789558798253078e-09,-0.31455786866079594
UG con Q(N),39.889746350698005,1.1761001665524603e-09,-0.3128665657856615
UG con Q(N),39.89167892846604,1.1732554515623903e-09,-0.311178880836072
UG con Q(N),39.89361150623408,1.1704216924598083e-09,-0.3094948122913475
UG con Q(N),39.89554408400212,1.1675988470129782e-09,-0.30781435852918065
UG con Q(N),39.897476661770156,1.1647868731530748e-09,-0.3061375178266628
UG con Q(N),39.899409239538194,1.161985728973552e-09,-0.30446428836130307
UG con Q(N),39.90134181730623,1.1591953727295088e-09,-0.3027946682120391
UG con Q(N),39.90327439507427,1.1564157628370648e-09,-0.3011286553602414
UG con Q(N),39.90520697284231,1.1536468578727294e-09,-0.2994662476907095
UG con Q(N),39.907139550610346,1.1508886165727837e-09,-0.29780744299266093
UG con Q(N),39.909072128378384,1.1481409978326582e-09,-0.2961522389607132
UG con Q(N),39.91100470614642,1.145403960706318e-09,-0.29450063319585823
UG con Q(N),39.91293728391446,1.1426774644056525e-09,-0.2928526232064299
UG con Q(N),39.914869861682504,1.1399614682998492e-09,-0.29120820640905826
UG con Q(N),39.91680243945054,1.1372559319148314e-09,-0.28956738012964695
UG con Q(N),39.91873501721858,1.1345608149325915e-09,-0.28793014160428326
UG con Q(N),39.92066759498662,1.1318760771906299e-09,-0.28629648798020163
UG con Q(N),39.922600172754656,1.1292016786813474e-09,-0.28466641631671025
UG con Q(N),39.924532750522694,1.1265375795514467e-09,-0.28303992358611646
UG con Q(N),39.92646532829073,1.1238837401013401e-09,-0.2814170066746461
UG con Q(N),39.92839790605877,1.1212401207845592e-09,-0.2797976623833554
UG con Q(N),39.93033048382681,1.1186066822071654e-09,-0.2781818874290368
UG con Q(N),39.932263061594846,1.1159833851271633e-09,-0.27656967844511793
UG con Q(N),39.93419563936288,1.1133701904539194e-09,-0.27496103198255417
UG con Q(N),39.93612821713092,1.110767059247579e-09,-0.27335594451071477
UG con Q(N),39.93806079489896,1.108173952718489e-09,-0.2717544124182623
UG con Q(N),39.939993372667,1.1055908322266195e-09,-0.2701564320140265
UG con Q(N),39.941925950435035,1.103017659280989e-09,-0.26856199952787074
UG con Q(N),39.94385852820308,1.1004543955390855e-09,-0.2669711111115474
UG con Q(N),39.94579110597112,1.097901002806332e-09,-0.26538376283957593
UG con Q(N),39.947723683739156,1.0953574430354604e-09,-0.2637999507100562
UG con Q(N),39.949656261507194,1.0928236783259862e-09,-0.2622196706455344
UG con Q(N),39.95158883927523,1.0902996709236307e-09,-0.2606429184938339
UG con Q(N),39.95352141704327,1.0877853832197647e-09,-0.2590696900288859
UG con Q(N),39.95545399481131,1.0852807777508388e-09,-0.25749998095155396
UG con Q(N),39.957386572579345,1.0827858171978328e-09,-0.255933786890453
UG con Q(N),39.95931915034738,1.0803004643856916e-09,-0.2543711034027626
UG con Q(N),39.96125172811542,1.0778246822827758e-09,-0.25281192597503455
UG con Q(N),39.96318430588346,1.0753584340003014e-09,-0.2512562500239945
UG con Q(N),39.9651168836515,1.0729016827917914e-09,-0.2497040708973383
UG con Q(N),39.967049461419535,1.0704543920525214e-09,-0.24815538387452293
UG con Q(N),39.96898203918757,1.0680165253189726e-09,-0.2466101841675517
UG con Q(N),39.97091461695561,1.0655880462682795e-09,-0.24506846692175405
UG con Q(N),39.972847194723656,1.0631689187176778e-09,-0.24353022721655465
UG con Q(N),39.97477977249169,1.0607591066239994e-09,-0.24199546006627087
UG con Q(N),39.97671235025973,1.0583585740830308e-09,-0.2404641604208147
UG con Q(N),39.97864492802777,1.0559672853290924e-09,-0.23893632316653068
UG con Q(N),39.98057750579581,1.0535852047344003e-09,-0.23741194312688763
UG con Q(N),39.982510083563845,1.0512122968085664e-09,-0.23589101506325566
UG con Q(N),39.98444266133188,1.048848526198048e-09,-0.23437353367564412
UG con Q(N),39.98637523909992,1.0464938576856103e-09,-0.23285949360344066
UG con Q(N),39.98830781686796,1.0441482561897865e-09,-0.2313488894261449
UG con Q(N),39.990240394636,1.0418116867643358e-09,-0.2298417156640979
UG con Q(N),39.992172972404035,1.0394841145977086e-09,-0.22833796677920615
UG con Q(N),39.99410555017207,1.0371655050125096e-09,-0.22683763717566163
UG con Q(N),39.99603812794011,1.0348558234649573e-09,-0.22534072120065674
UG con Q(N),39.99797070570815,1.032555035544353e-09,-0.22384721314509454
UG con Q(N),39.999903283476186,1.0302631069725418e-09,-0.22235710724429508
UG con Q(N),40.00183586124423,1.0279800036033685e-09,-0.2208703976786911
UG con Q(N),40.00376843901226,1.025705691422187e-09,-0.21938707857455275
UG con Q(N),40.00570101678031,1.0234401365452942e-09,-0.21790714400458017
UG con Q(N),40.007633594548345,1.0211833052233794e-09,-0.21643058798618725
UG con Q(N),40.00956617231638,1.0189351638367492e-09,-0.21495740448489434
UG con Q(N),40.01149875008442,1.0166956788935094e-09,-0.2134875874158099
UG con Q(N),40.01343132785246,1.0144648170309725e-09,-0.21202113064301403
UG con Q(N),40.0153639056205,1.012242545015153e-09,-0.21055802798021656
UG con Q(N),40.017296483388535,1.010028829740272e-09,-0.20909827319140853
UG con Q(N),40.01922906115657,1.0078236382282526e-09,-0.20764185999150897
UG con Q(N),40.02116163892461,1.0056269376282281e-09,-0.20618878204700514
UG con Q(N),40.02309421669265,1.0034386952160448e-09,-0.20473903297658777
UG con Q(N),40.025026794460686,1.0012588783937702e-09,-0.2032926063517805
UG con Q(N),40.026959372228724,9.990874546892058e-10,-0.20184949569756394
UG con Q(N),40.02889194999676,9.96924391755395e-10,-0.20040969449299414
UG con Q(N),40.0308245277648,9.94769657370143e-10,-0.19897319617181586
UG con Q(N),40.03275710553284,9.926232194355292e-10,-0.19753999412307033
UG con Q(N),40.03468968330088,9.90485045977419e-10,-0.1961100816916926
UG con Q(N),40.03662226106892,9.883551051450193e-10,-0.1946834521791298
UG con Q(N),40.03855483883696,9.862333652103506e-10,-0.19326009884390177
UG con Q(N),40.040487416604996,9.841197945678043e-10,-0.19184001490220906
UG con Q(N),40.042419994373034,9.820143617336653e-10,-0.19042319352850945
UG con Q(N),40.04435257214107,9.799170353456376e-10,-0.189009627856095
UG con Q(N),40.04628514990911,9.778277841623767e-10,-0.1875993109776637
UG con Q(N),40.04821772767715,9.757465770630236e-10,-0.18619223594588644
UG con Q(N),40.050150305445186,9.736733830467407e-10,-0.18478839577396916
UG con Q(N),40.052082883213224,9.716081712322458e-10,-0.18338778343620987
UG con Q(N),40.05401546098126,9.695509108573565e-10,-0.18199039186855118
UG con Q(N),40.0559480387493,9.675015712785265e-10,-0.1805962139691279
UG con Q(N),40.05788061651734,9.65460121970391e-10,-0.17920524259881
UG con Q(N),40.059813194285375,9.634265325253118e-10,-0.177817470581741
UG con Q(N),40.06174577205341,9.614007726529228e-10,-0.1764328907058717
UG con Q(N),40.06367834982146,9.59382812179673e-10,-0.17505149572348438
UG con Q(N),40.065610927589496,9.573726210484029e-10,-0.17367327835173776
UG con Q(N),40.067543505357534,9.55370169317857e-10,-0.1722982312731568
UG con Q(N),40.06947608312557,9.533754271622645e-10,-0.17092634713616905
UG con Q(N),40.07140866089361,9.513883648708879e-10,-0.1695576185556111
UG con Q(N),40.07334123866165,9.494089528475782e-10,-0.1681920381132358
UG con Q(N),40.075273816429686,9.47437161610339e-10,-0.16682959835821537
UG con Q(N),40.077206394197724,9.45472961790883e-10,-0.16547029180764034
UG con Q(N),40.07913897196576,9.435163241341952e-10,-0.16411411094701417
UG con Q(N),40.0810715497338,9.41567219498096e-10,-0.162761048230744
UG con Q(N),40.08300412750184,9.396256188528094e-10,-0.1614110960826272
UG con Q(N),40.084936705269875,9.37691493280526e-10,-0.16006424689633403
UG con Q(N),40.08686928303791,9.357648139749757e-10,-0.15872049303588642
UG con Q(N),40.08880186080595,9.338455522409926e-10,-0.15737982683613275
UG con Q(N),40.09073443857399,9.319336794940922e-10,-0.15604224060321875
UG con Q(N),40.092667016342034,9.300291672600306e-10,-0.15470772661504992
UG con Q(N),40.094599594110065,9.281319871744208e-10,-0.15337627712177954
UG con Q(N),40.09653217187811,9.262421109822255e-10,-0.15204788434621444
UG con Q(N),40.09846474964615,9.243595105374358e-10,-0.15072254048433986
UG con Q(N),40.100397327414186,9.224841578025692e-10,-0.1494002377057182
UG con Q(N),40.10232990518222,9.20616024848289e-10,-0.14808096815396232
UG con Q(N),40.10426248295026,9.187550838529725e-10,-0.14676472394717652
UG con Q(N),40.1061950607183,9.169013071022964e-10,-0.1454514971783986
UG con Q(N),40.10812763848634,9.150546669888209e-10,-0.14414127991603845
UG con Q(N),40.110060216254375,9.132151360115714e-10,-0.14283406420431374
UG con Q(N),40.11199279402241,9.113826867756262e-10,-0.14152984206368197
UG con Q(N),40.11392537179045,9.095572919917037e-10,-0.1402286054912693
UG con Q(N),40.11585794955849,9.077389244757474e-10,-0.13893034646129654
UG con Q(N),40.11779052732653,9.059275571485185e-10,-0.13763505692550154
UG con Q(N),40.119723105094565,9.041231630351843e-10,-0.1363427288135589
UG con Q(N),40.1216556828626,9.023257152649097e-10,-0.13505335403349644
UG con Q(N),40.12358826063064,9.00535187070449e-10,-0.1337669244721087
UG con Q(N),40.125520838398685,8.987515517877319e-10,-0.13248343199536292
UG con Q(N),40.12745341616672,8.969747828554854e-10,-0.13120286844882556
UG con Q(N),40.12938599393476,8.952048538147894e-10,-0.12992522565803907
UG con Q(N),40.1313185717028,8.934417383086961e-10,-0.1286504954289427
UG con Q(N),40.13325114947084,8.916854100818252e-10,-0.1273786695482673
UG con Q(N),40.135183727238875,8.89935842979956e-10,-0.12610973978393208
UG con Q(N),40.13711630500691,8.881930109496297e-10,-0.12484369788543873
UG con Q(N),40.13904888277495,8.864568880383253e-10,-0.12358053558345111
UG con Q(N),40.14098146054299,8.847274483952117e-10,-0.12232024458862513
UG con Q(N),40.14291403831103,8.830046662677502e-10,-0.12106281659622371
UG con Q(N),40.144846616079064,8.812885160025834e-10,-0.11980824328461356
UG con Q(N),40.1467791938471,8.795789720452923e-10,-0.11855651631542924
UG con Q(N),40.14871177161514,8.77876008940017e-10,-0.11730762733393783
UG con Q(N),40.15064434938318,8.761796013290712e-10,-0.11606156796939986
UG con Q(N),40.152576927151216,8.744897239525659e-10,-0.11481832983542636
UG con Q(N),40.15450950491926,8.72806351648023e-10,-0.11357790453032793
UG con Q(N),40.1564420826873,8.71129459350023e-10,-0.11234028363748262
UG con Q(N),40.15837466045534,8.694590220897949e-10,-0.11110545872565483
UG con Q(N),40.160307238223375,8.677950149948626e-10,-0.10987342134935622
UG con Q(N),40.16223981599141,8.661374132886733e-10,-0.10864416304918012
UG con Q(N),40.16417239375945,8.644861922902185e-10,-0.10741767535213714
UG con Q(N),40.16610497152749,8.628413274136733e-10,-0.10619394977198729
UG con Q(N),40.168037549295526,8.612027941680214e-10,-0.10497297780956853
UG con Q(N),40.169970127063564,8.59570568156693e-10,-0.10375475095312214
UG con Q(N),40.1719027048316,8.579446250771997e-10,-0.10253926067861455
UG con Q(N),40.17383528259964,8.563249407207687e-10,-0.10132649845005592
UG con Q(N),40.17576786036768,8.547114909719837e-10,-0.10011645571981545
UG con Q(N),40.177700438135716,8.531042518084245e-10,-0.0989091239289333
UG con Q(N),40.179633015903754,8.515031993003052e-10,-0.09770449450742963
UG con Q(N),40.18156559367179,8.499083096101192e-10,-0.09650255887460996
UG con Q(N),40.18349817143984,8.483195589922778e-10,-0.0953033084393635
UG con Q(N),40.18543074920787,8.467369237927824e-10,-0.09410673460048438
UG con Q(N),40.18736332697591,8.451603804488087e-10,-0.0929128287469197
UG con Q(N),40.18929590474395,8.43589905488437e-10,-0.09172158225812427
UG con Q(N),40.19122848251199,8.420254755302366e-10,-0.09053298650430269
UG con Q(N),40.193161060280026,8.404670672829444e-10,-0.08934703284671855
UG con Q(N),40.195093638048064,8.389146575451175e-10,-0.08816371263797447
UG con Q(N),40.1970262158161,8.373682232047785e-10,-0.08698301722229368
UG con Q(N),40.19895879358414,8.358277412390772e-10,-0.08580493793579869
UG con Q(N),40.20089137135218,8.342931887139456e-10,-0.08462946610678707
UG con Q(N),40.202823949120216,8.327645427837518e-10,-0.08345659305600471
UG con Q(N),40.204756526888254,8.312417806909645e-10,-0.08228631009691606
UG con Q(N),40.20668910465629,8.297248797658113e-10,-0.08111860853597182
UG con Q(N),40.20862168242433,8.282138174259396e-10,-0.0799534796728739
UG con Q(N),40.21055426019237,8.267085711760798e-10,-0.07879091480083789
UG con Q(N),40.21248683796041,8.252091186077061e-10,-0.07763090520684837
UG con Q(N),40.21441941572844,8.237154373987271e-10,-0.07647344217193769
UG con Q(N),40.21635199349649,8.222275053130941e-10,-0.0753185169713936
UG con Q(N),40.218284571264526,8.207453002005449e-10,-0.07416612087507113
UG con Q(N),40.220217149032564,8.19268799996213e-10,-0.07301624514759561
UG con Q(N),40.2221497268006,8.177979827203267e-10,-0.07186888104863126
UG con Q(N),40.22408230456864,8.163328264778748e-10,-0.0707240198331219
UG con Q(N),40.22601488233668,8.148733094582784e-10,-0.06958165275153363
UG con Q(N),40.227947460104716,8.134194099350675e-10,-0.06844177105009523
UG con Q(N),40.22988003787275,8.119711062655535e-10,-0.06730436597103617
UG con Q(N),40.23181261564079,8.105283768905092e-10,-0.06616942875282252
UG con Q(N),40.23374519340883,8.090912003338438e-10,-0.06503695063039065
UG con Q(N),40.23567777117687,8.076595552022834e-10,-0.06390692283537873
UG con Q(N),40.237610348944905,8.062334201850492e-10,-0.06277933659635614
UG con Q(N),40.23954292671294,8.048127740535407e-10,-0.06165418313905084
UG con Q(N),40.24147550448098,8.033975956610165e-10,-0.0605314536865746
UG con Q(N),40.24340808224902,8.019878639422798e-10,-0.05941113945964635
UG con Q(N),40.245340660017064,8.005835579133548e-10,-0.05829323167680933
UG con Q(N),40.2472732377851,7.991846566711943e-10,-0.05717772155466698
UG con Q(N),40.24920581555314,7.977911393933352e-10,-0.056064600308075724
UG con Q(N),40.25113839332118,7.964029853376076e-10,-0.05495385915037698
UG con Q(N),40.253070971089215,7.950201738418163e-10,-0.05384548929360704
UG con Q(N),40.25500354885725,7.936426843234337e-10,-0.052739481948708894
UG con Q(N),40.25693612662529,7.922704962792865e-10,-0.051635828325742636
UG con Q(N),40.25886870439333,7.909035892852512e-10,-0.05053451963409393
UG con Q(N),40.26080128216137,7.895419429959447e-10,-0.049435547082681
UG con Q(N),40.262733859929405,7.881855371444177e-10,-0.048338901880159754
UG con Q(N),40.26466643769744,7.86834351541852e-10,-0.04724457523512757
UG con Q(N),40.26659901546548,7.854883660772518e-10,-0.04615255835632523
UG con Q(N),40.26853159323352,7.841475607171465e-10,-0.04506284245283754
UG con Q(N),40.27046417100156,7.828119155052796e-10,-0.04397541873429245
UG con Q(N),40.272396748769594,7.814814105623178e-10,-0.04289027841105851
UG con Q(N),40.27432932653764,7.801560260855354e-10,-0.04180741269443718
UG con Q(N),40.27626190430568,7.788357423489243e-10,-0.04072681279552661
UG con Q(N),40.278194482073715,7.77520539702815e-10,-0.03964846992567608
UG con Q(N),40.28012705984175,7.762103985728759e-10,-0.03857237529917924
UG con Q(N),40.28205963760979,7.749052994602476e-10,-0.03749852013186115
UG con Q(N),40.28399221537783,7.736052229412563e-10,-0.03642689564124461
UG con Q(N),40.28592479314587,7.723101496671228e-10,-0.03535749304672641
UG con Q(N),40.287857370913905,7.710200603636739e-10,-0.034290303569751275
UG con Q(N),40.28978994868194,7.697349358310547e-10,-0.033225318433983596
UG con Q(N),40.29172252644998,7.684547569434416e-10,-0.032162528865476915
UG con Q(N),40.29365510421802,7.671795046487583e-10,-0.031101926092841223
UG con Q(N),40.295587681986056,7.6590915996839e-10,-0.030043501347408047
UG con Q(N),40.297520259754094,7.646437039968987e-10,-0.028987245863393435
UG con Q(N),40.29945283752213,7.633831179017439e-10,-0.02793315087805876
UG con Q(N),40.30138541529017,7.621273829229983e-10,-0.02688120763186946
UG con Q(N),40.303317993058215,7.608764803730655e-10,-0.025831407368647787
UG con Q(N),40.305250570826246,7.59630391636422e-10,-0.024783741335746703
UG con Q(N),40.30718314859429,7.5838909816929e-10,-0.023738200784160005
UG con Q(N),40.30911572636233,7.571525814994226e-10,-0.022694776968726786
UG con Q(N),40.31104830413037,7.559208232257809e-10,-0.021653461148237657
UG con Q(N),40.312980881898405,7.546938050182785e-10,-0.020614244585600544
UG con Q(N),40.31491345966644,7.534715086175044e-10,-0.019577118547981536
UG con Q(N),40.31684603743448,7.522539158344518e-10,-0.018542074306947567
UG con Q(N),40.31877861520252,7.510410085502431e-10,-0.01750910313860729
UG con Q(N),40.320711192970556,7.49832768715863e-10,-0.01647819632375007
UG con Q(N),40.322643770738594,7.486291783518867e-10,-0.01544934514798307
UG con Q(N),40.32457634850663,7.474302195482108e-10,-0.014422540901866631
UG con Q(N),40.32650892627467,7.462358744637869e-10,-0.01339777488104775
UG con Q(N),40.32844150404271,7.450461253263569e-10,-0.012375038386391857
UG con Q(N),40.330374081810746,7.43860954432183e-10,-0.011354322724112822
UG con Q(N),40.33230665957879,7.426803441457831e-10,-0.010335619205897484
UG con Q(N),40.33423923734682,7.415042768996879e-10,-0.009318919149050982
UG con Q(N),40.33617181511487,7.403327351941296e-10,-0.008304213876580487
UG con Q(N),40.338104392882904,7.39165701596843e-10,-0.007291494717370818
UG con Q(N),40.34003697065094,7.380031587427563e-10,-0.0062807530062649955
UG con Q(N),40.34196954841898,7.368450893337537e-10,-0.005271980084202932
UG con Q(N),40.34390212618702,7.356914761384154e-10,-0.004265167298336189
UG con Q(N),40.345834703955056,7.345423019917541e-10,-0.0032603060021448166
UG con Q(N),40.347767281723094,7.333975497949651e-10,-0.0022573875555528325
UG con Q(N),40.34969985949113,7.322572025151683e-10,-0.0012564033250419757
UG con Q(N),40.35163243725917,7.311212431851538e-10,-0.000257344683764163
UG con Q(N),40.35356501502721,7.299896549031284e-10,0.0007397969883475644
UG con Q(N),40.355497592795246,7.288624208324642e-10,0.0017350303044696078
UG con Q(N),40.35743017056328,7.277395242014477e-10,0.002728363870779682
UG con Q(N),40.35936274833132,7.266209483030254e-10,0.0037198062863501163
UG con Q(N),40.36129532609936,7.255066764945621e-10,0.00470936614304255
UG con Q(N),40.3632279038674,7.243966921975834e-10,0.0056970520254038814
UG con Q(N),40.36516048163544,7.232909788975316e-10,0.006682872510567248
UG con Q(N),40.36709305940348,7.221895201435308e-10,0.007666836168136099
UG con Q(N),40.36902563717152,7.210922995481193e-10,0.008648951560105846
UG con Q(N),40.370958214939556,7.199993007870199e-10,0.00962922724075043
UG con Q(N),40.372890792707594,7.189105075988928e-10,0.010607671756528339
UG con Q(N),40.37482337047563,7.178259037850921e-10,0.011584293645986059
UG con Q(N),40.37675594824367,7.167454732094255e-10,0.01255910143966281
UG con Q(N),40.37868852601171,7.156691997979117e-10,0.013532103659996353
UG con Q(N),40.380621103779745,7.145970675385402e-10,0.01450330882122998
UG con Q(N),40.38255368154778,7.135290604810346e-10,0.015472725429320586
UG con Q(N),40.38448625931582,7.124651627366116e-10,0.016440361981847736
UG con Q(N),40.38641883708386,7.114053584777446e-10,0.01740622696792387
UG con Q(N),40.3883514148519,7.103496319379281e-10,0.01837032886810555
UG con Q(N),40.390283992619935,7.092979674114421e-10,0.019332676154305638
UG con Q(N),40.39221657038797,7.082503492531152e-10,0.02029327728970643
UG con Q(N),40.39414914815602,7.072067618780904e-10,0.021252140728677427
UG con Q(N),40.396081725924056,7.061671897616053e-10,0.022209274916676236
UG con Q(N),40.398014303692094,7.051316174387372e-10,0.023164688290185642
UG con Q(N),40.39994688146013,7.041000295041885e-10,0.02411838927661651
UG con Q(N),40.40187945922817,7.030724106120507e-10,0.02507038629422889
UG con Q(N),40.40381203699621,7.020487454755766e-10,0.026020687752050617
UG con Q(N),40.405744614764245,7.010290188669517e-10,0.026969302049796667
UG con Q(N),40.40767719253228,7.000132156170649e-10,0.02791623757778927
UG con Q(N),40.40960977030032,6.990013206152823e-10,0.028861502716878887
UG con Q(N),40.41154234806836,6.979933188092221e-10,0.02980510583836575
UG con Q(N),40.4134749258364,6.969891952045278e-10,0.030747055303922244
UG con Q(N),40.415407503604435,6.959889348646447e-10,0.031687359465516055
UG con Q(N),40.41734008137247,6.949925229105965e-10,0.03262602666533735
UG con Q(N),40.41927265914051,6.939999445208004e-10,0.033563065237195405
UG con Q(N),40.42120523690855,6.930111849308344e-10,0.034498483505160896
UG con Q(N),40.42313781467659,6.920262294331722e-10,0.035432289782407166
UG con Q(N),40.425070392444624,6.910450633769951e-10,0.0363644923721561
UG con Q(N),40.42700297021267,6.900676721679383e-10,0.03729509956765083
UG con Q(N),40.42893554798071,6.890940412679204e-10,0.03822411965204401
UG con Q(N),40.430868125748745,6.881241561948902e-10,0.039151560898373
UG con Q(N),40.43280070351678,6.871580025226266e-10,0.040077431569481535
UG con Q(N),40.43473328128482,6.861955658805221e-10,0.04100173991796312
UG con Q(N),40.43666585905286,6.852368319533683e-10,0.041924494186102224
UG con Q(N),40.4385984368209,6.842817864811399e-10,0.042845702605816716
UG con Q(N),40.440531014588935,6.833304152587869e-10,0.04376537339860142
UG con Q(N),40.44246359235697,6.823827041360179e-10,0.0446835147754729
UG con Q(N),40.44439617012501,6.81438639017093e-10,0.04560013493691538
UG con Q(N),40.44632874789305,6.804982058606096e-10,0.04651524207282778
UG con Q(N),40.448261325661086,6.795613906792969e-10,0.04742884436247193
UG con Q(N),40.450193903429124,6.786281795398048e-10,0.048340949974421885
UG con Q(N),40.45212648119716,6.776985585624969e-10,0.049251567066514276
UG con Q(N),40.4540590589652,6.767725139212413e-10,0.050160703785799864
UG con Q(N),40.455991636733245,6.758500318432045e-10,0.05106836826849939
UG con Q(N),40.45792421450128,6.749310986086565e-10,0.05197456863994389
UG con Q(N),40.45985679226932,6.74015700550746e-10,0.05287931301454931
UG con Q(N),40.46178937003736,6.731038240553106e-10,0.05378260949575893
UG con Q(N),40.463721947805396,6.7219545556067e-10,0.05468446617600332
UG con Q(N),40.465654525573434,6.712905815574234e-10,0.055584891136658085
UG con Q(N),40.46758710334147,6.703891885882473e-10,0.05648389244800257
UG con Q(N),40.46951968110951,6.694912632476945e-10,0.05738147816917948
UG con Q(N),40.47145225887755,6.685967921819953e-10,0.0582776563481555
UG con Q(N),40.473384836645586,6.677057620888563e-10,0.05917243502168284
UG con Q(N),40.475317414413624,6.668181597172623e-10,0.060065822215261765
UG con Q(N),40.47724999218166,6.659339718672783e-10,0.060957825943103956
UG con Q(N),40.4791825699497,6.650531853898528e-10,0.0618484542080968
UG con Q(N),40.48111514771774,6.641757871866216e-10,0.06273771500176858
UG con Q(N),40.483047725485775,6.633017642097102e-10,0.06362561630425453
UG con Q(N),40.48498030325382,6.624311034615381e-10,0.064512166084267
UG con Q(N),40.48691288102186,6.615637919946364e-10,0.06539737229905018
UG con Q(N),40.488845458789896,6.606998169114356e-10,0.06628124289436818
UG con Q(N),40.490778036557934,6.598391653640844e-10,0.06716378580446147
UG con Q(N),40.49271061432597,6.589818245542572e-10,0.06804500895202023
UG con Q(N),40.49464319209401,6.581277817329594e-10,0.0689249202481554
UG con Q(N),40.49657576986205,6.572770242003414e-10,0.06980352759237037
UG con Q(N),40.498508347630086,6.564295393055048e-10,0.07068083887253351
UG con Q(N),40.500440925398124,6.555853144463156e-10,0.07155686196485139
UG con Q(N),40.50237350316616,6.547443370692174e-10,0.07243160473384277
UG con Q(N),40.5043060809342,6.539065946690398e-10,0.07330507503231327
UG con Q(N),40.50623865870224,6.530720747888155e-10,0.0741772807013307
UG con Q(N),40.508171236470275,6.522407650195939e-10,0.07504822957020119
UG con Q(N),40.51010381423831,6.514126530002535e-10,0.0759179294564459
UG con Q(N),40.51203639200635,6.505877264173199e-10,0.0767863881657784
UG con Q(N),40.513968969774396,6.497659730047779e-10,0.07765361349208585
UG con Q(N),40.51590154754243,6.48947380543903e-10,0.07851961321739179
UG con Q(N),40.51783412531047,6.48131936863048e-10,0.0793843951118704
UG con Q(N),40.51976670307851,6.473196298375008e-10,0.08024796693378183
UG con Q(N),40.52169928084655,6.465104473892729e-10,0.08111033642948755
UG con Q(N),40.523631858614586,6.45704377486933e-10,0.08197151133341564
UG con Q(N),40.52556443638262,6.449014081454239e-10,0.08283149936804535
UG con Q(N),40.52749701415066,6.44101527425885e-10,0.08369030824388937
UG con Q(N),40.5294295919187,6.433047234354753e-10,0.08454794565947638
UG con Q(N),40.53136216968674,6.425109843271924e-10,0.08540441930133416
UG con Q(N),40.533294747454775,6.41720298299699e-10,0.0862597368439734
UG con Q(N),40.53522732522281,6.409326535971471e-10,0.0871139059498717
UG con Q(N),40.53715990299085,6.401480385089998e-10,0.0879669342694582
UG con Q(N),40.53909248075889,6.393664413698605e-10,0.08881882944109865
UG con Q(N),40.54102505852693,6.38587850559297e-10,0.08966959909108084
UG con Q(N),40.54295763629497,6.37812254501665e-10,0.09051925083360382
UG con Q(N),40.544890214063,6.370396416659509e-10,0.09136779227074839
UG con Q(N),40.54682279183105,6.362700005655695e-10,0.09221523099249836
UG con Q(N),40.548755369599085,6.355033197582312e-10,0.09306157457668388
UG con Q(N),40.55068794736712,6.347395878457401e-10,0.09390683058900323
UG con Q(N),40.55262052513516,6.339787934738406e-10,0.09475100658299512
UG con Q(N),40.5545531029032,6.332209253320433e-10,0.09559411010002994
UG con Q(N),40.55648568067124,6.324659721534588e-10,0.09643614866929828
UG con Q(N),40.558418258439275,6.317139227146268e-10,0.09727712980779976
UG con Q(N),40.56035083620731,6.309647658353524e-10,0.09811706102033209
UG con Q(N),40.56228341397535,6.302184903785381e-10,0.09895594979948051
UG con Q(N),40.56421599174339,6.294750852500183e-10,0.09979380362560744
UG con Q(N),40.56614856951143,6.287345393983937e-10,0.10063062996684238
UG con Q(N),40.568081147279464,6.279968418148682e-10,0.10146643627907208
UG con Q(N),40.5700137250475,6.272619815329856e-10,0.10230123000655292
UG con Q(N),40.57194630281554,6.265299476284095e-10,0.10313501858235304
UG con Q(N),40.57387888058358,6.258007292190986e-10,0.10396780942618984
UG con Q(N),40.57581145835162,6.250743154649539e-10,0.1047996099455505
UG con Q(N),40.57774403611966,6.243506955676602e-10,0.10563042753572963
UG con Q(N),40.5796766138877,6.236298587705073e-10,0.10646026957984518
UG con Q(N),40.58160919165574,6.229117943582434e-10,0.10728914344882423
UG con Q(N),40.583541769423775,6.221964916569126e-10,0.10811705650140477
UG con Q(N),40.58547434719181,6.214839400336946e-10,0.10894401608413497
UG con Q(N),40.58740692495985,6.207741288967478e-10,0.10977002953137305
UG con Q(N),40.58933950272789,6.200670476950513e-10,0.11059510416528778
UG con Q(N),40.591272080495926,6.193626859182479e-10,0.11141924729585952
UG con Q(N),40.593204658263964,6.186610330964881e-10,0.11224246622088178
UG con Q(N),40.595137236032,6.17962078800273e-10,0.11306476822596347
UG con Q(N),40.59706981380004,6.172658126403e-10,0.1138861605845316
UG con Q(N),40.59900239156808,6.165722242673063e-10,0.11470665055783456
UG con Q(N),40.600934969336116,6.158813033719175e-10,0.11552624539494599
UG con Q(N),40.602867547104154,6.151930396844916e-10,0.11634495233276901
UG con Q(N),40.6048001248722,6.145074229749627e-10,0.11716277859604426
UG con Q(N),40.60673270264024,6.138244430527025e-10,0.11797973139734316
UG con Q(N),40.608665280408275,6.131440897663475e-10,0.1187958179370919
UG con Q(N),40.61059785817631,6.124663530036629e-10,0.1196110454035658
UG con Q(N),40.61253043594435,6.117912226913852e-10,0.12042542097289921
UG con Q(N),40.61446301371239,6.111186887950751e-10,0.12123895180909294
UG con Q(N),40.616395591480426,6.104487413189642e-10,0.12205164506402205
UG con Q(N),40.618328169248464,6.097813703058092e-10,0.12286350787744424
UG con Q(N),40.6202607470165,6.091165658367423e-10,0.12367454737700866
UG con Q(N),40.62219332478454,6.084543180311205e-10,0.12448477067826506
UG con Q(N),40.62412590255258,6.077946170463827e-10,0.12529418488467367
UG con Q(N),40.626058480320616,6.071374530778981e-10,0.12610279708761513
UG con Q(N),40.627991058088654,6.06482816358823e-10,0.12691061436640125
UG con Q(N),40.62992363585669,6.058306971599538e-10,0.12771764378828587
UG con Q(N),40.63185621362473,6.051810857895814e-10,0.12852389240847634
UG con Q(N),40.633788791392774,6.045339725933443e-10,0.12932936727014835
UG con Q(N),40.635721369160805,6.038893479540975e-10,0.13013407540444322
UG con Q(N),40.63765394692885,6.032472022917396e-10,0.1309380238305132
UG con Q(N),40.63958652469689,6.02607526063107e-10,0.131741219555493
UG con Q(N),40.641519102464926,6.01970309761802e-10,0.13254366957454572
UG con Q(N),40.643451680232964,6.013355439180645e-10,0.1333453808708618
UG con Q(N),40.645384258001,6.007032190986278e-10,0.13414636041567615
UG con Q(N),40.64731683576904,6.00073325906576e-10,0.1349466151682826
UG con Q(N),40.64924941353708,5.994458549812078e-10,0.13574615207604862
UG con Q(N),40.651181991305116,5.988207969978916e-10,0.1365449780744307
UG con Q(N),40.65311456907315,5.981981426679306e-10,0.13734310008698963
UG con Q(N),40.65504714684119,5.975778827384206e-10,0.1381405250254065
UG con Q(N),40.65697972460923,5.969600079921154e-10,0.1389372597894986
UG con Q(N),40.65891230237727,5.963445092472862e-10,0.13973331126723623
UG con Q(N),40.660844880145305,5.957313773575855e-10,0.14052868633475907
UG con Q(N),40.66277745791335,5.95120603211909e-10,0.14132339185639634
UG con Q(N),40.66471003568138,5.945121777342707e-10,0.14211743468466959
UG con Q(N),40.666642613449426,5.939060918836411e-10,0.1429108216603422
UG con Q(N),40.668575191217464,5.933023366538465e-10,0.14370355961239667
UG con Q(N),40.6705077689855,5.927009030734076e-10,0.14449565535808465
UG con Q(N),40.67244034675354,5.921017822054182e-10,0.14528711570293085
UG con Q(N),40.67437292452158,5.915049651474091e-10,0.14607794744075456
UG con Q(N),40.676305502289615,5.909104430312155e-10,0.14686815735368858
UG con Q(N),40.67823808005765,5.903182070228445e-10,0.1476577522121984
UG con Q(N),40.68017065782569,5.897282483223444e-10,0.1484467387751013
UG con Q(N),40.68210323559373,5.891405581636718e-10,0.1492351237895863
UG con Q(N),40.68403581336177,5.88555127814563e-10,0.15002291399123355
UG con Q(N),40.685968391129805,5.879719485764023e-10,0.15081011610403455
UG con Q(N),40.68790096889784,5.87391011784093e-10,0.15159673684041225
UG con Q(N),40.68983354666588,5.868123088059285e-10,0.15238278290124144
UG con Q(N),40.69176612443392,5.862358310434637e-10,0.15316826097586916
UG con Q(N),40.69369870220196,5.856615699313867e-10,0.15395317774213563
UG con Q(N),40.69563127997,5.85089516937389e-10,0.15473753986639777
UG con Q(N),40.69756385773804,5.84519663562049e-10,0.1555213540035389
UG con Q(N),40.69949643550608,5.83952001338689e-10,0.156304626797007
UG con Q(N),40.701429013274115,5.833865218332621e-10,0.15708736487882477
UG con Q(N),40.70336159104215,5.828232166442209e-10,0.15786957486961373
UG con Q(N),40.70529416881019,5.822620774023959e-10,0.15865126337861588
UG con Q(N),40.70722674657823,5.817030957708677e-10,0.1594324370037154
UG con Q(N),40.70915932434627,5.811462634448462e-10,0.16021310233146047
UG con Q(N),40.711091902114305,5.80591572151546e-10,0.16099326593708513
UG con Q(N),40.71302447988234,5.800390136500627e-10,0.16177293438453139
UG con Q(N),40.71495705765038,5.794885797312519e-10,0.1625521142264711
UG con Q(N),40.71688963541842,5.789402622176071e-10,0.16333081200432834
UG con Q(N),40.718822213186456,5.783940529631379e-10,0.1641090342483016
UG con Q(N),40.720754790954494,5.778499438532482e-10,0.164886787477386
UG con Q(N),40.72268736872253,5.773079268046194e-10,0.16566407819939577
UG con Q(N),40.72461994649058,5.767679937650838e-10,0.16644091291098945
UG con Q(N),40.726552524258615,5.762301367135179e-10,0.16721729809768082
UG con Q(N),40.72848510202665,5.756943476597079e-10,0.16799324023387885
UG con Q(N),40.73041767979469,5.751606186442412e-10,0.1687687457828983
UG con Q(N),40.73235025756273,5.746289417381951e-10,0.16954382119758926
UG con Q(N),40.73428283533077,5.740993090430296e-10,0.17031847292036417
UG con Q(N),40.736215413098805,5.735717126909117e-10,0.17109270738182275
UG con Q(N),40.73814799086684,5.730461448443206e-10,0.17186653100161542
UG con Q(N),40.74008056863488,5.725225976959313e-10,0.17263995018848363
UG con Q(N),40.74201314640292,5.72001063468496e-10,0.17341297134028638
UG con Q(N),40.743945724170956,5.714815344147301e-10,0.174185600844027
UG con Q(N),40.745878301938994,5.709640028171954e-10,0.17495784507588016
UG con Q(N),40.74781087970703,5.704484609881876e-10,0.175729710401219
UG con Q(N),40.74974345747507,5.699349012696196e-10,0.17650120317464277
UG con Q(N),40.75167603524311,5.694233160329106e-10,0.1772723297400043
UG con Q(N),40.75360861301115,5.689136976788679e-10,0.17804309643044092
UG con Q(N),40.755541190779184,5.684060386375849e-10,0.17881350956838843
UG con Q(N),40.75747376854723,5.679003313683075e-10,0.1795835754656405
UG con Q(N),40.75940634631527,5.673965683593485e-10,0.18035330042333764
UG con Q(N),40.761338924083304,5.668947421279532e-10,0.1811226907320272
UG con Q(N),40.76327150185134,5.663948452202012e-10,0.18189175267167804
UG con Q(N),40.76520407961938,5.658968702108889e-10,0.18266049251171265
UG con Q(N),40.76713665738742,5.654008097034224e-10,0.18342891651103657
UG con Q(N),40.769069235155456,5.649066563297055e-10,0.18419703091806786
UG con Q(N),40.771001812923494,5.644144027500311e-10,0.18496484197076696
UG con Q(N),40.77293439069153,5.639240416529703e-10,0.18573235589666656
UG con Q(N),40.77486696845957,5.634355657552652e-10,0.1864995789129019
UG con Q(N),40.77679954622761,5.629489678017177e-10,0.18726651722624094
UG con Q(N),40.778732123995646,5.624642405650845e-10,0.18803317703311498
UG con Q(N),40.78066470176368,5.619813768459674e-10,0.18879956451964922
UG con Q(N),40.78259727953172,5.615003694727048e-10,0.18956568586169376
UG con Q(N),40.78452985729976,5.610212113012683e-10,0.19033154722485454
UG con Q(N),40.786462435067804,5.605438952151506e-10,0.19109715476452732
UG con Q(N),40.78839501283584,5.600684141252686e-10,0.19186251462591783
UG con Q(N),40.79032759060388,5.595947609698458e-10,0.1926276329440901
UG con Q(N),40.79226016837192,5.591229287143149e-10,0.19339251584398695
UG con Q(N),40.794192746139956,5.586529103512105e-10,0.19415716944046446
UG con Q(N),40.796125323907994,5.581846989000647e-10,0.19492159983832408
UG con Q(N),40.79805790167603,5.577182874073024e-10,0.19568581313234468
UG con Q(N),40.79999047944407,5.572536689461379e-10,0.1964498154073147
UG con Q(N),40.80192305721211,5.567908366164723e-10,0.1972136127380647
UG con Q(N),40.803855634980145,5.563297835447888e-10,0.19797721118949968
UG con Q(N),40.80578821274818,5.558705028840513e-10,0.1987406168166318
UG con Q(N),40.80772079051622,5.554129878136013e-10,0.19950383566461322
UG con Q(N),40.80965336828426,5.54957231539058e-10,0.20026687376876884
UG con Q(N),40.8115859460523,5.54503227292213e-10,0.20102973715462938
UG con Q(N),40.813518523820335,5.540509683309339e-10,0.2017924318379645
UG con Q(N),40.81545110158838,5.536004479390592e-10,0.20255496382481886
UG con Q(N),40.81738367935642,5.531516594263045e-10,0.2033173391115341
UG con Q(N),40.819316257124456,5.527045961281538e-10,0.20407956368479935
UG con Q(N),40.821248834892494,5.52259251405767e-10,0.20484164352167328
UG con Q(N),40.82318141266053,5.518156186458765e-10,0.20560358458962083
UG con Q(N),40.82511399042857,5.513736912606929e-10,0.20636539284654667
UG con Q(N),40.82704656819661,5.509334626878024e-10,0.20712707424082927
UG con Q(N),40.828979145964645,5.504949263900715e-10,0.2078886347113546
UG con Q(N),40.83091172373268,5.500580758555481e-10,0.20865008018755032
UG con Q(N),40.83284430150072,5.496229045973656e-10,0.2094114165894197
UG con Q(N),40.83477687926876,5.491894061536444e-10,0.21017264982757594
UG con Q(N),40.8367094570368,5.487575740873975e-10,0.21093378580327618
UG con Q(N),40.838642034804835,5.483274019864327e-10,0.21169483040845602
UG con Q(N),40.84057461257287,5.478988834632594e-10,0.21245578952576372
UG con Q(N),40.84250719034091,5.474720121549894e-10,0.21321666902859474
UG con Q(N),40.844439768108955,5.470467817232445e-10,0.2139774747811289
UG con Q(N),40.846372345876986,5.46623185854068e-10,0.21473821263835113
UG con Q(N),40.84830492364503,5.462012182578134e-10,0.21549888844611656
UG con Q(N),40.85023750141307,5.457808726690731e-10,0.21625950804114627
UG con Q(N),40.85217007918111,5.453621428465676e-10,0.21702007725109257
UG con Q(N),40.854102656949145,5.449450225730601e-10,0.2177806018945598
UG con Q(N),40.85603523471718,5.445295056552625e-10,0.21854108778114195
UG con Q(N),40.85796781248522,5.441155859237445e-10,0.2193015407114573
UG con Q(N),40.85990039025326,5.437032572328388e-10,0.22006196647718346
UG con Q(N),40.8618329680213,5.43292513460553e-10,0.22082237086109208
UG con Q(N),40.863765545789335,5.428833485084758e-10,0.2215827596370838
UG con Q(N),40.86569812355737,5.424757563016894e-10,0.2223431385702231
UG con Q(N),40.86763070132541,5.420697307886753e-10,0.22310351341677326
UG con Q(N),40.86956327909345,5.416652659412277e-10,0.22386388992423137
UG con Q(N),40.871495856861486,5.412623557543618e-10,0.22462427383136313
UG con Q(N),40.87342843462953,5.408609942462243e-10,0.22538467086824066
UG con Q(N),40.87536101239756,5.404611754580117e-10,0.22614508675626352
UG con Q(N),40.87729359016561,5.40062893453865e-10,0.22690552720822432
UG con Q(N),40.879226167933645,5.396661423208026e-10,0.22766599792830472
UG con Q(N),40.88115874570168,5.392709161686173e-10,0.2284265046121408
UG con Q(N),40.88309132346972,5.388772091297949e-10,0.22918705294684438
UG con Q(N),40.88502390123776,5.38485015359426e-10,0.22994764861104047
UG con Q(N),40.886956479005796,5.3809432903512e-10,0.23070829727490233
UG con Q(N),40.888889056773834,5.377051443569182e-10,0.23146900460018618
UG con Q(N),40.89082163454187,5.373174555472092e-10,0.23222977624026625
UG con Q(N),40.89275421230991,5.369312568506406e-10,0.23299061784016944
UG con Q(N),40.89468679007795,5.365465425340365e-10,0.23375153503661028
UG con Q(N),40.896619367845986,5.361633068863115e-10,0.23451253345802542
UG con Q(N),40.898551945614024,5.357815442183868e-10,0.23527361872460867
UG con Q(N),40.90048452338206,5.354012488631053e-10,0.23603479644834546
UG con Q(N),40.9024171011501,5.35022415175148e-10,0.23679607223304744
UG con Q(N),40.90434967891814,5.346450375309515e-10,0.23755745167438735
UG con Q(N),40.90628225668618,5.342691103286225e-10,0.23831894035993595
UG con Q(N),40.90821483445422,5.338946279876235e-10,0.2390805438696501
UG con Q(N),40.91014741222226,5.335215849487733e-10,0.23984226777576936
UG con Q(N),40.912079989990296,5.331499756745845e-10,0.24060411764202116
UG con Q(N),40.914012567758334,5.327797946488958e-10,0.24136609902419953
UG con Q(N),40.91594514552637,5.3241103637679e-10,0.2421282174702048
UG con Q(N),40.91787772329441,5.320436953845089e-10,0.24289047852008
UG con Q(N),40.91981030106245,5.316777662193759e-10,0.2436528877060474
UG con Q(N),40.921742878830486,5.313132434497137e-10,0.2444154505525451
UG con Q(N),40.923675456598524,5.30950121664763e-10,0.24517817257626362
UG con Q(N),40.92560803436656,5.305883954746026e-10,0.24594105928618257
UG con Q(N),40.9275406121346,5.302280595100697e-10,0.2467041161836073
UG con Q(N),40.92947318990264,5.298691084226792e-10,0.2474673487622057
UG con Q(N),40.931405767670675,5.29511536884546e-10,0.24823076250804496
UG con Q(N),40.93333834543871,5.291553395883038e-10,0.24899436289962842
UG con Q(N),40.93527092320676,5.288005112470257e-10,0.24975815540793522
UG con Q(N),40.937203500974796,5.28447046594151e-10,0.2505221454964459
UG con Q(N),40.939136078742834,5.280949403833992e-10,0.25128633862119637
UG con Q(N),40.94106865651087,5.277441873886961e-10,0.25205074023080337
UG con Q(N),40.94300123427891,5.273947824040961e-10,0.25281535576650455
UG con Q(N),40.94493381204695,5.270467202437034e-10,0.25358019066219534
UG con Q(N),40.946866389814986,5.266999957415951e-10,0.2543452503444662
UG con Q(N),40.94879896758302,5.26354603751746e-10,0.25511054023263946
UG con Q(N),40.95073154535106,5.260105391479492e-10,0.2558760657388067
UG con Q(N),40.9526641231191,5.256677968237415e-10,0.2566418322678657
UG con Q(N),40.95459670088714,5.253263716923272e-10,0.2574078452175579
UG con Q(N),40.956529278655175,5.24986258686501e-10,0.25817410997850515
UG con Q(N),40.95846185642321,5.246474527585745e-10,0.25894063193424766
UG con Q(N),40.96039443419125,5.243099488803002e-10,0.2597074164612804
UG con Q(N),40.96232701195929,5.239737420427944e-10,0.26047446892909126
UG con Q(N),40.964259589727334,5.236388272564653e-10,0.26124179470020037
UG con Q(N),40.966192167495365,5.233051995509413e-10,0.2620093991301839
UG con Q(N),40.96812474526341,5.229728539749853e-10,0.2627772875677422
UG con Q(N),40.97005732303145,5.22641785596437e-10,0.26354546535469775
UG con Q(N),40.971989900799485,5.223119895021267e-10,0.2643139378260634
UG con Q(N),40.97392247856752,5.21983460797808e-10,0.26508271031006586
UG con Q(N),40.97585505633556,5.216561946080819e-10,0.26585178812818583
UG con Q(N),40.9777876341036,5.213301860763267e-10,0.2666211765951955
UG con Q(N),40.97972021187164,5.210054303646245e-10,0.26739088101919595
UG con Q(N),40.981652789639675,5.206819226536878e-10,0.2681609067016545
UG con Q(N),40.98358536740771,5.203596581427895e-10,0.2689312589374422
UG con Q(N),40.98551794517575,5.200386320496898e-10,0.2697019430148715
UG con Q(N),40.98745052294379,5.197188396105661e-10,0.27047296421573347
UG con Q(N),40.98938310071183,5.19400276079941e-10,0.2712443278153354
UG con Q(N),40.991315678479864,5.190829367306107e-10,0.27201603908253824
UG con Q(N),40.99324825624791,5.187668168535772e-10,0.27278810327979697
UG con Q(N),40.99518083401594,5.184519117579775e-10,0.2735605256631839
UG con Q(N),40.997113411783985,5.18138216771007e-10,0.2743333114824572
UG con Q(N),40.99904598955202,5.178257272378619e-10,0.27510646598105903
UG con Q(N),41.00097856732006,5.175144385216601e-10,0.27587999439618394
UG con Q(N),41.0029111450881,5.172043460033741e-10,0.27665390195880224
UG con Q(N),41.00484372285614,5.16895445081765e-10,0.27742819389370044
UG con Q(N),41.006776300624175,5.165877311733109e-10,0.2782028754195185
UG con Q(N),41.00870887839221,5.162811997121393e-10,0.27897795174878764
UG con Q(N),41.01064145616025,5.159758461499608e-10,0.2797534280879675
UG con Q(N),41.01257403392829,5.156716659559975e-10,0.2805293096374838
UG con Q(N),41.014506611696326,5.1536865461692e-10,0.28130560159176565
UG con Q(N),41.016439189464364,5.15066807636776e-10,0.28208230913928317
UG con Q(N),41.0183717672324,5.147661205369256e-10,0.2828594374625848
UG con Q(N),41.02030434500044,5.144665888559747e-10,0.28363699173833473
UG con Q(N),41.02223692276848,5.141682081497067e-10,0.2844149771373503
UG con Q(N),41.024169500536516,5.138709739910185e-10,0.28519339882463957
UG con Q(N),41.02610207830456,5.135748819698505e-10,0.28597226195944114
UG con Q(N),41.0280346560726,5.132799276931298e-10,0.2867515716952507
UG con Q(N),41.02996723384064,5.129861067846925e-10,0.28753133317987484
UG con Q(N),41.031899811608675,5.126934148852282e-10,0.2883115515554575
UG con Q(N),41.03383238937671,5.124018476522104e-10,0.28909223195851985
UG con Q(N),41.03576496714475,5.121114007598336e-10,0.2898733795199976
UG con Q(N),41.03769754491279,5.118220698989473e-10,0.2906549993652783
UG con Q(N),41.039630122680826,5.11533850776995e-10,0.29143709661423856
UG con Q(N),41.041562700448864,5.11246739117947e-10,0.2922196763812813
UG con Q(N),41.0434952782169,5.109607306622377e-10,0.29300274377537283
UG con Q(N),41.04542785598494,5.106758211667034e-10,0.2937863039000802
UG con Q(N),41.04736043375298,5.103920064045181e-10,0.29457036185360813
UG con Q(N),41.049293011521016,5.101092821651309e-10,0.2953549227288361
UG con Q(N),41.051225589289054,5.098276442542037e-10,0.29613999161335575
UG con Q(N),41.05315816705709,5.095470884935481e-10,0.2969255735895074
UG con Q(N),41.05509074482514,5.092676107210641e-10,0.29771167373442037
UG con Q(N),41.057023322593174,5.089892067906793e-10,0.29849829712003817
UG con Q(N),41.05895590036121,5.087118725722847e-10,0.2992854488131729
UG con Q(N),41.06088847812925,5.084356039516742e-10,0.30007313387553053
UG con Q(N),41.06282105589729,5.081603968304855e-10,0.3008613573637505
UG con Q(N),41.064753633665326,5.078862471261375e-10,0.3016501243294429
UG con Q(N),41.066686211433364,5.076131507717694e-10,0.3024394398192248
UG con Q(N),41.0686187892014,5.073411037161817e-10,0.30322930887475735
UG con Q(N),41.07055136696944,5.070701019237761e-10,0.30401973653278236
UG con Q(N),41.07248394473748,5.06800141374494e-10,0.30481072782515894
UG con Q(N),41.074416522505516,5.065312180637596e-10,0.30560228777890003
UG con Q(N),41.07634910027355,5.062633280024169e-10,0.30639442141620904
UG con Q(N),41.07828167804159,5.059964672166753e-10,0.30718713375451645
UG con Q(N),41.08021425580963,5.057306317480463e-10,0.3079804298065161
UG con Q(N),41.08214683357767,5.05465817653289e-10,0.30877431458020177
UG con Q(N),41.08407941134571,5.052020210043468e-10,0.30956879307890633
UG con Q(N),41.08601198911374,5.049392378882968e-10,0.31036387030132356
UG con Q(N),41.08794456688179,5.046774644072815e-10,0.3111595512415764
UG con Q(N),41.089877144649826,5.044166966784629e-10,0.31195584088921247
UG con Q(N),41.091809722417864,5.041569308339563e-10,0.31275274422927224
UG con Q(N),41.0937423001859,5.038981630207765e-10,0.3135502662423103
UG con Q(N),41.09567487795394,5.036403894007813e-10,0.3143484119044349
UG con Q(N),41.09760745572198,5.033836061506141e-10,0.3151471861873432
UG con Q(N),41.099540033490015,5.031278094616473e-10,0.31594659405835934
UG con Q(N),41.10147261125805,5.028729955396274e-10,0.3167466404807667
UG con Q(N),41.10340518902609,5.026191606049303e-10,0.31754733041355554
UG con Q(N),41.10533776679413,5.023663008926793e-10,0.3183486688112693
UG con Q(N),41.10727034456217,5.021144126524902e-10,0.3191506606242329
UG con Q(N),41.109202922330205,5.018634921484155e-10,0.31995331079858985
UG con Q(N),41.11113550009824,5.016135356588889e-10,0.3207566242763385
UG con Q(N),41.11306807786628,5.013645394766699e-10,0.32156060599536895
UG con Q(N),41.11500065563432,5.011164999087895e-10,0.3223652608894996
UG con Q(N),41.116933233402364,5.008694132764931e-10,0.32317059388851666
UG con Q(N),41.1188658111704,5.006232759151917e-10,0.32397660991819843
UG con Q(N),41.12079838893844,5.003780841744e-10,0.3247833139003703
UG con Q(N),41.12273096670648,5.001338344176867e-10,0.3255907107529287
UG con Q(N),41.124663544474515,4.998905230226192e-10,0.3263988053898809
UG con Q(N),41.12659612224255,4.996481463807103e-10,0.327207602721381
UG con Q(N),41.12852870001059,4.994067008973645e-10,0.3280171076537666
UG con Q(N),41.13046127777863,4.991661829918238e-10,0.32882732508959517
UG con Q(N),41.13239385554667,4.989265890971157e-10,0.32963825992768
UG con Q(N),41.134326433314705,4.986879156599989e-10,0.3304499170631266
UG con Q(N),41.13625901108274,4.984501591409115e-10,0.3312623013873691
UG con Q(N),41.13819158885078,4.98213316013918e-10,0.33207541778820626
UG con Q(N),41.14012416661882,4.979773827666564e-10,0.3328892711498375
UG con Q(N),41.142056744386856,4.977423559002861e-10,0.3337038663528994
UG con Q(N),41.143989322154894,4.975082319294373e-10,0.33451920827450127
UG con Q(N),41.14592189992294,4.972750073821557e-10,0.33533530178826476
UG con Q(N),41.14785447769098,4.970426787998561e-10,0.33615215176434743
UG con Q(N),41.149787055459015,4.968112427372657e-10,0.33696976306949694
UG con Q(N),41.15171963322705,4.965806957623749e-10,0.33778814056707496
UG con Q(N),41.15365221099509,4.963510344563867e-10,0.33860728911709603
UG con Q(N),41.15558478876313,4.961222554136659e-10,0.3394272135762636
UG con Q(N),41.15751736653117,4.958943552416873e-10,0.34024791879800576
UG con Q(N),41.159449944299205,4.956673305609853e-10,0.341069409632511
UG con Q(N),41.16138252206724,4.954411780051051e-10,0.34189169092676414
UG con Q(N),41.16331509983528,4.952158942205499e-10,0.342714767524582
UG con Q(N),41.16524767760332,4.949914758667341e-10,0.34353864426664915
UG con Q(N),41.167180255371356,4.947679196159305e-10,0.3443633259905535
UG con Q(N),41.169112833139394,4.945452221532234e-10,0.34518881753082203
UG con Q(N),41.17104541090743,4.943233801764566e-10,0.34601512371895643
UG con Q(N),41.17297798867547,4.941023903961868e-10,0.3468422493834686
UG con Q(N),41.174910566443515,4.938822495356313e-10,0.3476701993499193
UG con Q(N),41.176843144211546,4.936629543306256e-10,0.34849897844093836
UG con Q(N),41.17877572197959,4.934445015295634e-10,0.34932859147629386
UG con Q(N),41.18070829974763,4.93226887893362e-10,0.3501590432728846
UG con Q(N),41.18264087751567,4.930101101954031e-10,0.35099033864480944
UG con Q(N),41.184573455283704,4.927941652214895e-10,0.351822482403387
UG con Q(N),41.18650603305174,4.925790497697965e-10,0.3526554793571944
UG con Q(N),41.18843861081978,4.923647606508242e-10,0.3534893343121024
UG con Q(N),41.19037118858782,4.9215129468735e-10,0.3543240520713107
UG con Q(N),41.192303766355856,4.919386487143806e-10,0.35515963743538326
UG con Q(N),41.194236344123894,4.917268195791057e-10,0.35599609520228337
UG con Q(N),41.19616892189193,4.915158041408501e-10,0.356833430167409
UG con Q(N),41.19810149965997,4.913055992710282e-10,0.35767164712362776
UG con Q(N),41.20003407742801,4.910962018530956e-10,0.3585107508613121
UG con Q(N),41.201966655196046,4.908876087825043e-10,0.35935074616837454
UG con Q(N),41.20389923296409,4.906798169666551e-10,0.3601916378303054
UG con Q(N),41.20583181073212,4.904728233248548e-10,0.3610334306301927
UG con Q(N),41.207764388500166,4.902666247882621e-10,0.36187612934879104
UG con Q(N),41.209696966268204,4.900612182998534e-10,0.36271973876451324
UG con Q(N),41.21162954403624,4.89856600814368e-10,0.3635642636534992
UG con Q(N),41.21356212180428,4.896527692982662e-10,0.36440970878963536
UG con Q(N),41.21549469957232,4.894497207296848e-10,0.3652560789445928
UG con Q(N),41.217427277340356,4.892474520983905e-10,0.3661033788878616
UG con Q(N),41.219359855108394,4.890459604057363e-10,0.36695161338678606
UG con Q(N),41.22129243287643,4.888452426646151e-10,0.36780078720659926
UG con Q(N),41.22322501064447,4.886452958994181e-10,0.3686509051104577
UG con Q(N),41.22515758841251,4.884461171459876e-10,0.36950197185947603
UG con Q(N),41.227090166180545,4.88247703451574e-10,0.3703539922127616
UG con Q(N),41.22902274394858,4.880500518747919e-10,0.3712069709274492
UG con Q(N),41.23095532171662,4.878531594855771e-10,0.3720609127587356
UG con Q(N),41.23288789948466,4.876570233651411e-10,0.37291582245991395
UG con Q(N),41.2348204772527,4.874616406059291e-10,0.3737717047824083
UG con Q(N),41.23675305502074,4.872670083115756e-10,0.37462856447581133
UG con Q(N),41.23868563278878,4.870731235968638e-10,0.37548640628790614
UG con Q(N),41.24061821055682,4.868799835876794e-10,0.3763452349647194
UG con Q(N),41.242550788324856,4.866875854209696e-10,0.3772050552505434
UG con Q(N),41.244483366092894,4.864959262447e-10,0.378065871887973
UG con Q(N),41.24641594386093,4.863050032178126e-10,0.37892768961794066
UG con Q(N),41.24834852162897,4.861148135101842e-10,0.37979051317975
UG con Q(N),41.25028109939701,4.859253543025817e-10,0.3806543473111105
UG con Q(N),41.252213677165045,4.857366227866233e-10,0.38151919674817114
UG con Q(N),41.25414625493308,4.85548616164735e-10,0.38238506622555546
UG con Q(N),41.25607883270112,4.853613316501097e-10,0.38325196047639465
UG con Q(N),41.25801141046916,4.851747664666652e-10,0.38411988423236226
UG con Q(N),41.2599439882372,4.849889178490037e-10,0.38498884222370816
UG con Q(N),41.261876566005235,4.848037830423694e-10,0.3858588391792924
UG con Q(N),41.26380914377327,4.846193593026095e-10,0.3867298798266193
UG con Q(N),41.26574172154132,4.844356438961313e-10,0.3876019688918746
UG con Q(N),41.267674299309355,4.842526340998649e-10,0.38847511109994637
UG con Q(N),41.26960687707739,4.840703272012188e-10,0.38934931117447846
UG con Q(N),41.27153945484543,4.83888720498042e-10,0.3902245738378913
UG con Q(N),41.27347203261347,4.837078112985838e-10,0.3911009038114187
UG con Q(N),41.27540461038151,4.835275969214524e-10,0.39197830581514226
UG con Q(N),41.277337188149545,4.833480746955779e-10,0.3928567845680243
UG con Q(N),41.27926976591758,4.831692419601699e-10,0.3937363447879422
UG con Q(N),41.28120234368562,4.829910960646794e-10,0.3946169911917219
UG con Q(N),41.28313492145366,4.828136343687597e-10,0.3954987284951712
UG con Q(N),41.2850674992217,4.826368542422267e-10,0.39638156141311376
UG con Q(N),41.287000076989735,4.824607530650202e-10,0.3972654946594227
UG con Q(N),41.28893265475777,4.822853282271653e-10,0.39815053294705366
UG con Q(N),41.29086523252581,4.821105771287331e-10,0.39903668098807876
UG con Q(N),41.29279781029385,4.819364971798032e-10,0.39992394349371996
UG con Q(N),41.29473038806189,4.817630858004241e-10,0.4008123251743854
UG con Q(N),41.296662965829924,4.815903404205777e-10,0.4017018307396871
UG con Q(N),41.29859554359797,4.814182584801359e-10,0.40259246489850964
UG con Q(N),41.30052812136601,4.812468374288306e-10,0.403484232358998
UG con Q(N),41.302460699134045,4.810760747262087e-10,0.4043771378286269
UG con Q(N),41.30439327690208,4.809059678415988e-10,0.40527118601421747
UG con Q(N),41.30632585467012,4.807365142540719e-10,0.406166381621974
UG con Q(N),41.30825843243816,4.805677114524048e-10,0.40706272935751675
UG con Q(N),41.310191010206196,4.803995569350444e-10,0.4079602339259155
UG con Q(N),41.312123587974234,4.802320482100679e-10,0.4088589000317224
UG con Q(N),41.31405616574227,4.80065182795149e-10,0.4097587323790052
UG con Q(N),41.31598874351031,4.798989582174147e-10,0.41065973567133796
UG con Q(N),41.31792132127835,4.79733372013314e-10,0.41156191461181285
UG con Q(N),41.319853899046386,4.795684217289996e-10,0.41246527390324034
UG con Q(N),41.321786476814424,4.794041049200793e-10,0.4133698182480786
UG con Q(N),41.32371905458247,4.792404191515656e-10,0.41427555234846425
UG con Q(N),41.3256516323505,4.790773619978424e-10,0.4151824809062288
UG con Q(N),41.327584210118545,4.789149310426231e-10,0.4160906086229682
UG con Q(N),41.32951678788658,4.78753123878922e-10,0.4169999402000298
UG con Q(N),41.33144936565462,4.785919381090127e-10,0.41791048033858125
UG con Q(N),41.33338194342266,4.784313713443952e-10,0.41882223373962735
UG con Q(N),41.335314521190696,4.782714212057596e-10,0.41973520510404594
UG con Q(N),41.337247098958734,4.781120853229525e-10,0.4206493991326209
UG con Q(N),41.33917967672677,4.77953361334938e-10,0.42156482052607475
UG con Q(N),41.34111225449481,4.777952468897671e-10,0.4224814739851017
UG con Q(N),41.34304483226285,4.776377396445383e-10,0.42339936421040003
UG con Q(N),41.344977410030886,4.774808372653675e-10,0.4243184959027048
UG con Q(N),41.346909987798924,4.773245374273489e-10,0.4252388737628207
UG con Q(N),41.34884256556696,4.771688378145233e-10,0.42616050249165427
UG con Q(N),41.350775143335,4.770137361198419e-10,0.4270833867902464
UG con Q(N),41.35270772110304,4.76859230045134e-10,0.4280075313598051
UG con Q(N),41.354640298871075,4.767053173010707e-10,0.4289329409017377
UG con Q(N),41.35657287663912,4.765519956071319e-10,0.4298596201176867
UG con Q(N),41.35850545440716,4.763992626915729e-10,0.4307875737095481
UG con Q(N),41.360438032175196,4.7624711629139e-10,0.43171680637952486
UG con Q(N),41.362370609943234,4.76095554152286e-10,0.43264732283014473
UG con Q(N),41.36430318771127,4.75944574028638e-10,0.4335791277642964
UG con Q(N),41.36623576547931,4.757941736834635e-10,0.43451222588526134
UG con Q(N),41.36816834324735,4.756443508883878e-10,0.43544662189674604
UG con Q(N),41.370100921015386,4.754951034236087e-10,0.4363823205029139
UG con Q(N),41.37203349878342,4.753464290778663e-10,0.43731932640841764
UG con Q(N),41.37396607655146,4.751983256484084e-10,0.43825764431843073
UG con Q(N),41.3758986543195,4.750507909409582e-10,0.4391972789386799
UG con Q(N),41.37783123208754,4.749038227696808e-10,0.44013823497547644
UG con Q(N),41.379763809855575,4.74757418957153e-10,0.44108051713574864
UG con Q(N),41.38169638762361,4.746115773343281e-10,0.44202413012707326
UG con Q(N),41.38362896539165,4.744662957405053e-10,0.4429690786577073
UG con Q(N),41.385561543159696,4.743215720232962e-10,0.4439153674366234
UG con Q(N),41.387494120927734,4.741774040385959e-10,0.44486300117352745
UG con Q(N),41.38942669869577,4.740337896505471e-10,0.44581198457891125
UG con Q(N),41.39135927646381,4.738907267315105e-10,0.44676232236407026
UG con Q(N),41.39329185423185,4.737482131620331e-10,0.44771401924113835
UG con Q(N),41.395224431999885,4.736062468308157e-10,0.4486670799231198
UG con Q(N),41.39715700976792,4.734648256346829e-10,0.4496215091239205
UG con Q(N),41.39908958753596,4.733239474785504e-10,0.4505773115583796
UG con Q(N),41.401022165304,4.731836102753946e-10,0.45153449194230066
UG con Q(N),41.40295474307204,4.730438119462215e-10,0.45249305499248355
UG con Q(N),41.404887320840075,4.729045504200356e-10,0.45345300542675543
UG con Q(N),41.40681989860811,4.727658236338087e-10,0.4544143479640021
UG con Q(N),41.40875247637615,4.726276295324502e-10,0.45537708732419957
UG con Q(N),41.41068505414419,4.724899660687757e-10,0.4563412282284451
UG con Q(N),41.41261763191223,4.723528312034766e-10,0.4573067753989885
UG con Q(N),41.41455020968027,4.722162229050895e-10,0.4582737335592669
UG con Q(N),41.4164827874483,4.720801391499683e-10,0.45924210743391825
UG con Q(N),41.41841536521635,4.71944577922249e-10,0.46021190174885124
UG con Q(N),41.420347942984385,4.718095372138262e-10,0.46118312123122707
UG con Q(N),41.42228052075242,4.716750150243176e-10,0.4621557706095293
UG con Q(N),41.42421309852046,4.715410093610372e-10,0.4631298546135773
UG con Q(N),41.4261456762885,4.714075182389651e-10,0.46410537797456075
UG con Q(N),41.42807825405654,4.712745396807173e-10,0.4650823454250707
UG con Q(N),41.430010831824575,4.711420717165174e-10,0.4660607616991304
UG con Q(N),41.43194340959261,4.710101123841664e-10,0.46704063153222636
UG con Q(N),41.43387598736065,4.708786597290139e-10,0.46802195966133914
UG con Q(N),41.43580856512869,4.707477118039288e-10,0.4690047508249743
UG con Q(N),41.437741142896726,4.706172666692701e-10,0.46998900976319324
UG con Q(N),41.439673720664764,4.704873223928591e-10,0.470974741217644
UG con Q(N),41.4416062984328,4.703578770499489e-10,0.471961949931592
UG con Q(N),41.44353887620084,4.70228928723198e-10,0.47295064064995096
UG con Q(N),41.44547145396888,4.701004755026396e-10,0.47394081811931343
UG con Q(N),41.44740403173692,4.699725154856538e-10,0.4749324870879852
UG con Q(N),41.44933660950496,4.698450467769411e-10,0.47592565230600165
UG con Q(N),41.451269187273,4.697180674884918e-10,0.4769203185251799
UG con Q(N),41.45320176504104,4.695915757395587e-10,0.47791649049913515
UG con Q(N),41.455134342809075,4.694655696566294e-10,0.47891417298331473
UG con Q(N),41.45706692057711,4.693400473733987e-10,0.47991337073502904
UG con Q(N),41.45899949834515,4.692150070307396e-10,0.4809140885134815
UG con Q(N),41.46093207611319,4.690904467766772e-10,0.48191633107979986
UG con Q(N),41.462864653881226,4.689663647663605e-10,0.4829201031970661
UG con Q(N),41.464797231649264,4.688427591620345e-10,0.48392540963034714
UG con Q(N),41.4667298094173,4.687196281330133e-10,0.48493225514672555
UG con Q(N),41.46866238718534,4.68596969855653e-10,0.4859406445153295
UG con Q(N),41.47059496495338,4.684747825133247e-10,0.4869505825073637
UG con Q(N),41.472527542721416,4.683530642963868e-10,0.48796207389613955
UG con Q(N),41.474460120489454,4.682318134021587e-10,0.4889751234571056
UG con Q(N),41.4763926982575,4.681110280348934e-10,0.4899897359678816
UG con Q(N),41.47832527602554,4.679907064057523e-10,0.49100591620827394
UG con Q(N),41.480257853793574,4.678708467327771e-10,0.49202366896032845
UG con Q(N),41.48219043156161,4.67751447240863e-10,0.4930429990083459
UG con Q(N),41.48412300932965,4.676325061617338e-10,0.4940639111389156
UG con Q(N),41.48605558709769,4.675140217339149e-10,0.49508641014094623
UG con Q(N),41.487988164865726,4.673959922027067e-10,0.4961105008056957
UG con Q(N),41.489920742633764,4.672784158201593e-10,0.49713618792680153
UG con Q(N),41.4918533204018,4.671612908450465e-10,0.49816347630031116
UG con Q(N),41.49378589816984,4.670446155428386e-10,0.4991923707247122
UG con Q(N),41.49571847593788,4.669283881856787e-10,0.5002228760009623
UG con Q(N),41.497651053705916,4.668126070523556e-10,0.5012549969325197
UG con Q(N),41.49958363147395,4.666972704282783e-10,0.5022887383253736
UG con Q(N),41.50151620924199,4.665823766054513e-10,0.5033241049880732
UG con Q(N),41.50344878701003,4.664679238824488e-10,0.5043611017317595
UG con Q(N),41.505381364778074,4.663539105643885e-10,0.5053997333701981
UG con Q(N),41.507313942546105,4.662403349629097e-10,0.50644000471979
UG con Q(N),41.50924652031415,4.661271953961427e-10,0.507481920599645
UG con Q(N),41.51117909808219,4.660144901886896e-10,0.5085254858315571
UG con Q(N),41.513111675850226,4.659022176715957e-10,0.5095707052400773
UG con Q(N),41.515044253618264,4.657903761823269e-10,0.5106175836525242
UG con Q(N),41.5169768313863,4.656789640647426e-10,0.5116661258990177
UG con Q(N),41.51890940915434,4.6556797966907334e-10,0.51271633681251
UG con Q(N),41.52084198692238,4.654574213518956e-10,0.5137682212288146
UG con Q(N),41.522774564690415,4.6534728747610706e-10,0.5148217839866367
UG con Q(N),41.52470714245845,4.6523757641090335e-10,0.5158770299276032
UG con Q(N),41.52663972022649,4.6512828653175257e-10,0.5169339638962931
UG con Q(N),41.52857229799453,4.6501941622037197e-10,0.5179925907402667
UG con Q(N),41.53050487576257,4.649109638647031e-10,0.5190529153100962
UG con Q(N),41.532437453530605,4.648029278588899e-10,0.5201149424593958
UG con Q(N),41.53437003129865,4.64695306603252e-10,0.5211786770448551
UG con Q(N),41.53630260906668,4.6458809850426463e-10,0.5222441239262496
UG con Q(N),41.538235186834726,4.644813019745308e-10,0.5233112879665142
UG con Q(N),41.540167764602764,4.643749154327612e-10,0.5243801740317175
UG con Q(N),41.5421003423708,4.642689373037497e-10,0.525450786991136
UG con Q(N),41.54403292013884,4.641633660183487e-10,0.5265231317172632
UG con Q(N),41.54596549790688,4.640582000134482e-10,0.5275972130858445
UG con Q(N),41.547898075674915,4.6395343773195085e-10,0.5286730359759063
UG con Q(N),41.54983065344295,4.6384907762274986e-10,0.5297506052697868
UG con Q(N),41.55176323121099,4.637451181407053e-10,0.530829925853165
UG con Q(N),41.55369580897903,4.636415577466223e-10,0.5319110026150916
UG con Q(N),41.55562838674707,4.635383949072264e-10,0.5329938404480179
UG con Q(N),41.557560964515105,4.634356280951436e-10,0.5340784442478267
UG con Q(N),41.55949354228314,4.63333255788848e-10,0.5351648189136585
UG con Q(N),41.56142612005118,4.632312764725829e-10,0.5362529693476
UG con Q(N),41.56335869781922,4.6312968863648706e-10,0.5373429004558337
UG con Q(N),41.565291275587256,4.6302849077651394e-10,0.5384346171481309
UG con Q(N),41.5672238533553,4.6292768139440284e-10,0.5395281243378285
UG con Q(N),41.56915643112334,4.6282725899765623e-10,0.5406234269418421
UG con Q(N),41.57108900889138,4.6272722209951776e-10,0.5417205298807201
UG con Q(N),41.573021586659415,4.626275692189493e-10,0.5428194380786566
UG con Q(N),41.57495416442745,4.6252829888060887e-10,0.5439201564635259
UG con Q(N),41.57688674219549,4.6242940961482984e-10,0.545022689966911
UG con Q(N),41.57881931996353,4.623308999575978e-10,0.5461270435241334
UG con Q(N),41.58075189773157,4.622327684505294e-10,0.547233222074283
UG con Q(N),41.582684475499605,4.621350136408498e-10,0.5483412305602468
UG con Q(N),41.58461705326764,4.620376340813724e-10,0.5494510739287383
UG con Q(N),41.58654963103568,4.6194062833047523e-10,0.5505627571303275
UG con Q(N),41.58848220880372,4.6184399495208106e-10,0.5516762851194696
UG con Q(N),41.590414786571756,4.6174773251563636e-10,0.5527916628545343
UG con Q(N),41.592347364339794,4.616518395960882e-10,0.5539088952978349
UG con Q(N),41.59427994210783,4.6155631477386415e-10,0.5550279874156584
UG con Q(N),41.59621251987588,4.6146115663485145e-10,0.5561489441782973
UG con Q(N),41.598145097643915,4.6136636377037536e-10,0.5572717705600636
UG con Q(N),41.60007767541195,4.6127193477717764e-10,0.5583964715393419
UG con Q(N),41.60201025317999,4.611778682573976e-10,0.5595230520986021
UG con Q(N),41.60394283094803,4.610841628185483e-10,0.5606515172244327
UG con Q(N),41.60587540871607,4.609908170734988e-10,0.5617818719075699
UG con Q(N),41.607807986484104,4.608978296404523e-10,0.5629141211429263
UG con Q(N),41.60974056425214,4.6080519914292446e-10,0.56404826992962
UG con Q(N),41.61167314202018,4.60712924209725e-10,0.5651843232710037
UG con Q(N),41.61360571978822,4.6062100347493593e-10,0.5663222861746933
UG con Q(N),41.615538297556256,4.605294355778913e-10,0.5674621636525973
UG con Q(N),41.617470875324294,4.6043821916315786e-10,0.5686039607209448
UG con Q(N),41.61940345309233,4.6034735288051405e-10,0.5697476824003154
UG con Q(N),41.62133603086037,4.6025683538492967e-10,0.5708933337156672
UG con Q(N),41.62326860862841,4.601666653365467e-10,0.5720409196963657
UG con Q(N),41.62520118639645,4.6007684140065926e-10,0.5731904453762174
UG con Q(N),41.62713376416448,4.599873622476937e-10,0.5743419157934767
UG con Q(N),41.62906634193253,4.598982265531877e-10,0.5754953359909213
UG con Q(N),41.630998919700566,4.598094329977733e-10,0.5766507110158219
UG con Q(N),41.632931497468604,4.5972098026715366e-10,0.5778080459200173
UG con Q(N),41.63486407523664,4.5963286705208676e-10,0.5789673457599219
UG con Q(N),41.63679665300468,4.595450920483636e-10,0.5801286155965586
UG con Q(N),41.63872923077272,4.5945765395679097e-10,0.5812918604955871
UG con Q(N),41.640661808540756,4.5937055148317016e-10,0.5824570855273331
UG con Q(N),41.642594386308794,4.592837833382793e-10,0.5836242957668165
UG con Q(N),41.64452696407683,4.5919734823785255e-10,0.5847934962937797
UG con Q(N),41.64645954184487,4.591112449025629e-10,0.5859646921927169
UG con Q(N),41.64839211961291,4.5902547205800184e-10,0.5871378885529015
UG con Q(N),41.650324697380945,4.589400284346611e-10,0.588313090468416
UG con Q(N),41.65225727514898,4.588549127679129e-10,0.5894903030381792
UG con Q(N),41.65418985291703,4.5877012379799226e-10,0.5906695313659799
UG con Q(N),41.65612243068506,4.586856602699788e-10,0.5918507805604829
UG con Q(N),41.658055008453104,4.5860152093377446e-10,0.5930340557353061
UG con Q(N),41.65998758622114,4.5851770454409067e-10,0.5942193620089872
UG con Q(N),41.66192016398918,4.584342098604251e-10,0.5954067045050604
UG con Q(N),41.66385274175722,4.583510356470451e-10,0.5965960883520631
UG con Q(N),41.665785319525256,4.5826818067296956e-10,0.5977875186835684
UG con Q(N),41.667717897293294,4.5818564371195047e-10,0.5989810006382136
UG con Q(N),41.66965047506133,4.581034235424538e-10,0.6001765393597285
UG con Q(N),41.67158305282937,4.580215189476424e-10,0.6013741399969637
UG con Q(N),41.67351563059741,4.579399287153586e-10,0.6025738077039191
UG con Q(N),41.675448208365445,4.5785865163810314e-10,0.6037755476397719
UG con Q(N),41.67738078613348,4.577776865130216e-10,0.6049793649689055
UG con Q(N),41.67931336390152,4.5769703214188285e-10,0.6061852648609368
UG con Q(N),41.68124594166956,4.5761668733106304e-10,0.6073932524907456
UG con Q(N),41.6831785194376,4.5753665089152805e-10,0.6086033330385021
UG con Q(N),41.685111097205635,4.5745692163881485e-10,0.6098155116896954
UG con Q(N),41.68704367497368,4.57377498393014e-10,0.6110297936351664
UG con Q(N),41.68897625274172,4.572983799787538e-10,0.612246184071118
UG con Q(N),41.690908830509755,4.572195652251803e-10,0.61346468819917
UG con Q(N),41.69284140827779,4.5714105296594186e-10,0.6146853112263697
UG con Q(N),41.69477398604583,4.570628420391714e-10,0.6159080583652244
UG con Q(N),41.69670656381387,4.5698493128746816e-10,0.6171329348337302
UG con Q(N),41.69863914158191,4.56907319557882e-10,0.6183599458553991
UG con Q(N),41.700571719349945,4.568300057018953e-10,0.6195890966592884
UG con Q(N),41.70250429711798,4.5675298857540596e-10,0.6208203924800278
UG con Q(N),41.70443687488602,4.566762670387108e-10,0.6220538385578488
UG con Q(N),41.70636945265406,4.5659983995648887e-10,0.6232894401386118
UG con Q(N),41.7083020304221,4.5652370619778333e-10,0.6245272024738345
UG con Q(N),41.710234608190135,4.564478646359868e-10,0.6257671308207211
UG con Q(N),41.71216718595817,4.5637231414882207e-10,0.627009230442189
UG con Q(N),41.71409976372621,4.5629705361832773e-10,0.6282535066068979
UG con Q(N),41.716032341494255,4.562220819308391e-10,0.6294999645892825
UG con Q(N),41.71796491926229,4.561473979769756e-10,0.6307486096695618
UG con Q(N),41.71989749703033,4.560730006516194e-10,0.6319994471337955
UG con Q(N),41.72183007479837,4.559988888539031e-10,0.6332524822738933
UG con Q(N),41.72376265256641,4.559250614871906e-10,0.6345077203876479
UG con Q(N),41.725695230334445,4.558515174590626e-10,0.6357651667787632
UG con Q(N),41.72762780810248,4.557782556812992e-10,0.6370248267568822
UG con Q(N),41.72956038587052,4.5570527506986534e-10,0.6382867056376155
UG con Q(N),41.73149296363856,4.556325745448919e-10,0.6395508087425694
UG con Q(N),41.733425541406596,4.5556015303066256e-10,0.6408171413993737
UG con Q(N),41.735358119174634,4.5548800945559653e-10,0.6420857089417109
UG con Q(N),41.73729069694267,4.5541614275223254e-10,0.6433565167093429
UG con Q(N),41.73922327471071,4.5534455185721254e-10,0.6446295700481404
UG con Q(N),41.74115585247875,4.5527323571126785e-10,0.6459048743101106
UG con Q(N),41.743088430246786,4.5520219325920067e-10,0.6471824348534254
UG con Q(N),41.74502100801483,4.5513142344987004e-10,0.6484622570424545
UG con Q(N),41.74695358578286,4.550609252361775e-10,0.6497443462477699
UG con Q(N),41.74888616355091,4.5499069757504793e-10,0.6510287078462259
UG con Q(N),41.750818741318945,4.5492073942741716e-10,0.6523153472209213
UG con Q(N),41.75275131908698,4.5485104975821594e-10,0.6536042697612799
UG con Q(N),41.75468389685502,4.547816275363527e-10,0.6548954808630546
UG con Q(N),41.75661647462306,4.547124717347008e-10,0.6561889859283605
UG con Q(N),41.758549052391096,4.5464358133008137e-10,0.6574847903657035
UG con Q(N),41.760481630159134,4.5457495530324866e-10,0.6587828995900082
UG con Q(N),41.76241420792717,4.5450659263887627e-10,0.6600833190226463
UG con Q(N),41.76434678569521,4.5443849232553907e-10,0.6613860540914647
UG con Q(N),41.76627936346325,4.543706533557007e-10,0.6626911102308138
UG con Q(N),41.768211941231286,4.543030747256981e-10,0.6639984928815764
UG con Q(N),41.770144518999324,4.542357554357249e-10,0.665308207491195
UG con Q(N),41.77207709676736,4.541686944898197e-10,0.666620259513701
UG con Q(N),41.7740096745354,4.541018908958478e-10,0.6679346544097424
UG con Q(N),41.77594225230344,4.5403534366548844e-10,0.6692513976466126
UG con Q(N),41.77787483007148,4.539690518142195e-10,0.670570494698283
UG con Q(N),41.77980740783952,4.539030143613039e-10,0.6718919510454129
UG con Q(N),41.78173998560756,4.538372303297734e-10,0.673215772175406
UG con Q(N),41.783672563375596,4.5377169874641455e-10,0.6745419635824201
UG con Q(N),41.785605141143634,4.5370641864175476e-10,0.6758705307674
UG con Q(N),41.78753771891167,4.536413890500472e-10,0.6772014792381058
UG con Q(N),41.78947029667971,4.5357660900925724e-10,0.6785348145091419
UG con Q(N),41.79140287444775,4.5351207756104657e-10,0.6798705421019848
UG con Q(N),41.793335452215786,4.534477937507612e-10,0.6812086675450122
UG con Q(N),41.79526802998382,4.5338375662741434e-10,0.6825491963735305
UG con Q(N),41.79720060775186,4.5331996524367587e-10,0.6838921341298045
UG con Q(N),41.7991331855199,4.5325641865585407e-10,0.6852374863630853
UG con Q(N),41.80106576328794,4.5319311592388525e-10,0.6865852586296388
UG con Q(N),41.802998341055975,4.531300561113173e-10,0.6879354564927743
UG con Q(N),41.80493091882401,4.5306723828529665e-10,0.6892880855228731
UG con Q(N),41.80686349659206,4.5300466151655414e-10,0.6906431512974222
UG con Q(N),41.808796074360096,4.529423248793921e-10,0.6920006594010228
UG con Q(N),41.810728652128134,4.528802274516689e-10,0.6933606154254492
UG con Q(N),41.81266122989617,4.5281836831478563e-10,0.6947230249696569
UG con Q(N),41.81459380766421,4.527567465536741e-10,0.6960878936398165
UG con Q(N),41.81652638543225,4.526953612567803e-10,0.6974552270493428
UG con Q(N),41.818458963200285,4.526342115160533e-10,0.6988250308189231
UG con Q(N),41.82039154096832,4.5257329642693083e-10,0.7001973105765461
UG con Q(N),41.82232411873636,4.5251261508832447e-10,0.7015720719575305
UG con Q(N),41.8242566965044,4.5245216660260883e-10,0.7029493206045537
UG con Q(N),41.82618927427244,4.523919500756055e-10,0.7043290621676814
UG con Q(N),41.828121852040475,4.5233196461657154e-10,0.7057113023043954
UG con Q(N),41.83005442980851,4.522722093381853e-10,0.7070960466796229
UG con Q(N),41.83198700757655,4.52212683356533e-10,0.7084833009657656
UG con Q(N),41.83391958534459,4.521533857910965e-10,0.7098730708427282
UG con Q(N),41.835852163112634,4.5209431576476893e-10,0.7112653619978085
UG con Q(N),41.837784740880664,4.5203547240404355e-10,0.712660180124684
UG con Q(N),41.83971731864871,4.5197685483857206e-10,0.7140575309254764
UG con Q(N),41.84164989641675,4.519184622012971e-10,0.7154574201101396
UG con Q(N),41.843582474184785,4.518602936284968e-10,0.7168598533962713
UG con Q(N),41.84551505195282,4.51802348259771e-10,0.7182648365091168
UG con Q(N),41.84744762972086,4.517446252380308e-10,0.7196723751816017
UG con Q(N),41.8493802074889,4.5168712370948294e-10,0.7210824751543606
UG con Q(N),41.85131278525694,4.5162984282361817e-10,0.722495142175766
UG con Q(N),41.853245363024975,4.515727817331988e-10,0.7239103820019562
UG con Q(N),41.85517794079301,4.515159395942448e-10,0.725328200396864
UG con Q(N),41.85711051856105,4.514593155660218e-10,0.7267486031322447
UG con Q(N),41.85904309632909,4.5140290881102894e-10,0.7281715959877052
UG con Q(N),41.860975674097126,4.513467184949842e-10,0.7295971847507322
UG con Q(N),41.862908251865164,4.512907437868148e-10,0.7310253752167202
UG con Q(N),41.86484082963321,4.512349838586421e-10,0.7324561731890056
UG con Q(N),41.86677340740124,4.51179437885771e-10,0.7338895844788689
UG con Q(N),41.868705985169285,4.5112410504667597e-10,0.7353256149056205
UG con Q(N),41.87063856293732,4.5106898452299064e-10,0.7367642702965562
UG con Q(N),41.87257114070536,4.5101407549949274e-10,0.7382055564870426
UG con Q(N),41.8745037184734,4.509593771640953e-10,0.7396494793205198
UG con Q(N),41.87643629624144,4.5090488870783225e-10,0.7410960446485352
UG con Q(N),41.878368874009475,4.5085060932484565e-10,0.7425452583307711
UG con Q(N),41.88030145177751,4.5079653821237685e-10,0.7439971262350742
UG con Q(N),41.88223402954555,4.5074267457075025e-10,0.7454516542374832
UG con Q(N),41.88416660731359,4.506890176033653e-10,0.7469088482222574
UG con Q(N),41.886099185081626,4.5063556651668177e-10,0.7483687140819054
UG con Q(N),41.888031762849664,4.5058232052020924e-10,0.7498312577172134
UG con Q(N),41.8899643406177,4.505292788264952e-10,0.7512964850372731
UG con Q(N),41.89189691838574,4.504764406511129e-10,0.752764401959511
UG con Q(N),41.89382949615378,4.5042380521264955e-10,0.7542350144097161
UG con Q(N),41.895762073921816,4.503713717326955e-10,0.7557083283220688
UG con Q(N),41.89769465168986,4.503191394358322e-10,0.7571843496391745
UG con Q(N),41.8996272294579,4.502671075496202e-10,0.7586630843120703
UG con Q(N),41.90155980722594,4.5021527530458803e-10,0.7601445383002862
UG con Q(N),41.903492384993974,4.5016364193422084e-10,0.7616287175718516
UG con Q(N),41.90542496276201,4.5011220667494914e-10,0.7631156281033294
UG con Q(N),41.90735754053005,4.500609687661367e-10,0.7646052758798444
UG con Q(N),41.90929011829809,4.5000992745007005e-10,0.7660976668951115
UG con Q(N),41.911222696066126,4.4995908197194714e-10,0.7675928071514645
UG con Q(N),41.913155273834164,4.499084315798653e-10,0.7690907026598844
UG con Q(N),41.9150878516022,4.4985797552481147e-10,0.770591359440028
UG con Q(N),41.91702042937024,4.498077130606496e-10,0.7720947835202562
UG con Q(N),41.91895300713828,4.497576434441106e-10,0.7736009809376623
UG con Q(N),41.920885584906316,4.4970776593478074e-10,0.7751099577381012
UG con Q(N),41.92281816267435,4.4965807979509155e-10,0.7766217199762174
UG con Q(N),41.92475074044239,4.4960858429030743e-10,0.7781362737154733
UG con Q(N),41.926683318210436,4.4955927868851573e-10,0.7796536250281838
UG con Q(N),41.928615895978474,4.4951016226061624e-10,0.7811737799955222
UG con Q(N),41.93054847374651,4.4946123428030974e-10,0.7826967447075823
UG con Q(N),41.93248105151455,4.49412494024087e-10,0.7842225252633848
UG con Q(N),41.93441362928259,4.493639407712185e-10,0.7857511277709107
UG con Q(N),41.936346207050626,4.493155738037444e-10,0.7872825583471311
UG con Q(N),41.938278784818664,4.492673924064622e-10,0.7888168231180348
UG con Q(N),41.9402113625867,4.4921939586691803e-10,0.790353928218657
UG con Q(N),41.94214394035474,4.491715834753949e-10,0.7918938797931083
UG con Q(N),41.94407651812278,4.4912395452490275e-10,0.793436683994603
UG con Q(N),41.946009095890815,4.4907650831116693e-10,0.7949823469854876
UG con Q(N),41.94794167365885,4.4902924413262006e-10,0.7965308749372702
UG con Q(N),41.94987425142689,4.48982161290389e-10,0.7980822740306479
UG con Q(N),41.95180682919493,4.489352590882866e-10,0.7996365504555364
UG con Q(N),41.95373940696297,4.4888853683280003e-10,0.8011937104110984
UG con Q(N),41.95567198473101,4.48841993833081e-10,0.8027537601057781
UG con Q(N),41.95760456249904,4.4879562940093653e-10,0.8043167057573009
UG con Q(N),41.95953714026709,4.48749442850816e-10,0.8058825535927654
UG con Q(N),41.961469718035126,4.487034334998049e-10,0.8074513098485921
UG con Q(N),41.963402295803164,4.4865760066761146e-10,0.8090229807706147
UG con Q(N),41.9653348735712,4.4861194367655796e-10,0.8105975726140806
UG con Q(N),41.96726745133924,4.4856646185157115e-10,0.8121750916436851
UG con Q(N),41.96920002910728,4.4852115452017067e-10,0.8137555441336004
UG con Q(N),41.971132606875315,4.484760210124611e-10,0.8153389363675043
UG con Q(N),41.97306518464335,4.484310606611208e-10,0.8169252746386092
UG con Q(N),41.97499776241139,4.4838627280139166e-10,0.8185145652496905
UG con Q(N),41.97693034017943,4.483416567710711e-10,0.8201068145131156
UG con Q(N),41.97886291794747,4.482972119105004e-10,0.8217020287508735
UG con Q(N),41.980795495715505,4.4825293756255614e-10,0.8233002142946022
UG con Q(N),41.98272807348354,4.482088330726391e-10,0.8249013774856192
UG con Q(N),41.98466065125159,4.4816489778866637e-10,0.826505524674955
UG con Q(N),41.98659322901962,4.48121131061061e-10,0.8281126622233534
UG con Q(N),41.98852580678766,4.4807753224274134e-10,0.8297227965013652
UG con Q(N),41.9904583845557,4.4803410068911255e-10,0.8313359338892938
UG con Q(N),41.99239096232374,4.4799083575805785e-10,0.8329520807772905
UG con Q(N),41.99432354009178,4.4794773680992725e-10,0.8345712435653527
UG con Q(N),41.996256117859815,4.479048032075288e-10,0.8361934286633597
UG con Q(N),41.99818869562785,4.47862034316119e-10,0.837818642491101
UG con Q(N),42.00012127339589,4.4781942950339473e-10,0.8394468914783063
UG con Q(N),42.00205385116393,4.4777698813948206e-10,0.8410781820646737
UG con Q(N),42.00398642893197,4.477347095969274e-10,0.8427125206998992
UG con Q(N),42.005919006700005,4.476925932506894e-10,0.8443499138437063
UG con Q(N),42.00785158446804,4.476506384781275e-10,0.845990367965874
UG con Q(N),42.00978416223608,4.476088446589952e-10,0.8476338895462673
UG con Q(N),42.01171674000412,4.475672111754292e-10,0.8492804850748655
UG con Q(N),42.013649317772156,4.475257374119402e-10,0.8509301610517918
UG con Q(N),42.015581895540194,4.474844227554051e-10,0.8525829239873421
UG con Q(N),42.01751447330824,4.474432665950564e-10,0.8542387804020215
UG con Q(N),42.01944705107628,4.4740226832247457e-10,0.8558977368265478
UG con Q(N),42.021379628844315,4.473614273315776e-10,0.8575597998019182
UG con Q(N),42.02331220661235,4.473207430186124e-10,0.8592249758794144
UG con Q(N),42.02524478438039,4.4728021478214736e-10,0.8608932716206372
UG con Q(N),42.02717736214843,4.4723984202306107e-10,0.8625646935975372
UG con Q(N),42.02910993991647,4.471996241445352e-10,0.864239248392443
UG con Q(N),42.031042517684504,4.4715956055204394e-10,0.8659169425980913
UG con Q(N),42.03297509545254,4.4711965065334767e-10,0.8675977828176563
UG con Q(N),42.03490767322058,4.470798938584816e-10,0.869281775664779
UG con Q(N),42.03684025098862,4.4704028957974845e-10,0.8709689277635972
UG con Q(N),42.038772828756656,4.470008372317091e-10,0.8726592457487743
UG con Q(N),42.040705406524694,4.4696153623117463e-10,0.8743527362655296
UG con Q(N),42.04263798429273,4.4692238599719665e-10,0.8760494059696674
UG con Q(N),42.04457056206077,4.4688338595105876e-10,0.8777492615276072
UG con Q(N),42.046503139828815,4.468445355162694e-10,0.879452309616419
UG con Q(N),42.04843571759685,4.4680583411855126e-10,0.8811585569238284
UG con Q(N),42.05036829536489,4.467672811858335e-10,0.8828680101482838
UG con Q(N),42.05230087313293,4.467288761482439e-10,0.8845806759989607
UG con Q(N),42.054233450900966,4.466906184380996e-10,0.8862965611957988
UG con Q(N),42.056166028669004,4.46652507489899e-10,0.8880156724695306
UG con Q(N),42.05809860643704,4.46614542740312e-10,0.8897380165617119
UG con Q(N),42.06003118420508,4.465767236281744e-10,0.8914636002247516
UG con Q(N),42.06196376197312,4.4653904959447625e-10,0.8931924302219417
UG con Q(N),42.063896339741156,4.465015200823558e-10,0.8949245133274869
UG con Q(N),42.065828917509194,4.4646413453709116e-10,0.8966598563265351
UG con Q(N),42.06776149527723,4.4642689240608914e-10,0.8983984660152067
UG con Q(N),42.06969407304527,4.4638979313888127e-10,0.9001403492006254
UG con Q(N),42.07162665081331,4.46352836187112e-10,0.9018855127009477
UG con Q(N),42.073559228581345,4.4631602100453255e-10,0.9036339633453935
UG con Q(N),42.07549180634939,4.462793470469915e-10,0.9053857079742821
UG con Q(N),42.07742438411742,4.4624281377242797e-10,0.9071407534390308
UG con Q(N),42.079356961885466,4.4620642064086167e-10,0.9088991066022554
UG con Q(N),42.081289539653504,4.4617016711438597e-10,0.9106607743377105
UG con Q(N),42.08322211742154,4.461340526571602e-10,0.9124257635303908
UG con Q(N),42.08515469518958,4.4609807673540036e-10,0.9141940810765292
UG con Q(N),42.08708727295762,4.4606223881737224e-10,0.9159657338836329
UG con Q(N),42.089019850725656,4.460265383733824e-10,0.9177407288705148
UG con Q(N),42.090952428493694,4.4599097487577094e-10,0.9195190729673235
UG con Q(N),42.09288500626173,4.459555477989037e-10,0.9213007731155731
UG con Q(N),42.09481758402977,4.459202566191631e-10,0.9230858362681752
UG con Q(N),42.09675016179781,4.458851008149415e-10,0.9248742693894678
UG con Q(N),42.098682739565845,4.45850079866633e-10,0.926666079455247
UG con Q(N),42.10061531733388,4.458151932566255e-10,0.9284612734527972
UG con Q(N),42.10254789510192,4.4578044046929263e-10,0.9302598583809214
UG con Q(N),42.10448047286996,4.457458209909864e-10,0.9320618412499726
UG con Q(N),42.106413050638,4.4571133431002917e-10,0.9338672290818844
UG con Q(N),42.10834562840604,4.4567697991670554e-10,0.9356760289102075
UG con Q(N),42.11027820617408,4.4564275730325535e-10,0.9374882477801152
UG con Q(N),42.11221078394212,4.456086659638658e-10,0.9393038927484734
UG con Q(N),42.114143361710155,4.4557470539466334e-10,0.9411229708838447
UG con Q(N),42.11607593947819,4.4554087509370655e-10,0.9429454892665267
UG con Q(N),42.11800851724623,4.455071745609779e-10,0.9447714549885823
UG con Q(N),42.11994109501427,4.454736032983769e-10,0.9466008751538711
UG con Q(N),42.12187367278231,4.454401608097116e-10,0.9484337568780804
UG con Q(N),42.123806250550345,4.4540684660069243e-10,0.950270107288756
UG con Q(N),42.12573882831838,4.453736601789228e-10,0.9521099335253336
UG con Q(N),42.12767140608642,4.453406010538934e-10,0.9539532427391699
UG con Q(N),42.12960398385446,4.4530766873697285e-10,0.9558000420935739
UG con Q(N),42.1315365616225,4.452748627414027e-10,0.9576503387638382
UG con Q(N),42.133469139390535,4.452421825822877e-10,0.9595041399372699
UG con Q(N),42.13540171715857,4.452096277765893e-10,0.9613614528132222
UG con Q(N),42.13733429492662,4.451771978431181e-10,0.9632222846031333
UG con Q(N),42.139266872694655,4.4514489230252764e-10,0.9650866425305291
UG con Q(N),42.14119945046269,4.451127106773042e-10,0.966954533831097
UG con Q(N),42.14313202823073,4.4508065249195514e-10,0.9688259657523959
UG con Q(N),42.14506460599877,4.450487172733637e-10,0.970700945553288
UG con Q(N),42.14699718376681,4.450169045496149e-10,0.9725794805057445
UG con Q(N),42.148929761534845,4.449852138505432e-10,0.9744615778940887
UG con Q(N),42.15086233930288,4.4495364470779457e-10,0.9763472450149261
UG con Q(N),42.15279491707092,4.4492219665481763e-10,0.9782364891771753
UG con Q(N),42.15472749483896,4.448908692268565e-10,0.9801293177021001
UG con Q(N),42.156660072606996,4.448596619609448e-10,0.9820257379233396
UG con Q(N),42.158592650375034,4.448285743958978e-10,0.98392575718694
UG con Q(N),42.16052522814307,4.447976060723047e-10,0.9858293828513859
UG con Q(N),42.16245780591111,4.4476675653252267e-10,0.9877366222876313
UG con Q(N),42.16439038367915,4.44736025320669e-10,0.9896474828791312
UG con Q(N),42.16632296144719,4.4470541198261424e-10,0.9915619720218797
UG con Q(N),42.168255539215224,4.4467491606597597e-10,0.9934800971244067
UG con Q(N),42.17018811698327,4.4464453712011045e-10,0.9954018656078859
UG con Q(N),42.17212069475131,4.4461427469610723e-10,0.9973272849060687
UG con Q(N),42.174053272519345,4.445841283467812e-10,0.9992563624653924
UG con Q(N),42.17598585028738,4.4455409762666687e-10,1.0011891057449767
UG con Q(N),42.17791842805542,4.445241820920095e-10,1.0031255222166624
UG con Q(N),42.17985100582346,4.444943813007612e-10,1.0050656193650431
UG con Q(N),42.181783583591496,4.444646948125722e-10,1.0070094046874962
UG con Q(N),42.183716161359534,4.444351221887844e-10,1.0089568856942155
UG con Q(N),42.18564873912757,4.4440566299242587e-10,1.0109080699082418
UG con Q(N),42.18758131689561,4.4437631678820256e-10,1.0128629648654957
UG con Q(N),42.18951389466365,4.44347083142493e-10,1.0148215781148087
UG con Q(N),42.191446472431686,4.443179616233417e-10,1.016783917217955
UG con Q(N),42.193379050199724,4.4428895180045135e-10,1.0187499897496834
UG con Q(N),42.19531162796777,4.44260053245178e-10,1.0207198032977567
UG con Q(N),42.1972442057358,4.44231265530524e-10,1.022693365462947
UG con Q(N),42.199176783503844,4.4420258823113054e-10,1.0246706838591473
UG con Q(N),42.20110936127188,4.4417402092327335e-10,1.0266517661133023
UG con Q(N),42.20304193903992,4.441455631848545e-10,1.0286366198655201
UG con Q(N),42.20497451680796,4.4411721459539666e-10,1.0306252527690674
UG con Q(N),42.206907094575996,4.440889747360372e-10,1.0326176724904097
UG con Q(N),42.208839672344034,4.440608431895215e-10,1.0346138867092427
UG con Q(N),42.21077225011207,4.440328195401969e-10,1.036613903118525
UG con Q(N),42.21270482788011,4.4400490337400647e-10,1.03861772942451
UG con Q(N),42.21463740564815,4.4397709427848255e-10,1.0406253733467776
UG con Q(N),42.216569983416186,4.4394939184274104e-10,1.0426368426182675
UG con Q(N),42.21850256118422,4.439217956574754e-10,1.0446521449853106
UG con Q(N),42.22043513895226,4.4389430531494964e-10,1.046671288207662
UG con Q(N),42.2223677167203,4.438669204089931e-10,1.0486942800585326
UG con Q(N),42.22430029448834,4.4383964053499477e-10,1.0507211283246225
UG con Q(N),42.226232872256375,4.4381246528989564e-10,1.052751840806152
UG con Q(N),42.22816545002442,4.437853942721845e-10,1.0547864253169033
UG con Q(N),42.23009802779246,4.4375842708189153e-10,1.0568248896842214
UG con Q(N),42.232030605560496,4.437315633205817e-10,1.0588672417490932
UG con Q(N),42.233963183328534,4.4370480259134857e-10,1.0609134893661483
UG con Q(N),42.23589576109657,4.4367814449881077e-10,1.062963640403701
UG con Q(N),42.23782833886461,4.436515886491033e-10,1.0650177027437817
UG con Q(N),42.23976091663265,4.4362513464987336e-10,1.0670756842821696
UG con Q(N),42.241693494400685,4.4359878211027406e-10,1.0691375929284261
UG con Q(N),42.24362607216872,4.435725306409588e-10,1.0712034366059278
UG con Q(N),42.24555864993676,4.4354637985407525e-10,1.0732732232518978
UG con Q(N),42.2474912277048,4.435203293632602e-10,1.0753469608174404
UG con Q(N),42.24942380547284,4.4349437878363324e-10,1.0774246572675727
UG con Q(N),42.251356383240875,4.4346852773179103e-10,1.0795063205812583
UG con Q(N),42.25328896100891,4.4344277582580287e-10,1.0815919587514395
UG con Q(N),42.25522153877695,4.4341712268520327e-10,1.0836815797850716
UG con Q(N),42.257154116544996,4.4339156793098784e-10,1.0857751917031622
UG con Q(N),42.259086694313034,4.433661111856069e-10,1.087872802540774
UG con Q(N),42.26101927208107,4.4334075207295977e-10,1.0899744203471053
UG con Q(N),42.26295184984911,4.4331549021839077e-10,1.0920800531854902
UG con Q(N),42.26488442761715,4.432903252486814e-10,1.0941897091334414
UG con Q(N),42.266817005385185,4.432652567920462e-10,1.0963033962826827
UG con Q(N),42.26874958315322,4.432402844781275e-10,1.0984211227391822
UG con Q(N),42.27068216092126,4.432154079379896e-10,1.100542896623186
UG con Q(N),42.2726147386893,4.4319062680411384e-10,1.1026687260692514
UG con Q(N),42.27454731645734,4.431659407103905e-10,1.10479861922628
UG con Q(N),42.276479894225375,4.431413492921186e-10,1.106932584257552
UG con Q(N),42.27841247199341,4.431168521859954e-10,1.1090706293407588
UG con Q(N),42.28034504976145,4.430924490301142e-10,1.1112127626680375
UG con Q(N),42.28227762752949,4.4306813946395805e-10,1.1133589924460037
UG con Q(N),42.284210205297526,4.4304392312839407e-10,1.115509326895785
UG con Q(N),42.28614278306557,4.430197996656685e-10,1.1176637742530642
UG con Q(N),42.2880753608336,4.4299576871940224e-10,1.119822342768071
UG con Q(N),42.29000793860165,4.4297182993458434e-10,1.1219850407057048
UG con Q(N),42.291940516369685,4.4294798295756733e-10,1.124151876345457
UG con Q(N),42.29387309413772,4.429242274360627e-10,1.126322857981532
UG con Q(N),42.29580567190576,4.429005630191337e-10,1.1284979939228417
UG con Q(N),42.2977382496738,4.42876989357193e-10,1.1306772924930462
UG con Q(N),42.29967082744184,4.42853506101995e-10,1.1328607620305897
UG con Q(N),42.301603405209875,4.4283011290663283e-10,1.1350484108887335
UG con Q(N),42.30353598297791,4.42806809425531e-10,1.13724024743559
UG con Q(N),42.30546856074595,4.427835953144429e-10,1.1394362800541566
UG con Q(N),42.30740113851399,4.4276047023044363e-10,1.1416365171423513
UG con Q(N),42.309333716282026,4.427374338319252e-10,1.1438409671130445
UG con Q(N),42.311266294050064,4.427144857785936e-10,1.146049638394096
UG con Q(N),42.3131988718181,4.426916257314605e-10,1.148262539428387
UG con Q(N),42.31513144958615,4.426688533528409e-10,1.1504796786738642
UG con Q(N),42.31706402735418,4.4264616830634714e-10,1.1527010646035325
UG con Q(N),42.31899660512222,4.4262357025688383e-10,1.1549267057055796
UG con Q(N),42.32092918289026,4.4260105887064325e-10,1.1571566104832958
UG con Q(N),42.3228617606583,4.425786338150998e-10,1.159390787455199
UG con Q(N),42.32479433842634,4.425562947590065e-10,1.161629245155028
UG con Q(N),42.326726916194374,4.4253404137238825e-10,1.1638719921317855
UG con Q(N),42.32865949396241,4.425118733265382e-10,1.1661190369497727
UG con Q(N),42.33059207173045,4.4248979029401296e-10,1.1683703881886236
UG con Q(N),42.33252464949849,4.4246779194862665e-10,1.170626054443341
UG con Q(N),42.334457227266526,4.4244587796544734e-10,1.1728860443243296
UG con Q(N),42.336389805034564,4.424240480207913e-10,1.1751503664574328
UG con Q(N),42.3383223828026,4.4240230179221853e-10,1.1774190294839655
UG con Q(N),42.34025496057064,4.42380638958529e-10,1.1796920420607508
UG con Q(N),42.34218753833868,4.423590591997554e-10,1.1819694128601548
UG con Q(N),42.344120116106716,4.4233756219716136e-10,1.18425115057012
UG con Q(N),42.34605269387475,4.4231614763323396e-10,1.1865372638942033
UG con Q(N),42.3479852716428,4.4229481519168093e-10,1.1888277615516163
UG con Q(N),42.349917849410836,4.4227356455742603e-10,1.1911226522772294
UG con Q(N),42.351850427178874,4.4225239541660266e-10,1.1934219448216563
UG con Q(N),42.35378300494691,4.4223130745655e-10,1.1957256479512566
UG con Q(N),42.35571558271495,4.422103003658094e-10,1.198033770448178
UG con Q(N),42.35764816048299,4.421893738341182e-10,1.2003463211103933
UG con Q(N),42.359580738251026,4.4216852755240674e-10,1.2026633087517349
UG con Q(N),42.361513316019064,4.421477612127911e-10,1.2049847422019306
UG con Q(N),42.3634458937871,4.421270745085714e-10,1.2073106303066397
UG con Q(N),42.36537847155514,4.421064671342259e-10,1.2096409819274874
UG con Q(N),42.36731104932318,4.4208593878540586e-10,1.2119758059421013
UG con Q(N),42.369243627091215,4.42065489158932e-10,1.2143151112441473
UG con Q(N),42.37117620485925,4.4204511795278937e-10,1.2166589067433644
UG con Q(N),42.37310878262729,4.420248248661234e-10,1.2190072013656015
UG con Q(N),42.37504136039533,4.4200460959923423e-10,1.2213600040528532
UG con Q(N),42.376973938163374,4.4198447185357337e-10,1.223717323763303
UG con Q(N),42.37890651593141,4.419644113317387e-10,1.2260791694713267
UG con Q(N),42.38083909369945,4.419444277374698e-10,1.228445550167579
UG con Q(N),42.38277167146749,4.4192452077564404e-10,1.2308164748589951
UG con Q(N),42.384704249235526,4.419046901522715e-10,1.2331919525688357
UG con Q(N),42.386636827003564,4.4188493557449073e-10,1.2355719923367232
UG con Q(N),42.3885694047716,4.418652567505643e-10,1.2379566032186777
UG con Q(N),42.39050198253964,4.418456533898754e-10,1.2403457942871539
UG con Q(N),42.39243456030768,4.4182612520292123e-10,1.2427395746310763
UG con Q(N),42.394367138075715,4.4180667190131026e-10,1.2451379533558766
UG con Q(N),42.39629971584375,4.417872931977573e-10,1.2475409395835297
UG con Q(N),42.39823229361179,4.4176798880607956e-10,1.2499485424525902
UG con Q(N),42.40016487137983,4.4174875844119153e-10,1.2523607711182294
UG con Q(N),42.40209744914787,4.417296018191012e-10,1.2547776347522708
UG con Q(N),42.404030026915905,4.417105186569059e-10,1.257199142543228
UG con Q(N),42.40596260468395,4.416915086727871e-10,1.2596253036963496
UG con Q(N),42.40789518245198,4.416725715860071e-10,1.2620561274336115
UG con Q(N),42.409827760220026,4.4165370711690313e-10,1.2644916229938523
UG con Q(N),42.41176033798806,4.4163491498688513e-10,1.266931799632684
UG con Q(N),42.4136929157561,4.416161949184309e-10,1.2693766666226285
UG con Q(N),42.41562549352414,4.4159754663508024e-10,1.2718262332531096
UG con Q(N),42.41755807129218,4.41578969861432e-10,1.274280508830498
UG con Q(N),42.419490649060215,4.415604643231401e-10,1.2767395026781498
UG con Q(N),42.42142322682825,4.4154202974690905e-10,1.279203224136443
UG con Q(N),42.42335580459629,4.4152366586048857e-10,1.281671682562814
UG con Q(N),42.42528838236433,4.415053723926705e-10,1.2841448873317964
UG con Q(N),42.42722096013237,4.4148714907328543e-10,1.2866228478350565
UG con Q(N),42.429153537900405,4.414689956331962e-10,1.2891055734814323
UG con Q(N),42.43108611566844,4.4145091180429493e-10,1.2915930736969703
UG con Q(N),42.43301869343648,4.4143289731949976e-10,1.2940853579249623
UG con Q(N),42.43495127120452,4.4141495191274867e-10,1.296582435625984
UG con Q(N),42.436883848972556,4.4139707531899687e-10,1.2990843162779326
UG con Q(N),42.4388164267406,4.413792672742126e-10,1.301591009376072
UG con Q(N),42.44074900450864,4.413615275153713e-10,1.3041025244330364
UG con Q(N),42.44268158227668,4.413438557804538e-10,1.3066188709789202
UG con Q(N),42.444614160044715,4.4132625180844053e-10,1.3091400585612818
UG con Q(N),42.44654673781275,4.4130871533930816e-10,1.3116660967451894
UG con Q(N),42.44847931558079,4.4129124611402503e-10,1.3141969951132584
UG con Q(N),42.45041189334883,4.4127384387454745e-10,1.3167327632656904
UG con Q(N),42.45234447111687,4.412565083638154e-10,1.3192734108203112
UG con Q(N),42.454277048884904,4.4123923932574895e-10,1.3218189474126083
UG con Q(N),42.45620962665294,4.412220365052425e-10,1.3243693826957688
UG con Q(N),42.45814220442098,4.412048996481634e-10,1.3269247263407196
UG con Q(N),42.46007478218902,4.4118782850134514e-10,1.3294849880361634
UG con Q(N),42.462007359957056,4.411708228125855e-10,1.3320501774886178
UG con Q(N),42.463939937725094,4.4115388233064113e-10,1.3346203044224543
UG con Q(N),42.46587251549313,4.411370068052243e-10,1.3371953785799362
UG con Q(N),42.46780509326118,4.411201959871571e-10,1.3397754097212704
UG con Q(N),42.469737671029215,4.4110344962917195e-10,1.3423604076245994
UG con Q(N),42.47167024879725,4.410867674841365e-10,1.344950382086047
UG con Q(N),42.47360282656529,4.4107014930567447e-10,1.34754534291977
UG con Q(N),42.47553540433333,4.4105359484836004e-10,1.3501452999580132
UG con Q(N),42.477467982101366,4.4103710386771437e-10,1.3527502630511483
UG con Q(N),42.479400559869404,4.410206761202015e-10,1.3553602420677122
UG con Q(N),42.48133313763744,4.410043113632251e-10,1.3579752468944455
UG con Q(N),42.48326571540548,4.409880093551228e-10,1.3605952874363314
UG con Q(N),42.48519829317352,4.4097176985516435e-10,1.3632203736166348
UG con Q(N),42.487130870941556,4.409555926235468e-10,1.365850515376941
UG con Q(N),42.489063448709594,4.409394774213899e-10,1.3684857226771934
UG con Q(N),42.49099602647763,4.4092342401073373e-10,1.3711260054957348
UG con Q(N),42.49292860424567,4.409074321545343e-10,1.3737713738293447
UG con Q(N),42.49486118201371,4.408915016166599e-10,1.376421837693279
UG con Q(N),42.49679375978175,4.4087563216188694e-10,1.3790774071213192
UG con Q(N),42.49872633754978,4.408598235558967e-10,1.381738092165762
UG con Q(N),42.50065891531783,4.4084407556527197e-10,1.3844039028975677
UG con Q(N),42.502591493085866,4.4082838795749206e-10,1.3870748494062604
UG con Q(N),42.504524070853904,4.4081276050093106e-10,1.3897509418000775
UG con Q(N),42.50645664862194,4.407971929648527e-10,1.3924321902059589
UG con Q(N),42.50838922638998,4.4078168511940705e-10,1.3951186047695967
UG con Q(N),42.51032180415802,4.407662367356281e-10,1.3978101956554747
UG con Q(N),42.512254381926056,4.4075084758542874e-10,1.400506973046909
UG con Q(N),42.514186959694094,4.4073551744159733e-10,1.403208947146087
UG con Q(N),42.51611953746213,4.4072024607779613e-10,1.4059161281741066
UG con Q(N),42.51805211523017,4.407050332685551e-10,1.4086285263710185
UG con Q(N),42.51998469299821,4.406898787892704e-10,1.4113461519958643
UG con Q(N),42.521917270766245,4.406747824162003e-10,1.4140690153267164
UG con Q(N),42.52384984853428,4.406597439264612e-10,1.4167971266607198
UG con Q(N),42.52578242630233,4.4064476309802574e-10,1.419530496314141
UG con Q(N),42.52771500407036,4.4062983970971753e-10,1.422269134622359
UG con Q(N),42.529647581838404,4.4061497354120963e-10,1.4250130519400153
UG con Q(N),42.53158015960644,4.406001643730202e-10,1.4277622586409142
UG con Q(N),42.53351273737448,4.405854119865084e-10,1.4305167651181743
UG con Q(N),42.53544531514252,4.405707161638734e-10,1.4332765817842177
UG con Q(N),42.537377892910555,4.4055607668814904e-10,1.436041719070822
UG con Q(N),42.53931047067859,4.4054149334320097e-10,1.4388121874291595
UG con Q(N),42.54124304844663,4.405269659137245e-10,1.4415879973298404
UG con Q(N),42.54317562621467,4.4051249418523993e-10,1.4443691592629508
UG con Q(N),42.54510820398271,4.404980779440903e-10,1.4471556837380957
UG con Q(N),42.547040781750745,4.4048371697743824e-10,1.4499475812844391
UG con Q(N),42.54897335951878,4.4046941107326166e-10,1.4527448624507457
UG con Q(N),42.55090593728682,4.404551600203518e-10,1.4555475378054217
UG con Q(N),42.55283851505486,4.404409636083102e-10,1.4583556179365553
UG con Q(N),42.5547710928229,4.404268216275445e-10,1.4611691134519598
UG con Q(N),42.556703670590935,4.404127338692656e-10,1.4639880349792131
UG con Q(N),42.55863624835898,4.4039870012548614e-10,1.4668123931657109
UG con Q(N),42.56056882612702,4.4038472018901503e-10,1.4696421986786659
UG con Q(N),42.562501403895055,4.403707938534557e-10,1.4724774622052115
UG con Q(N),42.56443398166309,4.4035692091320357e-10,1.4753181944524032
UG con Q(N),42.56636655943113,4.403431011634414e-10,1.4781644061472692
UG con Q(N),42.56829913719917,4.40329334400138e-10,1.481016108036853
UG con Q(N),42.57023171496721,4.403156204200443e-10,1.483873310888255
UG con Q(N),42.572164292735245,4.403019590206904e-10,1.4867360254886748
UG con Q(N),42.57409687050328,4.4028835000038265e-10,1.4896042626454529
UG con Q(N),42.57602944827132,4.402747931582014e-10,1.4924780331861125
UG con Q(N),42.57796202603936,4.4026128829399644e-10,1.4953573479584026
UG con Q(N),42.579894603807396,4.402478352083858e-10,1.4982422178303394
UG con Q(N),42.581827181575434,4.4023443370275224e-10,1.5011326536902483
UG con Q(N),42.58375975934347,4.402210835792395e-10,1.5040286664468079
UG con Q(N),42.58569233711151,4.402077846407511e-10,1.50693026702909
UG con Q(N),42.587624914879555,4.4019453669094545e-10,1.5098374663866156
UG con Q(N),42.58955749264759,4.401813395342352e-10,1.512750275489352
UG con Q(N),42.59149007041563,4.401681929757823e-10,1.5156687053278215
UG con Q(N),42.59342264818367,4.401550968214966e-10,1.5185927669131007
UG con Q(N),42.59535522595171,4.4014205087803234e-10,1.5215224712768742
UG con Q(N),42.597287803719745,4.4012905495278545e-10,1.5244578294714768
UG con Q(N),42.59922038148778,4.4011610885389154e-10,1.5273988525699373
UG con Q(N),42.60115295925582,4.401032123902212e-10,1.5303455516660214
UG con Q(N),42.60308553702386,4.4009036537137933e-10,1.5332979378742742
UG con Q(N),42.605018114791896,4.400775676077014e-10,1.5362560223300634
UG con Q(N),42.606950692559934,4.4006481891025044e-10,1.539219816189624
UG con Q(N),42.60888327032797,4.4005211909081433e-10,1.5421893306300996
UG con Q(N),42.61081584809601,4.4003946796190434e-10,1.5451645768495865
UG con Q(N),42.61274842586405,4.4002686533675073e-10,1.548145566067178
UG con Q(N),42.614681003632086,4.400143110293009e-10,1.5511323095230067
UG con Q(N),42.61661358140013,4.40001804854216e-10,1.5541248184783003
UG con Q(N),42.61854615916816,4.3998934662687e-10,1.5571231042153686
UG con Q(N),42.62047873693621,4.3997693616334465e-10,1.5601271780377701
UG con Q(N),42.622411314704244,4.39964573280428e-10,1.5631370512702008
UG con Q(N),42.62434389247228,4.3995225779561227e-10,1.5661527352586588
UG con Q(N),42.62627647024032,4.3993998952709034e-10,1.5691742413704346
UG con Q(N),42.62820904800836,4.399277682937528e-10,1.5722015809941643
UG con Q(N),42.630141625776396,4.3991559391518643e-10,1.5752347655398755
UG con Q(N),42.632074203544434,4.399034662116712e-10,1.5782738064390298
UG con Q(N),42.63400678131247,4.398913850041765e-10,1.5813187151445691
UG con Q(N),42.63593935908051,4.398793501143607e-10,1.5843695031309575
UG con Q(N),42.63787193684855,4.398673613645666e-10,1.587426181894228
UG con Q(N),42.639804514616586,4.398554185778194e-10,1.5904887629520248
UG con Q(N),42.64173709238462,4.3984352157782444e-10,1.5935572578436505
UG con Q(N),42.64366967015266,4.3983167018896534e-10,1.5966316781301078
UG con Q(N),42.645602247920706,4.3981986423629904e-10,1.5997120353941574
UG con Q(N),42.64753482568874,4.3980810354555617e-10,1.602798341240306
UG con Q(N),42.64946740345678,4.397963879431358e-10,1.6058906072949752
UG con Q(N),42.65139998122482,4.3978471725610536e-10,1.6089888452063876
UG con Q(N),42.65333255899286,4.397730913121961e-10,1.6120930666447377
UG con Q(N),42.655265136760896,4.3976150993980167e-10,1.615203283302179
UG con Q(N),42.657197714528934,4.3974997296797535e-10,1.6183195068928806
UG con Q(N),42.65913029229697,4.397384802264275e-10,1.6214417491530733
UG con Q(N),42.66106287006501,4.397270315455224e-10,1.6245700218410941
UG con Q(N),42.66299544783305,4.397156267562777e-10,1.627704336737432
UG con Q(N),42.664928025601085,4.397042656903595e-10,1.6308447056447728
UG con Q(N),42.66686060336912,4.3969294818008087e-10,1.6339911403880458
UG con Q(N),42.66879318113716,4.396816740584003e-10,1.6371436528144683
UG con Q(N),42.6707257589052,4.3967044315891796e-10,1.6403022547935908
UG con Q(N),42.67265833667324,4.396592553158733e-10,1.643466958217345
UG con Q(N),42.674590914441275,4.396481103641437e-10,1.646637775000087
UG con Q(N),42.67652349220931,4.396370081392406e-10,1.649814717078645
UG con Q(N),42.67845606997736,4.3962594847730764e-10,1.6529977964123757
UG con Q(N),42.680388647745396,4.3961493121511895e-10,1.656187024983165
UG con Q(N),42.682321225513434,4.396039561900751e-10,1.6593824147955425
UG con Q(N),42.68425380328147,4.3959302324020237e-10,1.6625839778766824
UG con Q(N),42.68618638104951,4.3958213220414907e-10,1.6657917262764605
UG con Q(N),42.68811895881755,4.395712829211838e-10,1.6690056720675015
UG con Q(N),42.690051536585585,4.3956047523119267e-10,1.6722258273452242
UG con Q(N),42.69198411435362,4.39549708974677e-10,1.6754522042278888
UG con Q(N),42.69391669212166,4.3953898399275064e-10,1.6786848148566436
UG con Q(N),42.6958492698897,4.3952830012713886e-10,1.6819236713955708
UG con Q(N),42.69778184765774,4.395176572201737e-10,1.685168786031734
UG con Q(N),42.699714425425775,4.3950705511479326e-10,1.6884201709752245
UG con Q(N),42.70164700319381,4.3949649365453953e-10,1.6916778384592084
UG con Q(N),42.70357958096185,4.3948597268355417e-10,1.6949418007399737
UG con Q(N),42.70551215872989,4.3947549204657805e-10,1.698212070096977
UG con Q(N),42.70744473649793,4.394650515889478e-10,1.7014886588329028
UG con Q(N),42.70937731426597,4.3945465115659366e-10,1.704771579273662
UG con Q(N),42.71130989203401,4.394442905960379e-10,1.708060843768512
UG con Q(N),42.71324246980205,4.394339697543907e-10,1.711356464690056
UG con Q(N),42.715175047570085,4.3942368847934964e-10,1.714658454434302
UG con Q(N),42.71710762533812,4.394134466191961e-10,1.71796682542071
UG con Q(N),42.71904020310616,4.3940324402279326e-10,1.72128159009224
UG con Q(N),42.7209727808742,4.393930805395842e-10,1.7246027609153998
UG con Q(N),42.72290535864224,4.393829560195891e-10,1.727930350380292
UG con Q(N),42.724837936410275,4.393728703134025e-10,1.7312643710006625
UG con Q(N),42.72677051417831,4.393628232721925e-10,1.7346048353139478
UG con Q(N),42.72870309194635,4.39352814747696e-10,1.7379517558813233
UG con Q(N),42.73063566971439,4.3934284459221853e-10,1.7413051452877513
UG con Q(N),42.732568247482426,4.3933291265863103e-10,1.744665016142028
UG con Q(N),42.734500825250464,4.393230188003676e-10,1.748031381076834
UG con Q(N),42.73643340301851,4.393131628714231e-10,1.7514042527487923
UG con Q(N),42.73836598078654,4.393033447263509e-10,1.7547836438384563
UG con Q(N),42.740298558554585,4.392935642202608e-10,1.7581695670504942
UG con Q(N),42.74223113632262,4.3928382120881586e-10,1.7615620351135632
UG con Q(N),42.74416371409066,4.392741155482317e-10,1.7649610607804957
UG con Q(N),42.7460962918587,4.392644470952724e-10,1.7683666568282843
UG con Q(N),42.74802886962674,4.392548157072493e-10,1.7717788360581443
UG con Q(N),42.749961447394774,4.392452212420186e-10,1.7751976112955623
UG con Q(N),42.75189402516281,4.392356635579781e-10,1.7786229953903439
UG con Q(N),42.75382660293085,4.39226142514067e-10,1.7820550012166636
UG con Q(N),42.75575918069889,4.39216657969761e-10,1.7854936416731138
UG con Q(N),42.757691758466926,4.392072097850717e-10,1.7889389296827536
UG con Q(N),42.759624336234964,4.3919779782054407e-10,1.792390878193158
UG con Q(N),42.761556914003,4.3918842193725405e-10,1.7958495001764667
UG con Q(N),42.76348949177104,4.3917908199680584e-10,1.7993148086294344
UG con Q(N),42.76542206953908,4.3916977786132985e-10,1.8027868165734797
UG con Q(N),42.767354647307116,4.3916050939348104e-10,1.806265537054734
UG con Q(N),42.76928722507516,4.391512764564359e-10,1.8097509831441043
UG con Q(N),42.7712198028432,4.391420789138905e-10,1.813243167937272
UG con Q(N),42.773152380611236,4.391329166300577e-10,1.8167421045548189
UG con Q(N),42.775084958379274,4.39123789469666e-10,1.8202478061422256
UG con Q(N),42.77701753614731,4.3911469729795585e-10,1.8237602858699347
UG con Q(N),42.77895011391535,4.391056399806787e-10,1.8272795569334006
UG con Q(N),42.78088269168339,4.3909661738409384e-10,1.830805632553139
UG con Q(N),42.782815269451426,4.390876293749666e-10,1.8343385259747775
UG con Q(N),42.784747847219464,4.390786758205651e-10,1.8378782504691058
UG con Q(N),42.7866804249875,4.3906975658866035e-10,1.8414248193321252
UG con Q(N),42.78861300275554,4.390608715475208e-10,1.8449782458850998
UG con Q(N),42.79054558052358,4.3905202056591303e-10,1.8485385434746069
UG con Q(N),42.792478158291615,4.3904320351309743e-10,1.8521057254725863
UG con Q(N),42.79441073605965,4.390344202588268e-10,1.8556798052763925
UG con Q(N),42.79634331382769,4.390256706733443e-10,1.8592607963088437
UG con Q(N),42.798275891595736,4.390169546273802e-10,1.8628487120182868
UG con Q(N),42.800208469363774,4.39008271992367e-10,1.8664435658788725
UG con Q(N),42.80214104713181,4.389996226412754e-10,1.8700453713917529
UG con Q(N),42.80407362489985,4.389910064466081e-10,1.8736541420825021
UG con Q(N),42.80600620266789,4.389824232811746e-10,1.8772698915021941
UG con Q(N),42.807938780435926,4.3897387301827794e-10,1.8808926332276985
UG con Q(N),42.809871358203964,4.389653555317119e-10,1.8845223808617295
UG con Q(N),42.811803935972,4.3895687069575926e-10,1.8881591480328994
UG con Q(N),42.81373651374004,4.3894841838518934e-10,1.8918029483957683
UG con Q(N),42.81566909150808,4.389399984752552e-10,1.8954537956308966
UG con Q(N),42.817601669276115,4.3893161084169307e-10,1.8991117034448968
UG con Q(N),42.81953424704415,4.3892325536071847e-10,1.9027766855704844
UG con Q(N),42.82146682481219,4.389149319090254e-10,1.9064487557665304
UG con Q(N),42.82339940258023,4.3890664036378324e-10,1.9101279278181138
UG con Q(N),42.82533198034827,4.3889838060263626e-10,1.9138142155365723
UG con Q(N),42.82726455811631,4.3889015250369897e-10,1.9175076327595695
UG con Q(N),42.82919713588434,4.388819559455568e-10,1.9212081933510785
UG con Q(N),42.83112971365239,4.388737908072624e-10,1.924915911201584
UG con Q(N),42.833062291420426,4.3886565696833426e-10,1.9286308002279446
UG con Q(N),42.83499486918846,4.388575543087544e-10,1.9323528743735952
UG con Q(N),42.8369274469565,4.388494827089673e-10,1.9360821476085313
UG con Q(N),42.83886002472454,4.388414420498761e-10,1.939818633929376
UG con Q(N),42.84079260249258,4.388334322128428e-10,1.9435623473594321
UG con Q(N),42.842725180260615,4.388254530796847e-10,1.9473133019487368
UG con Q(N),42.84465775802865,4.388175045326737e-10,1.9510715117741133
UG con Q(N),42.84659033579669,4.3880958645453385e-10,1.954836990939225
UG con Q(N),42.84852291356473,4.3880169872843894e-10,1.958609753574628
UG con Q(N),42.85045549133277,4.387938412380117e-10,1.9623898138378266
UG con Q(N),42.852388069100805,4.3878601386732186e-10,1.9661771859133244
UG con Q(N),42.85432064686884,4.3877821650088274e-10,1.9699718840126799
UG con Q(N),42.85625322463689,4.3877044902365185e-10,1.9737739223745734
UG con Q(N),42.85818580240492,4.387627113210273e-10,1.977583315264792
UG con Q(N),42.86011838017296,4.3875500327884676e-10,1.9814000769764362
UG con Q(N),42.862050957941,4.387473247833856e-10,1.9852242218297795
UG con Q(N),42.86398353570904,4.3873967572135456e-10,1.9890557641724755
UG con Q(N),42.86591611347708,4.3873205597989935e-10,1.9928947183795438
UG con Q(N),42.867848691245115,4.3872446544659734e-10,1.9967410988534366
UG con Q(N),42.86978126901315,4.3871690400945745e-10,2.000594920024095
UG con Q(N),42.87171384678119,4.3870937155691636e-10,2.004456196349003
UG con Q(N),42.87364642454923,4.3870186797783943e-10,2.0083249423132425
UG con Q(N),42.87557900231727,4.386943931615167e-10,2.012201172429548
UG con Q(N),42.877511580085304,4.3868694699766227e-10,2.0160849012383615
UG con Q(N),42.87944415785334,4.38679529376413e-10,2.019976143307889
UG con Q(N),42.88137673562138,4.3867214018832583e-10,2.0238749132341534
UG con Q(N),42.88330931338942,4.3866477932437734e-10,2.027781225641053
UG con Q(N),42.885241891157456,4.386574466759605e-10,2.0316950951804142
UG con Q(N),42.887174468925494,4.386501421348852e-10,2.0356165365320487
UG con Q(N),42.88910704669354,4.386428655933753e-10,2.0395455644038227
UG con Q(N),42.89103962446158,4.386356169440664e-10,2.043482193531655
UG con Q(N),42.892972202229615,4.3862839608000604e-10,2.047426438679662
UG con Q(N),42.89490477999765,4.386212028946503e-10,2.0513783146401523
UG con Q(N),42.89683735776569,4.3861403728186445e-10,2.055337836233699
UG con Q(N),42.89876993553373,4.3860689913591854e-10,2.059305018309197
UG con Q(N),42.900702513301766,4.3859978835148866e-10,2.063279875743917
UG con Q(N),42.902635091069804,4.3859270482365356e-10,2.0672624234435646
UG con Q(N),42.90456766883784,4.3858564844789344e-10,2.0712526763423353
UG con Q(N),42.90650024660588,4.385786191200891e-10,2.0752506494029705
UG con Q(N),42.90843282437392,4.3857161673652014e-10,2.079256357616817
UG con Q(N),42.910365402141956,4.385646411938633e-10,2.0832698160038814
UG con Q(N),42.912297979909994,4.385576923891906e-10,2.087291039612887
UG con Q(N),42.91423055767803,4.385507702199688e-10,2.0913200435213346
UG con Q(N),42.91616313544607,4.3854387458405705e-10,2.0953568428355536
UG con Q(N),42.918095713214115,4.3853700537970575e-10,2.0994014526907803
UG con Q(N),42.92002829098215,4.385301625055554e-10,2.103453888251152
UG con Q(N),42.92196086875019,4.3852334586063496e-10,2.107514164709856
UG con Q(N),42.92389344651823,4.385165553443596e-10,2.111582297289126
UG con Q(N),42.925826024286266,4.3850979085653055e-10,2.115658301240316
UG con Q(N),42.927758602054304,4.3850305229733314e-10,2.119742191843958
UG con Q(N),42.92969117982234,4.3849633956733503e-10,2.123833984409819
UG con Q(N),42.93162375759038,4.3848965256748486e-10,2.1279336942769604
UG con Q(N),42.93355633535842,4.3848299119911157e-10,2.1320413368137965
UG con Q(N),42.935488913126456,4.384763553639224e-10,2.1361569274181513
UG con Q(N),42.937421490894494,4.3846974496400135e-10,2.1402804815173173
UG con Q(N),42.93935406866253,4.38463159901808e-10,2.1444120145681156
UG con Q(N),42.94128664643057,4.384566000801755e-10,2.148551542056953
UG con Q(N),42.94321922419861,4.3845006540231144e-10,2.1526990794998806
UG con Q(N),42.945151801966645,4.3844355577179364e-10,2.1568546424426542
UG con Q(N),42.94708437973469,4.3843707109256953e-10,2.161018246460807
UG con Q(N),42.94901695750272,4.384306112689566e-10,2.165189907159633
UG con Q(N),42.950949535270766,4.384241762056385e-10,2.169369640174415
UG con Q(N),42.952882113038804,4.3841776580766555e-10,2.1735574611702675
UG con Q(N),42.95481469080684,4.384113799804518e-10,2.177753385842368
UG con Q(N),42.95674726857488,4.3840501862977597e-10,2.181957429915936
UG con Q(N),42.95867984634292,4.383986816617769e-10,2.1861696091463116
UG con Q(N),42.960612424110955,4.383923689829558e-10,2.1903899393190125
UG con Q(N),42.96254500187899,4.3838608050017123e-10,2.1946184362497956
UG con Q(N),42.96447757964703,4.3837981612064133e-10,2.198855115784716
UG con Q(N),42.96641015741507,4.3837357575194007e-10,2.203099993800187
UG con Q(N),42.96834273518311,4.383673593019963e-10,2.207353086203041
UG con Q(N),42.970275312951145,4.383611666790934e-10,2.21161440893059
UG con Q(N),42.97220789071918,4.383549977918675e-10,2.215883977950684
UG con Q(N),42.97414046848722,4.3834885254930477e-10,2.2201618092617736
UG con Q(N),42.976073046255266,4.3834273086074256e-10,2.2244479188929867
UG con Q(N),42.9780056240233,4.3833663263586695e-10,2.2287423229041075
UG con Q(N),42.97993820179134,4.3833055778471017e-10,2.2330450373858137
UG con Q(N),42.98187077955938,4.383245062176518e-10,2.237356078459516
UG con Q(N),42.98380335732742,4.3831847784541525e-10,2.2416754622775907
UG con Q(N),42.985735935095455,4.3831247257906824e-10,2.246003205023365
UG con Q(N),42.98766851286349,4.383064903300194e-10,2.2503393229111914
UG con Q(N),42.98960109063153,4.383005310100196e-10,2.254683832186511
UG con Q(N),42.99153366839957,4.3829459453115815e-10,2.259036749125914
UG con Q(N),42.99346624616761,4.382886808058639e-10,2.263398090037201
UG con Q(N),42.995398823935645,4.3828278974690117e-10,2.267767871259445
UG con Q(N),42.99733140170368,4.3827692126737066e-10,2.2721461091630544
UG con Q(N),42.99926397947172,4.382710752807085e-10,2.276532820149833
UG con Q(N),43.00119655723976,4.3826525170068185e-10,2.2809280206530427
UG con Q(N),43.003129135007796,4.382594504413918e-10,2.2853317271374656
UG con Q(N),43.005061712775834,4.382536714172687e-10,2.2897439560994672
UG con Q(N),43.00699429054387,4.3824791454307316e-10,2.2941647240670577
UG con Q(N),43.00892686831192,4.3824217973389266e-10,2.29859404759997
UG con Q(N),43.010859446079955,4.3823646690514284e-10,2.3030319432896595
UG con Q(N),43.01279202384799,4.3823077597256333e-10,2.3074784277594618
UG con Q(N),43.01472460161603,4.382251068522198e-10,2.3119335176645914
UG con Q(N),43.01665717938407,4.3821945946049883e-10,2.3163972296922224
UG con Q(N),43.01858975715211,4.382138337141099e-10,2.3208695805615487
UG con Q(N),43.020522334920145,4.3820822953008325e-10,2.3253505870238493
UG con Q(N),43.02245491268818,4.382026468257674e-10,2.32984026586255
UG con Q(N),43.02438749045622,4.38197085518829e-10,2.334338633893288
UG con Q(N),43.02632006822426,4.381915455272513e-10,2.3388457079639737
UG con Q(N),43.028252645992296,4.381860267693334e-10,2.3433615049548564
UG con Q(N),43.030185223760334,4.3818052916368784e-10,2.3478860417785863
UG con Q(N),43.03211780152837,4.3817505262923985e-10,2.3524193353802776
UG con Q(N),43.03405037929641,4.3816959708522715e-10,2.356961402737575
UG con Q(N),43.03598295706445,4.381641624511971e-10,2.361512260860715
UG con Q(N),43.03791553483249,4.38158748647006e-10,2.366071926792608
UG con Q(N),43.03984811260053,4.381533555928181e-10,2.3706404176088354
UG con Q(N),43.04178069036857,4.381479832091044e-10,2.3752177504178134
UG con Q(N),43.04371326813661,4.3814263141664066e-10,2.379803942360792
UG con Q(N),43.045645845904644,4.3813730013650695e-10,2.3843990106119355
UG con Q(N),43.04757842367268,4.3813198929008577e-10,2.3890029723783854
UG con Q(N),43.04951100144072,4.381266987990618e-10,2.3936158449003293
UG con Q(N),43.05144357920876,4.381214285854187e-10,2.3982376454510606
UG con Q(N),43.053376156976796,4.381161785714402e-10,2.402868391337047
UG con Q(N),43.055308734744834,4.381109486797068e-10,2.407508099897994
UG con Q(N),43.05724131251287,4.381057388330961e-10,2.4121567885069117
UG con Q(N),43.05917389028091,4.3810054895478035e-10,2.4168144745701765
UG con Q(N),43.06110646804895,4.3809537896822594e-10,2.421481175527601
UG con Q(N),43.063039045816986,4.3809022879719153e-10,2.4261569088524952
UG con Q(N),43.06497162358502,4.380850983657274e-10,2.430841692051736
UG con Q(N),43.06690420135307,4.3807998759817346e-10,2.4355355426658463
UG con Q(N),43.0688367791211,4.3807489641915977e-10,2.4402384782689777
UG con Q(N),43.070769356889144,4.380698247536019e-10,2.444950516469164
UG con Q(N),43.07270193465718,4.380647725267024e-10,2.4496716749081457
UG con Q(N),43.07463451242522,4.380597396639497e-10,2.4544019712616296
UG con Q(N),43.07656709019326,4.380547260911147e-10,2.459141423239262
UG con Q(N),43.078499667961296,4.380497317342512e-10,2.4638900485847186
UG con Q(N),43.080432245729334,4.380447565196945e-10,2.468647865075767
UG con Q(N),43.08236482349737,4.3803980037405935e-10,2.473414890524335
UG con Q(N),43.08429740126541,4.3803486322423906e-10,2.478191142776577
UG con Q(N),43.08622997903345,4.3802994499740436e-10,2.4829766397129402
UG con Q(N),43.088162556801485,4.380250456210018e-10,2.4877713992482318
UG con Q(N),43.09009513456952,4.38020165022753e-10,2.4925754393316857
UG con Q(N),43.09202771233756,4.380153031306532e-10,2.49738877794703
UG con Q(N),43.0939602901056,4.3801045987296915e-10,2.502211433112554
UG con Q(N),43.09589286787364,4.380056351782386e-10,2.5070434228811744
UG con Q(N),43.097825445641675,4.3800082897526944e-10,2.5118847653405054
UG con Q(N),43.09975802340972,4.379960411931373e-10,2.5167354786129406
UG con Q(N),43.10169060117776,4.379912717611856e-10,2.521595580855652
UG con Q(N),43.103623178945796,4.3798652060902244e-10,2.5264650902607624
UG con Q(N),43.105555756713834,4.379817876665209e-10,2.5313440250553443
UG con Q(N),43.10748833448187,4.3797707286381736e-10,2.536232403501504
UG con Q(N),43.10942091224991,4.379723761313093e-10,2.5411302438964496
UG con Q(N),43.11135349001795,4.3796769739965577e-10,2.54603756457256
UG con Q(N),43.113286067785985,4.379630365997741e-10,2.5509543838974524
UG con Q(N),43.11521864555402,4.379583936628403e-10,2.555880720274051
UG con Q(N),43.11715122332206,4.379537685202865e-10,2.560816592140655
UG con Q(N),43.1190838010901,4.3794916110380026e-10,2.565762017971009
UG con Q(N),43.12101637885814,4.3794457134532286e-10,2.5707170162743673
UG con Q(N),43.122948956626175,4.3793999917704854e-10,2.5756816055955682
UG con Q(N),43.12488153439421,4.379354445314233e-10,2.5806558045150987
UG con Q(N),43.12681411216225,4.3793090734114257e-10,2.5856396316491654
UG con Q(N),43.128746689930296,4.3792638753915097e-10,2.5906331056497813
UG con Q(N),43.13067926769833,4.3792188505864e-10,2.5956362452047617
UG con Q(N),43.13261184546637,4.3791739983304747e-10,2.6006490690379036
UG con Q(N),43.13454442323441,4.379129317961271e-10,2.60567159590916
UG con Q(N),43.13647700100245,4.379084808830172e-10,2.610703844617429
UG con Q(N),43.138409578770485,4.379040470284295e-10,2.615745833996061
UG con Q(N),43.14034215653852,4.3789963016692356e-10,2.6207975829136254
UG con Q(N),43.14227473430656,4.378952302333158e-10,2.625859110275014
UG con Q(N),43.1442073120746,4.378908471626777e-10,2.6309304350215093
UG con Q(N),43.14613988984264,4.378864808903334e-10,2.6360115761308562
UG con Q(N),43.148072467610675,4.3788213135186016e-10,2.6411025526173324
UG con Q(N),43.15000504537871,4.3787779848308596e-10,2.646203383531818
UG con Q(N),43.15193762314675,4.378734822200886e-10,2.651314087961869
UG con Q(N),43.15387020091479,4.3786918249919457e-10,2.6564346850317855
UG con Q(N),43.155802778682826,4.3786489925697735e-10,2.661565193902685
UG con Q(N),43.15773535645087,4.378606324302568e-10,2.666705633772591
UG con Q(N),43.1596679342189,4.3785638195609777e-10,2.671856023876413
UG con Q(N),43.16160051198695,4.3785214777180834e-10,2.677016383486222
UG con Q(N),43.163533089754985,4.3784792981493966e-10,2.6821867319110613
UG con Q(N),43.16546566752302,4.3784372802328435e-10,2.6873670884972247
UG con Q(N),43.16739824529106,4.378395423348749e-10,2.6925574726282355
UG con Q(N),43.1693308230591,4.3783537268798344e-10,2.697757903724935
UG con Q(N),43.17126340082714,4.378312190211201e-10,2.7029684012455597
UG con Q(N),43.173195978595174,4.378270812730318e-10,2.708188984685809
UG con Q(N),43.17512855636321,4.3782295938270116e-10,2.713419673578922
UG con Q(N),43.17706113413125,4.3781885328934646e-10,2.718660487495747
UG con Q(N),43.17899371189929,4.378147629324192e-10,2.723911446044819
UG con Q(N),43.180926289667326,4.3781068825160326e-10,2.729172568872429
UG con Q(N),43.182858867435364,4.378066291868151e-10,2.7344438756626994
UG con Q(N),43.1847914452034,4.3780258567820126e-10,2.739725386137657
UG con Q(N),43.18672402297145,4.377985576661388e-10,2.745017120057328
UG con Q(N),43.18865660073948,4.377945450912321e-10,2.7503190972197116
UG con Q(N),43.19058917850752,4.3779054789431447e-10,2.7556313374610713
UG con Q(N),43.19252175627556,4.3778656601644543e-10,2.760953860655735
UG con Q(N),43.1944543340436,4.377825993989109e-10,2.766286686716383
UG con Q(N),43.196386911811636,4.377786479832207e-10,2.7716298355940276
UG con Q(N),43.198319489579674,4.3777471171110956e-10,2.7769833272781055
UG con Q(N),43.20025206734771,4.3777079052453423e-10,2.7823471817965526
UG con Q(N),43.20218464511575,4.377668843656744e-10,2.7877214192158806
UG con Q(N),43.20411722288379,4.3776299317693007e-10,2.7931060596412505
UG con Q(N),43.206049800651826,4.3775911690092245e-10,2.7985011232165493
UG con Q(N),43.207982378419864,4.37755255480491e-10,2.803906630124465
UG con Q(N),43.2099149561879,4.3775140885869495e-10,2.8093226005865626
UG con Q(N),43.21184753395594,4.3774757697881007e-10,2.81474905486336
UG con Q(N),43.21378011172398,4.3774375978432923e-10,2.8201860132544034
UG con Q(N),43.215712689492015,4.377399572189614e-10,2.8256334960983436
UG con Q(N),43.21764526726005,4.3773616922663026e-10,2.8310915237730145
UG con Q(N),43.2195778450281,4.377323957514733e-10,2.8365601166955257
UG con Q(N),43.221510422796136,4.3772863673784274e-10,2.842039295322263
UG con Q(N),43.223443000564174,4.37724892130302e-10,2.8475290801490822
UG con Q(N),43.22537557833221,4.3772116187362686e-10,2.8530294917113084
UG con Q(N),43.22730815610025,4.3771744591280384e-10,2.8585405505838324
UG con Q(N),43.22924073386829,4.377137441930294e-10,2.864062277381187
UG con Q(N),43.231173311636326,4.3771005665970933e-10,2.8695946927576257
UG con Q(N),43.233105889404364,4.377063832584582e-10,2.8751378174071998
UG con Q(N),43.2350384671724,4.377027239350982e-10,2.8806916720638367
UG con Q(N),43.23697104494044,4.376990786356584e-10,2.886256277501417
UG con Q(N),43.23890362270848,4.3769544730637406e-10,2.8918316545338527
UG con Q(N),43.240836200476515,4.3769182989368584e-10,2.897417824015167
UG con Q(N),43.24276877824455,4.3768822634423913e-10,2.90301480683957
UG con Q(N),43.24470135601259,4.376846366048828e-10,2.9086226239415396
UG con Q(N),43.24663393378063,4.376810606226698e-10,2.9142412962958995
UG con Q(N),43.248566511548674,4.3767749834485446e-10,2.9198708449179183
UG con Q(N),43.25049908931671,4.376739497188931e-10,2.925511290863306
UG con Q(N),43.25243166708475,4.3767041469244353e-10,2.9311626552284173
UG con Q(N),43.25436424485279,4.376668932133628e-10,2.9368249591502495
UG con Q(N),43.256296822620826,4.376633852297082e-10,2.94249822380654
UG con Q(N),43.25822940038886,4.376598906897352e-10,2.9481824704158486
UG con Q(N),43.2601619781569,4.376564095418978e-10,2.953877720237635
UG con Q(N),43.26209455592494,4.3765294173484683e-10,2.959583994572342
UG con Q(N),43.26402713369298,4.376494872174301e-10,2.965301314761472
UG con Q(N),43.265959711461015,4.3764604593869096e-10,2.9710297021876695
UG con Q(N),43.26789228922905,4.376426178478683e-10,2.9767691782748
UG con Q(N),43.26982486699709,4.376392028943956e-10,2.982519764488033
UG con Q(N),43.27175744476513,4.376358010278994e-10,2.9882814823339205
UG con Q(N),43.27369002253317,4.376324121982006e-10,2.994054353360479
UG con Q(N),43.275622600301205,4.3762903635531084e-10,2.99983839915727
UG con Q(N),43.27755517806925,4.3762567344943514e-10,3.0056336413555034
UG con Q(N),43.27948775583728,4.3762232343096835e-10,3.0114401016280103
UG con Q(N),43.281420333605325,4.376189862504962e-10,3.0172578016895626
UG con Q(N),43.28335291137336,4.376156618587944e-10,3.023086763296652
UG con Q(N),43.2852854891414,4.376123502068272e-10,3.0289270082478095
UG con Q(N),43.28721806690944,4.3760905124574725e-10,3.03477855838358
UG con Q(N),43.28915064467748,4.376057649268949e-10,3.040641435586624
UG con Q(N),43.291083222445515,4.376024912017977e-10,3.0465156617818034
UG con Q(N),43.29301580021355,4.375992300221692e-10,3.05240125893626
UG con Q(N),43.29494837798159,4.375959813399088e-10,3.058298249059502
UG con Q(N),43.29688095574963,4.3759274510710067e-10,3.0642066542034834
UG con Q(N),43.29881353351767,4.3758952127601385e-10,3.0701264964626884
UG con Q(N),43.300746111285704,4.3758630979910015e-10,3.0760577979742156
UG con Q(N),43.30267868905374,4.3758311062899564e-10,3.082000580917859
UG con Q(N),43.30461126682178,4.3757992371851704e-10,3.087954867516193
UG con Q(N),43.306543844589825,4.3757674902066417e-10,3.0939206800346764
UG con Q(N),43.308476422357856,4.375735864886177e-10,3.0998980407816292
UG con Q(N),43.3104090001259,4.3757043607573804e-10,3.1058869721085545
UG con Q(N),43.31234157789394,4.375672977355653e-10,3.111887496409917
UG con Q(N),43.31427415566198,4.375641714218195e-10,3.117899636123469
UG con Q(N),43.316206733430015,4.3756105708839844e-10,3.123923413730223
UG con Q(N),43.31813931119805,4.375579546893774e-10,3.12995885175456
UG con Q(N),43.32007188896609,4.375548641790096e-10,3.136005972764315
UG con Q(N),43.32200446673413,4.3755178551172344e-10,3.142064799370857
UG con Q(N),43.323937044502166,4.3754871864212434e-10,3.148135354229181
UG con Q(N),43.325869622270204,4.3754566352499255e-10,3.154217660037987
UG con Q(N),43.32780220003824,4.3754262011528195e-10,3.1603117395397677
UG con Q(N),43.32973477780628,4.37539588368121e-10,3.166417615520894
UG con Q(N),43.33166735557432,4.375365682388111e-10,3.1725353108117007
UG con Q(N),43.333599933342356,4.3753355968282646e-10,3.178664848286571
UG con Q(N),43.335532511110394,4.3753056265581225e-10,3.184806250864024
UG con Q(N),43.33746508887843,4.3752757711358614e-10,3.190959541506799
UG con Q(N),43.33939766664648,4.3752460301213495e-10,3.197124743221965
UG con Q(N),43.341330244414515,4.37521640307616e-10,3.203301879060917
UG con Q(N),43.34326282218255,4.3751868895635626e-10,3.2094909721195988
UG con Q(N),43.34519539995059,4.3751574891485044e-10,3.215692045538496
UG con Q(N),43.34712797771863,4.3751282013976134e-10,3.2219051225027484
UG con Q(N),43.349060555486666,4.3750990258791917e-10,3.2281302262422362
UG con Q(N),43.350993133254704,4.3750699621632047e-10,3.2343673800316672
UG con Q(N),43.35292571102274,4.375041009821277e-10,3.2406166071906632
UG con Q(N),43.35485828879078,4.3750121684266907e-10,3.246877931083847
UG con Q(N),43.35679086655882,4.374983437554361e-10,3.2531513751209324
UG con Q(N),43.358723444326856,4.374954816780855e-10,3.2594369627568094
UG con Q(N),43.360656022094894,4.3749263056843633e-10,3.265734717491633
UG con Q(N),43.36258859986293,4.374897903844709e-10,3.2720446628709103
UG con Q(N),43.36452117763097,4.3748696108433226e-10,3.278366822485591
UG con Q(N),43.36645375539901,4.374841426263257e-10,3.2847012199721526
UG con Q(N),43.36838633316705,4.374813349689163e-10,3.2910478790127136
UG con Q(N),43.37031891093509,4.3747853807072973e-10,3.29740682333503
UG con Q(N),43.37225148870313,4.3747575189054963e-10,3.303778076712722
UG con Q(N),43.374184066471166,4.3747297638731947e-10,3.31016166296527
UG con Q(N),43.376116644239204,4.374702115201391e-10,3.3165576059581285
UG con Q(N),43.37804922200724,4.374674572482668e-10,3.3229659296028125
UG con Q(N),43.37998179977528,4.3746471353111575e-10,3.3293866578569893
UG con Q(N),43.38191437754332,4.3746198032825607e-10,3.3358198147245677
UG con Q(N),43.383846955311355,4.374592575994122e-10,3.3422654242557863
UG con Q(N),43.38577953307939,4.3745654530446303e-10,3.3487235105473037
UG con Q(N),43.38771211084743,4.3745384340344127e-10,3.3551940977422903
UG con Q(N),43.38964468861547,4.37451151856532e-10,3.361677210030515
UG con Q(N),43.39157726638351,4.3744847062407265e-10,3.368172871648439
UG con Q(N),43.393509844151545,4.374457996665526e-10,3.3746811068793034
UG con Q(N),43.39544242191958,4.374431389446115e-10,3.381201940053222
UG con Q(N),43.39737499968763,4.3744048841903875e-10,3.3877353955472933
UG con Q(N),43.39930757745566,4.3743784805077373e-10,3.394281497785574
UG con Q(N),43.401240155223704,4.374352178009041e-10,3.4008402712394328
UG con Q(N),43.40317273299174,4.3743259763066574e-10,3.4074117404273054
UG con Q(N),43.40510531075978,4.37429987501441e-10,3.41399592991505
UG con Q(N),43.40703788852782,4.374273873747589e-10,3.4205928643159194
UG con Q(N),43.408970466295855,4.3742479721229463e-10,3.427202568290675
UG con Q(N),43.41090304406389,4.3742221697586794e-10,3.43382506654768
UG con Q(N),43.41283562183193,4.374196466274428e-10,3.440460383842991
UG con Q(N),43.41476819959997,4.374170861291264e-10,3.4471085449804493
UG con Q(N),43.41670077736801,4.3741453544316933e-10,3.4537695748117745
UG con Q(N),43.418633355136045,4.3741199453196336e-10,3.460443498236655
UG con Q(N),43.42056593290408,4.374094633580425e-10,3.467130340202842
UG con Q(N),43.42249851067212,4.3740694188408e-10,3.4738301257062414
UG con Q(N),43.42443108844016,4.374044300728901e-10,3.4805428797910065
UG con Q(N),43.426363666208196,4.374019278874247e-10,3.4872686275496325
UG con Q(N),43.428296243976234,4.3739943529077495e-10,3.494007394123046
UG con Q(N),43.43022882174428,4.37396952246169e-10,3.500759204700728
UG con Q(N),43.43216139951232,4.373944787169716e-10,3.5075240845207034
UG con Q(N),43.434093977280355,4.373920146666837e-10,3.5143020588697853
UG con Q(N),43.43602655504839,4.3738956005894084e-10,3.5210931530835716
UG con Q(N),43.43795913281643,4.373871148575133e-10,3.527897392546559
UG con Q(N),43.43989171058447,4.3738467902630446e-10,3.5347148026922413
UG con Q(N),43.44182428835251,4.373822525293509e-10,3.541545409003201
UG con Q(N),43.443756866120545,4.373798353308211e-10,3.548389237011204
UG con Q(N),43.44568944388858,4.373774273950144e-10,3.5552463122972946
UG con Q(N),43.44762202165662,4.373750286863605e-10,3.56211666049189
UG con Q(N),43.44955459942466,4.3737263916941904e-10,3.5690003072748753
UG con Q(N),43.451487177192696,4.3737025880887784e-10,3.575897278375696
UG con Q(N),43.453419754960734,4.3736788756955323e-10,3.5828075995734574
UG con Q(N),43.45535233272877,4.3736552541638853e-10,3.5897312966970154
UG con Q(N),43.45728491049681,4.373631723144528e-10,3.5966683956250733
UG con Q(N),43.459217488264855,4.3736082822894107e-10,3.603618922286305
UG con Q(N),43.46115006603289,4.373584931251729e-10,3.6105829026593455
UG con Q(N),43.46308264380093,4.3735616696859195e-10,3.6175603627730406
UG con Q(N),43.46501522156897,4.3735384972476416e-10,3.624551328706441
UG con Q(N),43.46694779933701,4.37351541359378e-10,3.631555826588925
UG con Q(N),43.468880377105044,4.3734924183824355e-10,3.6385738826002925
UG con Q(N),43.47081295487308,4.3734695112764115e-10,3.6456055229722373
UG con Q(N),43.47274553264112,4.373446691949092e-10,3.6526507739907683
UG con Q(N),43.47467811040916,4.3734239600646056e-10,3.659709661988522
UG con Q(N),43.476610688177196,4.37340131528739e-10,3.666782213348609
UG con Q(N),43.478543265945234,4.37337875728322e-10,3.6738684545051155
UG con Q(N),43.48047584371327,4.373356285719204e-10,3.680968411943204
UG con Q(N),43.48240842148131,4.3733339002637593e-10,3.6880821121992104
UG con Q(N),43.48434099924935,4.373311600586628e-10,3.695209581860741
UG con Q(N),43.486273577017386,4.373289386358851e-10,3.7023508475667732
UG con Q(N),43.48820615478543,4.373267257252767e-10,3.709505936007778
UG con Q(N),43.49013873255346,4.3732452129420034e-10,3.7166748739256894
UG con Q(N),43.492071310321506,4.3732232531014694e-10,3.723857688114293
UG con Q(N),43.494003888089544,4.3732013774073467e-10,3.731054405418954
UG con Q(N),43.49593646585758,4.373179585537088e-10,3.7382650527370096
UG con Q(N),43.49786904362562,4.373157877169399e-10,3.7454896570177363
UG con Q(N),43.49980162139366,4.373136251984249e-10,3.7527282452624764
UG con Q(N),43.501734199161696,4.3731147096628385e-10,3.7599808445247365
UG con Q(N),43.503666776929734,4.3730932498876157e-10,3.7672474819102906
UG con Q(N),43.50559935469777,4.3730718723422614e-10,3.7745281845772793
UG con Q(N),43.50753193246581,4.373050576711674e-10,3.781822979736311
UG con Q(N),43.50946451023385,4.3730293626819844e-10,3.7891318946505637
UG con Q(N),43.511397088001885,4.3730082299405215e-10,3.796454956635885
UG con Q(N),43.51332966576992,4.372987178175834e-10,3.8037921930608953
UG con Q(N),43.51526224353796,4.372966207077663e-10,3.811143631347089
UG con Q(N),43.517194821306006,4.3729453163369454e-10,3.818509298968964
UG con Q(N),43.51912739907404,4.3729245056458065e-10,3.8258892234539874
UG con Q(N),43.52105997684208,4.372903774697556e-10,3.833283432382998
UG con Q(N),43.52299255461012,4.3728831231866823e-10,3.8406919533899284
UG con Q(N),43.52492513237816,4.3728625508088427e-10,3.8481148141622064
UG con Q(N),43.526857710146196,4.37284205726086e-10,3.8555520424407215
UG con Q(N),43.528790287914234,4.372821642240713e-10,3.863003666019959
UG con Q(N),43.53072286568227,4.3728013054475517e-10,3.8704697127481
UG con Q(N),43.53265544345031,4.3727810465816575e-10,3.877950210527126
UG con Q(N),43.53458802121835,4.372760865344469e-10,3.885445187312926
UG con Q(N),43.536520598986385,4.372740761438559e-10,3.8929546711153957
UG con Q(N),43.53845317675442,4.372720734567637e-10,3.900478689998547
UG con Q(N),43.54038575452246,4.372700784436543e-10,3.90801727208061
UG con Q(N),43.5423183322905,4.372680910751238e-10,3.915570445534139
UG con Q(N),43.54425091005854,4.3726611132188086e-10,3.9231382385861178
UG con Q(N),43.54618348782658,4.372641391547454e-10,3.930720679518092
UG con Q(N),43.54811606559461,4.3726217454464857e-10,3.9383177966661367
UG con Q(N),43.55004864336266,4.372602174626324e-10,3.945929618421269
UG con Q(N),43.55198122113069,4.3725826787984835e-10,3.9535561732291336
UG con Q(N),43.55391379889873,4.372563257675582e-10,3.96119748959056
UG con Q(N),43.55584637666677,4.372543910971334e-10,3.968853596061245
UG con Q(N),43.55777895443481,4.372524638400532e-10,3.976524521252172
UG con Q(N),43.55971153220285,4.372505439679065e-10,3.9842102938295745
UG con Q(N),43.561644109970885,4.3724863145238974e-10,3.991910942515072
UG con Q(N),43.56357668773892,4.3724672626530676e-10,3.99962649608578
UG con Q(N),43.56550926550696,4.3724482837856893e-10,4.0073569833744145
UG con Q(N),43.567441843275,4.3724293776419444e-10,4.015102433269401
UG con Q(N),43.56937442104304,4.3724105439430783e-10,4.022862874714985
UG con Q(N),43.571306998811075,4.3723917824113965e-10,4.030638336711336
UG con Q(N),43.57323957657911,4.3723730927702646e-10,4.03842884831466
UG con Q(N),43.57517215434716,4.3723544747440917e-10,4.046234438637335
UG con Q(N),43.57710473211519,4.3723359280583507e-10,4.054055136847877
UG con Q(N),43.57903730988323,4.3723174524395424e-10,4.061890972171365
UG con Q(N),43.580969887651264,4.372299047615224e-10,4.06974197388912
UG con Q(N),43.58290246541931,4.372280713313982e-10,4.077608171339276
UG con Q(N),43.58483504318735,4.372262449265441e-10,4.085489593916453
UG con Q(N),43.586767620955385,4.372244255200251e-10,4.093386271072191
UG con Q(N),43.58870019872342,4.3722261308500945e-10,4.101298232314913
UG con Q(N),43.59063277649146,4.3722080759476734e-10,4.109225507210063
UG con Q(N),43.5925653542595,4.3721900902267184e-10,4.117168125380217
UG con Q(N),43.59449793202754,4.372172173421962e-10,4.1251261165052
UG con Q(N),43.596430509795574,4.3721543252691634e-10,4.133099510322188
UG con Q(N),43.59836308756361,4.3721365455050797e-10,4.141088336625826
UG con Q(N),43.60029566533165,4.3721188338674883e-10,4.149092625268338
UG con Q(N),43.60222824309969,4.372101190095155e-10,4.157112406159639
UG con Q(N),43.604160820867726,4.372083613927852e-10,4.165147709267445
UG con Q(N),43.606093398635764,4.372066105106351e-10,4.17319856461739
UG con Q(N),43.60802597640381,4.3720486633724113e-10,4.181265002293164
UG con Q(N),43.60995855417184,4.3720312884687816e-10,4.189347052436478
UG con Q(N),43.611891131939885,4.372013980139203e-10,4.197444745247506
UG con Q(N),43.61382370970792,4.3719967381283866e-10,4.205558110984582
UG con Q(N),43.61575628747596,4.3719795621820387e-10,4.213687179964636
UG con Q(N),43.617688865244,4.371962452046833e-10,4.221831982563166
UG con Q(N),43.619621443012036,4.371945407470419e-10,4.2299925492143755
UG con Q(N),43.621554020780074,4.371928428201413e-10,4.23816891041129
UG con Q(N),43.62348659854811,4.371911513989406e-10,4.246361096705875
UG con Q(N),43.62541917631615,4.3718946645849443e-10,4.254569138709142
UG con Q(N),43.62735175408419,4.3718778797395385e-10,4.2627930670912715
UG con Q(N),43.629284331852226,4.3718611592056535e-10,4.271032912581725
UG con Q(N),43.631216909620264,4.371844502736716e-10,4.279288705969358
UG con Q(N),43.6331494873883,4.3718279100870923e-10,4.287560478102539
UG con Q(N),43.63508206515634,4.3718113810121067e-10,4.295848259889263
UG con Q(N),43.637014642924385,4.3717949152680153e-10,4.304152082297301
UG con Q(N),43.638947220692415,4.3717785126120334e-10,4.312471976354155
UG con Q(N),43.64087979846046,4.3717621728022994e-10,4.320807973147523
UG con Q(N),43.6428123762285,4.371745895597889e-10,4.329160103824977
UG con Q(N),43.644744953996536,4.3717296807588147e-10,4.33752839959442
UG con Q(N),43.646677531764574,4.3717135280460133e-10,4.345912891724051
UG con Q(N),43.64861010953261,4.3716974372213463e-10,4.354313611542513
UG con Q(N),43.65054268730065,4.3716814080476044e-10,4.362730590439007
UG con Q(N),43.65247526506869,4.371665440288489e-10,4.3711638598634135
UG con Q(N),43.654407842836726,4.371649533708616e-10,4.379613451326406
UG con Q(N),43.656340420604764,4.3716336880735195e-10,4.388079396399574
UG con Q(N),43.6582729983728,4.3716179031496404e-10,4.3965617267155395
UG con Q(N),43.66020557614084,4.371602178704323e-10,4.405060473968072
UG con Q(N),43.66213815390888,4.371586514505819e-10,4.413575669912213
UG con Q(N),43.664070731676915,4.371570910323271e-10,4.422107346364388
UG con Q(N),43.66600330944496,4.3715553659267266e-10,4.430655535202567
UG con Q(N),43.66793588721299,4.371539881087119e-10,4.439220268366216
UG con Q(N),43.669868464981036,4.3715244555762744e-10,4.447801577856767
UG con Q(N),43.67180104274907,4.371509089166903e-10,4.456399495737269
UG con Q(N),43.67373362051711,4.3714937816325953e-10,4.465014054133006
UG con Q(N),43.67566619828515,4.3714785327478263e-10,4.473645285231148
UG con Q(N),43.67759877605319,4.3714633422879407e-10,4.4822932212812185
UG con Q(N),43.679531353821226,4.3714482100291557e-10,4.490957894595055
UG con Q(N),43.68146393158926,4.37143313574856e-10,4.499639337546962
UG con Q(N),43.6833965093573,4.3714181192241086e-10,4.508337582573835
UG con Q(N),43.68532908712534,4.3714031602346133e-10,4.51705266217528
UG con Q(N),43.68726166489338,4.371388258559739e-10,4.52578460891373
UG con Q(N),43.689194242661415,4.3713734139800254e-10,4.534533455414576
UG con Q(N),43.69112682042945,4.37135862627684e-10,4.543299234366282
UG con Q(N),43.69305939819749,4.3713438952324074e-10,4.55208197852051
UG con Q(N),43.694991975965536,4.371329220629799e-10,4.560881720692272
UG con Q(N),43.69692455373357,4.371314602252917e-10,4.569698493759896
UG con Q(N),43.69885713150161,4.3713000398865077e-10,4.578532330665499
UG con Q(N),43.70078970926964,4.371285533316145e-10,4.587383264414625
UG con Q(N),43.70272228703769,4.3712710823282377e-10,4.596251328076895
UG con Q(N),43.704654864805725,4.371256686710006e-10,4.605136554785629
UG con Q(N),43.70658744257376,4.3712423462495076e-10,4.614038977738341
UG con Q(N),43.7085200203418,4.3712280607356093e-10,4.622958630196692
UG con Q(N),43.71045259810984,4.3712138299579876e-10,4.631895545486647
UG con Q(N),43.71238517587788,4.3711996537071333e-10,4.640849756998605
UG con Q(N),43.714317753645915,4.3711855317743435e-10,4.649821298187518
UG con Q(N),43.71625033141395,4.371171463951711e-10,4.658810202573016
UG con Q(N),43.71818290918199,4.3711574500321324e-10,4.667816503739534
UG con Q(N),43.72011548695003,4.371143489809294e-10,4.676840235336436
UG con Q(N),43.72204806471807,4.371129583077671e-10,4.6858814310781405
UG con Q(N),43.723980642486104,4.371115729632529e-10,4.694940124744246
UG con Q(N),43.72591322025414,4.3711019292699015e-10,4.704016350179657
UG con Q(N),43.72784579802219,4.371088181786615e-10,4.713110141294743
UG con Q(N),43.72977837579022,4.3710744869802585e-10,4.722221532065298
UG con Q(N),43.73171095355826,4.371060844649186e-10,4.731350556533033
UG con Q(N),43.7336435313263,4.3710472545925303e-10,4.7404972488052355
UG con Q(N),43.73557610909434,4.371033716610165e-10,4.7496616430552665
UG con Q(N),43.73750868686238,4.371020230502736e-10,4.758843773522514
UG con Q(N),43.739441264630415,4.3710067960716247e-10,4.768043674512563
UG con Q(N),43.74137384239845,4.37099341311897e-10,4.777261380397313
UG con Q(N),43.74330642016649,4.3709800814476463e-10,4.786496925615111
UG con Q(N),43.74523899793453,4.3709668008612663e-10,4.795750344670882
UG con Q(N),43.747171575702566,4.370953571164181e-10,4.805021672136248
UG con Q(N),43.749104153470604,4.3709403921614576e-10,4.814310942649665
UG con Q(N),43.75103673123864,4.370927263658897e-10,4.823618190916548
UG con Q(N),43.75296930900668,4.3709141854630153e-10,4.832943451709401
UG con Q(N),43.75490188677472,4.3709011573810394e-10,4.8422867598679415
UG con Q(N),43.75683446454276,4.3708881792209077e-10,4.851648150299269
UG con Q(N),43.758767042310794,4.3708752507912636e-10,4.861027657977821
UG con Q(N),43.76069962007884,4.370862371901447e-10,4.870425317945879
UG con Q(N),43.76263219784688,4.370849542361495e-10,4.87984116531322
UG con Q(N),43.764564775614915,4.370836761982129e-10,4.889275235257619
UG con Q(N),43.76649735338295,4.370824030574763e-10,4.898727563024816
UG con Q(N),43.76842993115099,4.370811347951483e-10,4.908198183928672
UG con Q(N),43.77036250891903,4.3707987139250525e-10,4.917687133351303
UG con Q(N),43.772295086687066,4.3707861283089e-10,4.927194446743213
UG con Q(N),43.774227664455104,4.370773590917121e-10,4.936720159623421
UG con Q(N),43.77616024222314,4.37076110156447e-10,4.946264307579596
UG con Q(N),43.77809281999118,4.3707486600663495e-10,4.955826926268182
UG con Q(N),43.78002539775922,4.3707362662388173e-10,4.96540805141454
UG con Q(N),43.781957975527256,4.3707239198985707e-10,4.975007718813069
UG con Q(N),43.783890553295294,4.370711620862936e-10,4.984625964327343
UG con Q(N),43.78582313106334,4.370699368949885e-10,4.99426282389028
UG con Q(N),43.78775570883137,4.3706871639780075e-10,5.003918333504096
UG con Q(N),43.789688286599414,4.370675005766512e-10,5.013592529240824
UG con Q(N),43.791620864367445,4.370662894135222e-10,5.0232854472419195
UG con Q(N),43.79355344213549,4.370650828904577e-10,5.0329971237189595
UG con Q(N),43.79548601990353,4.3706388098956103e-10,5.042727594953243
UG con Q(N),43.797418597671566,4.3706268369299606e-10,5.052476897296318
UG con Q(N),43.799351175439604,4.3706149098298547e-10,5.062245067169928
UG con Q(N),43.80128375320764,4.3706030284181025e-10,5.072032141066194
UG con Q(N),43.80321633097568,4.3705911925181e-10,5.081838155547743
UG con Q(N),43.80514890874372,4.3705794019538106e-10,5.0916631472478375
UG con Q(N),43.807081486511755,4.3705676565557703e-10,5.1015071528739435
UG con Q(N),43.80901406427979,4.370555956160535e-10,5.111370209207584
UG con Q(N),43.81094664204783,4.3705443005953993e-10,5.121252353095744
UG con Q(N),43.81287921981587,4.3705326896881663e-10,5.131153621456574
UG con Q(N),43.81481179758391,4.370521123267348e-10,5.141074051279642
UG con Q(N),43.816744375351945,4.370509601162169e-10,5.151013679626069
UG con Q(N),43.81867695311999,4.3704981232025453e-10,5.160972543628707
UG con Q(N),43.82060953088802,4.3704866892190813e-10,5.170950680492085
UG con Q(N),43.822542108656066,4.370475299043078e-10,5.180948127492961
UG con Q(N),43.824474686424104,4.3704639525065116e-10,5.190964921979933
UG con Q(N),43.82640726419214,4.370452649442038e-10,5.2010011013739925
UG con Q(N),43.82833984196018,4.3704413896829827e-10,5.211056703168473
UG con Q(N),43.83027241972822,4.3704301730633357e-10,5.221131764929226
UG con Q(N),43.832204997496255,4.3704189994177487e-10,5.231226324294765
UG con Q(N),43.83413757526429,4.3704078685815325e-10,5.241340418976396
UG con Q(N),43.83607015303233,4.370396780390646e-10,5.251474086758367
UG con Q(N),43.83800273080037,4.3703857346816964e-10,5.261627365498001
UG con Q(N),43.83993530856841,4.370374731291935e-10,5.271800293125839
UG con Q(N),43.841867886336445,4.370363770059248e-10,5.281992907645783
UG con Q(N),43.84380046410448,4.3703528508221525e-10,5.292205247135232
UG con Q(N),43.84573304187252,4.370341973419806e-10,5.302437349745229
UG con Q(N),43.847665619640566,4.3703311376919817e-10,5.312689253700633
UG con Q(N),43.849598197408596,4.3703203434790804e-10,5.322960997300081
UG con Q(N),43.85153077517664,4.37030959062212e-10,5.33325261891654
UG con Q(N),43.85346335294468,4.3702988789627246e-10,5.343564156996922
UG con Q(N),43.85539593071272,4.370288208343141e-10,5.353895650062643
UG con Q(N),43.857328508480755,4.370277578606213e-10,5.364247136709578
UG con Q(N),43.85926108624879,4.3702669895953963e-10,5.37461865560824
UG con Q(N),43.86119366401683,4.370256441154738e-10,5.385010245503925
UG con Q(N),43.86312624178487,4.3702459331288884e-10,5.39542194521686
UG con Q(N),43.86505881955291,4.3702354653630893e-10,5.4058537936423425
UG con Q(N),43.866991397320945,4.3702250377031723e-10,5.416305829750885
UG con Q(N),43.86892397508898,4.370214649995559e-10,5.426778092588365
UG con Q(N),43.87085655285702,4.370204302087252e-10,5.437270621276168
UG con Q(N),43.87278913062506,4.370193993825832e-10,5.44778345501133
UG con Q(N),43.874721708393096,4.37018372505947e-10,5.458316633066691
UG con Q(N),43.87665428616114,4.3701734956369024e-10,5.468870194791071
UG con Q(N),43.87858686392917,4.370163305407444e-10,5.479444179609233
UG con Q(N),43.88051944169722,4.370153154220975e-10,5.490038627022449
UG con Q(N),43.88245201946525,4.370143041927951e-10,5.500653576608067
UG con Q(N),43.88438459723329,4.3701329683793873e-10,5.511289068020283
UG con Q(N),43.88631717500133,4.370122933426862e-10,5.521945140989702
UG con Q(N),43.88824975276937,4.370112936922521e-10,5.532621835323919
UG con Q(N),43.89018233053741,4.3701029787190604e-10,5.543319190907467
UG con Q(N),43.892114908305444,4.370093058669736e-10,5.554037247702011
UG con Q(N),43.89404748607348,4.370083176628357e-10,5.564776045746491
UG con Q(N),43.89598006384152,4.3700733324492813e-10,5.575535625157278
UG con Q(N),43.89791264160956,4.37006352598742e-10,5.586316026128321
UG con Q(N),43.899845219377596,4.3700537570982343e-10,5.597117288931296
UG con Q(N),43.901777797145634,4.370044025637726e-10,5.607939453915756
UG con Q(N),43.90371037491367,4.370034331462442e-10,5.6187825615092875
UG con Q(N),43.90564295268172,4.370024674429465e-10,5.629646652217695
UG con Q(N),43.90757553044975,4.370015054396429e-10,5.640531766624957
UG con Q(N),43.90950810821779,4.370005471221496e-10,5.651437945393813
UG con Q(N),43.91144068598582,4.3699959247633667e-10,5.662365229265322
UG con Q(N),43.91337326375387,4.369986414881279e-10,5.67331365905965
UG con Q(N),43.915305841521906,4.369976941434995e-10,5.684283275675623
UG con Q(N),43.917238419289944,4.369967504284819e-10,5.695274120091325
UG con Q(N),43.91917099705798,4.369958103291575e-10,5.706286233364043
UG con Q(N),43.92110357482602,4.369948738316617e-10,5.71731965663047
UG con Q(N),43.92303615259406,4.3699394092218275e-10,5.7283744311068485
UG con Q(N),43.924968730362096,4.3699301158696025e-10,5.739450598089137
UG con Q(N),43.926901308130134,4.3699208581228773e-10,5.750548198953155
UG con Q(N),43.92883388589817,4.36991163584509e-10,5.761667275154738
UG con Q(N),43.93076646366621,4.3699024489002144e-10,5.772807868229902
UG con Q(N),43.93269904143425,4.3698932971527256e-10,5.78397001979499
UG con Q(N),43.934631619202285,4.3698841804676296e-10,5.795153771546828
UG con Q(N),43.93656419697032,4.369875098710436e-10,5.806359165262887
UG con Q(N),43.93849677473837,4.3698660517471753e-10,5.817586242801479
UG con Q(N),43.9404293525064,4.369857039444385e-10,5.8288350461017
UG con Q(N),43.942361930274444,4.3698480616691126e-10,5.840105617184053
UG con Q(N),43.94429450804248,4.3698391182889175e-10,5.851397998150018
UG con Q(N),43.94622708581052,4.369830209171863e-10,5.86271223118267
UG con Q(N),43.94815966357856,4.369821334186523e-10,5.874048358546623
UG con Q(N),43.950092241346596,4.36981249320197e-10,5.8854064225882405
UG con Q(N),43.952024819114634,4.369803686087784e-10,5.896786465735785
UG con Q(N),43.95395739688267,4.369794912714044e-10,5.908188530499578
UG con Q(N),43.95588997465071,4.369786172951329e-10,5.919612659472165
UG con Q(N),43.95782255241875,4.3697774666707174e-10,5.931058895328469
UG con Q(N),43.959755130186785,4.3697687937437893e-10,5.942527280825955
UG con Q(N),43.96168770795482,4.3697601540426116e-10,5.954017858804783
UG con Q(N),43.96362028572286,4.3697515474397525e-10,5.9655306721879775
UG con Q(N),43.9655528634909,4.369742973808272e-10,5.9770657639815825
UG con Q(N),43.967485441258944,4.369734433021721e-10,5.988623177274866
UG con Q(N),43.969418019026975,4.369725924954143e-10,6.000202955240271
UG con Q(N),43.97135059679502,4.3697174494800675e-10,6.01180514113404
UG con Q(N),43.97328317456306,4.369709006474512e-10,6.023429778295788
UG con Q(N),43.975215752331096,4.3697005958129746e-10,6.035076910149128
UG con Q(N),43.97714833009913,4.3696922173714503e-10,6.046746580201622
UG con Q(N),43.97908090786717,4.369683871026409e-10,6.058438832044988
UG con Q(N),43.98101348563521,4.369675556654804e-10,6.070153709355261
UG con Q(N),43.98294606340325,4.369667274134063e-10,6.081891255892959
UG con Q(N),43.984878641171285,4.3696590233421025e-10,6.093651515503242
UG con Q(N),43.98681121893932,4.369650804157308e-10,6.1054345321160834
UG con Q(N),43.98874379670736,4.3696426164585467e-10,6.117240349746428
UG con Q(N),43.9906763744754,4.36963446012515e-10,6.12906901249436
UG con Q(N),43.99260895224344,4.369626335036931e-10,6.140920564545266
UG con Q(N),43.994541530011475,4.3696182410741724e-10,6.1527950501700035
UG con Q(N),43.99647410777952,4.3696101781176225e-10,6.1646925137251065
UG con Q(N),43.99840668554755,4.3696021460484986e-10,6.176612999652736
UG con Q(N),44.000339263315595,4.369594144748485e-10,6.188556552481325
UG con Q(N),44.002271841083626,4.3695861740997277e-10,6.200523216825088
UG con Q(N),44.00420441885167,4.3695782339848356e-10,6.212513037384895
UG con Q(N),44.00613699661971,4.369570324286885e-10,6.22452605894777
UG con Q(N),44.00806957438775,4.369562444889401e-10,6.236562326387551
UG con Q(N),44.010002152155785,4.3695545956763724e-10,6.248621884664834
UG con Q(N),44.01193472992382,4.3695467765322454e-10,6.2607047788271855
UG con Q(N),44.01386730769186,4.3695389873419113e-10,6.272811054009309
UG con Q(N),44.0157998854599,4.3695312279907204e-10,6.284940755433217
UG con Q(N),44.01773246322794,4.369523498364475e-10,6.297093928408399
UG con Q(N),44.019665040995974,4.3695157983494157e-10,6.309270618331988
UG con Q(N),44.02159761876401,4.369508127832237e-10,6.321470870688934
UG con Q(N),44.02353019653205,4.3695004867000823e-10,6.333694731052169
UG con Q(N),44.025462774300095,4.3694928748405233e-10,6.345942245082831
UG con Q(N),44.027395352068126,4.369485292141581e-10,6.358213458530197
UG con Q(N),44.02932792983617,4.369477738491716e-10,6.37050841723236
UG con Q(N),44.0312605076042,4.369470213779822e-10,6.382827167115716
UG con Q(N),44.03319308537225,4.3694627178952234e-10,6.395169754195863
UG con Q(N),44.035125663140285,4.369455250727685e-10,6.407536224577095
UG con Q(N),44.03705824090832,4.3694478121673914e-10,6.419926624453064
UG con Q(N),44.03899081867636,4.3694404021049596e-10,6.432341000106736
UG con Q(N),44.0409233964444,4.369433020431433e-10,6.444779397910601
UG con Q(N),44.042855974212436,4.3694256670382734e-10,6.45724186432685
UG con Q(N),44.044788551980474,4.3694183418173686e-10,6.4697284459075455
UG con Q(N),44.04672112974851,4.3694110446610217e-10,6.4822391892948
UG con Q(N),44.04865370751655,4.3694037754619506e-10,6.494774141220942
UG con Q(N),44.05058628528459,4.369396534113287e-10,6.507333348508696
UG con Q(N),44.052518863052626,4.3693893205085736e-10,6.519916858071353
UG con Q(N),44.054451440820664,4.3693821345417645e-10,6.532524716912951
UG con Q(N),44.0563840185887,4.369374976107213e-10,6.545156972128441
UG con Q(N),44.05831659635675,4.3693678450996786e-10,6.5578136709039185
UG con Q(N),44.06024917412478,4.3693607414143247e-10,6.570494860516556
UG con Q(N),44.06218175189282,4.369353664946705e-10,6.5832005883353
UG con Q(N),44.06411432966086,4.369346615592776e-10,6.595930901820392
UG con Q(N),44.0660469074289,4.3693395932488803e-10,6.608685848524053
UG con Q(N),44.067979485196936,4.369332597811755e-10,6.621465476090435
UG con Q(N),44.069912062964974,4.369325629178518e-10,6.6342698322558356
UG con Q(N),44.07184464073301,4.3693186872466753e-10,6.647098964848886
UG con Q(N),44.07377721850105,4.3693117719141105e-10,6.659952921790716
UG con Q(N),44.07570979626909,4.3693048830790907e-10,6.672831751095146
UG con Q(N),44.077642374037126,4.369298020640247e-10,6.68573550086885
UG con Q(N),44.079574951805164,4.3692911844965934e-10,6.6986642193115475
UG con Q(N),44.0815075295732,4.3692843745475004e-10,6.711617954716173
UG con Q(N),44.08344010734124,4.3692775906927174e-10,6.72459675546906
UG con Q(N),44.08537268510928,4.3692708328323456e-10,6.737600670050117
UG con Q(N),44.08730526287732,4.3692641008668495e-10,6.75062974703306
UG con Q(N),44.08923784064535,4.369257394697042e-10,6.763684035085347
UG con Q(N),44.0911704184134,4.3692507142240977e-10,6.776763582968886
UG con Q(N),44.093102996181436,4.369244059349533e-10,6.789868439539552
UG con Q(N),44.095035573949474,4.369237429975216e-10,6.802998653747884
UG con Q(N),44.09696815171751,4.3692308260033433e-10,6.816154274639033
UG con Q(N),44.09890072948555,4.369224247336466e-10,6.829335351352993
UG con Q(N),44.10083330725359,4.369217693877456e-10,6.842541933124776
UG con Q(N),44.102765885021626,4.3692111655295264e-10,6.855774069284599
UG con Q(N),44.10469846278966,4.3692046621962067e-10,6.869031809258066
UG con Q(N),44.1066310405577,4.369198183781358e-10,6.882315202566346
UG con Q(N),44.10856361832574,4.3691917301891595e-10,6.895624298826364
UG con Q(N),44.11049619609378,4.3691853013240984e-10,6.908959147750975
UG con Q(N),44.112428773861815,4.3691788970909856e-10,6.922319799149155
UG con Q(N),44.11436135162985,4.36917251739493e-10,6.935706302926176
UG con Q(N),44.1162939293979,4.369166162141346e-10,6.949118709083852
UG con Q(N),44.11822650716593,4.369159831235952e-10,6.962557067720463
UG con Q(N),44.120159084933974,4.369153524584756e-10,6.976021429031492
UG con Q(N),44.122091662702005,4.3691472420940605e-10,6.989511843309064
UG con Q(N),44.12402424047005,4.3691409836704544e-10,7.003028360942924
UG con Q(N),44.12595681823809,4.369134749220807e-10,7.016571032419879
UG con Q(N),44.127889396006125,4.369128538652271e-10,7.03013990832453
UG con Q(N),44.12982197377416,4.3691223518722693e-10,7.043735039339213
UG con Q(N),44.1317545515422,4.3691161887884935e-10,7.057356476244224
UG con Q(N),44.13368712931024,4.369110049308902e-10,7.071004269918018
UG con Q(N),44.13561970707828,4.369103933341716e-10,7.084678471337389
UG con Q(N),44.137552284846315,4.369097840795406e-10,7.09837913157766
UG con Q(N),44.13948486261435,4.3690917715786967e-10,7.112106301812869
UG con Q(N),44.14141744038239,4.3690857256005646e-10,7.125860033315955
UG con Q(N),44.14335001815043,4.3690797027782805e-10,7.139640377465482
UG con Q(N),44.14528259591847,4.3690737030310505e-10,7.153447385740719
UG con Q(N),44.147215173686504,4.3690677262700204e-10,7.1672811097137155
UG con Q(N),44.14914775145455,4.369061772406716e-10,7.181141601056366
UG con Q(N),44.15108032922258,4.3690558413530615e-10,7.195028911540354
UG con Q(N),44.153012906990625,4.3690499330213624e-10,7.208943093037908
UG con Q(N),44.15494548475866,4.3690440473242986e-10,7.222884197521267
UG con Q(N),44.1568780625267,4.36903818417493e-10,7.2368522770634485
UG con Q(N),44.15881064029474,4.369032343486684e-10,7.250847383838171
UG con Q(N),44.16074321806278,4.369026525173358e-10,7.264869570120109
UG con Q(N),44.162675795830815,4.36902072914911e-10,7.278918888285081
UG con Q(N),44.16460837359885,4.3690149553284514e-10,7.292995390810245
UG con Q(N),44.16654095136689,4.369009203626255e-10,7.30709913027429
UG con Q(N),44.16847352913493,4.3690034739577396e-10,7.3212301593576345
UG con Q(N),44.170406106902966,4.3689977662384745e-10,7.335388530842618
UG con Q(N),44.172338684671004,4.3689920803843667e-10,7.3495742976137
UG con Q(N),44.17427126243904,4.3689864163116734e-10,7.363787512657652
UG con Q(N),44.17620384020708,4.368980773936974e-10,7.378028229063757
UG con Q(N),44.178136417975125,4.368975153177201e-10,7.392296500024058
UG con Q(N),44.180068995743156,4.368969553949596e-10,7.406592378833291
UG con Q(N),44.1820015735112,4.3689639761717416e-10,7.420915918889663
UG con Q(N),44.18393415127924,4.3689584197615484e-10,7.435267173694315
UG con Q(N),44.18586672904728,4.368952884637235e-10,7.449646196852093
UG con Q(N),44.187799306815315,4.3689473707173524e-10,7.464053042071495
UG con Q(N),44.18973188458335,4.3689418779207594e-10,7.47848776316491
UG con Q(N),44.19166446235139,4.3689364061666357e-10,7.492950414048829
UG con Q(N),44.19359704011943,4.368930955374468e-10,7.507441048744042
UG con Q(N),44.195529617887466,4.368925525464056e-10,7.521959721375833
UG con Q(N),44.197462195655504,4.368920116355503e-10,7.53650648617419
UG con Q(N),44.19939477342354,4.368914727969224e-10,7.551081397474003
UG con Q(N),44.20132735119158,4.368909360225926e-10,7.565684509715265
UG con Q(N),44.20325992895962,4.368904013046626e-10,7.580315877443276
UG con Q(N),44.205192506727656,4.36889868635264e-10,7.594975555308847
UG con Q(N),44.2071250844957,4.368893380065576e-10,7.609663598068556
UG con Q(N),44.20905766226373,4.3688880941073396e-10,7.624380060584682
UG con Q(N),44.21099024003178,4.368882828400134e-10,7.639124997826005
UG con Q(N),44.21292281779981,4.368877582866445e-10,7.653898464867198
UG con Q(N),44.21485539556785,4.36887235742906e-10,7.668700516889901
UG con Q(N),44.21678797333589,4.368867152011047e-10,7.68353120918211
UG con Q(N),44.21872055110393,4.3688619665357663e-10,7.698390597138985
UG con Q(N),44.220653128871966,4.368856800926861e-10,7.713278736262781
UG con Q(N),44.222585706640004,4.36885165510826e-10,7.7281956821631095
UG con Q(N),44.22451828440804,4.3688465290041765e-10,7.74314149055715
UG con Q(N),44.22645086217608,4.3688414225391035e-10,7.758116217269853
UG con Q(N),44.22838343994412,4.3688363356378187e-10,7.773119918234151
UG con Q(N),44.230316017712155,4.3688312682253744e-10,7.7881526494911695
UG con Q(N),44.23224859548019,4.368826220227103e-10,7.80321446719043
UG con Q(N),44.23418117324823,4.368821191568615e-10,7.818305427590066
UG con Q(N),44.236113751016276,4.3688161821758023e-10,7.833425587057086
UG con Q(N),44.23804632878431,4.368811191974824e-10,7.848575002067305
UG con Q(N),44.23997890655235,4.3688062208921164e-10,7.863753729206172
UG con Q(N),44.24191148432038,4.3688012688543913e-10,7.878961825168139
UG con Q(N),44.24384406208843,4.368796335788633e-10,7.894199346757772
UG con Q(N),44.245776639856466,4.3687914216220973e-10,7.909466350889123
UG con Q(N),44.247709217624504,4.368786526282307e-10,7.924762894586555
UG con Q(N),44.24964179539254,4.3687816496970615e-10,7.940089034984682
UG con Q(N),44.25157437316058,4.3687767917944257e-10,7.955444829328631
UG con Q(N),44.25350695092862,4.3687719525027364e-10,7.970830334974262
UG con Q(N),44.255439528696655,4.3687671317505934e-10,7.986245609388381
UG con Q(N),44.25737210646469,4.3687623294668726e-10,8.001690710148953
UG con Q(N),44.25930468423273,4.3687575455807034e-10,8.017165694945318
UG con Q(N),44.26123726200077,4.3687527800214955e-10,8.03267062157841
UG con Q(N),44.26316983976881,4.368748032718915e-10,8.04820554796097
UG con Q(N),44.265102417536845,4.368743303602896e-10,8.063770532117765
UG con Q(N),44.26703499530488,4.368738592603637e-10,8.0793656321858
UG con Q(N),44.26896757307293,4.368733899651598e-10,8.094990906414601
UG con Q(N),44.27090015084096,4.3687292246775087e-10,8.110646413166139
UG con Q(N),44.272832728609,4.368724567612352e-10,8.126332210915683
UG con Q(N),44.27476530637704,4.36871992838738e-10,8.142048358251218
UG con Q(N),44.27669788414508,4.3687153069341104e-10,8.15779491387429
UG con Q(N),44.27863046191312,4.3687107031843044e-10,8.17357193659994
UG con Q(N),44.280563039681155,4.368706117070004e-10,8.189379485356985
UG con Q(N),44.28249561744919,4.3687015485234974e-10,8.20521761918824
UG con Q(N),44.28442819521723,4.3686969974773434e-10,8.221086397250728
UG con Q(N),44.28636077298527,4.3686924638643547e-10,8.236985878815917
UG con Q(N),44.28829335075331,4.368687947617597e-10,8.252916123269927
UG con Q(N),44.290225928521345,4.368683448670404e-10,8.268877190113766
UG con Q(N),44.29215850628938,4.3686789669563634e-10,8.284869138963542
UG con Q(N),44.29409108405742,4.3686745024093194e-10,8.300892029550692
UG con Q(N),44.29602366182546,4.3686700549633717e-10,8.316945921722203
UG con Q(N),44.2979562395935,4.3686656245528805e-10,8.333030875440896
UG con Q(N),44.299888817361534,4.36866121111246e-10,8.349146950785357
UG con Q(N),44.30182139512958,4.368656814576974e-10,8.36529420795081
UG con Q(N),44.30375397289762,4.368652434881554e-10,8.381472707248513
UG con Q(N),44.305686550665655,4.3686480719615696e-10,8.397682509106637
UG con Q(N),44.30761912843369,4.368643725752657e-10,8.413923674070197
UG con Q(N),44.30955170620173,4.3686393961907005e-10,8.430196262801337
UG con Q(N),44.31148428396977,4.368635083211839e-10,8.446500336079552
UG con Q(N),44.31341686173781,4.368630786752461e-10,8.462835954801923
UG con Q(N),44.315349439505844,4.3686265067492044e-10,8.479203179983344
UG con Q(N),44.31728201727388,4.3686222431389656e-10,8.495602072756746
UG con Q(N),44.31921459504192,4.3686179958588876e-10,8.512032694373328
UG con Q(N),44.32114717280996,4.368613764846355e-10,8.528495106202787
UG con Q(N),44.323079750577996,4.368609550039019e-10,8.544989369733543
UG con Q(N),44.325012328346034,4.368605351374764e-10,8.561515546572979
UG con Q(N),44.32694490611408,4.368601168791725e-10,8.578073698447723
UG con Q(N),44.32887748388211,4.3685970022282864e-10,8.594663887203577
UG con Q(N),44.330810061650155,4.3685928516230834e-10,8.611286174806422
UG con Q(N),44.332742639418186,4.3685887169149885e-10,8.627940623341527
UG con Q(N),44.33467521718623,4.3685845980431207e-10,8.644627295014768
UG con Q(N),44.33660779495427,4.368580494946846e-10,8.661346252151937
UG con Q(N),44.338540372722306,4.368576407565774e-10,8.678097557199651
UG con Q(N),44.340472950490344,4.3685723358397527e-10,8.694881272725276
UG con Q(N),44.34240552825838,4.368568279708874e-10,8.711697461417225
UG con Q(N),44.34433810602642,4.3685642391134674e-10,8.728546186085195
UG con Q(N),44.34627068379446,4.368560213994111e-10,8.745427509660392
UG con Q(N),44.348203261562496,4.368556204291605e-10,8.762341495195777
UG con Q(N),44.350135839330534,4.3685522099470065e-10,8.779288205866296
UG con Q(N),44.35206841709857,4.368548230901594e-10,8.796267704969116
UG con Q(N),44.35400099486661,4.368544267096886e-10,8.813280055923862
UG con Q(N),44.355933572634655,4.3685403184746443e-10,8.830325322272918
UG con Q(N),44.357866150402685,4.368536384976851e-10,8.847403567681349
UG con Q(N),44.35979872817073,4.368532466545728e-10,8.864514855937829
UG con Q(N),44.36173130593876,4.368528563123725e-10,8.881659250953936
UG con Q(N),44.363663883706806,4.368524674653525e-10,8.8988368167654
UG con Q(N),44.365596461474844,4.368520801078035e-10,8.916047617531396
UG con Q(N),44.36752903924288,4.368516942340391e-10,8.933291717535472
UG con Q(N),44.36946161701092,4.368513098383963e-10,8.950569181185479
UG con Q(N),44.37139419477896,4.3685092691523257e-10,8.967880073013873
UG con Q(N),44.373326772546996,4.3685054545893024e-10,8.985224457677958
UG con Q(N),44.375259350315034,4.3685016546389184e-10,9.002602399960118
UG con Q(N),44.37719192808307,4.3684978692454263e-10,9.020013964768067
UG con Q(N),44.37912450585111,4.368494098353299e-10,9.03745921713509
UG con Q(N),44.38105708361915,4.3684903419072277e-10,9.054938222220283
UG con Q(N),44.382989661387185,4.3684865998521143e-10,9.072451045308796
UG con Q(N),44.38492223915522,4.368482872133077e-10,9.08999775181207
UG con Q(N),44.38685481692326,4.3684791586954416e-10,9.107578407268099
UG con Q(N),44.388787394691306,4.3684754594847576e-10,9.125193077341715
UG con Q(N),44.39071997245934,4.368471774446768e-10,9.142841827824522
UG con Q(N),44.39265255022738,4.3684681035274337e-10,9.16052472463586
UG con Q(N),44.39458512799542,4.3684644466729176e-10,9.178241833822122
UG con Q(N),44.39651770576346,4.368460803829579e-10,9.195993221557732
UG con Q(N),44.398450283531496,4.368457174943991e-10,9.213778954145056
UG con Q(N),44.40038286129953,4.3684535599629173e-10,9.231599098014717
UG con Q(N),44.40231543906757,4.3684499588333204e-10,9.249453719725842
UG con Q(N),44.40424801683561,4.368446371502359e-10,9.267342885966311
UG con Q(N),44.40618059460365,4.368442797917383e-10,9.285266663552996
UG con Q(N),44.408113172371685,4.3684392380259405e-10,9.303225119432021
UG con Q(N),44.41004575013972,4.3684356917757526e-10,9.321218320679002
UG con Q(N),44.41197832790776,4.3684321591147473e-10,9.339246334499297
UG con Q(N),44.4139109056758,4.368428639991016e-10,9.357309228228262
UG con Q(N),44.41584348344384,4.3684251343528514e-10,9.375407069331489
UG con Q(N),44.41777606121188,4.3684216421487086e-10,9.39353992540513
UG con Q(N),44.41970863897991,4.368418163327232e-10,9.41170786417582
UG con Q(N),44.42164121674796,4.3684146978372313e-10,9.429910953501647
UG con Q(N),44.423573794515995,4.3684112456276966e-10,9.44814926137148
UG con Q(N),44.42550637228403,4.3684078066477737e-10,9.46642285590595
UG con Q(N),44.42743895005207,4.3684043808467953e-10,9.484731805357374
UG con Q(N),44.42937152782011,4.368400968174239e-10,9.503076178110065
UG con Q(N),44.43130410558815,4.3683975685797495e-10,9.521456042680596
UG con Q(N),44.433236683356185,4.3683941820131345e-10,9.539871467718044
UG con Q(N),44.43516926112422,4.3683908084243527e-10,9.558322522004246
UG con Q(N),44.43710183889226,4.3683874477635157e-10,9.57680927445406
UG con Q(N),44.4390344166603,4.3683840999808824e-10,9.595331794115612
UG con Q(N),44.44096699442834,4.368380765026859e-10,9.613890150170551
UG con Q(N),44.442899572196374,4.3683774428520045e-10,9.632484411934305
UG con Q(N),44.44483214996441,4.3683741334070007e-10,9.651114648856344
UG con Q(N),44.44676472773246,4.3683708366426777e-10,9.669780930520496
UG con Q(N),44.44869730550049,4.3683675525099987e-10,9.688483326644864
UG con Q(N),44.45062988326853,4.368364280960055e-10,9.707221907082834
UG con Q(N),44.452562461036564,4.368361021944065e-10,9.72599674182231
UG con Q(N),44.45449503880461,4.368357775413374e-10,9.744807900987071
UG con Q(N),44.45642761657265,4.3683545413194403e-10,9.763655454835982
UG con Q(N),44.458360194340685,4.36835131961385e-10,9.782539473764032
UG con Q(N),44.46029277210872,4.368348110248292e-10,9.801460028302236
UG con Q(N),44.46222534987676,4.368344913174567e-10,9.820417189117961
UG con Q(N),44.4641579276448,4.368341728344589e-10,9.839411027015194
UG con Q(N),44.466090505412836,4.36833855571036e-10,9.858441612934797
UG con Q(N),44.468023083180874,4.368335395223999e-10,9.877509017954772
UG con Q(N),44.46995566094891,4.3683322468377027e-10,9.896613313290516
UG con Q(N),44.47188823871695,4.368329110503767e-10,9.915754570295084
UG con Q(N),44.47382081648499,4.3683259861745713e-10,9.934932860459458
UG con Q(N),44.475753394253026,4.368322873802581e-10,9.954148255412798
UG con Q(N),44.477685972021064,4.368319773340387e-10,9.973400826922774
UG con Q(N),44.47961854978911,4.368316684750343e-10,9.992690646906876
UG con Q(N),44.48155112755714,4.3683136079932953e-10,10.012017787419568
UG con Q(N),44.483483705325185,4.3683105430234654e-10,10.031382320647463
UG con Q(N),44.48541628309322,4.3683074897953066e-10,10.05078431891638
UG con Q(N),44.48734886086126,4.3683044482634894e-10,10.070223854692394
UG con Q(N),44.4892814386293,4.368301418382916e-10,10.08970100058175
UG con Q(N),44.491214016397336,4.368298400108689e-10,10.109215829331196
UG con Q(N),44.493146594165374,4.3682953933961395e-10,10.128768413828261
UG con Q(N),44.49507917193341,4.3682923982007907e-10,10.148358827101513
UG con Q(N),44.49701174970145,4.368289414478381e-10,10.167987142320834
UG con Q(N),44.49894432746949,4.368286442184849e-10,10.187653432797697
UG con Q(N),44.500876905237526,4.3682834812763224e-10,10.207357771985425
UG con Q(N),44.502809483005564,4.3682805317091383e-10,10.227100233479469
UG con Q(N),44.5047420607736,4.3682775934398087e-10,10.24688089101768
UG con Q(N),44.50667463854164,4.368274666425049e-10,10.266699818480586
UG con Q(N),44.508607216309684,4.3682717506217473e-10,10.286557089891724
UG con Q(N),44.510539794077715,4.3682688459869866e-10,10.306452779417572
UG con Q(N),44.51247237184576,4.3682659524780187e-10,10.326386961368607
UG con Q(N),44.5144049496138,4.368263070052281e-10,10.346359710198566
UG con Q(N),44.516337527381836,4.3682601986673814e-10,10.366371100505527
UG con Q(N),44.518270105149874,4.3682573382811074e-10,10.386421207031816
UG con Q(N),44.52020268291791,4.368254488851407e-10,10.406510104664362
UG con Q(N),44.52213526068595,4.3682516503364056e-10,10.426637868434975
UG con Q(N),44.52406783845399,4.3682488226943874e-10,10.446804573520616
UG con Q(N),44.526000416222026,4.368246005883807e-10,10.467010295243691
UG con Q(N),44.52793299399006,4.3682431998632764e-10,10.487255109072315
UG con Q(N),44.5298655717581,4.3682404045915747e-10,10.507539090620606
UG con Q(N),44.53179814952614,4.3682376200276313e-10,10.527862315648957
UG con Q(N),44.53373072729418,4.3682348461305356e-10,10.548224860064323
UG con Q(N),44.535663305062215,4.368232082859542e-10,10.568626799920496
UG con Q(N),44.53759588283026,4.3682293301740425e-10,10.589068211418478
UG con Q(N),44.53952846059829,4.3682265880335974e-10,10.609549170906371
UG con Q(N),44.541461038366336,4.368223856397902e-10,10.630069754880498
UG con Q(N),44.54339361613437,4.368221135226821e-10,10.650630039984563
UG con Q(N),44.54532619390241,4.3682184244803474e-10,10.671230103011128
UG con Q(N),44.54725877167045,4.3682157241186445e-10,10.691870020900785
UG con Q(N),44.54919134943849,4.368213034101997e-10,10.712549870743258
UG con Q(N),44.551123927206525,4.368210354390854e-10,10.73326972977732
UG con Q(N),44.55305650497456,4.3682076849458026e-10,10.754029675391159
UG con Q(N),44.5549890827426,4.3682050257275696e-10,10.774829785122659
UG con Q(N),44.55692166051064,4.3682023766970336e-10,10.795670136659695
UG con Q(N),44.55885423827868,4.3681997378152076e-10,10.816550807840422
UG con Q(N),44.560786816046715,4.368197109043248e-10,10.837471876653561
UG con Q(N),44.56271939381475,4.3681944903424516e-10,10.8584334212387
UG con Q(N),44.56465197158279,4.368191881674255e-10,10.879435519886572
UG con Q(N),44.566584549350836,4.3681892830002373e-10,10.900478251039436
UG con Q(N),44.56851712711887,4.368186694282108e-10,10.921561693290979
UG con Q(N),44.57044970488691,4.368184115481719e-10,10.942685925387458
UG con Q(N),44.57238228265494,4.368181546561067e-10,10.963851026226836
UG con Q(N),44.57431486042299,4.368178987482274e-10,10.98505707486032
UG con Q(N),44.576247438191025,4.3681764382076036e-10,11.006304150491482
UG con Q(N),44.57818001595906,4.368173898699458e-10,11.027592332477422
UG con Q(N),44.5801125937271,4.36817136892037e-10,11.048921700328664
UG con Q(N),44.58204517149514,4.3681688488330154e-10,11.070292333709542
UG con Q(N),44.58397774926318,4.3681663384001997e-10,11.091704312438493
UG con Q(N),44.585910327031215,4.368163837584863e-10,11.113157716488347
UG con Q(N),44.58784290479925,4.368161346350085e-10,11.134652625986643
UG con Q(N),44.58977548256729,4.368158864659074e-10,11.156189121215917
UG con Q(N),44.59170806033533,4.36815639247518e-10,11.177767282614
UG con Q(N),44.593640638103366,4.3681539297618787e-10,11.199387190774333
UG con Q(N),44.595573215871404,4.368151476482791e-10,11.221048926446251
UG con Q(N),44.59750579363944,4.3681490326016584e-10,11.242752570535298
UG con Q(N),44.59943837140749,4.3681465980823683e-10,11.264498204103603
UG con Q(N),44.60137094917552,4.3681441728889347e-10,11.286285908369784
UG con Q(N),44.60330352694356,4.368141756985506e-10,11.308115764710138
UG con Q(N),44.6052361047116,4.3681393503363696e-10,11.329987854657814
UG con Q(N),44.60716868247964,4.3681369529059437e-10,11.351902259904012
UG con Q(N),44.60910126024768,4.368134564658776e-10,11.373859062297878
UG con Q(N),44.611033838015715,4.368132185559552e-10,11.395858343846893
UG con Q(N),44.61296641578375,4.3681298155730916e-10,11.41790018671718
UG con Q(N),44.61489899355179,4.368127454664347e-10,11.439984673233818
UG con Q(N),44.61683157131983,4.368125102798401e-10,11.462111885881137
UG con Q(N),44.618764149087866,4.3681227599404746e-10,11.484281907303043
UG con Q(N),44.620696726855904,4.3681204260559205e-10,11.506494820303308
UG con Q(N),44.62262930462394,4.3681181011102223e-10,11.5287507078459
UG con Q(N),44.62456188239198,4.3681157850690035e-10,11.55104965305528
UG con Q(N),44.62649446016002,4.3681134778980146e-10,11.573391739216717
UG con Q(N),44.62842703792806,4.368111179563142e-10,11.595777049776686
UG con Q(N),44.630359615696094,4.3681088900304103e-10,11.618205668342759
UG con Q(N),44.63229219346414,4.368106609265969e-10,11.640677678684835
UG con Q(N),44.63422477123218,4.368104337236106e-10,11.663193164734293
UG con Q(N),44.636157349000214,4.3681020739072433e-10,11.685752210585218
UG con Q(N),44.63808992676825,4.368099819245935e-10,11.708354900494296
UG con Q(N),44.64002250453629,4.3680975732188694e-10,11.73100131888122
UG con Q(N),44.64195508230433,4.368095335792865e-10,11.753691550328998
UG con Q(N),44.643887660072366,4.3680931069348774e-10,11.77642567958428
UG con Q(N),44.645820237840404,4.3680908866119943e-10,11.799203791557664
UG con Q(N),44.64775281560844,4.3680886747914387e-10,11.822025971324022
UG con Q(N),44.64968539337648,4.368086471440558e-10,11.844892304122814
UG con Q(N),44.65161797114452,4.3680842765268455e-10,11.867802875358407
UG con Q(N),44.653550548912555,4.368082090017916e-10,11.890757770600398
UG con Q(N),44.65548312668059,4.3680799118815226e-10,11.913757075583932
UG con Q(N),44.65741570444864,4.3680777420855476e-10,11.936800876210105
UG con Q(N),44.65934828221667,4.36807558059801e-10,11.959889258545864
UG con Q(N),44.661280859984714,4.3680734273870557e-10,11.983022308825266
UG con Q(N),44.663213437752745,4.3680712824209675e-10,12.006200113448516
UG con Q(N),44.66514601552079,4.368069145668156e-10,12.029422758983664
UG con Q(N),44.66707859328883,4.368067017097162e-10,12.052690332165643
UG con Q(N),44.669011171056866,4.3680648966766607e-10,12.076002919897531
UG con Q(N),44.670943748824904,4.3680627843754546e-10,12.099360609250452
UG con Q(N),44.67287632659294,4.3680606801624794e-10,12.122763487463986
UG con Q(N),44.67480890436098,4.3680585840067987e-10,12.146211641946497
UG con Q(N),44.67674148212902,4.3680564958776087e-10,12.169705160275456
UG con Q(N),44.678674059897055,4.368054415744226e-10,12.19324413019777
UG con Q(N),44.68060663766509,4.368052343576108e-10,12.216828639630112
UG con Q(N),44.68253921543313,4.36805027934283e-10,12.240458776659244
UG con Q(N),44.68447179320117,4.368048223014098e-10,12.264134629542355
UG con Q(N),44.686404370969214,4.368046174559744e-10,12.287856286707466
UG con Q(N),44.688336948737245,4.368044133949733e-10,12.311623836753336
UG con Q(N),44.69026952650529,4.368042101154146e-10,12.335437368450743
UG con Q(N),44.69220210427332,4.368040076143194e-10,12.35929697074151
UG con Q(N),44.694134682041366,4.3680380588872143e-10,12.383202732740244
UG con Q(N),44.6960672598094,4.368036049356659e-10,12.407154743733333
UG con Q(N),44.69799983757744,4.3680340475221097e-10,12.431153093180265
UG con Q(N),44.69993241534548,4.368032053354274e-10,12.455197870713517
UG con Q(N),44.70186499311352,4.3680300668239756e-10,12.479289166138972
UG con Q(N),44.703797570881555,4.368028087902153e-10,12.503427069436256
UG con Q(N),44.70573014864959,4.368026116559873e-10,12.52761167075908
UG con Q(N),44.70766272641763,4.3680241527683195e-10,12.551843060435568
UG con Q(N),44.70959530418567,4.368022196498791e-10,12.576121328968595
UG con Q(N),44.71152788195371,4.3680202477227015e-10,12.600446567036128
UG con Q(N),44.713460459721745,4.3680183064115815e-10,12.624818865491562
UG con Q(N),44.71539303748978,4.3680163725370794e-10,12.649238315364057
UG con Q(N),44.71732561525782,4.3680144460709506e-10,12.673705007858878
UG con Q(N),44.719258193025865,4.368012526985066e-10,12.698219034357827
UG con Q(N),44.721190770793896,4.3680106152514046e-10,12.72278048641913
UG con Q(N),44.72312334856194,4.36800871084206e-10,12.747389455778764
UG con Q(N),44.72505592632998,4.368006813729226e-10,12.77204603434955
UG con Q(N),44.72698850409802,4.36800492388521e-10,12.796750314222473
UG con Q(N),44.728921081866055,4.3680030412824174e-10,12.821502387666584
UG con Q(N),44.73085365963409,4.368001165893369e-10,12.846302347129422
UG con Q(N),44.73278623740213,4.3679992976906723e-10,12.87115028523737
UG con Q(N),44.73471881517017,4.3679974366470445e-10,12.89604629479599
UG con Q(N),44.73665139293821,4.3679955827353017e-10,12.920990468790375
UG con Q(N),44.738583970706244,4.367993735928356e-10,12.945982900385484
UG con Q(N),44.74051654847428,4.367991896199218e-10,12.9710236829265
UG con Q(N),44.74244912624232,4.367990063520982e-10,12.996112909939168
UG con Q(N),44.74438170401036,4.3679882378668514e-10,13.021250675130146
UG con Q(N),44.746314281778396,4.3679864192101036e-10,13.046437072387354
UG con Q(N),44.74824685954644,4.3679846075241113e-10,13.071672195780408
UG con Q(N),44.75017943731447,4.367982802782336e-10,13.096956139560515
UG con Q(N),44.75211201508252,4.36798100495832e-10,13.122288998161835
UG con Q(N),44.754044592850555,4.3679792140256845e-10,13.147670866200535
UG con Q(N),44.75597717061859,4.367977429958141e-10,13.173101838476157
UG con Q(N),44.75790974838663,4.367975652729471e-10,13.198582009971513
UG con Q(N),44.75984232615467,4.3679738823135337e-10,13.224111475853125
UG con Q(N),44.761774903922706,4.367972118684261e-10,13.249690331471571
UG con Q(N),44.763707481690744,4.367970361815663e-10,13.27531867236185
UG con Q(N),44.76564005945878,4.3679686116818076e-10,13.300996594243724
UG con Q(N),44.76757263722682,4.367966868256838e-10,13.326724193022082
UG con Q(N),44.76950521499486,4.36796513151496e-10,13.352501564787287
UG con Q(N),44.771437792762896,4.367963401430437e-10,13.378328805815533
UG con Q(N),44.773370370530934,4.3679616779775945e-10,13.404206012569203
UG con Q(N),44.77530294829897,4.3679599611308125e-10,13.430133281697223
UG con Q(N),44.77723552606702,4.3679582508645283e-10,13.456110710035517
UG con Q(N),44.77916810383505,4.36795654715323e-10,13.482138394606881
UG con Q(N),44.78110068160309,4.367954849971446e-10,13.508216432622403
UG con Q(N),44.78303325937112,4.367953159293764e-10,13.53434492148037
UG con Q(N),44.78496583713917,4.3679514750948e-10,13.560523958768178
UG con Q(N),44.786898414907206,4.367949797349217e-10,13.58675364226124
UG con Q(N),44.788830992675244,4.367948126031716e-10,13.613034069924407
UG con Q(N),44.79076357044328,4.367946461117028e-10,13.63936533991185
UG con Q(N),44.79269614821132,4.367944802579911e-10,13.665747550567517
UG con Q(N),44.79462872597936,4.367943150395162e-10,13.692180800425486
UG con Q(N),44.796561303747396,4.3679415045375905e-10,13.718665188210345
UG con Q(N),44.798493881515434,4.367939864982031e-10,13.74520081283754
UG con Q(N),44.80042645928347,4.367938231703333e-10,13.771787773413742
UG con Q(N),44.80235903705151,4.367936604676364e-10,13.798426169237214
UG con Q(N),44.80429161481955,4.3679349838759997e-10,13.82511609979818
UG con Q(N),44.806224192587585,4.367933369277126e-10,13.851857664779176
UG con Q(N),44.80815677035562,4.3679317608546246e-10,13.878650964055435
UG con Q(N),44.81008934812367,4.3679301585833837e-10,13.90549609769533
UG con Q(N),44.8120219258917,4.3679285624382864e-10,13.93239316596027
UG con Q(N),44.813954503659744,4.367926972394448e-10,13.959342269306521
UG con Q(N),44.81588708142778,4.3679253884376595e-10,13.986343508400909
UG con Q(N),44.81781965919582,4.367923810549662e-10,14.013396984098852
UG con Q(N),44.81975223696386,4.367922238706766e-10,14.040502797441968
UG con Q(N),44.821684814731896,4.367920672885439e-10,14.067661049667418
UG con Q(N),44.82361739249993,4.367919113062269e-10,14.094871842208288
UG con Q(N),44.82554997026797,4.3679175592139903e-10,14.122135276693966
UG con Q(N),44.82748254803601,4.3679160113174623e-10,14.149451454950505
UG con Q(N),44.82941512580405,4.367914469349684e-10,14.176820479001009
UG con Q(N),44.831347703572085,4.3679129332877636e-10,14.20424245106601
UG con Q(N),44.83328028134012,4.3679114031089434e-10,14.231717473563839
UG con Q(N),44.83521285910816,4.3679098787905774e-10,14.259245649111005
UG con Q(N),44.8371454368762,4.3679083603101414e-10,14.286827080522583
UG con Q(N),44.839078014644244,4.367906847645214e-10,14.314461870812687
UG con Q(N),44.841010592412275,4.367905340773492e-10,14.342150123194347
UG con Q(N),44.84294317018032,4.367903839672777e-10,14.36989194108101
UG con Q(N),44.84487574794836,4.367902344320975e-10,14.397687428085494
UG con Q(N),44.846808325716395,4.3679008546960927e-10,14.425536688021495
UG con Q(N),44.84874090348443,4.367899370776238e-10,14.453439824903466
UG con Q(N),44.85067348125247,4.3678978925396177e-10,14.4813969429471
UG con Q(N),44.85260605902051,4.3678964199645303e-10,14.509408146569712
UG con Q(N),44.85453863678855,4.367894953029368e-10,14.537473540390637
UG con Q(N),44.856471214556585,4.36789349171262e-10,14.565593229231611
UG con Q(N),44.85840379232462,4.367892035992858e-10,14.59376731811716
UG con Q(N),44.86033637009266,4.3678905858487486e-10,14.621995912274997
UG con Q(N),44.8622689478607,4.367889141259036e-10,14.650279117136401
UG con Q(N),44.86420152562874,4.3678877022025535e-10,14.678617038336618
UG con Q(N),44.866134103396774,4.367886268658218e-10,14.707009781715254
UG con Q(N),44.86806668116482,4.3678848406050286e-10,14.735457453316762
UG con Q(N),44.86999925893285,4.3678834180220626e-10,14.76396015939033
UG con Q(N),44.871931836700895,4.367882000888474e-10,14.792518006391411
UG con Q(N),44.873864414468926,4.367880589183501e-10,14.821131100980562
UG con Q(N),44.87579699223697,4.3678791828864503e-10,14.849799550025507
UG con Q(N),44.87772957000501,4.3678777819767104e-10,14.878523460599972
UG con Q(N),44.87966214777305,4.36787638643374e-10,14.907302939985223
UG con Q(N),44.881594725541085,4.3678749962370776e-10,14.936138095669959
UG con Q(N),44.88352730330912,4.367873611366328e-10,14.965029035350803
UG con Q(N),44.88545988107716,4.367872231801167e-10,14.993975866932711
UG con Q(N),44.8873924588452,4.3678708575213516e-10,15.022978698529371
UG con Q(N),44.889325036613236,4.367869488506697e-10,15.052037638463604
UG con Q(N),44.891257614381274,4.367868124737095e-10,15.081152795267776
UG con Q(N),44.89319019214931,4.367866766192504e-10,15.110324277684196
UG con Q(N),44.89512276991735,4.367865412852956e-10,15.13955219466552
UG con Q(N),44.897055347685395,4.3678640646985467e-10,15.16883665537527
UG con Q(N),44.898987925453426,4.367862721709438e-10,15.1981777691877
UG con Q(N),44.90092050322147,4.3678613838658625e-10,15.227575645689395
UG con Q(N),44.9028530809895,4.367860051148121e-10,15.257030394678052
UG con Q(N),44.90478565875755,4.367858723536581e-10,15.28654212616463
UG con Q(N),44.906718236525585,4.36785740101167e-10,15.316110950372124
UG con Q(N),44.90865081429362,4.367856083553893e-10,15.345736977737186
UG con Q(N),44.91058339206166,4.3678547711438103e-10,15.375420318909978
UG con Q(N),44.9125159698297,4.3678534637620545e-10,15.405161084754706
UG con Q(N),44.914448547597736,4.367852161389323e-10,15.434959386350025
UG con Q(N),44.916381125365774,4.3678508640063766e-10,15.464815334989465
UG con Q(N),44.91831370313381,4.3678495715940494e-10,15.494729042181836
UG con Q(N),44.92024628090185,4.3678482841332265e-10,15.524700619651654
UG con Q(N),44.92217885866989,4.3678470016048805e-10,15.55473017933955
UG con Q(N),44.924111436437926,4.367845723990026e-10,15.584817833402695
UG con Q(N),44.926044014205964,4.3678444512697643e-10,15.61496369421522
UG con Q(N),44.927976591974,4.367843183425246e-10,15.645167874368626
UG con Q(N),44.92990916974205,4.367841920437697e-10,15.675430486672331
UG con Q(N),44.93184174751008,4.367840662288411e-10,15.705751644153528
UG con Q(N),44.93377432527812,4.367839408958742e-10,15.736131460058829
UG con Q(N),44.93570690304616,4.3678381604301153e-10,15.766570047853135
UG con Q(N),44.9376394808142,4.3678369166840165e-10,15.797067521221285
UG con Q(N),44.939572058582236,4.3678356777020034e-10,15.827623994067922
UG con Q(N),44.941504636350274,4.3678344434657054e-10,15.858239580518035
UG con Q(N),44.94343721411831,4.3678332139568077e-10,15.88891439491738
UG con Q(N),44.94536979188635,4.3678319891570694e-10,15.919648551832914
UG con Q(N),44.94730236965439,4.367830769048317e-10,15.950442166053218
UG con Q(N),44.949234947422426,4.367829553612447e-10,15.981295352588932
UG con Q(N),44.95116752519046,4.367828342831421e-10,16.01220822667318
UG con Q(N),44.9531001029585,4.367827136687269e-10,16.043180903762007
UG con Q(N),44.95503268072654,4.367825935162087e-10,16.074213499534807
UG con Q(N),44.95696525849458,4.36782473823805e-10,16.10530612989476
UG con Q(N),44.95889783626262,4.3678235458973906e-10,16.136458910969374
UG con Q(N),44.96083041403065,4.367822358122419e-10,16.167671959110354
UG con Q(N),44.9627629917987,4.367821174895509e-10,16.19894539089529
UG con Q(N),44.964695569566736,4.3678199961991096e-10,16.230279323126496
UG con Q(N),44.966628147334774,4.3678188220157337e-10,16.26167387283271
UG con Q(N),44.96856072510281,4.3678176523279723e-10,16.293129157268947
UG con Q(N),44.97049330287085,4.367816487118481e-10,16.324645293917065
UG con Q(N),44.97242588063889,4.367815326369988e-10,16.3562224004862
UG con Q(N),44.974358458406925,4.3678141700652945e-10,16.3878605949132
UG con Q(N),44.97629103617496,4.367813018187268e-10,16.419559995363077
UG con Q(N),44.978223613943,4.367811870718851e-10,16.45132072022945
UG con Q(N),44.98015619171104,4.367810727643057e-10,16.483142888134974
UG con Q(N),44.98208876947908,4.3678095889429765e-10,16.5150266179318
UG con Q(N),44.984021347247115,4.367808454601756e-10,16.546972028702008
UG con Q(N),44.98595392501515,4.367807324602633e-10,16.57897923975806
UG con Q(N),44.9878865027832,4.367806198928904e-10,16.611048370643356
UG con Q(N),44.98981908055123,4.3678050775639466e-10,16.643179541132113
UG con Q(N),44.991751658319274,4.3678039604911986e-10,16.675372871231076
UG con Q(N),44.993684236087304,4.367802847694186e-10,16.707628481178226
UG con Q(N),44.99561681385535,4.3678017391564937e-10,16.739946491445107
UG con Q(N),44.99754939162339,4.3678006348617846e-10,16.772327022735507
UG con Q(N),44.999481969391425,4.3677995347937917e-10,16.804770195987206
UG con Q(N),45.00141454715946,4.3677984389363264e-10,16.837276132371844
UG con Q(N),45.0033471249275,4.367797347273264e-10,16.869844953295487
UG con Q(N),45.00527970269554,4.367796259788556e-10,16.90247678039908
UG con Q(N),45.00721228046358,4.367795176466228e-10,16.93517173555891
UG con Q(N),45.009144858231615,4.367794097290374e-10,16.967929940887043
UG con Q(N),45.01107743599965,4.367793022245159e-10,17.000751518731807
UG con Q(N),45.01301001376769,4.36779195131482e-10,17.03363659167823
UG con Q(N),45.01494259153573,4.367790884483672e-10,17.066585282548502
UG con Q(N),45.01687516930377,4.3677898217360904e-10,17.099597714402556
UG con Q(N),45.018807747071804,4.3677887630565307e-10,17.132674010537926
UG con Q(N),45.02074032483985,4.3677877084295134e-10,17.165814294491533
UG con Q(N),45.02267290260788,4.3677866578396287e-10,17.199018690038336
UG con Q(N),45.024605480375925,4.36778561127154e-10,17.232287321193724
UG con Q(N),45.02653805814396,4.3677845687099767e-10,17.265620312212175
UG con Q(N),45.028470635912,4.3677835301397433e-10,17.299017787589037
UG con Q(N),45.03040321368004,4.367782495545702e-10,17.332479872060397
UG con Q(N),45.03233579144808,4.3677814649127913e-10,17.366006690603665
UG con Q(N),45.034268369216115,4.3677804382260155e-10,17.39959836843805
UG con Q(N),45.03620094698415,4.3677794154704404e-10,17.433255031025
UG con Q(N),45.03813352475219,4.367778396631206e-10,17.466976804068693
UG con Q(N),45.04006610252023,4.367777381693516e-10,17.500763813516514
UG con Q(N),45.041998680288266,4.367776370642632e-10,17.534616185559496
UG con Q(N),45.043931258056304,4.367775363463883e-10,17.56853404663281
UG con Q(N),45.04586383582434,4.3677743601426675e-10,17.602517523416232
UG con Q(N),45.04779641359238,4.3677733606644367e-10,17.636566742834614
UG con Q(N),45.049728991360425,4.36777236501471e-10,17.67068183205848
UG con Q(N),45.051661569128456,4.3677713731790635e-10,17.70486291850388
UG con Q(N),45.0535941468965,4.367770385143133e-10,17.739110129834245
UG con Q(N),45.05552672466454,4.3677694008926166e-10,17.77342359395908
UG con Q(N),45.05745930243258,4.3677684204132666e-10,17.807803439035865
UG con Q(N),45.059391880200614,4.3677674436908907e-10,17.84224979346987
UG con Q(N),45.06132445796865,4.3677664707113567e-10,17.876762785914757
UG con Q(N),45.06325703573669,4.3677655014605813e-10,17.911342545273094
UG con Q(N),45.06518961350473,4.3677645359245354e-10,17.945989200696793
UG con Q(N),45.067122191272766,4.3677635740892475e-10,17.980702881587618
UG con Q(N),45.069054769040804,4.367762615940784e-10,18.015483717597643
UG con Q(N),45.07098734680884,4.36776166146527e-10,18.05033183862976
UG con Q(N),45.07291992457688,4.3677607106488795e-10,18.08524737483814
UG con Q(N),45.07485250234492,4.3677597634778216e-10,18.12023045662873
UG con Q(N),45.076785080112955,4.367758819938363e-10,18.155281214659723
UG con Q(N),45.078717657881,4.367757880016805e-10,18.19039977984219
UG con Q(N),45.08065023564903,4.3677569436994926e-10,18.225586283339904
UG con Q(N),45.082582813417076,4.367756010972809e-10,18.260840856571264
UG con Q(N),45.084515391185114,4.3677550818231803e-10,18.296163631207953
UG con Q(N),45.08644796895315,4.367754156237063e-10,18.331554739176866
UG con Q(N),45.08838054672119,4.3677532342009503e-10,18.36701431265994
UG con Q(N),45.09031312448923,4.3677523157013704e-10,18.402542484094788
UG con Q(N),45.092245702257266,4.36775140072488e-10,18.43813938617517
UG con Q(N),45.094178280025304,4.367750489258059e-10,18.4738051518515
UG con Q(N),45.09611085779334,4.3677495812875254e-10,18.509539914331334
UG con Q(N),45.09804343556138,4.3677486767999145e-10,18.54534380707986
UG con Q(N),45.09997601332942,4.367747775781885e-10,18.58121696382039
UG con Q(N),45.101908591097455,4.367746878220117e-10,18.61715951853487
UG con Q(N),45.10384116886549,4.367745984101306e-10,18.653171605464355
UG con Q(N),45.10577374663353,4.3677450934121673e-10,18.689253359109514
UG con Q(N),45.107706324401576,4.367744206139427e-10,18.725404914231266
UG con Q(N),45.10963890216961,4.367743322269825e-10,18.761626405850606
UG con Q(N),45.11157147993765,4.367742441790107e-10,18.797917969250562
UG con Q(N),45.11350405770568,4.3677415646870254e-10,18.834279739974708
UG con Q(N),45.11543663547373,4.367740690947338e-10,18.870711853829796
UG con Q(N),45.117369213241766,4.3677398205578e-10,18.907214446884247
UG con Q(N),45.1193017910098,4.367738953505168e-10,18.943787655470125
UG con Q(N),45.12123436877784,4.3677380897761965e-10,18.980431616182983
UG con Q(N),45.12316694654588,4.3677372293576254e-10,19.017146465882483
UG con Q(N),45.12509952431392,4.3677363722361885e-10,19.053932341692903
UG con Q(N),45.127032102081955,4.367735518398614e-10,19.090789381003656
UG con Q(N),45.12896467984999,4.367734667831602e-10,19.12771772146978
UG con Q(N),45.13089725761803,4.3677338205218427e-10,19.164717501012454
UG con Q(N),45.13282983538607,4.3677329764559985e-10,19.201788857819505
UG con Q(N),45.13476241315411,4.3677321356207093e-10,19.238931930345906
UG con Q(N),45.136694990922145,4.367731298002591e-10,19.27614685731429
UG con Q(N),45.13862756869018,4.367730463588221e-10,19.31343377771548
UG con Q(N),45.14056014645823,4.367729632364146e-10,19.350792830809098
UG con Q(N),45.14249272422626,4.367728804316871e-10,19.38822415612342
UG con Q(N),45.1444253019943,4.367727979432869e-10,19.425727893457395
UG con Q(N),45.14635787976234,4.3677271576985594e-10,19.463304182879213
UG con Q(N),45.14829045753038,4.367726339100313e-10,19.500953164728358
UG con Q(N),45.15022303529842,4.3677255236249935e-10,19.53867497961663
UG con Q(N),45.152155613066455,4.3677247112706613e-10,19.57646976845281
UG con Q(N),45.15408819083449,4.367723902029369e-10,19.614337672404798
UG con Q(N),45.15602076860253,4.3677230958887483e-10,19.652278832903626
UG con Q(N),45.15795334637057,4.367722292836552e-10,19.690293391654034
UG con Q(N),45.15988592413861,4.367721492860609e-10,19.72838149063501
UG con Q(N),45.161818501906644,4.367720695948853e-10,19.76654327210029
UG con Q(N),45.16375107967468,4.3677199020893027e-10,19.804778878578894
UG con Q(N),45.16568365744272,4.3677191112700537e-10,19.843088452875662
UG con Q(N),45.16761623521076,4.3677183234793e-10,19.881472138071768
UG con Q(N),45.1695488129788,4.3677175387053015e-10,19.919930077525386
UG con Q(N),45.171481390746834,4.3677167569363954e-10,19.95846241487153
UG con Q(N),45.17341396851488,4.367715978161e-10,19.99706929402413
UG con Q(N),45.17534654628292,4.3677152023675965e-10,20.035750859174573
UG con Q(N),45.177279124050955,4.3677144295447334e-10,20.07450725479383
UG con Q(N),45.17921170181899,4.367713659681031e-10,20.11333862563223
UG con Q(N),45.18114427958703,4.367712892765169e-10,20.152245116720184
UG con Q(N),45.18307685735507,4.3677121287858837e-10,20.191226873368702
UG con Q(N),45.185009435123106,4.3677113677319743e-10,20.230284041169927
UG con Q(N),45.186942012891144,4.367710609592304e-10,20.269416765997683
UG con Q(N),45.18887459065918,4.367709854355773e-10,20.308625194008016
UG con Q(N),45.19080716842722,4.367709102011347e-10,20.347909471639735
UG con Q(N),45.19273974619526,4.367708352548037e-10,20.38726974561495
UG con Q(N),45.194672323963296,4.3677076059549085e-10,20.42670616293963
UG con Q(N),45.196604901731334,4.3677068622210686e-10,20.466218870904132
UG con Q(N),45.19853747949938,4.36770612133567e-10,20.505808017083897
UG con Q(N),45.20047005726741,4.367705383287918e-10,20.54547374933929
UG con Q(N),45.202402635035455,4.367704648067051e-10,20.585216215817727
UG con Q(N),45.204335212803485,4.367703915662356e-10,20.625035564952043
UG con Q(N),45.20626779057153,4.3677031860631555e-10,20.6649319454634
UG con Q(N),45.20820036833957,4.367702459258816e-10,20.704905506359623
UG con Q(N),45.210132946107606,4.3677017352387437e-10,20.744956396937372
UG con Q(N),45.212065523875644,4.367701013992377e-10,20.78508476678197
UG con Q(N),45.21399810164368,4.3677002955091926e-10,20.825290765768113
UG con Q(N),45.21593067941172,4.367699579778706e-10,20.865574544060397
UG con Q(N),45.21786325717976,4.367698866790466e-10,20.905936252113918
UG con Q(N),45.219795834947796,4.367698156534052e-10,20.94637604067481
UG con Q(N),45.221728412715834,4.3676974489990823e-10,20.9868940607808
UG con Q(N),45.22366099048387,4.367696744175206e-10,21.027490463761787
UG con Q(N),45.22559356825191,4.367696042052107e-10,21.068165401240407
UG con Q(N),45.227526146019954,4.367695342619497e-10,21.108919025132728
UG con Q(N),45.229458723787985,4.367694645867121e-10,21.149751487648093
UG con Q(N),45.23139130155603,4.3676939517847557e-10,21.190662941291315
UG con Q(N),45.23332387932406,4.367693260362211e-10,21.231653538861003
UG con Q(N),45.235256457092106,4.367692571589325e-10,21.272723433452555
UG con Q(N),45.237189034860144,4.3676918854559634e-10,21.31387277845643
UG con Q(N),45.23912161262818,4.367691201952027e-10,21.355101727560427
UG con Q(N),45.24105419039622,4.3676905210674474e-10,21.39641043474946
UG con Q(N),45.24298676816426,4.3676898427921747e-10,21.437799054306318
UG con Q(N),45.244919345932296,4.367689167116207e-10,21.479267740812226
UG con Q(N),45.24685192370033,4.367688494029558e-10,21.520816649147417
UG con Q(N),45.24878450146837,4.36768782352228e-10,21.562445934491727
UG con Q(N),45.25071707923641,4.367687155584445e-10,21.604155752325163
UG con Q(N),45.25264965700445,4.367686490206167e-10,21.64594625842848
UG con Q(N),45.254582234772485,4.36768582737758e-10,21.68781760888378
UG con Q(N),45.25651481254052,4.3676851670888554e-10,21.729769960075078
UG con Q(N),45.25844739030856,4.3676845093301895e-10,21.771803468688898
UG con Q(N),45.260379968076606,4.36768385409181e-10,21.813918291715005
UG con Q(N),45.26231254584464,4.3676832013639846e-10,21.856114586446235
UG con Q(N),45.26424512361268,4.3676825511369945e-10,21.898392510480758
UG con Q(N),45.26617770138072,4.367681903401164e-10,21.940752221720523
UG con Q(N),45.26811027914876,4.367681258146849e-10,21.983193878373545
UG con Q(N),45.270042856916795,4.367680615364431e-10,22.025717638953722
UG con Q(N),45.27197543468483,4.3676799750443307e-10,22.068323662281582
UG con Q(N),45.27390801245287,4.367679337176993e-10,22.111012107484875
UG con Q(N),45.27584059022091,4.3676787017529e-10,22.153783133999177
UG con Q(N),45.27777316798895,4.36767806876257e-10,22.196636901568482
UG con Q(N),45.279705745756985,4.367677438196547e-10,22.239573570245792
UG con Q(N),45.28163832352502,4.367676810045411e-10,22.282593300393724
UG con Q(N),45.28357090129306,4.367676184299782e-10,22.325696252685116
UG con Q(N),45.2855034790611,4.3676755609503074e-10,22.368882588103613
UG con Q(N),45.28743605682914,4.3676749399876703e-10,22.412152467944285
UG con Q(N),45.28936863459718,4.367674321402592e-10,22.455506053814375
UG con Q(N),45.29130121236521,4.367673705185826e-10,22.498943507633122
UG con Q(N),45.29323379013326,4.367673091328162e-10,22.542464991634105
UG con Q(N),45.295166367901295,4.3676724798204263e-10,22.58607066836364
UG con Q(N),45.29709894566933,4.367671870653485e-10,22.62976070068311
UG con Q(N),45.29903152343737,4.367671263818236e-10,22.67353525176882
UG con Q(N),45.30096410120541,4.36767065930562e-10,22.717394485112713
UG con Q(N),45.30289667897345,4.367670057106607e-10,22.761338564523044
UG con Q(N),45.304829256741485,4.3676694572122123e-10,22.80536765412494
UG con Q(N),45.30676183450952,4.367668859613488e-10,22.849481918361043
UG con Q(N),45.30869441227756,4.367668264301523e-10,22.89368152199212
UG con Q(N),45.3106269900456,4.367667671267449e-10,22.937966630097677
UG con Q(N),45.312559567813636,4.367667080502431e-10,22.982337408076575
UG con Q(N),45.314492145581674,4.367666491997679e-10,23.026794021647653
UG con Q(N),45.31642472334971,4.367665905744438e-10,23.071336636850354
UG con Q(N),45.31835730111776,4.3676653217339993e-10,23.115965420045494
UG con Q(N),45.32028987888579,4.367664739957691e-10,23.160680537915077
UG con Q(N),45.32222245665383,4.367664160406879e-10,23.20548215746472
UG con Q(N),45.324155034421864,4.367663583072977e-10,23.25037044602182
UG con Q(N),45.32608761218991,4.367663007947436e-10,23.295345571238798
UG con Q(N),45.32802018995795,4.367662435021744e-10,23.340407701091273
UG con Q(N),45.329952767725985,4.367661864287441e-10,23.38555700388049
UG con Q(N),45.33188534549402,4.367661295736098e-10,23.430793648233127
UG con Q(N),45.33381792326206,4.367660729359336e-10,23.476117803102102
UG con Q(N),45.3357505010301,4.3676601651488117e-10,23.521529637767188
UG con Q(N),45.337683078798136,4.367659603096227e-10,23.567029321835662
UG con Q(N),45.339615656566174,4.367659043193321e-10,23.612617025242923
UG con Q(N),45.34154823433421,4.367658485431885e-10,23.65829291825314
UG con Q(N),45.34348081210225,4.367657929803744e-10,23.704057171459887
UG con Q(N),45.34541338987029,4.3676573763007644e-10,23.749909955786784
UG con Q(N),45.34734596763833,4.367656824914859e-10,23.795851442488278
UG con Q(N),45.349278545406364,4.367656275637984e-10,23.841881803149477
UG con Q(N),45.35121112317441,4.367655728462129e-10,23.888001209688632
UG con Q(N),45.35314370094244,4.367655183379333e-10,23.934209834355237
UG con Q(N),45.355076278710484,4.3676546403816725e-10,23.980507849733385
UG con Q(N),45.35700885647852,4.3676540994612677e-10,24.026895428739884
UG con Q(N),45.35894143424656,4.367653560610275e-10,24.07337274462675
UG con Q(N),45.3608740120146,4.367653023820899e-10,24.119939970981
UG con Q(N),45.362806589782636,4.3676524890853794e-10,24.166597281725508
UG con Q(N),45.364739167550674,4.367651956395996e-10,24.213344851119615
UG con Q(N),45.36667174531871,4.36765142574507e-10,24.260182853759787
UG con Q(N),45.36860432308675,4.3676508971249624e-10,24.307111464580284
UG con Q(N),45.37053690085479,4.367650370528071e-10,24.354130858853797
UG con Q(N),45.372469478622826,4.3676498459468323e-10,24.401241212192105
UG con Q(N),45.37440205639086,4.367649323373722e-10,24.448442700546728
UG con Q(N),45.3763346341589,4.367648802801251e-10,24.495735500209594
UG con Q(N),45.37826721192694,4.3676482842219714e-10,24.543119787813687
UG con Q(N),45.380199789694984,4.3676477676284666e-10,24.590595740333875
UG con Q(N),45.382132367463015,4.3676472530133513e-10,24.63816353508671
UG con Q(N),45.38406494523106,4.367646740369289e-10,24.685823349733
UG con Q(N),45.3859975229991,4.3676462296889624e-10,24.733575362276024
UG con Q(N),45.387930100767136,4.367645720965093e-10,24.78141975106413
UG con Q(N),45.389862678535174,4.367645214190435e-10,24.82935669479051
UG con Q(N),45.39179525630321,4.367644709357772e-10,24.877386372494044
UG con Q(N),45.39372783407125,4.3676442064599217e-10,24.92550896355998
UG con Q(N),45.39566041183929,4.3676437054897297e-10,24.97372464772058
UG con Q(N),45.397592989607325,4.367643206440062e-10,25.022033605055803
UG con Q(N),45.39952556737536,4.367642709303824e-10,25.070436015993966
UG con Q(N),45.4014581451434,4.367642214073938e-10,25.118932061312428
UG con Q(N),45.40339072291144,4.367641720743356e-10,25.16752192213825
UG con Q(N),45.40532330067948,4.367641229305053e-10,25.21620577994887
UG con Q(N),45.407255878447515,4.3676407397520243e-10,25.264983816572776
UG con Q(N),45.40918845621556,4.3676402520772877e-10,25.31385621419038
UG con Q(N),45.41112103398359,4.367639766273882e-10,25.362823155333768
UG con Q(N),45.413053611751636,4.367639282334861e-10,25.411884822889366
UG con Q(N),45.414986189519674,4.3676388002533e-10,25.46104140009611
UG con Q(N),45.41691876728771,4.367638320022284e-10,25.510293070548094
UG con Q(N),45.41885134505575,4.3676378416349164e-10,25.55964001819436
UG con Q(N),45.42078392282379,4.3676373650843115e-10,25.60908242733975
UG con Q(N),45.422716500591825,4.3676368903635904e-10,25.658620482645595
UG con Q(N),45.42464907835986,4.3676364174658864e-10,25.7082543691304
UG con Q(N),45.4265816561279,4.367635946384344e-10,25.75798427217054
UG con Q(N),45.42851423389594,4.3676354771121047e-10,25.807810377500914
UG con Q(N),45.43044681166398,4.367635009642317e-10,25.857732871215674
UG con Q(N),45.432379389432015,4.367634543968134e-10,25.907751939768882
UG con Q(N),45.43431196720005,4.367634080082701e-10,25.957867769975223
UG con Q(N),45.43624454496809,4.3676336179791674e-10,26.00808054901068
UG con Q(N),45.438177122736136,4.367633157650674e-10,26.058390464413414
UG con Q(N),45.440109700504166,4.3676326990903556e-10,26.108797704083546
UG con Q(N),45.44204227827221,4.367632242291341e-10,26.159302456285864
UG con Q(N),45.44397485604024,4.3676317872467413e-10,26.20990490964777
UG con Q(N),45.44590743380829,4.3676313339496625e-10,26.260605253162908
UG con Q(N),45.447840011576325,4.3676308823931837e-10,26.31140367618911
UG con Q(N),45.44977258934436,4.3676304325703813e-10,26.362300368451123
UG con Q(N),45.4517051671124,4.3676299844742927e-10,26.41329552004038
UG con Q(N),45.45363774488044,4.3676295380979435e-10,26.464389321415883
UG con Q(N),45.45557032264848,4.3676290934343354e-10,26.515581963404927
UG con Q(N),45.457502900416515,4.3676286504764327e-10,26.566873637203777
UG con Q(N),45.45943547818455,4.367628209217175e-10,26.618264534378383
UG con Q(N),45.46136805595259,4.3676277696494635e-10,26.66975484686509
UG con Q(N),45.46330063372063,4.3676273317661675e-10,26.72134476697134
UG con Q(N),45.465233211488666,4.3676268955601136e-10,26.77303448737639
UG con Q(N),45.467165789256704,4.3676264610240883e-10,26.82482420113199
UG con Q(N),45.46909836702474,4.3676260281508267e-10,26.876714101663133
UG con Q(N),45.47103094479279,4.367625596933024e-10,26.928704382768938
UG con Q(N),45.47296352256082,4.367625167363315e-10,26.980795238622402
UG con Q(N),45.47489610032886,4.3676247394342903e-10,27.03298686377323
UG con Q(N),45.4768286780969,4.367624313138475e-10,27.08527945314585
UG con Q(N),45.47876125586494,4.3676238884683314e-10,27.137673202042272
UG con Q(N),45.48069383363298,4.367623465416264e-10,27.1901683061418
UG con Q(N),45.482626411401014,4.367623043974603e-10,27.24276496150198
UG con Q(N),45.48455898916905,4.3676226241356164e-10,27.295463364559293
UG con Q(N),45.48649156693709,4.3676222058924264e-10,27.348263712132837
UG con Q(N),45.48842414470513,4.36762178924956e-10,27.401166201458118
UG con Q(N),45.490356722473166,4.367621374203979e-10,27.454171030128517
UG con Q(N),45.492289300241204,4.3676209607491317e-10,27.507278396108607
UG con Q(N),45.49422187800924,4.3676205488785504e-10,27.560488497746082
UG con Q(N),45.49615445577728,4.3676201385858384e-10,27.61380153377248
UG con Q(N),45.49808703354532,4.3676197298646657e-10,27.667217703303926
UG con Q(N),45.50001961131336,4.367619322708774e-10,27.720737205842063
UG con Q(N),45.50195218908139,4.367618917111964e-10,27.77436024127379
UG con Q(N),45.50388476684944,4.367618513068098e-10,27.82808700987419
UG con Q(N),45.505817344617476,4.367618110571096e-10,27.881917712304485
UG con Q(N),45.507749922385514,4.3676177096149264e-10,27.93585254961497
UG con Q(N),45.50968250015355,4.367617310193618e-10,27.98989172324476
UG con Q(N),45.51161507792159,4.367616912301245e-10,28.044035435022717
UG con Q(N),45.51354765568963,4.367616515931923e-10,28.098283887168233
UG con Q(N),45.515480233457666,4.367616121079818e-10,28.152637282291938
UG con Q(N),45.517412811225704,4.3676157277391323e-10,28.207095823396482
UG con Q(N),45.51934538899374,4.3676153359041146e-10,28.261659713877272
UG con Q(N),45.52127796676178,4.36761494556904e-10,28.316329157523228
UG con Q(N),45.52321054452982,4.3676145567282263e-10,28.371104358517535
UG con Q(N),45.525143122297855,4.367614169376026e-10,28.425985521438406
UG con Q(N),45.52707570006589,4.367613783506821e-10,28.480972851259843
UG con Q(N),45.52900827783394,4.3676133991150183e-10,28.53606655335259
UG con Q(N),45.53094085560197,4.367613016195061e-10,28.59126683348389
UG con Q(N),45.532873433370014,4.3676126347414154e-10,28.646573897820474
UG con Q(N),45.534806011138045,4.367612254748569e-10,28.701987952926295
UG con Q(N),45.53673858890609,4.3676118762110443e-10,28.75750920576653
UG con Q(N),45.53867116667413,4.3676114991233737e-10,28.813137863705307
UG con Q(N),45.540603744442166,4.36761112348012e-10,28.868874134508708
UG con Q(N),45.5425363222102,4.367610749275861e-10,28.92471822634454
UG con Q(N),45.54446889997824,4.3676103765051985e-10,28.980670347783295
UG con Q(N),45.54640147774628,4.367610005162746e-10,29.03673070779893
UG con Q(N),45.54833405551432,4.367609635243142e-10,29.092899515769655
UG con Q(N),45.550266633282355,4.3676092667410415e-10,29.149176981478696
UG con Q(N),45.55219921105039,4.3676088996511064e-10,29.205563315115093
UG con Q(N),45.55413178881843,4.367608533968022e-10,29.26205872727447
UG con Q(N),45.55606436658647,4.367608169686488e-10,29.318663428959823
UG con Q(N),45.557996944354514,4.367607806801216e-10,29.375377631582523
UG con Q(N),45.559929522122545,4.3676074453069273e-10,29.432201546962048
UG con Q(N),45.56186209989059,4.3676070851983604e-10,29.48913538732908
UG con Q(N),45.56379467765862,4.3676067264702706e-10,29.54617936532314
UG con Q(N),45.565727255426665,4.367606369117416e-10,29.603333693996774
UG con Q(N),45.5676598331947,4.3676060131345754e-10,29.660598586813155
UG con Q(N),45.56959241096274,4.367605658516533e-10,29.717974257649214
UG con Q(N),45.57152498873078,4.3676053052580897e-10,29.775460920795382
UG con Q(N),45.57345756649882,4.367604953354053e-10,29.8330587909566
UG con Q(N),45.575390144266855,4.3676046027992457e-10,29.89076808325313
UG con Q(N),45.57732272203489,4.3676042535884985e-10,29.94858901322133
UG con Q(N),45.57925529980293,4.367603905716653e-10,30.006521796814496
UG con Q(N),45.58118787757097,4.367603559178569e-10,30.064566650403645
UG con Q(N),45.58312045533901,4.367603213969107e-10,30.122723790778323
UG con Q(N),45.585053033107044,4.367602870083147e-10,30.18099343514743
UG con Q(N),45.58698561087508,4.367602527515574e-10,30.239375801140014
UG con Q(N),45.58891818864312,4.367602186261292e-10,30.2978711068061
UG con Q(N),45.590850766411165,4.3676018463152097e-10,30.3564795706177
UG con Q(N),45.592783344179196,4.367601507672253e-10,30.415201411468587
UG con Q(N),45.59471592194724,4.3676011703273514e-10,30.47403684867744
UG con Q(N),45.59664849971528,4.367600834275461e-10,30.532986101985678
UG con Q(N),45.59858107748332,4.3676004995115366e-10,30.59204939156065
UG con Q(N),45.600513655251355,4.3676001660305547e-10,30.65122693799536
UG con Q(N),45.60244623301939,4.367599833827499e-10,30.710518962309536
UG con Q(N),45.60437881078743,4.367599502897372e-10,30.769925685950426
UG con Q(N),45.60631138855547,4.367599173235187e-10,30.829447330793656
UG con Q(N),45.608243966323506,4.367598844835972e-10,30.889084119144044
UG con Q(N),45.610176544091544,4.3675985176947675e-10,30.94883627373643
UG con Q(N),45.61210912185958,4.367598191806636e-10,31.008704017736513
UG con Q(N),45.61404169962762,4.3675978671666496e-10,31.068687574741695
UG con Q(N),45.61597427739566,4.367597543769895e-10,31.1287871687819
UG con Q(N),45.617906855163696,4.3675972216114774e-10,31.189003024320428
UG con Q(N),45.61983943293174,4.3675969006865244e-10,31.249335366255007
UG con Q(N),45.62177201069977,4.3675965809901693e-10,31.30978441991753
UG con Q(N),45.62370458846782,4.3675962625175705e-10,31.37035041107734
UG con Q(N),45.625637166235855,4.367595945263902e-10,31.431033565938964
UG con Q(N),45.62756974400389,4.3675956292243593e-10,31.4918341111454
UG con Q(N),45.62950232177193,4.367595314394152e-10,31.552752273777866
UG con Q(N),45.63143489953997,4.3675950007685107e-10,31.613788281356857
UG con Q(N),45.633367477308006,4.367594688342688e-10,31.674942361843016
UG con Q(N),45.635300055076044,4.367594377111954e-10,31.736214743637962
UG con Q(N),45.63723263284408,4.3675940670716005e-10,31.797605655585166
UG con Q(N),45.63916521061212,4.367593758216939e-10,31.8591153269708
UG con Q(N),45.64109778838016,4.367593450543303e-10,31.92074398752459
UG con Q(N),45.643030366148196,4.367593144046051e-10,31.98249186742069
UG con Q(N),45.644962943916234,4.367592838720559e-10,32.04435919727853
UG con Q(N),45.64689552168427,4.3675925345622283e-10,32.106346208163686
UG con Q(N),45.64882809945232,4.367592231566481e-10,32.168453131588954
UG con Q(N),45.65076067722035,4.3675919297287684e-10,32.230680199514126
UG con Q(N),45.65269325498839,4.367591629044552e-10,32.2930276443493
UG con Q(N),45.65462583275642,4.367591329509335e-10,32.35549569895239
UG con Q(N),45.65655841052447,4.3675910311186346e-10,32.418084596633605
UG con Q(N),45.658490988292506,4.367590733867992e-10,32.480794571152906
UG con Q(N),45.660423566060544,4.367590437752979e-10,32.54362585672342
UG con Q(N),45.66235614382858,4.367590142769183e-10,32.60657868801113
UG con Q(N),45.66428872159662,4.3675898489122304e-10,32.66965330013604
UG con Q(N),45.66622129936466,4.3675895561777637e-10,32.73284992867298
UG con Q(N),45.668153877132696,4.367589264561452e-10,32.79616880965254
UG con Q(N),45.67008645490073,4.3675889740589916e-10,32.859610179561955
UG con Q(N),45.67201903266877,4.367588684666109e-10,32.923174275345964
UG con Q(N),45.67395161043681,4.367588396378554e-10,32.986861334407706
UG con Q(N),45.67588418820485,4.3675881091921006e-10,33.050671594609604
UG con Q(N),45.67781676597289,4.3675878231025485e-10,33.1146052942745
UG con Q(N),45.67974934374092,4.3675875381057325e-10,33.178662672185354
UG con Q(N),45.68168192150897,4.3675872541975064e-10,33.24284396758875
UG con Q(N),45.683614499277,4.3675869713737507e-10,33.307149420192225
UG con Q(N),45.685547077045044,4.3675866896303767e-10,33.371579270168965
UG con Q(N),45.68747965481308,4.367586408963317e-10,33.43613375815515
UG con Q(N),45.68941223258112,4.3675861293685416e-10,33.50081312525346
UG con Q(N),45.69134481034916,4.3675858508420296e-10,33.56561761303276
UG con Q(N),45.693277388117195,4.367585573379801e-10,33.63054746352928
UG con Q(N),45.69520996588523,4.3675852969778973e-10,33.69560291924753
UG con Q(N),45.69714254365327,4.367585021632385e-10,33.76078422316113
UG con Q(N),45.69907512142131,4.3675847473393527e-10,33.82609161871381
UG con Q(N),45.70100769918935,4.367584474094921e-10,33.891525349820256
UG con Q(N),45.702940276957385,4.3675842018952336e-10,33.95708566086704
UG con Q(N),45.70487285472542,4.367583930736454e-10,34.022772796713525
UG con Q(N),45.70680543249346,4.3675836606147777e-10,34.088587002692805
UG con Q(N),45.7087380102615,4.3675833915264166e-10,34.15452852461259
UG con Q(N),45.710670588029544,4.3675831234676146e-10,34.22059760875637
UG con Q(N),45.712603165797574,4.367582856434625e-10,34.28679450188314
UG con Q(N),45.71453574356562,4.367582590423736e-10,34.35311945123097
UG con Q(N),45.71646832133366,4.367582325431251e-10,34.419572704514515
UG con Q(N),45.718400899101695,4.3675820614534976e-10,34.48615450992865
UG con Q(N),45.72033347686973,4.36758179848682e-10,34.55286511614816
UG con Q(N),45.72226605463777,4.367581536527588e-10,34.619704772328895
UG con Q(N),45.72419863240581,4.3675812755721813e-10,34.686673728108715
UG con Q(N),45.72613121017385,4.3675810156170047e-10,34.753772233608416
UG con Q(N),45.728063787941885,4.367580756658481e-10,34.82100053943266
UG con Q(N),45.72999636570992,4.367580498693043e-10,34.88835889667091
UG con Q(N),45.73192894347796,4.367580241717145e-10,34.95584755689835
UG con Q(N),45.733861521246,4.367579985727251e-10,35.02346677217686
UG con Q(N),45.735794099014036,4.3675797307198414e-10,35.0912167950559
UG con Q(N),45.737726676782074,4.3675794766914055e-10,35.15909787857348
UG con Q(N),45.73965925455012,4.367579223638446e-10,35.22711027625737
UG con Q(N),45.74159183231815,4.3675789715574805e-10,35.29525424212474
UG con Q(N),45.743524410086195,4.3675787204450264e-10,35.36353003068591
UG con Q(N),45.74545698785423,4.3675784702976134e-10,35.431937896941726
UG con Q(N),45.74738956562227,4.3675782211117746e-10,35.50047809638735
UG con Q(N),45.74932214339031,4.3675779728840514e-10,35.56915088501187
UG con Q(N),45.75125472115835,4.3675777256109887e-10,35.637956519299564
UG con Q(N),45.753187298926385,4.36757747928913e-10,35.70689525623081
UG con Q(N),45.75511987669442,4.36757723391502e-10,35.77596735328306
UG con Q(N),45.75705245446246,4.367576989485203e-10,35.84517306843178
UG con Q(N),45.7589850322305,4.3675767459962213e-10,35.914512660151445
UG con Q(N),45.760917609998536,4.3675765034446135e-10,35.98398638741644
UG con Q(N),45.762850187766574,4.367576261826906e-10,36.05359450970206
UG con Q(N),45.76478276553461,4.3675760211396253e-10,36.12333728698545
UG con Q(N),45.76671534330265,4.3675757813792827e-10,36.19321497974661
UG con Q(N),45.768647921070695,4.367575542542382e-10,36.263227848969535
UG con Q(N),45.770580498838726,4.367575304625411e-10,36.33337615614198
UG con Q(N),45.77251307660677,4.3675750676248397e-10,36.40366016325921
UG con Q(N),45.7744456543748,4.3675748315371216e-10,36.47408013282112
UG con Q(N),45.77637823214285,4.3675745963586967e-10,36.54463632783733
UG con Q(N),45.778310809910884,4.367574362085974e-10,36.61532901182428
UG con Q(N),45.78024338767892,4.3675741287153453e-10,36.686158448809046
UG con Q(N),45.78217596544696,4.367573896243171e-10,36.757124903329036
UG con Q(N),45.784108543215,4.36757366466579e-10,36.82822864043322
UG con Q(N),45.786041120983036,4.3675734339795e-10,36.89946992568308
UG con Q(N),45.787973698751074,4.3675732041805755e-10,36.97084902515365
UG con Q(N),45.78990627651911,4.3675729752652474e-10,37.042366205434426
UG con Q(N),45.79183885428715,4.367572747229715e-10,37.114021733630416
UG con Q(N),45.79377143205519,4.367572520070129e-10,37.18581587736307
UG con Q(N),45.795704009823226,4.367572293782604e-10,37.257748904771304
UG con Q(N),45.79763658759126,4.367572068363202e-10,37.329821084512474
UG con Q(N),45.7995691653593,4.3675718438079433e-10,37.40203268576336
UG con Q(N),45.801501743127346,4.367571620112786e-10,37.47438397822142
UG con Q(N),45.80343432089538,4.3675713972736445e-10,37.54687523210447
UG con Q(N),45.80536689866342,4.3675711752863666e-10,37.619506718154604
UG con Q(N),45.80729947643146,4.367570954146746e-10,37.69227870763544
UG con Q(N),45.8092320541995,4.367570733850509e-10,37.76519147233604
UG con Q(N),45.811164631967536,4.367570514393317e-10,37.838245284570654
UG con Q(N),45.813097209735574,4.3675702957707574e-10,37.911440417179875
UG con Q(N),45.81502978750361,4.367570077978348e-10,37.984777143531716
UG con Q(N),45.81696236527165,4.367569861011534e-10,38.0582557375226
UG con Q(N),45.81889494303969,4.367569644865671e-10,38.13187647357834
UG con Q(N),45.820827520807725,4.367569429536043e-10,38.20563962665517
UG con Q(N),45.82276009857576,4.367569215019277e-10,38.27954547224707
UG con Q(N),45.8246926763438,4.367569001323305e-10,38.353594286430464
UG con Q(N),45.82662525411184,4.367568788447265e-10,38.427786345777434
UG con Q(N),45.82855783187988,4.3675685763875946e-10,38.502121927383136
UG con Q(N),45.83049040964792,4.3675683651407927e-10,38.57660130887929
UG con Q(N),45.83242298741595,4.3675681547034216e-10,38.65122476843375
UG con Q(N),45.834355565184,4.3675679450720973e-10,38.72599258475464
UG con Q(N),45.836288142952036,4.3675677362434964e-10,38.80090503708746
UG con Q(N),45.838220720720074,4.367567528214349e-10,38.8759624052192
UG con Q(N),45.84015329848811,4.3675673209814255e-10,38.95116496947794
UG con Q(N),45.84208587625615,4.367567114541545e-10,39.026513010734206
UG con Q(N),45.84401845402419,4.367566908891571e-10,39.10200681040201
UG con Q(N),45.845951031792225,4.3675667040284063e-10,39.17764665043986
UG con Q(N),45.84788360956026,4.367566499948995e-10,39.253432813351814
UG con Q(N),45.8498161873283,4.3675662966503123e-10,39.32936558218853
UG con Q(N),45.85174876509634,4.3675660941293606e-10,39.40544524054832
UG con Q(N),45.85368134286438,4.3675658923831814e-10,39.48167207257818
UG con Q(N),45.855613920632415,4.367565691408842e-10,39.55804636297487
UG con Q(N),45.85754649840045,4.36756549120344e-10,39.63456839698595
UG con Q(N),45.8594790761685,4.3675652917640837e-10,39.71123846041111
UG con Q(N),45.86141165393653,4.3675650930879223e-10,39.78805683960185
UG con Q(N),45.86334423170457,4.3675648951721105e-10,39.86502382146563
UG con Q(N),45.865276809472604,4.3675646980138307e-10,39.94213969346267
UG con Q(N),45.86720938724065,4.367564501610282e-10,40.01940474361161
UG con Q(N),45.86914196500869,4.367564305958674e-10,40.096819260486264
UG con Q(N),45.871074542776725,4.367564111056235e-10,40.17438353321984
UG con Q(N),45.87300712054476,4.367563916900213e-10,40.2520978515046
UG con Q(N),45.8749396983128,4.367563723487853e-10,40.329962505593215
UG con Q(N),45.87687227608084,4.367563530816426e-10,40.40797778629983
UG con Q(N),45.87880485384888,4.3675633388832024e-10,40.48614398500118
UG con Q(N),45.880737431616915,4.36756314768547e-10,40.564461393637615
UG con Q(N),45.88267000938495,4.367562957220515e-10,40.64293030471427
UG con Q(N),45.88460258715299,4.3675627674856417e-10,40.72155101130206
UG con Q(N),45.88653516492103,4.3675625784781515e-10,40.80032380703885
UG con Q(N),45.88846774268907,4.367562390195356e-10,40.8792489861308
UG con Q(N),45.890400320457104,4.367562202634574e-10,40.958326843352
UG con Q(N),45.89233289822515,4.367562015793121e-10,41.0375576740488
UG con Q(N),45.89426547599318,4.3675618296683246e-10,41.11694177413651
UG con Q(N),45.896198053761225,4.3675616442575103e-10,41.19647944010518
UG con Q(N),45.89813063152926,4.3675614595580145e-10,41.276170969016356
UG con Q(N),45.9000632092973,4.367561275567162e-10,41.356016658507336
UG con Q(N),45.90199578706534,4.367561092282297e-10,41.43601680679089
UG con Q(N),45.90392836483338,4.367560909700749e-10,41.51617171265661
UG con Q(N),45.905860942601414,4.367560727819865e-10,41.59648167547205
UG con Q(N),45.90779352036945,4.367560546636982e-10,41.67694699518385
UG con Q(N),45.90972609813749,4.3675603661494474e-10,41.75756797231883
UG con Q(N),45.91165867590553,4.3675601863546017e-10,41.838344907985146
UG con Q(N),45.913591253673566,4.3675600072497926e-10,41.919278103873374
UG con Q(N),45.915523831441604,4.3675598288323665e-10,42.00036786225766
UG con Q(N),45.91745640920964,4.367559651099677e-10,42.08161448599687
UG con Q(N),45.91938898697768,4.3675594740490756e-10,42.163018278535674
UG con Q(N),45.921321564745725,4.3675592976779056e-10,42.244579543906006
UG con Q(N),45.923254142513755,4.367559121983532e-10,42.32629858672671
UG con Q(N),45.9251867202818,4.3675589469633053e-10,42.40817571220795
UG con Q(N),45.92711929804984,4.367558772614591e-10,42.49021122614818
UG con Q(N),45.929051875817876,4.3675585989347414e-10,42.572405434938574
UG con Q(N),45.930984453585914,4.3675584259211286e-10,42.65475864556265
UG con Q(N),45.93291703135395,4.367558253571117e-10,42.73727116559777
UG con Q(N),45.93484960912199,4.367558081882079e-10,42.819943303216235
UG con Q(N),45.93678218689003,4.367557910851386e-10,42.902775367186464
UG con Q(N),45.938714764658066,4.367557740476419e-10,42.98576766687417
UG con Q(N),45.940647342426104,4.367557570754561e-10,43.06892051224345
UG con Q(N),45.94257992019414,4.3675574016832e-10,43.15223421385804
UG con Q(N),45.94451249796218,4.3675572332597254e-10,43.23570908288238
UG con Q(N),45.94644507573022,4.367557065481541e-10,43.31934543108285
UG con Q(N),45.948377653498255,4.3675568983460475e-10,43.403143570828895
UG con Q(N),45.9503102312663,4.367556731850657e-10,43.48710381509452
UG con Q(N),45.95224280903433,4.367556565992789e-10,43.57122647745793
UG con Q(N),45.954175386802376,4.367556400769866e-10,43.65551187210605
UG con Q(N),45.956107964570414,4.3675562361793247e-10,43.739960313831446
UG con Q(N),45.95804054233845,4.367556072218603e-10,43.82457211803684
UG con Q(N),45.95997312010649,4.3675559088851533e-10,43.909347600734804
UG con Q(N),45.96190569787453,4.3675557461764314e-10,43.99428707854918
UG con Q(N),45.963838275642566,4.367555584089908e-10,44.07939086871634
UG con Q(N),45.9657708534106,4.367555422623068e-10,44.16465928908631
UG con Q(N),45.96770343117864,4.3675552617733937e-10,44.25009265812402
UG con Q(N),45.96963600894668,4.3675551015383885e-10,44.33569129491042
UG con Q(N),45.97156858671472,4.3675549419155657e-10,44.42145551914376
UG con Q(N),45.973501164482755,4.367554782902445e-10,44.50738565114074
UG con Q(N),45.97543374225079,4.3675546244965727e-10,44.59348201183768
UG con Q(N),45.97736632001883,4.367554466695491e-10,44.679744922791784
UG con Q(N),45.979298897786876,4.367554309496766e-10,44.76617470618264
UG con Q(N),45.98123147555491,4.3675541528979755e-10,44.852771684811806
UG con Q(N),45.98316405332295,4.367553996896708e-10,44.93953618210755
UG con Q(N),45.98509663109098,4.3675538414905714e-10,45.02646852212128
UG con Q(N),45.98702920885903,4.367553686677185e-10,45.11356902953384
UG con Q(N),45.988961786627065,4.3675535324541875e-10,45.20083802965196
UG con Q(N),45.9908943643951,4.367553378819229e-10,45.28827584841298
UG con Q(N),45.99282694216314,4.3675532257699785e-10,45.375882812384454
UG con Q(N),45.99475951993118,4.367553073304123e-10,45.46365924876572
UG con Q(N),45.99669209769922,4.367552921419358e-10,45.55160548538911
UG con Q(N),45.998624675467255,4.367552770113405e-10,45.63972185072116
UG con Q(N),46.00055725323529,4.3675526193840003e-10,45.72800867386388
UG con Q(N),46.00248983100333,4.367552469228902e-10,45.81646628455594
UG con Q(N),46.00442240877137,4.3675523196458714e-10,45.90509501317395
UG con Q(N),46.00635498653941,4.367552170632706e-10,45.99389519073363
UG con Q(N),46.00828756430745,4.367552022187207e-10,46.08286714889145
UG con Q(N),46.01022014207548,4.367551874307206e-10,46.1720112199442
UG con Q(N),46.01215271984353,4.367551726990546e-10,46.261327736833806
UG con Q(N),46.01408529761156,4.3675515802350884e-10,46.35081703314371
UG con Q(N),46.0160178753796,4.367551434038717e-10,46.44047944310534
UG con Q(N),46.01795045314764,4.3675512883993303e-10,46.53031530159441
UG con Q(N),46.01988303091568,4.367551143314851e-10,46.62032494413586
UG con Q(N),46.02181560868372,4.367550998783215e-10,46.71050870690337
UG con Q(N),46.023748186451755,4.367550854802379e-10,46.80086692672103
UG con Q(N),46.02568076421979,4.3675507113703235e-10,46.891399941064535
UG con Q(N),46.02761334198783,4.367550568485039e-10,46.9821080880625
UG con Q(N),46.02954591975587,4.3675504261445423e-10,47.072991706497675
UG con Q(N),46.031478497523906,4.367550284346857e-10,47.16405113580823
UG con Q(N),46.033411075291944,4.3675501430900436e-10,47.25528671608903
UG con Q(N),46.03534365305998,4.3675500023721623e-10,47.346698788092915
UG con Q(N),46.03727623082802,4.367549862191302e-10,47.43828769323191
UG con Q(N),46.03920880859606,4.3675497225455627e-10,47.5300537735786
UG con Q(N),46.0411413863641,4.367549583433067e-10,47.62199737186764
UG con Q(N),46.043073964132134,4.3675494448519517e-10,47.71411883149542
UG con Q(N),46.04500654190018,4.367549306800369e-10,47.806418496525026
UG con Q(N),46.04693911966822,4.367549169276487e-10,47.89889671168281
UG con Q(N),46.048871697436255,4.367549032278491e-10,47.991553822363365
UG con Q(N),46.05080427520429,4.3675488958045785e-10,48.08439017462916
UG con Q(N),46.05273685297233,4.367548759852963e-10,48.177406115212165
UG con Q(N),46.05466943074037,4.3675486244218717e-10,48.270601991515086
UG con Q(N),46.056602008508406,4.367548489509543e-10,48.36397815161274
UG con Q(N),46.058534586276444,4.367548355114231e-10,48.4575349442533
UG con Q(N),46.06046716404448,4.367548221234199e-10,48.55127271885959
UG con Q(N),46.06239974181252,4.367548087867721e-10,48.645191825530446
UG con Q(N),46.06433231958056,4.36754795501308e-10,48.73929261504195
UG con Q(N),46.066264897348596,4.367547822668572e-10,48.83357543884874
UG con Q(N),46.068197475116634,4.3675476908324986e-10,48.92804064908538
UG con Q(N),46.07013005288468,4.3675475595031627e-10,49.02268859856797
UG con Q(N),46.07206263065271,4.367547428678886e-10,49.11751964079371
UG con Q(N),46.073995208420754,4.3675472983579854e-10,49.21253412994608
UG con Q(N),46.07592778618879,4.367547168538788e-10,49.30773242089124
UG con Q(N),46.07786036395683,4.3675470392196145e-10,49.40311486918323
UG con Q(N),46.07979294172487,4.3675469103988026e-10,49.49868183106348
UG con Q(N),46.081725519492906,4.367546782074673e-10,49.594433663462574
UG con Q(N),46.083658097260944,4.36754665424556e-10,49.69037072400149
UG con Q(N),46.08559067502898,4.367546526909785e-10,49.78649337099297
UG con Q(N),46.08752325279702,4.367546400065673e-10,49.88280196344285
UG con Q(N),46.08945583056506,4.367546273711542e-10,49.979296861051374
UG con Q(N),46.091388408333096,4.3675461478456996e-10,50.075978424214554
UG con Q(N),46.09332098610113,4.367546022466455e-10,50.172847014025464
UG con Q(N),46.09525356386917,4.367545897572096e-10,50.26990299227564
UG con Q(N),46.09718614163721,4.367545773160906e-10,50.367146721456365
UG con Q(N),46.099118719405254,4.367545649231153e-10,50.46457856476041
UG con Q(N),46.101051297173285,4.367545525781094e-10,50.562198886081546
UG con Q(N),46.10298387494133,4.367545402808964e-10,50.66000805001989
UG con Q(N),46.10491645270936,4.367545280312984e-10,50.75800642187781
UG con Q(N),46.106849030477406,4.367545158291352e-10,50.856194367667094
UG con Q(N),46.108781608245444,4.367545036742244e-10,50.95457225410483
UG con Q(N),46.11071418601348,4.3675449156638127e-10,51.05314044861881
UG con Q(N),46.11264676378152,4.3675447950541855e-10,51.15189931934702
UG con Q(N),46.11457934154956,4.3675446749114577e-10,51.25084923513936
UG con Q(N),46.116511919317595,4.367544555233699e-10,51.349990565559075
UG con Q(N),46.11844449708563,4.367544436018942e-10,51.44932368088405
UG con Q(N),46.12037707485367,4.367544317265183e-10,51.548848952108195
UG con Q(N),46.12230965262171,4.367544198970386e-10,51.64856675094285
UG con Q(N),46.12424223038975,4.3675440811324736e-10,51.74847744981811
UG con Q(N),46.126174808157785,4.367543963749321e-10,51.84858142188421
UG con Q(N),46.12810738592582,4.367543846818764e-10,51.94887904101294
UG con Q(N),46.13003996369386,4.367543730338591e-10,52.04937068179895
UG con Q(N),46.131972541461906,4.3675436143065364e-10,52.15005671956157
UG con Q(N),46.13390511922994,4.3675434987202834e-10,52.250937530344316
UG con Q(N),46.13583769699798,4.367543383577459e-10,52.35201349092033
UG con Q(N),46.13777027476602,4.3675432688756407e-10,52.4532849787886
UG con Q(N),46.13970285253406,4.367543154612326e-10,52.55475237217944
UG con Q(N),46.141635430302095,4.3675430407849667e-10,52.65641605005399
UG con Q(N),46.14356800807013,4.3675429273909445e-10,52.758276392106
UG con Q(N),46.14550058583817,4.3675428144275587e-10,52.860333778763234
UG con Q(N),46.14743316360621,4.367542701892048e-10,52.96258859118886
UG con Q(N),46.14936574137425,4.36754258978157e-10,53.065041211282846
UG con Q(N),46.151298319142285,4.3675424780932054e-10,53.16769202168336
UG con Q(N),46.15323089691032,4.367542366823946e-10,53.27054140576817
UG con Q(N),46.15516347467836,4.367542255970708e-10,53.3735897476561
UG con Q(N),46.1570960524464,4.3675421455303097e-10,53.476837432208356
UG con Q(N),46.159028630214436,4.3675420355015275e-10,53.580284845042556
UG con Q(N),46.16096120798248,4.367541925894011e-10,53.68393237258946
UG con Q(N),46.16289378575051,4.3675418167077407e-10,53.787780401966664
UG con Q(N),46.16482636351856,4.3675417079406845e-10,53.891829321030876
UG con Q(N),46.166758941286595,4.3675415995908665e-10,53.99607951838674
UG con Q(N),46.16869151905463,4.3675414916563656e-10,54.10053138339248
UG con Q(N),46.17062409682267,4.3675413841353185e-10,54.205185306159365
UG con Q(N),46.17255667459071,4.367541277025902e-10,54.31004167755361
UG con Q(N),46.17448925235875,4.3675411703263464e-10,54.41510088919777
UG con Q(N),46.176421830126785,4.367541064034918e-10,54.520363333472176
UG con Q(N),46.17835440789482,4.3675409581499305e-10,54.62582940351645
UG con Q(N),46.18028698566286,4.3675408526697235e-10,54.731499493230864
UG con Q(N),46.1822195634309,4.3675407475926813e-10,54.837373997277886
UG con Q(N),46.184152141198936,4.3675406429172146e-10,54.94345331108359
UG con Q(N),46.186084718966974,4.367540538641767e-10,55.04973783083912
UG con Q(N),46.18801729673501,4.3675404347648065e-10,55.156227953502174
UG con Q(N),46.18994987450306,4.367540331284817e-10,55.26292407679885
UG con Q(N),46.19188245227109,4.3675402282003256e-10,55.36982659922319
UG con Q(N),46.19381503003913,4.367540125509864e-10,55.47693592004292
UG con Q(N),46.195747607807164,4.367540023211982e-10,55.584252439295085
UG con Q(N),46.19768018557521,4.3675399213052553e-10,55.691776557793816
UG con Q(N),46.19961276334325,4.367539819788271e-10,55.79950867712588
UG con Q(N),46.201545341111284,4.3675397186596247e-10,55.90744919965655
UG con Q(N),46.20347791887932,4.367539617917935e-10,56.01559852852909
UG con Q(N),46.20541049664736,4.367539517561821e-10,56.123957067666666
UG con Q(N),46.2073430744154,4.367539417589913e-10,56.232525221773855
UG con Q(N),46.209275652183436,4.3675393180008527e-10,56.34130339633812
UG con Q(N),46.211208229951474,4.3675392187932825e-10,56.45029199763134
UG con Q(N),46.21314080771951,4.3675391199658586e-10,56.5594914327113
UG con Q(N),46.21507338548755,4.3675390215172365e-10,56.66890210942323
UG con Q(N),46.21700596325559,4.367538923446077e-10,56.77852443640132
UG con Q(N),46.21893854102363,4.367538825751039e-10,56.88835882307061
UG con Q(N),46.22087111879166,4.3675387284307916e-10,56.99840567964654
UG con Q(N),46.22280369655971,4.3675386314839995e-10,57.108665417140884
UG con Q(N),46.22473627432774,4.3675385349093256e-10,57.21913844735723
UG con Q(N),46.226668852095784,4.367538438705438e-10,57.329825182899015
UG con Q(N),46.22860142986382,4.367538342871001e-10,57.440726037164936
UG con Q(N),46.23053400763186,4.367538247404681e-10,57.55184142435498
UG con Q(N),46.2324665853999,4.367538152305138e-10,57.663171759469954
UG con Q(N),46.234399163167936,4.367538057571031e-10,57.77471745831338
UG con Q(N),46.236331740935974,4.3675379632010195e-10,57.88647893749313
UG con Q(N),46.23826431870401,4.367537869193758e-10,57.99845661442289
UG con Q(N),46.24019689647205,4.367537775547898e-10,58.1106509073238
UG con Q(N),46.24212947424009,4.3675376822620874e-10,58.22306223522595
UG con Q(N),46.244062052008125,4.3675375893349744e-10,58.335691017969985
UG con Q(N),46.24599462977616,4.3675374967651983e-10,58.44853767620863
UG con Q(N),46.2479272075442,4.367537404551399e-10,58.56160263140832
UG con Q(N),46.24985978531224,4.36753731269221e-10,58.67488630585071
UG con Q(N),46.251792363080284,4.367537221186267e-10,58.788389122634726
UG con Q(N),46.253724940848315,4.3675371300321963e-10,58.90211150567602
UG con Q(N),46.25565751861636,4.3675370392286213e-10,59.01605387971314
UG con Q(N),46.2575900963844,4.367536948774166e-10,59.13021667030331
UG con Q(N),46.259522674152436,4.367536858667451e-10,59.24460030382859
UG con Q(N),46.261455251920474,4.36753676890709e-10,59.35920520749537
UG con Q(N),46.26338782968851,4.367536679491697e-10,59.474031809336424
UG con Q(N),46.26532040745655,4.3675365904198856e-10,59.58908053821245
UG con Q(N),46.26725298522459,4.3675365016902644e-10,59.70435182381373
UG con Q(N),46.269185562992625,4.367536413301443e-10,59.819846096661706
UG con Q(N),46.27111814076066,4.367536325252026e-10,59.9355637881106
UG con Q(N),46.2730507185287,4.3675362375406213e-10,60.051505330349016
UG con Q(N),46.27498329629674,4.367536150165831e-10,60.16767115640158
UG con Q(N),46.27691587406478,4.367536063126261e-10,60.284061700130536
UG con Q(N),46.278848451832815,4.367535976420516e-10,60.40067739623737
UG con Q(N),46.28078102960086,4.367535890047205e-10,60.517518680264885
UG con Q(N),46.28271360736889,4.3675358040049303e-10,60.63458598859667
UG con Q(N),46.284646185136936,4.3675357182922984e-10,60.75187975846345
UG con Q(N),46.28657876290497,4.367535632907925e-10,60.86940042793873
UG con Q(N),46.28851134067301,4.3675355478504154e-10,60.98714843594514
UG con Q(N),46.29044391844105,4.3675354631183896e-10,61.10512422225392
UG con Q(N),46.29237649620909,4.367535378710465e-10,61.223328227487045
UG con Q(N),46.294309073977125,4.3675352946252614e-10,61.34176089311881
UG con Q(N),46.29624165174516,4.3675352108614075e-10,61.46042266147754
UG con Q(N),46.2981742295132,4.3675351274175356e-10,61.57931397574718
UG con Q(N),46.30010680728124,4.367535044292275e-10,61.69843527996905
UG con Q(N),46.30203938504928,4.367534961484276e-10,61.817787019043394
UG con Q(N),46.303971962817315,4.367534878992184e-10,61.93736963873112
UG con Q(N),46.30590454058535,4.3675347968146506e-10,62.05718358565546
UG con Q(N),46.30783711835339,4.367534714950341e-10,62.17722930730361
UG con Q(N),46.309769696121435,4.367534633397925e-10,62.29750725202889
UG con Q(N),46.311702273889466,4.3675345521560804e-10,62.41801786905019
UG con Q(N),46.31363485165751,4.367534471223491e-10,62.53876160845848
UG con Q(N),46.31556742942554,4.367534390598856e-10,62.659738921211925
UG con Q(N),46.31750000719359,4.3675343102808784e-10,62.78095025914463
UG con Q(N),46.319432584961625,4.367534230268274e-10,62.90239607496166
UG con Q(N),46.32136516272966,4.367534150559767e-10,63.02407682224563
UG con Q(N),46.3232977404977,4.3675340711540966e-10,63.14599295545621
UG con Q(N),46.32523031826574,4.3675339920500066e-10,63.26814492993223
UG con Q(N),46.32716289603378,4.3675339132462565e-10,63.39053320189339
UG con Q(N),46.329095473801814,4.367533834741617e-10,63.513158228442
UG con Q(N),46.33102805156985,4.3675337565348717e-10,63.636020467564656
UG con Q(N),46.33296062933789,4.3675336786248163e-10,63.75912037813394
UG con Q(N),46.33489320710593,4.3675336010102573e-10,63.88245841991022
UG con Q(N),46.336825784873966,4.367533523690019e-10,64.00603505354326
UG con Q(N),46.33875836264201,4.3675334466629335e-10,64.12985074057447
UG con Q(N),46.34069094041004,4.367533369927854e-10,64.25390594343632
UG con Q(N),46.34262351817809,4.36753329348364e-10,64.37820112545913
UG con Q(N),46.34455609594612,4.367533217329169e-10,64.50273675086588
UG con Q(N),46.34648867371416,4.367533141463331e-10,64.62751328478136
UG con Q(N),46.3484212514822,4.3675330658850344e-10,64.75253119322696
UG con Q(N),46.35035382925024,4.3675329905932e-10,64.87779094312745
UG con Q(N),46.352286407018276,4.3675329155867586e-10,65.00329300231051
UG con Q(N),46.354218984786314,4.3675328408646625e-10,65.1290378395089
UG con Q(N),46.35615156255435,4.3675327664258784e-10,65.25502592436214
UG con Q(N),46.35808414032239,4.3675326922693825e-10,65.3812577274184
UG con Q(N),46.36001671809043,4.367532618394173e-10,65.50773372013613
UG con Q(N),46.361949295858466,4.3675325447992543e-10,65.6344543748859
UG con Q(N),46.363881873626504,4.367532471483656e-10,65.76142016495217
UG con Q(N),46.36581445139454,4.36753239844641e-10,65.88863156453498
UG con Q(N),46.36774702916258,4.3675323256865743e-10,66.0160890487518
UG con Q(N),46.36967960693062,4.3675322532032115e-10,66.14379309363926
UG con Q(N),46.37161218469866,4.367532180995409e-10,66.27174417615544
UG con Q(N),46.37354476246669,4.3675321090622563e-10,66.39994277417922
UG con Q(N),46.37547734023474,4.367532037402866e-10,66.52838936651736
UG con Q(N),46.377409918002776,4.3675319660163563e-10,66.65708443289957
UG con Q(N),46.379342495770814,4.367531894901862e-10,66.78602845398555
UG con Q(N),46.38127507353885,4.3675318240585333e-10,66.91522191136443
UG con Q(N),46.38320765130689,4.3675317534855286e-10,67.04466528755701
UG con Q(N),46.38514022907493,4.3675316831820137e-10,67.17435906601756
UG con Q(N),46.387072806842966,4.3675316131471754e-10,67.30430373113566
UG con Q(N),46.389005384611,4.3675315433802034e-10,67.43449976823796
UG con Q(N),46.39093796237904,4.3675314738803e-10,67.56494766358999
UG con Q(N),46.39287054014708,4.3675314046466767e-10,67.69564790439804
UG con Q(N),46.39480311791512,4.367531335678552e-10,67.82660097881087
UG con Q(N),46.396735695683155,4.367531266975153e-10,67.95780737592162
UG con Q(N),46.39866827345119,4.3675311985357146e-10,68.08926758576958
UG con Q(N),46.40060085121924,4.3675311303594756e-10,68.22098209934249
UG con Q(N),46.40253342898727,4.367531062445684e-10,68.352951408576
UG con Q(N),46.404466006755314,4.367530994793593e-10,68.48517600636079
UG con Q(N),46.40639858452335,4.3675309274024503e-10,68.61765638653762
UG con Q(N),46.40833116229139,4.3675308602715133e-10,68.7503930439045
UG con Q(N),46.41026374005943,4.3675307934000436e-10,68.8833864742161
UG con Q(N),46.412196317827465,4.367530726787295e-10,69.01663717418612
UG con Q(N),46.4141288955955,4.3675306604325257e-10,69.15014564148909
UG con Q(N),46.41606147336354,4.3675305943349926e-10,69.28391237476222
UG con Q(N),46.41799405113158,4.3675305284939485e-10,69.4179378736073
UG con Q(N),46.41992662889962,4.367530462908637e-10,69.55222263859248
UG con Q(N),46.421859206667655,4.367530397578308e-10,69.6867671712542
UG con Q(N),46.42379178443569,4.367530332502183e-10,69.821571974099
UG con Q(N),46.42572436220373,4.3675302676795013e-10,69.95663755060544
UG con Q(N),46.42765693997177,4.367530203109471e-10,70.09196440522587
UG con Q(N),46.429589517739814,4.3675301387912974e-10,70.22755304338894
UG con Q(N),46.431522095507844,4.3675300747241727e-10,70.36340397149885
UG con Q(N),46.43345467327589,4.367530010907272e-10,70.49951769694277
UG con Q(N),46.43538725104392,4.3675299473397563e-10,70.63589472808529
UG con Q(N),46.437319828811965,4.367529884020765e-10,70.77253557427817
UG con Q(N),46.43925240658,4.3675298209494223e-10,70.9094407458548
UG con Q(N),46.44118498434804,4.3675297581248206e-10,71.0466107541376
UG con Q(N),46.44311756211608,4.367529695546047e-10,71.18404611143744
UG con Q(N),46.44505013988412,4.3675296332121367e-10,71.32174733105592
UG con Q(N),46.446982717652155,4.3675295711221195e-10,71.45971492728735
UG con Q(N),46.44891529542019,4.3675295092749883e-10,71.5979494154207
UG con Q(N),46.45084787318823,4.3675294476697e-10,71.7364513117414
UG con Q(N),46.45278045095627,4.36752938630518e-10,71.8752211335333
UG con Q(N),46.454713028724306,4.3675293251803223e-10,72.01425939908057
UG con Q(N),46.456645606492344,4.367529264293969e-10,72.15356662766962
UG con Q(N),46.45857818426038,4.3675292036449377e-10,72.29314333959105
UG con Q(N),46.46051076202842,4.367529143231993e-10,72.4329900561415
UG con Q(N),46.462443339796465,4.367529083053854e-10,72.57310729962612
UG con Q(N),46.464375917564496,4.367529023109189e-10,72.71349559335793
UG con Q(N),46.46630849533254,4.3675289633966293e-10,72.85415546166544
UG con Q(N),46.46824107310058,4.367528903914735e-10,72.99508742988729
UG con Q(N),46.47017365086862,4.367528844662016e-10,73.13629202437994
UG con Q(N),46.472106228636655,4.367528785636932e-10,73.27776977251696
UG con Q(N),46.47403880640469,4.3675287268378706e-10,73.41952120269156
UG con Q(N),46.47597138417273,4.3675286682631585e-10,73.56154684431846
UG con Q(N),46.47790396194077,4.367528609911054e-10,73.7038472278359
UG con Q(N),46.479836539708806,4.3675285517797475e-10,73.84642288470751
UG con Q(N),46.481769117476844,4.3675284938673527e-10,73.98927434742437
UG con Q(N),46.48370169524488,4.36752843617191e-10,74.1324021495069
UG con Q(N),46.48563427301292,4.367528378691375e-10,74.2758068255068
UG con Q(N),46.48756685078096,4.367528321423631e-10,74.41948891100908
UG con Q(N),46.489499428548996,4.367528264366464e-10,74.56344894263395
UG con Q(N),46.49143200631704,4.367528207517572e-10,74.7076874580394
UG con Q(N),46.49336458408507,4.36752815087457e-10,74.85220499592045
UG con Q(N),46.49529716185312,4.3675280944377307e-10,74.99700209604069
UG con Q(N),46.497229739621154,4.367528038217468e-10,75.14207929929142
UG con Q(N),46.49916231738919,4.3675279822139545e-10,75.28743714752466
UG con Q(N),46.50109489515723,4.367527926425951e-10,75.43307618362782
UG con Q(N),46.50302747292527,4.3675278708522597e-10,75.57899695153897
UG con Q(N),46.504960050693306,4.367527815491746e-10,75.72519999624876
UG con Q(N),46.506892628461344,4.367527760343319e-10,75.8716858638025
UG con Q(N),46.50882520622938,4.3675277054059345e-10,76.01845510130218
UG con Q(N),46.51075778399742,4.367527650678592e-10,76.16550825690841
UG con Q(N),46.51269036176546,4.3675275961603233e-10,76.31284587984254
UG con Q(N),46.514622939533496,4.367527541850208e-10,76.46046852038863
UG con Q(N),46.51655551730153,4.3675274877473527e-10,76.60837672989551
UG con Q(N),46.51848809506957,4.3675274338508965e-10,76.75657106077878
UG con Q(N),46.520420672837616,4.3675273801600034e-10,76.90505206652347
UG con Q(N),46.52235325060565,4.3675273266738733e-10,77.0538203016833
UG con Q(N),46.52428582837369,4.3675272733917165e-10,77.20287632188874
UG con Q(N),46.52621840614172,4.3675272203127764e-10,77.35222068384091
UG con Q(N),46.52815098390977,4.3675271674363114e-10,77.50185394532237
UG con Q(N),46.530083561677806,4.367527114761598e-10,77.65177666519095
UG con Q(N),46.532016139445844,4.367527062287921e-10,77.80198940338792
UG con Q(N),46.53394871721388,4.3675270100145955e-10,77.95249272093726
UG con Q(N),46.53588129498192,4.367526957940939e-10,78.10328717994828
UG con Q(N),46.53781387274996,4.3675269060662733e-10,78.25437334361779
UG con Q(N),46.539746450517995,4.3675268543899404e-10,78.4057517762321
UG con Q(N),46.54167902828603,4.367526802911285e-10,78.55742304316914
UG con Q(N),46.54361160605407,4.367526751629661e-10,78.70938771090063
UG con Q(N),46.54554418382211,4.3675267005444205e-10,78.86164634699408
UG con Q(N),46.54747676159015,4.367526649654925e-10,79.01419952011496
UG con Q(N),46.54940933935819,4.367526598960541e-10,79.16704780002934
UG con Q(N),46.55134191712622,4.3675265484606293e-10,79.32019175760327
UG con Q(N),46.55327449489427,4.367526498154562e-10,79.47363196481099
UG con Q(N),46.5552070726623,4.367526448041694e-10,79.6273689947287
UG con Q(N),46.557139650430344,4.3675263981214014e-10,79.78140342154566
UG con Q(N),46.55907222819838,4.3675263483930416e-10,79.9357358205579
UG con Q(N),46.56100480596642,4.367526298855979e-10,80.0903667681765
UG con Q(N),46.56293738373446,4.3675262495095664e-10,80.24529684192703
UG con Q(N),46.564869961502495,4.367526200353161e-10,80.40052662045217
UG con Q(N),46.56680253927053,4.3675261513861146e-10,80.5560566835139
UG con Q(N),46.56873511703857,4.36752610260777e-10,80.71188761199568
UG con Q(N),46.57066769480661,4.367526054017474e-10,80.86801998790453
UG con Q(N),46.57260027257465,4.367526005614561e-10,81.02445439437336
UG con Q(N),46.574532850342685,4.3675259573983556e-10,81.181191415663
UG con Q(N),46.57646542811072,4.367525909368194e-10,81.33823163716438
UG con Q(N),46.57839800587876,4.3675258615233875e-10,81.49557564540088
UG con Q(N),46.5803305836468,4.367525813863252e-10,81.6532240280303
UG con Q(N),46.58226316141484,4.3675257663870974e-10,81.81117737384777
UG con Q(N),46.584195739182874,4.3675257190942267e-10,81.96943627278503
UG con Q(N),46.58612831695092,4.367525671983931e-10,82.128001315919
UG con Q(N),46.58806089471896,4.367525625055505e-10,82.28687309546581
UG con Q(N),46.589993472486995,4.3675255783082327e-10,82.4460522047895
UG con Q(N),46.59192605025503,4.367525531741386e-10,82.60553923840125
UG con Q(N),46.59385862802307,4.367525485354244e-10,82.76533479196223
UG con Q(N),46.59579120579111,4.3675254391460744e-10,82.92543946228584
UG con Q(N),46.59772378355915,4.367525393116139e-10,83.08585384733982
UG con Q(N),46.599656361327185,4.367525347263691e-10,83.24657854624867
UG con Q(N),46.60158893909522,4.367525301587988e-10,83.40761415929573
UG con Q(N),46.60352151686326,4.367525256088272e-10,83.56896128792553
UG con Q(N),46.6054540946313,4.3675252107637945e-10,83.73062053474595
UG con Q(N),46.607386672399336,4.3675251656137915e-10,83.89259250353058
UG con Q(N),46.609319250167374,4.3675251206375005e-10,84.05487779922086
UG con Q(N),46.61125182793542,4.3675250758341524e-10,84.21747702792902
UG con Q(N),46.61318440570345,4.3675250312029834e-10,84.38039079693736
UG con Q(N),46.615116983471495,4.36752498674322e-10,84.54361971470705
UG con Q(N),46.61704956123953,4.367524942454089e-10,84.70716439087204
UG con Q(N),46.61898213900757,4.367524898334816e-10,84.87102543624798
UG con Q(N),46.62091471677561,4.3675248543846277e-10,85.03520346283146
UG con Q(N),46.62284729454365,4.3675248106027494e-10,85.1996990838029
UG con Q(N),46.624779872311684,4.367524766988402e-10,85.36451291352886
UG con Q(N),46.62671245007972,4.3675247235408133e-10,85.52964556756434
UG con Q(N),46.62864502784776,4.3675246802592065e-10,85.69509766265509
UG con Q(N),46.6305776056158,4.3675246371428116e-10,85.86086981673988
UG con Q(N),46.632510183383836,4.367524594190856e-10,86.02696264895286
UG con Q(N),46.634442761151874,4.3675245514025767e-10,86.19337677962585
UG con Q(N),46.63637533891991,4.3675245087772023e-10,86.36011283029066
UG con Q(N),46.63830791668795,4.3675244663139776e-10,86.52717142368145
UG con Q(N),46.640240494455995,4.367524424012136e-10,86.69455318373764
UG con Q(N),46.642173072224026,4.367524381870933e-10,86.86225873560318
UG con Q(N),46.64410564999207,4.367524339889617e-10,87.03028870563563
UG con Q(N),46.6460382277601,4.3675242980674433e-10,87.19864372139935
UG con Q(N),46.647970805528146,4.3675242564036814e-10,87.36732441167764
UG con Q(N),46.649903383296184,4.3675242148975915e-10,87.53633140646583
UG con Q(N),46.65183596106422,4.367524173548457e-10,87.7056653369805
UG con Q(N),46.65376853883226,4.367524132355562e-10,87.87532683565868
UG con Q(N),46.6557011166003,4.3675240913181915e-10,88.04531653616088
UG con Q(N),46.657633694368336,4.367524050435652e-10,88.21563507337345
UG con Q(N),46.659566272136374,4.3675240097072484e-10,88.38628308341093
UG con Q(N),46.66149884990441,4.3675239691322976e-10,88.5572612036185
UG con Q(N),46.66343142767245,4.367523928710128e-10,88.72857007257427
UG con Q(N),46.66536400544049,4.3675238884400756e-10,88.90021033009175
UG con Q(N),46.667296583208525,4.367523848321486e-10,89.07218261722221
UG con Q(N),46.66922916097657,4.3675238083537174e-10,89.24448757625771
UG con Q(N),46.6711617387446,4.367523768536136e-10,89.41712585073034
UG con Q(N),46.673094316512646,4.367523728868118e-10,89.5900980854216
UG con Q(N),46.67502689428068,4.367523689349064e-10,89.76340492635529
UG con Q(N),46.67695947204872,4.367523649978364e-10,89.93704702081011
UG con Q(N),46.67889204981676,4.367523610755439e-10,90.11102501731253
UG con Q(N),46.6808246275848,4.367523571679713e-10,90.2853395656462
UG con Q(N),46.682757205352836,4.367523532750623e-10,90.45999131685119
UG con Q(N),46.684689783120874,4.3675234939676173e-10,90.63498092322713
UG con Q(N),46.68662236088891,4.3675234553301644e-10,90.81030903833556
UG con Q(N),46.68855493865695,4.3675234168377396e-10,90.98597631700245
UG con Q(N),46.69048751642499,4.367523378489823e-10,91.16198341532056
UG con Q(N),46.692420094193025,4.367523340285922e-10,91.338330990652
UG con Q(N),46.69435267196106,4.367523302225551e-10,91.51501970163056
UG con Q(N),46.6962852497291,4.3675232643082387e-10,91.69205020816433
UG con Q(N),46.69821782749714,4.367523226533517e-10,91.869423171438
UG con Q(N),46.70015040526518,4.3675231889009434e-10,92.04713925391542
UG con Q(N),46.70208298303322,4.3675231514100823e-10,92.22519911934275
UG con Q(N),46.70401556080125,4.3675231140605067e-10,92.40360343274759
UG con Q(N),46.7059481385693,4.3675230768518124e-10,92.58235286044874
UG con Q(N),46.707880716337336,4.3675230397835956e-10,92.76144807004943
UG con Q(N),46.70981329410537,4.3675230028554727e-10,92.94088973044714
UG con Q(N),46.71174587187341,4.36752296606707e-10,93.12067851183272
UG con Q(N),46.71367844964145,4.3675229294180145e-10,93.30081508569356
UG con Q(N),46.71561102740949,4.3675228929079585e-10,93.48130012481613
UG con Q(N),46.717543605177525,4.3675228565365654e-10,93.66213430328848
UG con Q(N),46.71947618294556,4.3675228203034903e-10,93.84331829650276
UG con Q(N),46.7214087607136,4.36752278420842e-10,94.02485278115768
UG con Q(N),46.72334133848164,4.3675227482510333e-10,94.2067384352611
UG con Q(N),46.72527391624968,4.367522712431028e-10,94.38897593813257
UG con Q(N),46.727206494017715,4.3675226767481075e-10,94.57156597040577
UG con Q(N),46.72913907178575,4.367522641201975e-10,94.75450921403116
UG con Q(N),46.7310716495538,4.367522605792351e-10,94.93780635227907
UG con Q(N),46.73300422732183,4.3675225705189573e-10,95.121458069739
UG con Q(N),46.73493680508987,4.367522535381519e-10,95.30546505232951
UG con Q(N),46.73686938285791,4.367522500379767e-10,95.48982798729132
UG con Q(N),46.73880196062595,4.3675224655134383e-10,95.67454756319736
UG con Q(N),46.74073453839399,4.367522430782268e-10,95.85962446995191
UG con Q(N),46.742667116162025,4.367522396185993e-10,96.0450593987938
UG con Q(N),46.74459969393006,4.367522361724354e-10,96.23085304229906
UG con Q(N),46.7465322716981,4.3675223273970865e-10,96.4170060943835
UG con Q(N),46.74846484946614,4.36752229320393e-10,96.60351925030518
UG con Q(N),46.75039742723418,4.3675222591446223e-10,96.79039320666712
UG con Q(N),46.752330005002214,4.367522225218887e-10,96.9776286614198
UG con Q(N),46.75426258277025,4.367522191426453e-10,97.16522631386383
UG con Q(N),46.75619516053829,4.3675221577670394e-10,97.35318686465246
UG con Q(N),46.75812773830633,4.367522124240356e-10,97.54151101579424
UG con Q(N),46.76006031607437,4.367522090846101e-10,97.73019947065632
UG con Q(N),46.761992893842404,4.367522057583975e-10,97.91925293396355
UG con Q(N),46.76392547161045,4.3675220244536483e-10,98.10867211180877
UG con Q(N),46.76585804937848,4.3675219914547884e-10,98.298457711645
UG con Q(N),46.767790627146525,4.3675219585870537e-10,98.48861044229918
UG con Q(N),46.76972320491456,4.367521925850066e-10,98.67913101396434
UG con Q(N),46.7716557826826,4.367521893243452e-10,98.87002013820992
UG con Q(N),46.77358836045064,4.367521860766801e-10,99.06127852798095
UG con Q(N),46.775520938218676,4.367521828419682e-10,99.25290689760129
UG con Q(N),46.777453515986714,4.367521796201655e-10,99.44490596277637
UG con Q(N),46.77938609375475,4.3675217641122367e-10,99.63727644059583
UG con Q(N),46.78131867152279,4.367521732150925e-10,99.83001904953608
UG con Q(N),46.78325124929083,4.3675217003171867e-10,100.02313450946308
UG con Q(N),46.785183827058866,4.3675216686104527e-10,100.21662354163493
UG con Q(N),46.787116404826904,4.367521637030127e-10,100.41048686870454
UG con Q(N),46.78904898259494,4.3675216055755765e-10,100.60472521472235
UG con Q(N),46.79098156036298,4.3675215742461217e-10,100.79933930513891
UG con Q(N),46.792914138131025,4.367521543041053e-10,100.99432986680837
UG con Q(N),46.794846715899055,4.367521511959611e-10,101.18969762798753
UG con Q(N),46.7967792936671,4.367521481000998e-10,101.38544331834643
UG con Q(N),46.79871187143514,4.36752145016436e-10,101.581567668961
UG con Q(N),46.800644449203176,4.367521419448798e-10,101.77807141232363
UG con Q(N),46.802577026971214,4.36752138885336e-10,101.97495528234228
UG con Q(N),46.80450960473925,4.367521358377035e-10,102.17222001434394
UG con Q(N),46.80644218250729,4.3675213280187605e-10,102.36986634507733
UG con Q(N),46.80837476027533,4.367521297777409e-10,102.56789501271558
UG con Q(N),46.810307338043366,4.367521267651787e-10,102.76630675685894
UG con Q(N),46.8122399158114,4.367521237640644e-10,102.96510231853756
UG con Q(N),46.81417249357944,4.367521207742644e-10,103.16428244021418
UG con Q(N),46.81610507134748,4.367521177956402e-10,103.36384786578684
UG con Q(N),46.81803764911552,4.367521148280433e-10,103.56379934059166
UG con Q(N),46.819970226883555,4.367521118713189e-10,103.76413761140553
UG con Q(N),46.8219028046516,4.367521089253041e-10,103.96486342644964
UG con Q(N),46.82383538241963,4.3675210598982597e-10,104.16597753538846
UG con Q(N),46.825767960187676,4.367521030647052e-10,104.36748068934075
UG con Q(N),46.827700537955714,4.3675210014975176e-10,104.56937364087179
UG con Q(N),46.82963311572375,4.367520972447661e-10,104.77165714400442
UG con Q(N),46.83156569349179,4.3675209434986596e-10,104.97433195425727
UG con Q(N),46.83349827125983,4.367520914660176e-10,105.17739882871274
UG con Q(N),46.835430849027865,4.3675208859325035e-10,105.38085852580548
UG con Q(N),46.8373634267959,4.367520857315075e-10,105.5847118054269
UG con Q(N),46.83929600456394,4.367520828807351e-10,105.78895942893864
UG con Q(N),46.84122858233198,4.367520800408809e-10,105.99360215917538
UG con Q(N),46.84316116010002,4.3675207721189477e-10,106.19864076044772
UG con Q(N),46.845093737868055,4.3675207439372863e-10,106.40407599854494
UG con Q(N),46.84702631563609,4.367520715863359e-10,106.60990864073791
UG con Q(N),46.84895889340413,4.36752068789672e-10,106.81613945578192
UG con Q(N),46.850891471172176,4.3675206600369306e-10,107.02276921392026
UG con Q(N),46.85282404894021,4.367520632283572e-10,107.22979868688334
UG con Q(N),46.85475662670825,4.367520604636232e-10,107.4372286478999
UG con Q(N),46.85668920447628,4.367520577094511e-10,107.6450598716884
UG con Q(N),46.85862178224433,4.367520549658015e-10,107.85329313447225
UG con Q(N),46.860554360012365,4.3675205223263626e-10,108.06192921397107
UG con Q(N),46.8624869377804,4.3675204950991787e-10,108.27096888941212
UG con Q(N),46.86441951554844,4.367520467976096e-10,108.4804129415293
UG con Q(N),46.86635209331648,4.3675204409567443e-10,108.69026215256687
UG con Q(N),46.86828467108452,4.3675204140407664e-10,108.90051730628232
UG con Q(N),46.870217248852555,4.3675203872278056e-10,109.11117918794935
UG con Q(N),46.87214982662059,4.3675203605175083e-10,109.32224858436068
UG con Q(N),46.87408240438863,4.3675203339095207e-10,109.53372628383111
UG con Q(N),46.87601498215667,4.3675203074034987e-10,109.7456130762004
UG con Q(N),46.877947559924706,4.367520280999085e-10,109.95790975283617
UG con Q(N),46.87988013769275,4.3675202546959373e-10,110.1706171066377
UG con Q(N),46.88181271546078,4.367520228493707e-10,110.38373593203497
UG con Q(N),46.88374529322883,4.3675202023920416e-10,110.59726702500015
UG con Q(N),46.88567787099686,4.367520176390594e-10,110.8112111830389
UG con Q(N),46.8876104487649,4.367520150489018e-10,111.02556920520594
UG con Q(N),46.88954302653294,4.367520124686951e-10,111.24034189209605
UG con Q(N),46.89147560430098,4.36752009898405e-10,111.45553004585594
UG con Q(N),46.89340818206902,4.3675200733799545e-10,111.67113447018313
UG con Q(N),46.895340759837055,4.367520047874306e-10,111.88715597032989
UG con Q(N),46.89727333760509,4.3675200224667474e-10,112.10359535310607
UG con Q(N),46.89920591537313,4.3675199971569175e-10,112.32045342688227
UG con Q(N),46.90113849314117,4.367519971944448e-10,112.53773100159277
UG con Q(N),46.903071070909206,4.367519946828973e-10,112.75542888873859
UG con Q(N),46.905003648677244,4.3675199218101253e-10,112.97354790139049
UG con Q(N),46.90693622644528,4.3675198968875297e-10,113.19208885419202
UG con Q(N),46.90886880421332,4.3675198720608136e-10,113.41105256336259
UG con Q(N),46.91080138198136,4.3675198473295985e-10,113.63043984670047
UG con Q(N),46.9127339597494,4.3675198226935067e-10,113.85025152358669
UG con Q(N),46.914666537517434,4.3675197981521576e-10,114.07048841498406
UG con Q(N),46.91659911528548,4.3675197737051644e-10,114.29115134344907
UG con Q(N),46.91853169305352,4.367519749352142e-10,114.51224113312374
UG con Q(N),46.920464270821554,4.3675197250927033e-10,114.73375860974753
UG con Q(N),46.92239684858959,4.3675197009264584e-10,114.95570460065636
UG con Q(N),46.92432942635763,4.367519676853015e-10,115.17807993478664
UG con Q(N),46.92626200412567,4.367519652871987e-10,115.40088544267816
UG con Q(N),46.928194581893706,4.3675196289829715e-10,115.62412195647741
UG con Q(N),46.930127159661744,4.36751960518558e-10,115.84779030994055
UG con Q(N),46.93205973742978,4.367519581479418e-10,116.07189133843654
UG con Q(N),46.93399231519782,4.3675195578640856e-10,116.29642587895036
UG con Q(N),46.93592489296586,4.367519534339194e-10,116.521394770086
UG con Q(N),46.937857470733896,4.3675195109043417e-10,116.74679885206974
UG con Q(N),46.93979004850193,4.3675194875591355e-10,116.97263896675315
UG con Q(N),46.94172262626998,4.367519464303179e-10,117.19891595761716
UG con Q(N),46.94365520403801,4.367519441136086e-10,117.42563066977105
UG con Q(N),46.945587781806054,4.367519418057456e-10,117.65278394996474
UG con Q(N),46.94752035957409,4.3675193950669003e-10,117.88037664658029
UG con Q(N),46.94945293734213,4.3675193721640316e-10,118.10840960964426
UG con Q(N),46.95138551511017,4.367519349348461e-10,118.33688369082671
UG con Q(N),46.953318092878206,4.3675193266198026e-10,118.56579974344524
UG con Q(N),46.955250670646244,4.3675193039776777e-10,118.79515862246812
UG con Q(N),46.95718324841428,4.367519281421704e-10,119.0249611845176
UG con Q(N),46.95911582618232,4.367519258951506e-10,119.25520828787296
UG con Q(N),46.96104840395036,4.367519236566713e-10,119.48590079247387
UG con Q(N),46.962980981718395,4.367519214266948e-10,119.7170395599235
UG con Q(N),46.96491355948643,4.3675191920518535e-10,119.94862545349181
UG con Q(N),46.96684613725447,4.367519169921067e-10,120.1806593381187
UG con Q(N),46.96877871502251,4.367519147874228e-10,120.41314208041734
UG con Q(N),46.970711292790554,4.367519125910985e-10,120.6460745486782
UG con Q(N),46.972643870558585,4.3675191040309907e-10,120.87945761286804
UG con Q(N),46.97457644832663,4.367519082233907e-10,121.11329214464254
UG con Q(N),46.97650902609466,4.36751906051939e-10,121.34757901733678
UG con Q(N),46.978441603862706,4.36751903888711e-10,121.58231910598221
UG con Q(N),46.980374181630744,4.3675190173367394e-10,121.81751328729698
UG con Q(N),46.98230675939878,4.3675189958679594e-10,122.0531624396987
UG con Q(N),46.98423933716682,4.3675189744804555e-10,122.28926744330349
UG con Q(N),46.98617191493486,4.3675189531739135e-10,122.52582917993001
UG con Q(N),46.988104492702895,4.367518931948034e-10,122.76284853310288
UG con Q(N),46.99003707047093,4.3675189108025193e-10,123.0003263880559
UG con Q(N),46.99196964823897,4.367518889737078e-10,123.23826363173536
UG con Q(N),46.99390222600701,4.367518868751423e-10,123.4766611528034
UG con Q(N),46.99583480377505,4.367518847845278e-10,123.71551984164128
UG con Q(N),46.997767381543085,4.3675188270183706e-10,123.95484059035277
UG con Q(N),46.99969995931113,4.3675188062704335e-10,124.19462429276827
UG con Q(N),47.00163253707916,4.367518785601203e-10,124.43487184444383
UG con Q(N),47.003565114847206,4.36751876501043e-10,124.67558414267415
UG con Q(N),47.005497692615236,4.3675187444978623e-10,124.91676208648269
UG con Q(N),47.00743027038328,4.367518724063259e-10,125.15840657663921
UG con Q(N),47.00936284815132,4.3675187037063815e-10,125.4005185156498
UG con Q(N),47.01129542591936,4.367518683426998e-10,125.64309880777002
UG con Q(N),47.013228003687395,4.3675186632248856e-10,125.88614835900383
UG con Q(N),47.01516058145543,4.367518643099821e-10,126.12966807710791
UG con Q(N),47.01709315922347,4.367518623051587e-10,126.37365887159497
UG con Q(N),47.01902573699151,4.367518603079969e-10,126.61812165373722
UG con Q(N),47.02095831475955,4.367518583184763e-10,126.86305733656967
UG con Q(N),47.022890892527585,4.3675185633657664e-10,127.10846683489365
UG con Q(N),47.02482347029562,4.3675185436227736e-10,127.35435106528016
UG con Q(N),47.02675604806366,4.367518523955593e-10,127.60071094607328
UG con Q(N),47.0286886258317,4.3675185043640243e-10,127.84754739739361
UG con Q(N),47.030621203599736,4.3675184848478807e-10,128.09486134114172
UG con Q(N),47.03255378136778,4.3675184654069654e-10,128.34265370100243
UG con Q(N),47.03448635913581,4.367518446041091e-10,128.59092540244382
UG con Q(N),47.03641893690386,4.3675184267500723e-10,128.83967737273056
UG con Q(N),47.038351514671895,4.3675184075337164e-10,129.08891054091467
UG con Q(N),47.04028409243993,4.367518388391833e-10,129.33862583784907
UG con Q(N),47.04221667020797,4.367518369324233e-10,129.58882419618635
UG con Q(N),47.04414924797601,4.367518350330722e-10,129.8395065503833
UG con Q(N),47.04608182574405,4.367518331411103e-10,130.09067383670427
UG con Q(N),47.048014403512084,4.3675183125651806e-10,130.3423269932247
UG con Q(N),47.04994698128012,4.3675182937927467e-10,130.59446695983465
UG con Q(N),47.05187955904816,4.3675182750935964e-10,130.84709467824226
UG con Q(N),47.0538121368162,4.367518256467512e-10,131.1002110919772
UG con Q(N),47.055744714584236,4.367518237914274e-10,131.3538171463943
UG con Q(N),47.057677292352274,4.367518219433648e-10,131.60791378867697
UG con Q(N),47.05960987012031,4.3675182010253985e-10,131.86250196784076
UG con Q(N),47.06154244788836,4.3675181826892735e-10,132.1175826347378
UG con Q(N),47.06347502565639,4.367518164425022e-10,132.37315674205564
UG con Q(N),47.06540760342443,4.3675181462323576e-10,132.62922524433122
UG con Q(N),47.06734018119247,4.3675181281110064e-10,132.88578909794106
UG con Q(N),47.06927275896051,4.367518110060664e-10,133.14284926111534
UG con Q(N),47.071205336728546,4.3675180920810124e-10,133.40040669393667
UG con Q(N),47.073137914496584,4.367518074171725e-10,133.65846235834462
UG con Q(N),47.07507049226462,4.3675180563324403e-10,133.91701721813928
UG con Q(N),47.07700307003266,4.3675180385627954e-10,134.17607223898477
UG con Q(N),47.0789356478007,4.3675180208623964e-10,134.43562838841297
UG con Q(N),47.080868225568736,4.3675180032308224e-10,134.69568663582697
UG con Q(N),47.082800803336774,4.3675179856676387e-10,134.95624795250478
UG con Q(N),47.08473338110481,4.3675179681723826e-10,135.21731331160277
UG con Q(N),47.08666595887285,4.3675179507445566e-10,135.47888368815947
UG con Q(N),47.08859853664089,4.367517933383641e-10,135.74096005909905
UG con Q(N),47.09053111440893,4.3675179160890877e-10,136.0035434032359
UG con Q(N),47.09246369217696,4.367517898860303e-10,136.26663470127352
UG con Q(N),47.09439626994501,4.367517881696681e-10,136.5302349358187
UG con Q(N),47.09632884771304,4.36751786459756e-10,136.79434509137067
UG con Q(N),47.098261425481084,4.367517847562249e-10,137.05896615434028
UG con Q(N),47.10019400324912,4.3675178305900193e-10,137.32409911303898
UG con Q(N),47.10212658101716,4.367517813680092e-10,137.5897449576933
UG con Q(N),47.1040591587852,4.3675177968316577e-10,137.85590468044362
UG con Q(N),47.105991736553236,4.36751778004385e-10,138.12257927534864
