model,N,H,eps1,phi,abs_Qprime_over_abs_Vprime
UG,0.0,0.49903973482722125,4.941086895393971e-06,7.6604436259549304,496.5510575587887
UG,0.02500625156251944,0.49903519688372694,0.000705671370757664,7.659804588675433,84.42328552268043
UG,0.05001250312503888,0.49902251915206886,0.0013113050969493667,7.658681664128862,61.71812012690326
UG,0.07501875468755832,0.49900281772769506,0.0018334013426548716,7.657278095178594,52.005674899511384
UG,0.10002500625007776,0.4989770658994894,0.002282959805314185,7.65567233030888,46.427636439572716
UG,0.12503125781259722,0.498946107612827,0.0026697094370729427,7.653911230106215,42.764617039088456
UG,0.15003750937511665,0.4989106732237434,0.003002143896401536,7.652026840913831,40.16499137792862
UG,0.17504376093763607,0.49887139414863957,0.0032876415790920994,7.650042666488142,38.223732464338376
UG,0.20005001250015553,0.49882881594109146,0.003532596476644203,7.647976693490572,36.72071447576657
UG,0.22505626406267498,0.49878340978349983,0.0037425419428514565,7.6458430800594,35.52496340604134
UG,0.25006251562519444,0.49873558250893274,0.003922262459683838,7.643653193660096,34.55315220429327
UG,0.27506876718771384,0.4986856853192764,0.004075892733526184,7.641416294765117,33.74946815326086
UG,0.3000750187502333,0.4986340213436197,0.0042070045869255935,7.6391400106133025,33.075027785756326
UG,0.32508127031275275,0.49858085218326026,0.0043186827428857676,7.636830676776861,32.5018279606302
UG,0.35008752187527215,0.4985264035783941,0.004413590754346723,7.634493591293872,32.009159840541614
UG,0.3750937734377916,0.4984708703046827,0.004494028161938852,7.632133208327908,31.581377497166017
UG,0.40010002500031105,0.49841442040607575,0.004561980020614873,7.629753288842001,31.20642485800516
UG,0.4251062765628305,0.49835719885286955,0.0046191597754275246,7.627357019776041,30.87487135644111
UG,0.45011252812534996,0.4982993306990749,0.004667046316736934,7.624947109529556,30.579243121018198
UG,0.47511877968786936,0.4982409238103545,0.004706916027668067,7.622525865405934,30.313541917747518
UG,0.5001250312503889,0.4981820712190686,0.0047398704725579695,7.620095256987078,30.07291172194317
UG,0.5251312828129082,0.49812285315634686,0.004766860303076707,7.617656968391095,29.853386690145665
UG,0.5501375343754277,0.49806333880730475,0.004788705917916625,7.615212441695764,29.651701870032635
UG,0.5751437859379471,0.498003587825351,0.00480611529436602,7.612762913190444,29.465155841741648
UG,0.6001500375004666,0.49794365163887594,0.004819699380565302,7.610309443793779,29.29149901494882
UG,0.625156289062986,0.4978835745795968,0.0048299853910139575,7.607852944698831,29.128849251286514
UG,0.6501625406255055,0.497823394855699,0.004837428276310734,7.605394199045971,28.97562706978932
UG,0.675168792188025,0.4977631453916861,0.004842420624159477,7.602933880305891,28.830500426776123
UG,0.7001750437505443,0.4977028545533942,0.004845301208390403,7.600472567916514,28.692343255565223
UG,0.7251812953130637,0.4976425467731638,0.004846362362020994,7.598010760598939,28.560201670072523
UG,0.7501875468755832,0.4975822430895291,0.004845856343274306,7.595548887730998,28.433264606581826
UG,0.7751937984381027,0.49752196161291123,0.004844000829612452,7.593087319073448,28.310841779657387
UG,0.8002000500006221,0.49746171792723154,0.004840983656469177,7.590626373094459,28.192344751871683
UG,0.8252063015631416,0.4974015254366338,0.004836966908867622,7.58816632411051,28.0772705130242
UG,0.850212553125661,0.49734139566458535,0.004832090451527967,7.585707408413668,27.965189062467456
UG,0.8752188046881805,0.4972813385118646,0.004826474974082895,7.583249829533128,27.855732212086693
UG,0.9002250562506999,0.49722136247927873,0.004820224620302916,7.58079376276075,27.748584130103843
UG,0.9252313078132193,0.4971614748597787,0.0048134292562931605,7.5783393590429995,27.643474002580426
UG,0.9502375593757387,0.4971016819041667,0.00480616642711094,7.575886748329702,27.54016918666023
UG,0.9752438109382582,0.49704198896416707,0.004798503046291812,7.573436042459741,27.438469653773677
UG,1.0002500625007777,0.496982400615809,0.004790496852999435,7.570987337645837,27.338203483253167
UG,1.025256314063297,0.49692292076587435,0.0047821976693083615,7.568540716615817,27.2392226199197
UG,1.0502625656258164,0.4968635527438041,0.004773648485842574,7.566096250459858,27.141399528930044
UG,1.075268817188336,0.4968042993809375,0.004764886397858454,7.563654000222216,27.044624373977832
UG,1.1002750687508553,0.49674516307889527,0.004755943413160842,7.561214018274445,26.94880236857133
UG,1.125281320313375,0.49668614586862,0.004746847149699298,7.558776349500883,26.853851717486695
UG,1.1502875718758943,0.49662724946126874,0.00473762143694953,7.556341032320595,26.759701832874537
UG,1.1752938234384138,0.49656847529214554,0.00472828683508821,7.553908099569733,26.666291672311786
UG,1.2003000750009332,0.49650982455862713,0.004718861083229239,7.551477579263543,26.573568452661068
UG,1.2253063265634525,0.49645129825285417,0.00470935948582801,7.54904949525351,26.481486514738528
UG,1.250312578125972,0.4963928971899553,0.004699795246293089,7.54662386779498,26.390006275908124
UG,1.2753188296884914,0.4963346220324109,0.004690179755034901,7.544200714037546,26.299093420938025
UG,1.300325081251011,0.49627647331105534,0.004680522837739234,7.541780048447996,26.20871817452231
UG,1.3253313328135303,0.49621845144320614,0.0046708329697476274,7.5393618831757685,26.118854639110893
UG,1.35033758437605,0.49616055674832177,0.004661117461188266,7.536946228368801,26.02948028496662
UG,1.3753438359385692,0.4961027894614887,0.004651382616487171,7.53453309244588,25.940575480422968
UG,1.4003500875010886,0.49604514974507463,0.004641633872171022,7.53212248233214,25.852123073202574
UG,1.4253563390636081,0.4959876376987833,0.00463187591581176,7.529714403662495,25.764108068609815
UG,1.4503625906261275,0.49593025336832275,0.004622112788549629,7.527308860957177,25.676517324181514
UG,1.475368842188647,0.49587299675289354,0.004612347973686744,7.524905857773541,25.589339286489782
UG,1.5003750937511664,0.49581586781164383,0.004602584473059473,7.5225053968370705,25.502563785567236
UG,1.525381345313686,0.4957588664692458,0.004592824873010899,7.520107480154662,25.416181837238312
UG,1.5503875968762053,0.495701992620702,0.004583071401278872,7.517712109112395,25.330185478560693
UG,1.5753938484387249,0.4956452461354958,0.004573325976106999,7.515319284560037,25.24456763332137
UG,1.6004001000012442,0.4955886268611724,0.004563590248633274,7.512929006884046,25.159321987895584
UG,1.6254063515637636,0.4955321346264284,0.004553865639465005,7.510541276070647,25.074442884657955
UG,1.6504126031262831,0.49547576924377884,0.004544153370249133,7.508156091760307,24.989925236973114
UG,1.6754188546888025,0.495419530511857,0.004534454490910248,7.505773453294816,24.905764448529837
UG,1.700425106251322,0.49536341821740115,0.00452476990316558,7.503393359757958,24.821956346468355
UG,1.7254313578138414,0.4953074321369666,0.0045151003808187855,7.501015810010654,24.738497125931094
UG,1.750437609376361,0.49525157203840464,0.004505446587268161,7.4986408027213205,24.655383299490396
UG,1.7754438609388803,0.4951958376821391,0.004495809090632586,7.496268336392124,24.572611652699937
UG,1.8004501125013999,0.4951402288222655,0.004486188376779905,7.493898409381614,24.490179210604456
UG,1.8254563640639192,0.4950847452075013,0.004476584860593799,7.491531019924325,24.40808320343472
UG,1.8504626156264385,0.49502938658200757,0.004466998895703876,7.489166166147728,24.32632104027357
UG,1.875468867188958,0.494974152686093,0.004457430782848896,7.4868038460868105,24.24489028487477
UG,1.9004751187514775,0.4949190432568264,0.004447880777132202,7.484444057696743,24.163788636126263
UG,1.925481370313997,0.49486405802856215,0.004438349094257357,7.482086798863775,24.083013909937602
UG,1.9504876218765164,0.4948091967333957,0.004428835915946086,7.479732067414723,24.002564024273
UG,1.975493873439036,0.4947544591015529,0.004419341394552562,7.477379861125051,23.92243698606176
UG,2.0005001250015555,0.49469984486173085,0.004409865657111695,7.47503017772597,23.842630879660305
UG,2.0255063765640746,0.4946453537413883,0.00440040880880076,7.472683014910524,23.763143858354887
UG,2.050512628126594,0.49459098546699715,0.004390970935923237,7.470338370338838,23.68397413419005
UG,2.0755188796891137,0.4945367397642596,0.004381552108499336,7.467996241642674,23.605119971983004
UG,2.100525131251633,0.4944826163582953,0.004372152382491772,7.4656566264293645,23.526579683061186
UG,2.1255313828141524,0.49442861497380314,0.004362771801740076,7.46331952228522,23.44835161908844
UG,2.150537634376672,0.4943747353351997,0.004353410399605755,7.460984926778445,23.37043416840713
UG,2.1755438859391916,0.4943209771667392,0.004344068200417655,7.458652837461695,23.292825751333137
UG,2.2005501375017107,0.4942673401926179,0.004334745220713063,7.456323251874282,23.215524816966827
UG,2.2255563890642303,0.4942138241370623,0.00432544147029285,7.453996167544041,23.13852984015834
UG,2.25056264062675,0.49416042872440563,0.004316156953154116,7.451671581988995,23.0618393189278
UG,2.275568892189269,0.4941071536791555,0.004306891668287322,7.449349492718779,22.985451772309368
UG,2.3005751437517885,0.4940539987260489,0.0042976456103550895,7.447029897235847,22.909365738270868
UG,2.325581395314308,0.4940009635901024,0.004288418770292443,7.444712793036547,22.833579772184194
UG,2.3505876468768276,0.49394804799665426,0.004279211135818766,7.442398177612039,22.758092445328476
UG,2.3755938984393468,0.49389525167140014,0.0042700226918757625,7.440086048449088,22.682902343580356
UG,2.4006001500018663,0.49384257434042483,0.004260853421013232,7.4377764030307505,22.60800806649392
UG,2.425606401564386,0.49379001573022824,0.004251703303716832,7.435469238836968,22.533408226195817
UG,2.450612653126905,0.49373757556774944,0.004242572318692384,7.4331645533450885,22.459101446601625
UG,2.4756189046894246,0.49368525358038534,0.0042334604431133035,7.430862344030308,22.385086362779763
UG,2.500625156251944,0.49363304949600806,0.004224367652829913,7.428562608366056,22.311361620341387
UG,2.5256314078144637,0.4935809630429789,0.00421529392255477,7.426265343824336,22.237925874737776
UG,2.550637659376983,0.49352899395016137,0.0042062392260200105,7.42397054787601,22.164777791008614
UG,2.5756439109395024,0.49347714194693054,0.004197203536113465,7.421678217991052,22.09191604328787
UG,2.600650162502022,0.4934254067631832,0.004188186824997594,7.419388351638771,22.01933931435644
UG,2.625656414064541,0.4933737881293444,0.004179189064209769,7.417100946287991,21.947046295458698
UG,2.6506626656270607,0.4933222857763743,0.004170210224751692,7.414815999407227,21.875035686021633
UG,2.67566891718958,0.4932708994357735,0.004161250277164121,7.412533508464823,21.80330619334156
UG,2.7006751687521,0.4932196288395872,0.0041523091915931214,7.410253470929072,21.7318565323088
UG,2.725681420314619,0.4931684737204095,0.004143386937846532,7.407975884268335,21.660685425513332
UG,2.7506876718771385,0.4931174338113863,0.004134483485442583,7.40570074595113,21.589791602613268
UG,2.775693923439658,0.4930665088462168,0.004125598803652769,7.403428053446207,21.519173800701996
UG,2.800700175002177,0.4930156985591574,0.0041167328615375,7.401157804222643,21.448830763816716
UG,2.8257064265646967,0.49296500268502225,0.004107885627978659,7.39888999574988,21.378761242818648
UG,2.8507126781272163,0.4929144209591839,0.004099057071705753,7.396624625497795,21.30896399554417
UG,2.875718929689736,0.492863953117576,0.004090247161320482,7.394361690936748,21.23943778652026
UG,2.900725181252255,0.4928135988966921,0.004081455865316365,7.392101189537619,21.17018138678562
UG,2.9257314328147745,0.49276335803358745,0.0040726831520967195,7.389843118771851,21.101193574014566
UG,2.950737684377294,0.4927132302658785,0.004063928989989878,7.387587476111488,21.032473132440863
UG,2.9757439359398137,0.4926632153317434,0.004055193347262054,7.38533425902919,20.964018852612654
UG,3.000750187502333,0.4926133129699218,0.004046476192129296,7.38308346499828,20.89582953129693
UG,3.0257564390648524,0.4925635229197145,0.004037777492766577,7.380835091492751,20.827903971737342
UG,3.050762690627372,0.49251384492098327,0.004029097217317288,7.378589135987299,20.76024098334437
UG,3.075768942189891,0.49246427871415066,0.004020435333899555,7.376345595957331,20.69283938161018
UG,3.1007751937524106,0.49241482404019893,0.004011791810613646,7.374104468878995,20.625697988321534
UG,3.12578144531493,0.49236548064067026,0.004003166615546815,7.371865752229188,20.558815631110157
UG,3.1507876968774498,0.4923162482576655,0.003994559716778465,7.369629443485575,20.49219114385735
UG,3.175793948439969,0.4922671266338439,0.0039859710823843585,7.367395540126597,20.425823366287023
UG,3.2008002000024884,0.4922181155124219,0.0039774006804399195,7.3651640396314875,20.35971114405713
UG,3.225806451565008,0.49216921463717317,0.003968848479024011,7.362934939480287,20.29385332883229
UG,3.250812703127527,0.4921204237524269,0.0039603144462208245,7.360708237153845,20.228248778092787
UG,3.2758189546900467,0.4920717426030679,0.003951798550123314,7.358483930133841,20.162896354998278
UG,3.3008252062525663,0.49202317093453496,0.003943300758834202,7.356262015902782,20.097794928740953
UG,3.325831457815086,0.4919747084928203,0.003934821040468738,7.35404249194402,20.032943374094003
UG,3.350837709377605,0.49192635502446913,0.003926359363155721,7.351825355741763,19.968340571535556
UG,3.3758439609401245,0.4918781102765779,0.003917915695039076,7.34961060478107,19.903985407327312
UG,3.400850212502644,0.4918299739967939,0.003909490004279308,7.347398236547875,19.83987677329971
UG,3.425856464065163,0.4917819459333144,0.003901082259054049,7.345188248528981,19.776013566896555
UG,3.4508627156276828,0.49173402583488574,0.0038926924275598435,7.342980638212076,19.712394691199655
UG,3.4758689671902023,0.49168621345080166,0.0038843204780119414,7.340775403085739,19.649019054756604
UG,3.500875218752722,0.4916385085309036,0.0038759663786461754,7.33857254063944,19.58588557161961
UG,3.525881470315241,0.4915909108255785,0.0038676300977186296,7.336372048363555,19.52299316140456
UG,3.5508877218777606,0.4915434200857589,0.0038593116035069526,7.334173923749368,19.460340749093355
UG,3.57589397344028,0.4914960360629212,0.003851010864310598,7.33197816428908,19.397927265171116
UG,3.6009002250027997,0.4914487585090849,0.0038427278484512188,7.329784767475812,19.335751645410365
UG,3.625906476565319,0.49140158717681204,0.0038344625242735107,7.3275937308036125,19.273812830965024
UG,3.6509127281278384,0.49135452181920564,0.0038262148601449714,7.325405051767467,19.21210976840971
UG,3.675918979690358,0.49130756218990906,0.003817984824457144,7.323218727863297,19.1506414094536
UG,3.700925231252877,0.491260708043105,0.003809772385624874,7.321034756587974,19.089406711247985
UG,3.7259314828153967,0.4912139591335145,0.003801577512087674,7.318853135439317,19.028404636008638
UG,3.750937734377916,0.49116731521639573,0.003793400172309213,7.316673861916106,18.96763415125859
UG,3.775943985940436,0.4911207760475435,0.0037852403347780057,7.314496933518079,18.90709422970794
UG,3.800950237502955,0.4910743413832878,0.0037770979680076446,7.31232234774595,18.846783849179236
UG,3.8259564890654745,0.4910280109804931,0.0037689730405367056,7.3101501021014,18.78670199255854
UG,3.850962740627994,0.4909817845965574,0.0037608655209295885,7.307980194087095,18.72684764796766
UG,3.875968992190513,0.49093566198941097,0.003752775377775876,7.305812621206684,18.667219808468136
UG,3.9009752437530327,0.4908896429175156,0.003744702579691533,7.303647380964806,18.60781747222853
UG,3.9259814953155523,0.4908437271398635,0.003736647095318062,7.301484470867098,18.54863964231551
UG,3.950987746878072,0.4907979144159768,0.003728608893323552,7.299323888420197,18.48968532698979
UG,3.975993998440591,0.49075220450590545,0.0037205879424023485,7.297165631131747,18.430953539219782
UG,4.001000250003111,0.49070659717022747,0.0037125842112753363,7.295009696510408,18.372443297034472
UG,4.02600650156563,0.49066109217004733,0.0037045976686903336,7.292856082065851,18.31415362335063
UG,4.051012753128149,0.49061568926699517,0.0036966282834217613,7.290704785308772,18.25608354593349
UG,4.076019004690669,0.49057038822322563,0.003688676024271551,7.2885558037508975,18.198232097415975
UG,4.101025256253188,0.4905251888014171,0.00368074086006831,7.286409134904984,18.140598315206024
UG,4.126031507815708,0.49048009076477034,0.003672822759668519,7.28426477628483,18.08318124152925
UG,4.1510377593782275,0.49043509387700845,0.003664921691955773,7.282122725405271,18.025979923397077
UG,4.176044010940747,0.4903901979023746,0.0036570376258415267,7.279982979782198,17.96899341250388
UG,4.201050262503266,0.49034540260563214,0.0036491705302650313,7.27784553693255,17.91222076530807
UG,4.226056514065785,0.49030070775206286,0.003641320374193309,7.275710394374328,17.855661042990615
UG,4.251062765628305,0.49025611310746686,0.0036334871266217508,7.273577549626594,17.79931331116741
UG,4.276069017190824,0.4902116184381606,0.003625670756573565,7.271447000209484,17.743176640458334
UG,4.301075268753344,0.49016722351097675,0.0036178712331008,7.269318743644199,17.687250105834636
UG,4.326081520315864,0.4901229280932625,0.0036100885252834326,7.267192777453025,17.631532786834637
UG,4.351087771878383,0.49007873195287943,0.0036023226022304706,7.265069099159329,17.576023767744957
UG,4.376094023440902,0.4900346348582019,0.0035945734330794054,7.2629477062875685,17.520722137195367
UG,4.401100275003421,0.48999063657811615,0.0035868409869966294,7.260828596363291,17.465626988443212
UG,4.426106526565941,0.4899467368820197,0.0035791252331776524,7.2587117669131445,17.410737419176726
UG,4.4511127781284605,0.48990293553982006,0.0035714261408468216,7.25659721546488,17.35605253160848
UG,4.47611902969098,0.48985923232193385,0.003563743679258131,7.2544849395473525,17.301571432296523
UG,4.5011252812535,0.4898156269992858,0.003556077817694415,7.252374936690535,17.24729323226419
UG,4.526131532816019,0.48977211934330794,0.0035484285254685026,7.250267204425514,17.19321704689279
UG,4.551137784378538,0.4897287091259386,0.003540795771922365,7.248161740284498,17.13934199607033
UG,4.5761440359410575,0.4896853961196212,0.0035331795264279464,7.246058541800826,17.08566720375438
UG,4.601150287503577,0.4896421800973035,0.003525579758386963,7.243957606508964,17.032191798489976
UG,4.626156539066097,0.4895990608324369,0.0035179964372309665,7.241858931944517,16.978914912857928
UG,4.651162790628616,0.4895560380989749,0.0035104295324218126,7.239762515644227,16.925835683963648
UG,4.676169042191136,0.48951311167137257,0.003502879013451182,7.237668355145987,16.872953253052618
UG,4.701175293753655,0.48947028132458575,0.0034953448498415223,7.235576447988833,16.820266765528437
UG,4.726181545316174,0.4894275468340692,0.0034878270111451406,7.233486791712963,16.76777537106681
UG,4.7511877968786935,0.48938490797577705,0.003480325466945301,7.231399383859728,16.71547822355678
UG,4.776194048441213,0.4893423645261604,0.0034728401868556144,7.229314221971645,16.663374480894475
UG,4.801200300003733,0.4892999162621676,0.003465371140520495,7.2272313035924,16.611463305312608
UG,4.826206551566252,0.4892575629612424,0.0034579182976153073,7.22515062626685,16.559743862968904
UG,4.851212803128772,0.48921530440132355,0.003450481627846123,7.223072187541028,16.50821532427185
UG,4.876219054691291,0.48917314036084353,0.003443061100950442,7.220995984962154,16.456876863492003
UG,4.90122530625381,0.4891310706187277,0.003435656686696467,7.218922016078627,16.405727659234813
UG,4.92623155781633,0.4890890949543937,0.0034282683548841546,7.216850278440041,16.35476689380864
UG,4.951237809378849,0.4890472131477499,0.003420896075344383,7.214780769597181,16.30399375377577
UG,4.976244060941369,0.48900542497919486,0.0034135398179397933,7.212713487102036,16.253407429560813
UG,5.001250312503888,0.48896373022961614,0.003406199552564515,7.210648428507794,16.203007115493506
UG,5.026256564066408,0.48892212868038964,0.0033988752491442625,7.208585591368853,16.15279200997658
UG,5.051262815628927,0.4888806201133787,0.0033915668776367657,7.20652497324082,16.102761315232588
UG,5.076269067191446,0.48883920431093275,0.003384274408031297,7.204466571680523,16.052914237384357
UG,5.101275318753966,0.48879788105588656,0.0033769978103495553,7.202410384246008,16.003249986489173
UG,5.126281570316485,0.48875665013155944,0.0033697370546448093,7.200356408496544,15.953767776401792
UG,5.151287821879005,0.4887155113217544,0.0033624921110029277,7.19830464199263,15.904466824808823
UG,5.176294073441524,0.4886744644107567,0.0033552629495417706,7.196255082296002,15.855346353191988
UG,5.201300325004044,0.48863350918333354,0.0033480495404116456,7.194207726969629,15.806405586908987
UG,5.2263065765665635,0.48859264542473274,0.003340851853795421,7.19216257357772,15.757643754982498
UG,5.251312828129082,0.48855187292068175,0.0033336698599082805,7.190119619685737,15.709060090237347
UG,5.276319079691602,0.48851119145738714,0.003326503528998429,7.18807886286038,15.660653829241127
UG,5.301325331254121,0.4884706008215333,0.0033193528313463427,7.186040300669614,15.612424212217777
UG,5.326331582816641,0.4884301008002817,0.003312217737265825,7.184003930682655,15.564370483147176
UG,5.35133783437916,0.4883896911812698,0.0033050982171031547,7.181969750469985,15.516491889643781
UG,5.37634408594168,0.4883493717526099,0.003297994241237895,7.17993775760335,15.46878768288627
UG,5.4013503375042,0.4883091423028892,0.003290905780082634,7.177907949655761,15.421257117857111
UG,5.426356589066718,0.4882690026211676,0.0032838328040830536,7.175880324201512,15.373899453058055
UG,5.451362840629238,0.48822895249697806,0.003276775283718347,7.173854878816169,15.326713950579395
UG,5.476369092191757,0.48818899172032415,0.0032697331895007314,7.171831611076578,15.27969987606601
UG,5.501375343754277,0.4881491200816805,0.0032627064919763214,7.169810518560877,15.232856498761238
UG,5.5263815953167965,0.48810933737199136,0.003255695161724267,7.167791598848487,15.186183091348031
UG,5.551387846879316,0.48806964338266956,0.0032486991693577365,7.165774849520125,15.139678930229467
UG,5.576394098441836,0.4880300379055957,0.003241718485523359,7.163760268157805,15.093343295069237
UG,5.601400350004354,0.4879905207331174,0.0032347530809016005,7.1617478523448455,15.047175469142093
UG,5.626406601566874,0.48795109165804795,0.0032278029262069003,7.159737599665862,15.00117473916633
UG,5.6514128531293935,0.48791175047366614,0.0032208679921874156,7.157729507706784,14.955340395234012
UG,5.676419104691913,0.48787249697371443,0.0032139482496256863,7.155723574054853,14.909671731002621
UG,5.701425356254433,0.48783333095239867,0.0032070436693379186,7.153719796298625,14.864168043356955
UG,5.726431607816952,0.4877942522043872,0.003200154222174955,7.151718172027977,14.81882863268932
UG,5.751437859379472,0.4877552605248095,0.003193279879021508,7.14971869883411,14.773652802733384
UG,5.776444110941991,0.4877163557092556,0.0031864206107968572,7.147721374309547,14.72863986056595
UG,5.80145036250451,0.4876775375537752,0.003179576388454663,7.145726196048151,14.683789116541144
UG,5.8264566140670295,0.48763880585487657,0.0031727471829829487,7.143733161645112,14.639099884439617
UG,5.851462865629549,0.4876001604095259,0.003165932965404569,7.141742268696961,14.594571481274457
UG,5.876469117192069,0.4875616010151462,0.0031591337067766656,7.139753514801569,14.550203227299713
UG,5.901475368754588,0.48752312746961635,0.0031523493781915393,7.137766897558157,14.505994446142118
UG,5.926481620317108,0.48748473957127025,0.003145579950775806,7.135782414567287,14.46194446454297
UG,5.951487871879627,0.4874464371188963,0.003138825395691301,7.133800063430881,14.418052612547038
UG,5.976494123442146,0.48740821991173583,0.003132085684134599,7.131819841752211,14.374318223436752
UG,6.001500375004666,0.48737008774948254,0.0031253607873372876,7.129841747135912,14.33074063355303
UG,6.026506626567185,0.48733204043228195,0.0031186506765661583,7.127865777187982,14.287319182617383
UG,6.051512878129705,0.48729407776072975,0.003111955323122901,7.125891929515783,14.244053213324213
UG,6.076519129692224,0.48725619953587146,0.003105274698344798,7.123920201728048,14.20094207161066
UG,6.101525381254744,0.48721840555920165,0.0030986087736039327,7.121950591434883,14.157985106528882
UG,6.126531632817263,0.4871806956326623,0.003091957520308175,7.119983096247771,14.115181670196058
UG,6.151537884379782,0.4871430695586427,0.0030853209099004665,7.118017713779574,14.07253111789568
UG,6.176544135942302,0.4871055271399782,0.0030786989138593766,7.11605444164454,14.030032807898353
UG,6.201550387504821,0.48706806817994946,0.0030720915036990403,7.114093277458299,13.987686101615575
UG,6.226556639067341,0.4870306924822812,0.0030654986509690316,7.112134218837875,13.94549036345573
UG,6.25156289062986,0.486993399851142,0.0030589203272548882,7.110177263401684,13.903444960843649
UG,6.27656914219238,0.48695619009114266,0.003052356504177488,7.108222408769539,13.861549264304642
UG,6.3015753937548995,0.4869190630073358,0.0030458071533939358,7.106269652562651,13.819802647268492
UG,6.326581645317418,0.48688201840521467,0.003039272246596771,7.104318992403638,13.778204486176048
UG,6.351587896879938,0.4868450560907128,0.0030327517555147204,7.1023704259165195,13.73675416044719
UG,6.376594148442457,0.4868081758702025,0.0030262456519123846,7.100423950726729,13.695451052356375
UG,6.401600400004977,0.4867713775504943,0.003019753907590329,7.098479564461109,13.654294547306137
UG,6.426606651567496,0.48673466093883583,0.003013276494385417,7.096537264747919,13.613284033417278
UG,6.451612903130016,0.4866980258429113,0.0030068133841703554,7.094597049216841,13.572418901863783
UG,6.476619154692536,0.48666147207084054,0.0030003645488544577,7.092658915498974,13.531698546598108
UG,6.501625406255054,0.48662499943117793,0.00299392996038285,7.090722861226845,13.491122364509893
UG,6.526631657817574,0.4865886077329112,0.0029875095907373485,7.088788884034409,13.450689755333455
UG,6.551637909380093,0.4865522967854618,0.0029811034119359035,7.0868569815570535,13.410400121628905
UG,6.576644160942613,0.4865160663986826,0.002974711396032953,7.084927151431598,13.370252868790452
UG,6.6016504125051325,0.48647991638285776,0.0029683335151195122,7.082999391296304,13.33024740500543
UG,6.626656664067652,0.4864438465487018,0.0029619697413229102,7.081073698790866,13.290383141354342
UG,6.651662915630172,0.48640785670735864,0.0029556200468074194,7.0791500715564295,13.250659491571072
UG,6.67666916719269,0.4863719466704006,0.002949284403773509,7.077228507235584,13.211075872189914
UG,6.70167541875521,0.48633611624982814,0.002942962784458757,7.075309003472368,13.171631702616526
UG,6.7266816703177295,0.4863003652580679,0.002936655161137146,7.073391557912274,13.132326404806554
UG,6.751687921880249,0.4862646935079729,0.002930361506119609,7.071476168202246,13.093159403606354
UG,6.776694173442769,0.4862291008128212,0.0029240817917539335,7.069562831990691,13.054130126511426
UG,6.801700425005288,0.48619358698631504,0.0029178159904246336,7.067651546927474,13.015238003687742
UG,6.826706676567808,0.48615815184258004,0.0029115640745534486,7.065742310663927,12.97648246798359
UG,6.851712928130326,0.4861227951961643,0.002905326016598724,7.063835120852844,12.937862954972784
UG,6.876719179692846,0.4860875168620376,0.0028991017890562516,7.061929975148496,12.899378902849373
UG,6.9017254312553655,0.48605231665559046,0.002892891364458495,7.060026871206623,12.861029752477753
UG,6.926731682817885,0.4860171943926336,0.002886694715375304,7.058125806684436,12.82281494724388
UG,6.951737934380405,0.48598214988939653,0.0028805118144135983,7.056226779240631,12.784733933334332
UG,6.976744185942924,0.48594718296252704,0.0028743426342174383,7.054329786535381,12.746786159317903
UG,7.001750437505444,0.48591229342909065,0.0028681871474683317,7.0524348262303445,12.708971076552192
UG,7.0267566890679625,0.48587748110656875,0.002862045326884796,7.050541895988666,12.671288138796086
UG,7.051762940630482,0.4858427458128591,0.0028559171452230726,7.048650993474978,12.633736802510038
UG,7.076769192193002,0.4858080873662739,0.002849802575276348,7.046762116355406,12.596316526590977
UG,7.101775443755521,0.4857735055855394,0.00284370158987557,7.044875262297569,12.559026772601626
UG,7.126781695318041,0.48573900028979505,0.0028376141618889515,7.042990428970586,12.5218670044681
UG,7.15178794688056,0.4857045712985926,0.0028315402642222287,7.041107614045071,12.48483668875845
UG,7.17679419844308,0.48567021843189545,0.0028254798698188026,7.039226815193144,12.447935294354949
UG,7.201800450005599,0.48563594151007683,0.0028194329516594186,7.037348030088429,12.411162292914534
UG,7.226806701568118,0.485601740353921,0.002813399482762784,7.035471256406058,12.374517158220197
UG,7.251812953130638,0.48556761478462007,0.002807379436184846,7.033596491822673,12.337999366759828
UG,7.276819204693157,0.48553356462377467,0.0028013727850196278,7.031723734016429,12.301608397393645
UG,7.301825456255677,0.48549958969339263,0.0027953795023985865,7.029852980666994,12.265343731375134
UG,7.326831707818196,0.4854656898158883,0.002789399561491061,7.027984229455555,12.229204852400395
UG,7.351837959380716,0.48543186481408146,0.0027834329355042363,7.026117478064824,12.193191246587082
UG,7.3768442109432355,0.4853981145111967,0.0027774795976829515,7.024252724179028,12.157302402424879
UG,7.401850462505754,0.4853644387308627,0.0027715395213102107,7.0223899654839235,12.121537810748777
UG,7.426856714068274,0.4853308372971108,0.002765612679706541,7.020529199666794,12.085896964852681
UG,7.451862965630793,0.485297310034375,0.0027596990462308,7.018670424416454,12.050379360334741
UG,7.476869217193313,0.4852638567674905,0.002753798594279449,7.016813637423251,12.014984495141851
UG,7.501875468755832,0.4852304773216933,0.0027479112972871532,7.014958836379063,11.979711869508252
UG,7.526881720318352,0.4851971715226189,0.0027420371287265755,7.013106018977311,11.944560986050671
UG,7.551887971880872,0.48516393919630196,0.002736176062108313,7.011255182912951,11.909531349684704
UG,7.57689422344339,0.4851307801691751,0.0027303280709813043,7.009406325882485,11.874622467558973
UG,7.60190047500591,0.48509769426806837,0.002724493128932263,7.007559445583956,11.839833849194722
UG,7.626906726568429,0.48506468132020825,0.0027186712095864586,7.005714539716957,11.80516500637172
UG,7.651912978130949,0.485031741153217,0.0027128622866069265,7.003871605982626,11.770615453069537
UG,7.6769192296934685,0.48499887359511124,0.0027070663336951736,7.002030642083659,11.73618470554516
UG,7.701925481255988,0.4849660784743023,0.002701283324590834,7.000191645724293,11.701872282305972
UG,7.726931732818508,0.484933355619594,0.002695513233071748,6.998354614610336,11.667677704076441
UG,7.751937984381026,0.4849007048601832,0.002689756032954224,6.996519546449145,11.633600493792585
UG,7.776944235943546,0.4848681260256579,0.0026840116980925946,6.9946864389496355,11.599640176643884
UG,7.8019504875060655,0.4848356189459969,0.002678280202379907,6.992855289822293,11.56579627986848
UG,7.826956739068585,0.48480318345156903,0.0026725615197471454,6.991026096779161,11.532068333099016
UG,7.851962990631105,0.48477081937313227,0.0026668556241640083,6.989198857533854,11.498455867944534
UG,7.876969242193624,0.4847385265418329,0.0026611624896384126,6.987373569801552,11.464958418280963
UG,7.901975493756144,0.48470630478920457,0.002655482090216716,6.985550231299011,11.431575520077429
UG,7.926981745318662,0.48467415394716795,0.002649814399983867,6.983728839744553,11.398306711503981
UG,7.951987996881182,0.4846420738480291,0.0026441593930630457,6.981909392858079,11.365151532743438
UG,7.9769942484437015,0.48461006432447973,0.002638517043616278,6.9800918883610725,11.33210952618391
UG,8.002000500006222,0.48457812520959553,0.002632887325843698,6.978276323976586,11.29918023635756
UG,8.02700675156874,0.4845462563368355,0.0026272702139843256,6.976462697429263,11.266363209783261
UG,8.05201300313126,0.4845144575400419,0.0026216656823155036,6.974651006445324,11.233657995093985
UG,8.077019254693779,0.48448272865343844,0.002616073705153218,6.972841248752579,11.201064142987605
UG,8.102025506256298,0.4844510695116298,0.002610494256852136,6.971033422080424,11.168581206331643
UG,8.127031757818818,0.4844194799496012,0.002604927311805334,6.969227524159843,11.13620873987056
UG,8.152038009381338,0.4843879598027172,0.002599372844444852,6.967423552723414,11.103946300516936
UG,8.177044260943857,0.4843565089067214,0.0025938308292409737,6.965621505505309,11.071793447134901
UG,8.202050512506377,0.484325127097735,0.002588301240703028,6.963821380241294,11.039749740697465
UG,8.227056764068896,0.4842938142122561,0.0025827840533787384,6.962023174668731,11.007814744088646
UG,8.252063015631416,0.4842625700871595,0.0025772792418546466,6.960226886526585,10.975988022238047
UG,8.277069267193935,0.48423139455969544,0.0025717867807560453,6.958432513555419,10.944269142069798
UG,8.302075518756455,0.4842002874674886,0.0025663066447468006,6.956640053497398,10.912657672489841
UG,8.327081770318975,0.48416924864853805,0.0025608388085298106,6.9548495040962965,10.881153184326132
UG,8.352088021881494,0.4841382779412157,0.002555383246846357,6.953060863097492,10.849755250452072
UG,8.377094273444012,0.484107375184266,0.002549939934476878,6.951274128247975,10.818463445610938
UG,8.402100525006531,0.484076540216805,0.002544508846240267,6.9494892972963385,10.787277346505743
UG,8.427106776569051,0.4840457728783191,0.0025390899569943865,6.9477063679927955,10.756196531777395
UG,8.45211302813157,0.4840150730086656,0.0025336832416359076,6.94592533808917,10.725220581961503
UG,8.47711927969409,0.48398444044807026,0.002528288675100189,6.9441462053389005,10.69434907957855
UG,8.50212553125661,0.4839538750371275,0.002522906232361676,6.942368967497046,10.66358160895202
UG,8.52713178281913,0.4839233766167999,0.0025175358884333347,6.940593622320283,10.63291775636981
UG,8.552138034381649,0.4838929450284161,0.0025121776183673387,6.938820167566909,10.602357109946587
UG,8.577144285944168,0.48386258011367145,0.002506831397254396,6.937048600996845,10.571899259667907
UG,8.602150537506688,0.4838322817146268,0.0025014972002242834,6.935278920371636,10.541543797483024
UG,8.627156789069208,0.4838020496737069,0.002496175002445628,6.933511123454454,10.511290317007235
UG,8.652163040631727,0.48377188383370096,0.0024908647791258383,6.931745208010097,10.481138413901355
UG,8.677169292194247,0.4837417840377609,0.002485566505511455,6.929981171804995,10.451087685527114
UG,8.702175543756766,0.48371175012940115,0.0024802801568876184,6.928219012607208,10.421137731078074
UG,8.727181795319284,0.48368178195249734,0.0024750057085787484,6.926458728186426,10.391288151661046
UG,8.752188046881804,0.483651879351286,0.0024697431359478237,6.924700316313978,10.36153855003356
UG,8.777194298444323,0.48362204217036364,0.002464492414396984,6.922943774762826,10.331888530920882
UG,8.802200550006843,0.48359227025468576,0.0024592535193672348,6.921189101307572,10.302337700715642
UG,8.827206801569362,0.48356256344956666,0.002454026426338439,6.919436293724455,10.272885667658487
UG,8.852213053131882,0.4835329216006781,0.002448811110829614,6.9176853497913555,10.243532041655648
UG,8.877219304694401,0.4835033445540488,0.002443607548398441,6.915936267287796,10.21427643454195
UG,8.902225556256921,0.48347383215606354,0.002438415714641903,6.9141890439949405,10.185118459721824
UG,8.92723180781944,0.4834443842534624,0.002433235585195588,6.912443677695605,10.156057732497537
UG,8.95223805938196,0.48341500069334065,0.0024280671357342822,6.910700166174244,10.12709386977924
UG,8.97724431094448,0.48338568132314674,0.002422910341971652,6.908958507216967,10.098226490329184
UG,9.002250562507,0.4833564259906826,0.00241776517966027,6.907218698611528,10.06945521453694
UG,9.027256814069519,0.4833272345441026,0.002412631624591853,6.905480738147338,10.040779664493554
UG,9.052263065632038,0.48329810683191243,0.0024075096525968424,6.903744623615453,10.012199464069825
UG,9.077269317194556,0.4832690427029691,0.002402399239544989,6.902010352808591,9.9837142387654
UG,9.102275568757076,0.48324004200647913,0.0023973003613446424,6.900277923521118,9.955323615768549
UG,9.127281820319595,0.48321110459199906,0.0023922129939434006,6.8985473335490655,9.927027223952019
UG,9.152288071882115,0.48318223030943347,0.0023871371133277123,6.896818580690114,9.898824693884313
UG,9.177294323444634,0.4831534190090352,0.0023820726955229698,6.895091662743611,9.870715657713202
UG,9.202300575007154,0.483124670541404,0.0023770197165937017,6.893366577510561,9.842699749320204
UG,9.227306826569674,0.48309598475748605,0.002371978152643165,6.891643322793631,9.814776604179993
UG,9.252313078132193,0.48306736150857343,0.002366947979813918,6.889921896397155,9.786945859437754
UG,9.277319329694713,0.48303880064630267,0.0023619291742871277,6.888202296127127,9.759207153816966
UG,9.302325581257232,0.4830103020226547,0.0023569217122831965,6.886484519791212,9.73156012769613
UG,9.327331832819752,0.4829818654899539,0.002351925570061365,6.88476856519874,9.704004423065498
UG,9.352338084382271,0.4829534909008673,0.002346940723919812,6.883054430160708,9.676539683457515
UG,9.377344335944791,0.4829251781084038,0.0023419671501958305,6.881342112489791,9.649165554082254
UG,9.40235058750731,0.4828969269659135,0.002337004825265427,6.879631610000324,9.621881681672638
UG,9.427356839069828,0.4828687373270871,0.0023320537255439007,6.8779229205083245,9.594687714551567
UG,9.452363090632348,0.4828406090459549,0.002327113827485118,6.876216041831479,9.567583302648265
UG,9.477369342194867,0.4828125419768863,0.0023221851075821707,6.874510971789149,9.540568097414793
UG,9.502375593757387,0.4827845359745889,0.0023172675423669496,6.872807708202374,9.513641751877948
UG,9.527381845319907,0.48275659089410794,0.0023123611084102666,6.871106248893869,9.486803920562856
UG,9.552388096882426,0.48272870659082534,0.0023074657823219987,6.869406591688032,9.460054259587803
UG,9.577394348444946,0.48270088292045915,0.002302581540750717,6.867708734410935,9.43339242658296
UG,9.602400600007465,0.482673119739063,0.002297708360384229,6.866012674890333,9.406818080685953
UG,9.627406851569985,0.4826454169030248,0.0022928462179488893,6.864318410955667,9.380330882618043
UG,9.652413103132504,0.48261777426906666,0.002287995090210217,6.862625940438055,9.35393049456385
UG,9.677419354695024,0.4825901916942437,0.002283154953972497,6.860935261170303,9.327616580141393
UG,9.702425606257544,0.4825626690359437,0.0022783257860788777,6.8592463709869005,9.301388804545514
UG,9.727431857820063,0.482535206151886,0.002273507563411528,6.857559267724027,9.275246834482951
UG,9.752438109382583,0.4825078029001209,0.002268700262891258,6.855873949219544,9.249190338002848
UG,9.777444360945102,0.48248045913902954,0.002263903861478053,6.854190413313006,9.223218984814912
UG,9.80245061250762,0.4824531747273221,0.0022591183361703967,6.852508657845657,9.197332445915098
UG,9.82745686407014,0.4824259495240377,0.002254343664005864,6.8508286806604275,9.171530393866464
UG,9.85246311563266,0.48239878338854386,0.002249579822060745,6.8491504796019465,9.145812502660021
UG,9.877469367195179,0.4823716761805355,0.0022448267874501204,6.847474052516527,9.120178447660834
UG,9.902475618757698,0.4823446277600343,0.0022400845373280296,6.8457993972521844,9.094627905799893
UG,9.927481870320218,0.48231763798738775,0.0022353530488870782,6.844126511658624,9.069160555333632
UG,9.952488121882737,0.48229070672326896,0.002230632299358978,6.8424553935872465,9.04377607596185
UG,9.977494373445257,0.4822638338286755,0.002225922266013856,6.8407860408911505,9.018474148831038
UG,10.002500625007777,0.48223701916492884,0.0022212229261608708,6.839118451425131,8.993254456443184
UG,10.027506876570296,0.4822102625936737,0.0022165342571478027,6.837452623045686,8.968116682743027
UG,10.052513128132816,0.48218356397687756,0.0022118562363611454,6.835788553611006,8.943060513054876
UG,10.077519379695335,0.48215692317682907,0.002207188841226262,6.834126240980985,8.918085634044393
UG,10.102525631257855,0.48213034005613853,0.00220253204920701,6.832465683017219,8.893191733860016
UG,10.127531882820374,0.4821038144777365,0.0021978858378062464,6.830806877583007,8.868378501959246
UG,10.152538134382892,0.4820773463048732,0.0021932501845651747,6.8291498225433465,8.843645629142308
UG,10.177544385945412,0.48205093540111776,0.0021886250670639057,6.827494515764943,8.818992807625321
UG,10.202550637507931,0.4820245816303579,0.0021840104629211082,6.825840955116204,8.794419730917973
UG,10.227556889070451,0.48199828485679835,0.002179406349794046,6.824189138467245,8.769926093929765
UG,10.25256314063297,0.4819720449449616,0.00217481270537878,6.822539063689886,8.74551159290428
UG,10.27756939219549,0.48194586175968573,0.002170229507409733,6.820890728657653,8.72117592535879
UG,10.30257564375801,0.48191973516612446,0.00216565673366023,6.819244131245783,8.696918790212775
UG,10.32758189532053,0.4818936650297465,0.0021610943619418577,6.817599269331223,8.67273988767573
UG,10.352588146883049,0.4818676512163346,0.0021565423701049666,6.815956140792619,8.648638919245515
UG,10.377594398445568,0.4818416935919851,0.002152000736038395,6.8143147435103435,8.624615587802369
UG,10.402600650008088,0.4818157920231067,0.0021474694376694384,6.812675075366464,8.600669597430807
UG,10.427606901570607,0.48178994637642086,0.0021429484529640794,6.811037134244772,8.57680065354407
UG,10.452613153133127,0.48176415651895976,0.002138437759926554,6.809400918030764,8.553008462899438
UG,10.477619404695647,0.4817384223180669,0.0021339373365998685,6.807766424611654,8.529292733446042
UG,10.502625656258164,0.48171274364139516,0.00212944716106519,6.806133651876364,8.5056531744881
UG,10.527631907820684,0.4816871203569075,0.0021249672114423018,6.8045025977155404,8.482089496565212
UG,10.552638159383203,0.48166155233287505,0.002120497465889375,6.802873260021535,8.458601411453971
UG,10.577644410945723,0.4816360394378769,0.002116037902602892,6.801245636688421,8.43518863226294
UG,10.602650662508243,0.4816105815407999,0.002111588499817914,6.799619725611985,8.411850873224317
UG,10.627656914070762,0.481585178510837,0.0021071492358076074,6.797995524689735,8.388587849995565
UG,10.652663165633282,0.4815598302174875,0.002102720088883779,6.7963730318208935,8.36539927931077
UG,10.677669417195801,0.481534536530556,0.0020983010373962735,6.794752244906401,8.34228487917856
UG,10.70267566875832,0.48150929732015124,0.002093892059733397,6.79313316184892,8.319244368929283
UG,10.72768192032084,0.48148411245668665,0.002089493134321726,6.791515780552832,8.296277468959032
UG,10.75268817188336,0.4814589818108782,0.0020851042396259883,6.789900098924236,8.273383901021521
UG,10.77769442344588,0.481433905253745,0.0020807253541493802,6.788286114870955,8.250563387981378
UG,10.8027006750084,0.48140888265660786,0.002076356456433025,6.786673826302533,8.227815653941711
UG,10.827706926570919,0.48138391389108887,0.002071997525056541,6.785063231130232,8.205140424231166
UG,10.852713178133437,0.48135899882911076,0.0020676485386374698,6.7834543272670444,8.182537425304456
UG,10.877719429695956,0.48133413734289626,0.0020633094758316225,6.781847112627679,8.160006384892878
UG,10.902725681258476,0.4813093293049672,0.0020589803153329683,6.780241585128571,8.137547031813355
UG,10.927731932820995,0.48128457458814417,0.002054661035873447,6.778637742687877,8.115159096122037
UG,10.952738184383515,0.4812598730655457,0.002050351616223335,6.777035583225483,8.092842309001911
UG,10.977744435946034,0.4812352246105876,0.002046052035190662,6.7754351046629955,8.070596402811864
UG,11.002750687508554,0.48121062909698237,0.0020417622716217836,6.77383630492375,8.048421111125688
UG,11.027756939071073,0.4811860863987383,0.0020374823044008532,6.772239181932808,8.026316168574327
UG,11.052763190633593,0.4811615963901591,0.002033212112450091,6.770643733616953,8.004281310967096
UG,11.077769442196113,0.48113715894584336,0.002028951674729752,6.7690499579047,7.982316275287567
UG,11.102775693758632,0.48111277394068347,0.002024700970237863,6.767457852726292,7.96042079965424
UG,11.127781945321152,0.481088441249865,0.0020204599780106495,6.7658674160136965,7.938594623284511
UG,11.152788196883671,0.4810641607488667,0.002016228677121902,6.76427864570061,7.916837486517269
UG,11.17779444844619,0.48103993231345893,0.0020120070466835426,6.762691539722461,7.895149130808049
UG,11.202800700008709,0.48101575581970374,0.0020077950658451784,6.761106096016401,7.873529298779457
UG,11.227806951571228,0.4809916311439538,0.002003592713794255,6.759522312521318,7.8519777340968195
UG,11.252813203133748,0.4809675581628519,0.0019993999697561124,6.757940187177825,7.830494181545356
UG,11.277819454696267,0.48094353675333046,0.001995216812993671,6.756359717928266,7.809078387052051
UG,11.302825706258787,0.4809195667926105,0.0019910432228078642,6.754780902716718,7.787730097608508
UG,11.327831957821306,0.4808956481582014,0.0019868791785370267,6.753203739488987,7.7664490612361465
UG,11.352838209383826,0.4808717807279001,0.0019827246595574104,6.751628226192609,7.7452350271284205
UG,11.377844460946346,0.4808479643797899,0.001978579645282819,6.750054360776854,7.724087745494914
UG,11.402850712508865,0.4808241989922413,0.0019744441151646587,6.748482141192724,7.703006967675278
UG,11.427856964071385,0.4808004844439097,0.001970318048692082,6.746911565392951,7.681992446016974
UG,11.452863215633904,0.4807768206137358,0.001966201425391608,6.745342631332,7.661043933959664
UG,11.477869467196424,0.4807532073809444,0.0019620942248275916,6.743775336966072,7.640161185953771
UG,11.502875718758943,0.48072964462504436,0.0019579964266015983,6.742209680253097,7.619343957570703
UG,11.527881970321463,0.48070613222582714,0.001953908010352886,6.740645659152739,7.598592005388638
UG,11.552888221883983,0.48068267006336723,0.0019498289557581213,6.739083271626399,7.577905087049864
UG,11.5778944734465,0.48065925801802045,0.0019457592425313327,6.737522515637206,7.557282961181683
UG,11.60290072500902,0.480635895970424,0.0019416988504241416,6.735963389150031,7.536725387494853
UG,11.62790697657154,0.48061258380149546,0.001937647759225303,6.734405890131472,7.516232126731661
UG,11.652913228134059,0.480589321392433,0.0019336059487611902,6.732850016549865,7.495802940587087
UG,11.677919479696579,0.4805661086247129,0.0019295733988952464,6.731295766375277,7.475437591850016
UG,11.702925731259098,0.4805429453800913,0.0019255500895283264,6.729743137579518,7.455135844286227
UG,11.727931982821618,0.4805198315406017,0.0019215360005985578,6.728192128136126,7.434897462646126
UG,11.752938234384137,0.48049676698855504,0.0019175311120811793,6.726642736020377,7.414722212742463
UG,11.777944485946657,0.48047375160653966,0.0019135354039888546,6.72509495920928,7.394609861357471
UG,11.802950737509176,0.4804507852774191,0.0019095488563711342,6.723548795681584,7.374560176201034
UG,11.827956989071696,0.4804278678843334,0.001905571449314965,6.7220042434177705,7.354572926110335
UG,11.852963240634216,0.48040499931069697,0.0019016031629442076,6.720461300400056,7.334647880753221
UG,11.877969492196735,0.48038217944019884,0.0018976439774198617,6.718919964612397,7.314784810865359
UG,11.902975743759255,0.4803594081568016,0.001893693872940033,6.717380234040483,7.2949834881551165
UG,11.927981995321773,0.48033668534474083,0.001889752829739689,6.715842106671741,7.275243685262177
UG,11.952988246884292,0.480314010888525,0.0018858208280910292,6.714305580495333,7.255565175816595
UG,11.977994498446812,0.48029138467293386,0.001881897848302906,6.712770653502162,7.2359477344455625
UG,12.003000750009331,0.480268806583019,0.0018779838707213153,6.711237323684859,7.216391136630493
UG,12.02800700157185,0.4802462765041023,0.0018740788757290229,6.709705589037801,7.196895158866752
UG,12.05301325313437,0.4802237943217757,0.0018701828437456313,6.708175447557096,7.1774595786499065
UG,12.07801950469689,0.48020135992190055,0.00186629575522769,6.706646897240591,7.15808417428819
UG,12.10302575625941,0.4801789731906073,0.0018624175906683442,6.705119936087868,7.13876872515338
UG,12.128032007821929,0.4801566340142943,0.0018585483305977501,6.703594562100249,7.119513011461333
UG,12.153038259384449,0.4801343422796276,0.0018546879555825118,6.702070773280789,7.1003168144143745
UG,12.178044510946968,0.48011209787354037,0.00185083644622609,6.700548567634282,7.081179916110064
UG,12.203050762509488,0.4800899006832318,0.001846993783168562,6.69902794316726,7.06210209955527
UG,12.228057014072007,0.48006775059616735,0.0018431599470865438,6.697508897887986,7.043083148698107
UG,12.253063265634527,0.4800456475000776,0.0018393349186934297,6.695991429806472,7.024122848397985
UG,12.278069517197045,0.48002359128295746,0.001835518678738921,6.694475536934453,7.005220984403356
UG,12.303075768759564,0.480001581833066,0.0018317112080094968,6.692961217285411,6.986377343387296
UG,12.328082020322084,0.47997961903892583,0.0018279124873278915,6.691448468874559,6.967591712882025
UG,12.353088271884603,0.4799577027893219,0.001824122497553394,6.689937289718849,6.948863881359216
UG,12.378094523447123,0.4799358329733021,0.0018203412195817378,6.688427677836973,6.930193638180419
UG,12.403100775009642,0.47991400948017526,0.0018165686343449069,6.686919631249352,6.911580773527253
UG,12.428107026572162,0.47989223219951177,0.0018128047228114644,6.685413147978151,6.893025078523386
UG,12.453113278134682,0.479870501021142,0.0018090494659860018,6.683908226047266,6.874526345191922
UG,12.478119529697201,0.47984881583515654,0.0018053028449096216,6.682404863482334,6.856084366363053
UG,12.50312578125972,0.4798271765319049,0.001801564840659518,6.680903058310725,6.837698935774077
UG,12.52813203282224,0.4798055830019955,0.0017978354343491047,6.679402808561549,6.8193698479982645
UG,12.55313828438476,0.4797840351362948,0.0017941146071280712,6.677904112265647,6.801096898524521
UG,12.57814453594728,0.4797625328259268,0.0017904023401820565,6.676406967455601,6.7828798836391355
UG,12.603150787509799,0.47974107596227217,0.0017866986147330502,6.674911372165726,6.764718600533101
UG,12.628157039072317,0.47971966443696823,0.0017830034120388265,6.673417324432072,6.7466128472144336
UG,12.653163290634836,0.4796982981419079,0.0017793167133933645,6.671924822292429,6.72856242255985
UG,12.678169542197356,0.4796769769692392,0.0017756385001265738,6.670433863786318,6.710567126212275
UG,12.703175793759875,0.4796557008113649,0.0017719687536042483,6.668944446954997,6.6926267587789
UG,12.728182045322395,0.47963446956094163,0.0017683074552282748,6.667456569841462,6.674741121576704
UG,12.753188296884915,0.4796132831108795,0.0017646545864361811,6.6659702304904345,6.656910016846927
UG,12.778194548447434,0.4795921413543414,0.0017610101287015832,6.664485426948385,6.639133247609008
UG,12.803200800009954,0.4795710441847426,0.0017573740635336843,6.663002157263506,6.621410617699362
UG,12.828207051572473,0.47954999149575017,0.0017537463724775465,6.661520419485733,6.603741931790573
UG,12.853213303134993,0.479528983181282,0.0017501270371139876,6.660040211666729,6.586126995369535
UG,12.878219554697512,0.47950801913550684,0.0017465160390593953,6.658561531859895,6.568565614710605
UG,12.903225806260032,0.4794870992528433,0.0017429133599660331,6.657084378120367,6.55105759691886
UG,12.928232057822552,0.4794662234279592,0.001739318981521507,6.655608748505011,6.533602749922009
UG,12.953238309385071,0.47944539155577165,0.0017357328854492177,6.654134641072426,6.51620088238247
UG,12.97824456094759,0.4794246035314457,0.0017321550535079767,6.652662053882948,6.498851803807081
UG,13.003250812510109,0.47940385925039436,0.0017285854674920977,6.651190984998642,6.481555324459687
UG,13.028257064072628,0.4793831586082775,0.0017250241092314628,6.649721432483307,6.4643112554741435
UG,13.053263315635148,0.4793625015010016,0.0017214709605912037,6.648253394402478,6.447119408632548
UG,13.078269567197667,0.4793418878247194,0.00171792600347208,6.646786868823412,6.429979596627346
UG,13.103275818760187,0.47932131747582896,0.001714389219809933,6.645321853815108,6.412891632848826
UG,13.128282070322706,0.4793007903509734,0.0017108605915760666,6.643858347448291,6.395855331519501
UG,13.153288321885226,0.47928030634703966,0.0017073401007770268,6.642396347795419,6.378870507535043
UG,13.178294573447745,0.4792598653611591,0.0017038277294544961,6.640935852930679,6.361936976663596
UG,13.203300825010265,0.4792394672907057,0.0017003234596855471,6.639476860929989,6.3450545553727835
UG,13.228307076572785,0.4792191120332969,0.0016968272735821508,6.638019369870999,6.3282230609222765
UG,13.253313328135304,0.4791987994867912,0.0016933391532916228,6.636563377833086,6.311442311310892
UG,13.278319579697824,0.4791785295492896,0.0016898590809961683,6.63510888289736,6.29471212530343
UG,13.303325831260343,0.47915830211913346,0.0016863870389130795,6.633655883146656,6.278032322378708
UG,13.328332082822863,0.479138117094905,0.0016829230092946998,6.632204376665539,6.2614027227888585
UG,13.35333833438538,0.4791179743754261,0.001679466974428183,6.6307543615403075,6.244823147564827
UG,13.3783445859479,0.47909787385975794,0.0016760189166358222,6.629305835858977,6.228293418353841
UG,13.40335083751042,0.4790778154472006,0.0016725788182745142,6.627858797711301,6.211813357666378
UG,13.42835708907294,0.47905779903729256,0.0016691466617361694,6.626413245188754,6.195382788700285
UG,13.453363340635459,0.4790378245298097,0.0016657224294474157,6.6249691763845435,6.179001535361868
UG,13.478369592197978,0.47901789182476523,0.0016623061038695817,6.623526589393595,6.1626694223141625
UG,13.503375843760498,0.47899800082240884,0.0016588976674988601,6.622085482312568,6.146386274881012
UG,13.528382095323018,0.4789781514232265,0.0016554971028659006,6.620645853239843,6.130151919206223
UG,13.553388346885537,0.47895834352793953,0.001652104392536208,6.619207700275528,6.113966182075006
UG,13.578394598448057,0.47893857703750425,0.0016487195191096636,6.617771021521452,6.097828890952999
UG,13.603400850010576,0.47891885185311145,0.001645342465220786,6.6163358150811735,6.081739874092203
UG,13.628407101573096,0.4788991678761858,0.0016419732135386274,6.61490207905997,6.065698960440507
UG,13.653413353135615,0.47887952500838527,0.001638611746766576,6.613469811564848,6.049705979599405
UG,13.678419604698135,0.4788599231516008,0.001635258047642665,6.61203901070453,6.033760761882123
UG,13.703425856260653,0.4788403622079555,0.0016319120989390396,6.610609674589468,6.0178631383039285
UG,13.728432107823172,0.47882084207980447,0.0016285738834623826,6.6091818013318315,6.0020129406305
UG,13.753438359385692,0.4788013626697335,0.0016252433840535682,6.607755389045512,5.98621000122583
UG,13.778444610948211,0.4787819238805595,0.0016219205835877092,6.606330435846125,5.9704541531571795
UG,13.803450862510731,0.4787625256153296,0.0016186054649742533,6.604906939851004,5.954745230220157
UG,13.82845711407325,0.4787431677773202,0.0016152980111566336,6.603484899179202,5.939083066835318
UG,13.85346336563577,0.47872385027003694,0.0016119982051126381,6.602064311951492,5.923467498171927
UG,13.87846961719829,0.47870457299721414,0.0016087060298539135,6.600645176290368,5.907898360001051
UG,13.90347586876081,0.47868533586281414,0.0016054214684262645,6.599227490320041,5.892375488805123
UG,13.928482120323329,0.47866613877102654,0.001602144503909508,6.597811252166442,5.876898721687756
UG,13.953488371885848,0.4786469816262683,0.0015988751194173072,6.596396459957214,5.861467896462568
UG,13.978494623448368,0.47862786433318233,0.0015956132980974548,6.594983111821724,5.846082851610887
UG,14.003500875010888,0.47860878679663804,0.0015923590231313603,6.593571205891051,5.830743426228637
UG,14.028507126573407,0.47858974892173006,0.0015891122777344625,6.592160740297987,5.815449460118244
UG,14.053513378135925,0.47857075061377763,0.0015858730451558793,6.590751713177051,5.800200793670745
UG,14.078519629698445,0.47855179177832463,0.0015826413086784605,6.589344122664461,5.784997267945449
UG,14.103525881260964,0.4785328723211388,0.0015794170516188787,6.587937966898163,5.769838724706173
UG,14.128532132823484,0.47851399214821116,0.0015762002573272867,6.586533244017806,5.754725006294138
UG,14.153538384386003,0.4784951511657554,0.0015729909091876757,6.585129952164761,5.739655955721087
UG,14.178544635948523,0.4784763492802079,0.0015697889906173858,6.583728089482102,5.724631416601894
UG,14.203550887511042,0.4784575863982262,0.0015665944850673992,6.582327654114624,5.709651233275126
UG,14.228557139073562,0.4784388624266898,0.0015634073760221936,6.580928644208826,5.694715250581354
UG,14.253563390636081,0.4784201772726985,0.0015602276469995843,6.579531057912922,5.679823314058093
UG,14.278569642198601,0.4784015308435725,0.0015570552815509873,6.578134893376833,5.664975269908705
UG,14.30357589376112,0.47838292304685176,0.001553890263260932,6.576740148752192,5.650170964893265
UG,14.32858214532364,0.47836435379029535,0.0015507325757474462,6.575346822192337,5.635410246406746
UG,14.35358839688616,0.4783458229818811,0.001547582202661723,6.57395491185232,5.620692962490503
UG,14.37859464844868,0.4783273305298052,0.001544439127688167,6.572564415888894,5.606018961779996
UG,14.403600900011199,0.4783088763424813,0.001541303334544483,6.5711753324605215,5.591388093481879
UG,14.428607151573717,0.4782904603285404,0.0015381748069813355,6.569787659727372,5.576800207496993
UG,14.453613403136236,0.47827208239683,0.0015350535287826964,6.568401395851319,5.562255154263302
UG,14.478619654698756,0.4782537424564144,0.001531939483765373,6.567016538995944,5.547752784863658
UG,14.503625906261275,0.4782354404165725,0.0015288326557792813,6.565633087326525,5.5332929509631334
UG,14.528632157823795,0.4782171761867993,0.0015257330287073143,6.564251039010053,5.518875504807459
UG,14.553638409386314,0.4781989496768043,0.0015226405864651681,6.562870392215214,5.5045002992488214
UG,14.578644660948834,0.47818076079651084,0.0015195553130016221,6.561491145112399,5.490167187799378
UG,14.603650912511354,0.47816260945605626,0.001516477192298029,6.560113295873703,5.475876024419532
UG,14.628657164073873,0.4781444955657909,0.0015134062083687148,6.558736842672916,5.461626663801668
UG,14.653663415636393,0.47812641903627806,0.001510342345260647,6.5573617836855345,5.447418961111138
UG,14.678669667198912,0.47810837977829285,0.001507285587053464,6.555988117088747,5.433252772183179
UG,14.703675918761432,0.4780903777028225,0.001504235917859585,6.554615841061446,5.419127953364042
UG,14.728682170323951,0.4780724127210649,0.001501193321823848,6.553244953784219,5.4050443616164445
UG,14.753688421886471,0.47805448474442924,0.001498157783123858,6.551875453439354,5.39100185447615
UG,14.778694673448989,0.47803659368453444,0.0014951292859695443,6.55050733821083,5.37700029001979
UG,14.803700925011508,0.4780187394532097,0.001492107814603379,6.5491406062843245,5.3630395269223365
UG,14.828707176574028,0.4780009219624927,0.00148909335330031,6.547775255847209,5.349119424439869
UG,14.853713428136547,0.4779831411246308,0.0014860858863675298,6.546411285088552,5.335239842312179
UG,14.878719679699067,0.47796539685207867,0.0014830853981447816,6.545048692199111,5.3214006409598635
UG,14.903725931261587,0.4779476890574994,0.0014800918730038552,6.543687475371336,5.30760168124827
UG,14.928732182824106,0.47793001765376336,0.0014771052953489474,6.542327632799373,5.293842824670534
UG,14.953738434386626,0.4779123825539473,0.0014741256496163951,6.540969162679057,5.280123933250104
UG,14.978744685949145,0.47789478367133464,0.0014711529202746365,6.539612063207912,5.266444869583168
UG,15.003750937511665,0.4778772209194146,0.0014681870918243811,6.53825633258515,5.252805496753435
UG,15.028757189074184,0.47785969421188157,0.0014652281487981893,6.536901969011675,5.239205678484761
UG,15.053763440636704,0.4778422034626353,0.0014622760757608433,6.535548970690078,5.225645278966164
UG,15.078769692199224,0.47782474858577906,0.0014593308573089409,6.534197335824635,5.212124162960449
UG,15.103775943761743,0.4778073294956211,0.0014563924780710419,6.5328470626213075,5.198642195754827
UG,15.128782195324261,0.47778994610667236,0.0014534609227076696,6.531498149287748,5.185199243183244
UG,15.15378844688678,0.47777259833364694,0.001450536175911035,6.530150594033289,5.171795171619751
UG,15.1787946984493,0.4777552860914616,0.0014476182224053497,6.5288043950689465,5.158429847970477
UG,15.20380095001182,0.47773800929523497,0.0014447070469463476,6.527459550607419,5.145103139648576
UG,15.22880720157434,0.47772076786028717,0.0014418026343215786,6.5261160588630895,5.1318149146284835
UG,15.253813453136859,0.4777035617021395,0.0014389049693502476,6.524773918052021,5.118565041390931
UG,15.278819704699378,0.47768639073651403,0.0014360140368830697,6.523433126391956,5.10535338892206
UG,15.303825956261898,0.4776692548793323,0.001433129821802517,6.522093682102317,5.092179826735943
UG,15.328832207824417,0.47765215404671646,0.0014302523090223417,6.520755583404206,5.079044224921646
UG,15.353838459386937,0.4776350881549871,0.0014273814834879473,6.5194188285204016,5.065946453990232
UG,15.378844710949457,0.47761805712066396,0.0014245173301760633,6.518083415675358,5.0528863850137355
UG,15.403850962511976,0.4776010608604646,0.001421659834094781,6.516749343095209,5.039863889615787
UG,15.428857214074496,0.4775840992913048,0.0014188089802836487,6.515416609007762,5.026878839827764
UG,15.453863465637015,0.47756717233029744,0.0014159647538133252,6.514085211642495,5.0139311082869265
UG,15.478869717199533,0.47755027989475246,0.001413127139785899,6.512755149230564,5.001020568069189
UG,15.503875968762053,0.477533421902176,0.0014102961233344823,6.5114264200047955,4.988147092803086
UG,15.528882220324572,0.4775165982702702,0.0014074716896233994,6.510099022199687,4.975310556551052
UG,15.553888471887092,0.47749980891693244,0.0014046538238481204,6.508772954051411,4.9625108339553
UG,15.578894723449611,0.4774830537602558,0.0014018425112350553,6.5074482137978,4.949747800071242
UG,15.603900975012131,0.4774663327185273,0.0013990377370418122,6.506124799678366,4.93702133049865
UG,15.62890722657465,0.477449645710228,0.0013962394865567487,6.504802709934282,4.9243313013100725
UG,15.65391347813717,0.47743299265403305,0.0013934477450992632,6.503481942808389,4.91167758908891
UG,15.67891972969969,0.4774163734688106,0.001390662498019606,6.502162496545198,4.899060070899179
UG,15.70392598126221,0.47739978807362143,0.0013878837306987714,6.5008443693908795,4.886478624227763
UG,15.728932232824729,0.47738323638771857,0.0013851114285487122,6.4995275595932736,4.873933127135704
UG,15.753938484387248,0.47736671833054717,0.0013823455770118921,6.498212065401877,4.861423458104491
UG,15.778944735949768,0.47735023382174335,0.0013795861615616299,6.496897885067855,4.8489494961129305
UG,15.803950987512287,0.4773337827811345,0.0013768331677017872,6.4955850168440294,4.836511120616361
UG,15.828957239074805,0.4773173651287384,0.0013740865809668027,6.494273458984885,4.824108211541523
UG,15.853963490637325,0.4773009807847626,0.0013713463869217768,6.492963209746567,4.8117406492822745
UG,15.878969742199844,0.4772846296696043,0.0013686125711621447,6.491654267386873,4.799408314709381
UG,15.903975993762364,0.47726831170385026,0.0013658851193139778,6.490346630165268,4.787111089152059
UG,15.928982245324883,0.47725202680827533,0.0013631640170335842,6.489040296342863,4.774848854425125
UG,15.953988496887403,0.47723577490384295,0.0013604492500076918,6.48773526418243,4.762621492804908
UG,15.978994748449923,0.4772195559117043,0.0013577408039533877,6.486431531948397,4.750428886951287
UG,16.004001000012444,0.4772033697531977,0.0013550386646179094,6.485129097906838,4.738270920115175
UG,16.02900725157496,0.47718721634984873,0.001352342817778902,6.483827960325488,4.726147475925284
UG,16.05401350313748,0.4771710956233689,0.0013496532492439702,6.48252811747373,4.714058438439195
UG,16.0790197547,0.47715500749565637,0.001346969944850963,6.481229567622594,4.702003692267909
UG,16.10402600626252,0.4771389518887943,0.001344292890467798,6.479932309044765,4.689983122370149
UG,16.12903225782504,0.4771229287250516,0.0013416220719923413,6.478636340014573,4.677996614200333
UG,16.154038509387558,0.47710693792688114,0.0013389574753526277,6.477341658807997,4.666044053670717
UG,16.179044760950077,0.4770909794169206,0.0013362990865064099,6.47604826370266,4.654125327106224
UG,16.204051012512597,0.47707505311799137,0.0013336468914414898,6.474756152977834,4.642240321318592
UG,16.229057264075117,0.4770591589530982,0.0013310008761754414,6.473465324914433,4.630388923522023
UG,16.254063515637636,0.4770432968454288,0.0013283610267556059,6.472175777795014,4.618571021372198
UG,16.279069767200156,0.4770274667183532,0.001325727329259208,6.4708875099037755,4.606786502990166
UG,16.304076018762675,0.47701166849542403,0.0013230997697929994,6.469600519526561,4.595035256920016
UG,16.329082270325195,0.47699590210037507,0.0013204783344935669,6.4683148049508485,4.583317172115495
UG,16.354088521887714,0.47698016745712146,0.0013178630095269626,6.467030364465763,4.57163213800818
UG,16.379094773450234,0.4769644644897595,0.001315253781088838,6.465747196362055,4.559980044419654
UG,16.404101025012753,0.4769487931225652,0.00131265063540444,6.464465298932127,4.548360781603261
UG,16.429107276575273,0.47693315327999514,0.0013100535587283468,6.463184670470005,4.536774240270762
UG,16.454113528137793,0.4769175448866849,0.001307462537344741,6.461905309271356,4.525220311535061
UG,16.479119779700312,0.4769019678674497,0.001304877557566999,6.4606272136334795,4.513698886923626
UG,16.50412603126283,0.4768864221472829,0.0013022986057379098,6.459350381855307,4.502209858408586
UG,16.52913228282535,0.47687090765135637,0.0012997256682295705,6.4580748122374025,4.490753118340526
UG,16.55413853438787,0.4768554243050198,0.0012971587314432084,6.456800503081959,4.47932855953799
UG,16.57914478595039,0.4768399720338003,0.0012945977818094292,6.455527452692801,4.467936075197816
UG,16.60415103751291,0.4768245507634015,0.0012920428057877644,6.454255659375378,4.45657555894395
UG,16.62915728907543,0.47680916041970445,0.0012894937898669666,6.452985121436772,4.4452469048263525
UG,16.65416354063795,0.47679380092876544,0.0012869507205648149,6.4517158371856835,4.433950007268764
UG,16.67916979220047,0.47677847221681696,0.0012844135844280152,6.450447804932445,4.42268476112657
UG,16.70417604376299,0.47676317421026687,0.001281882368032399,6.449181022989008,4.411451061658177
UG,16.729182295325504,0.4767479068356975,0.0012793570579824995,6.44791548966895,4.400248804534016
UG,16.754188546888024,0.476732670019866,0.0012768376409118595,6.446651203287468,4.389077885825479
UG,16.779194798450543,0.4767174636897036,0.0012743241034827602,6.445388162161382,4.377938201970683
UG,16.804201050013063,0.47670228777231455,0.0012718164323862215,6.444126364609127,4.366829649848021
UG,16.829207301575583,0.47668714219497726,0.0012693146143421148,6.442865808950761,4.3557521267292385
UG,16.854213553138102,0.4766720268851421,0.0012668186360988074,6.4416064935079556,4.344705530277302
UG,16.87921980470062,0.47665694177043244,0.0012643284844334572,6.440348416603999,4.333689758517494
UG,16.90422605626314,0.4766418867786432,0.0012618441461516746,6.439091576563794,4.322704709923863
UG,16.92923230782566,0.476626861837741,0.0012593656080876234,6.43783597171386,4.311750283320886
UG,16.95423855938818,0.4766118668758638,0.0012568928571040352,6.4365816003823255,4.3008263779220375
UG,16.9792448109507,0.47659690182132025,0.0012544258800919416,6.435328460898932,4.2899328933474825
UG,17.00425106251322,0.47658196660258906,0.001251964663970935,6.434076551595028,4.279069729620616
UG,17.02925731407574,0.47656706114831937,0.0012495091956887874,6.432825870803575,4.268236787087402
UG,17.05426356563826,0.4765521853873293,0.001247059462221631,6.431576416859141,4.25743396651706
UG,17.079269817200778,0.47653733924860653,0.0012446154505738887,6.430328188097901,4.246661169073376
UG,17.104276068763298,0.47652252266130735,0.0012421771477780798,6.429081182857635,4.235918296244956
UG,17.129282320325817,0.47650773555475645,0.0012397445408950498,6.427835399477724,4.225205249956852
UG,17.154288571888337,0.476492977858446,0.0012373176170135652,6.426590836299161,4.2145219324942005
UG,17.179294823450856,0.4764782495020363,0.0012348963632505543,6.425347491664529,4.203868246488307
UG,17.204301075013376,0.47646355041535454,0.0012324807667509615,6.424105363918022,4.193244094973957
UG,17.229307326575896,0.4764488805283943,0.0012300708146876158,6.422864451405428,4.182649381333921
UG,17.254313578138415,0.47643423977131605,0.0012276664942614405,6.421624752474136,4.1720840093255465
UG,17.279319829700935,0.47641962807444577,0.0012252677927010302,6.4203862654731285,4.161547883110775
UG,17.304326081263454,0.47640504536827505,0.0012228746972629346,6.41914898875299,4.151040907151231
UG,17.329332332825974,0.47639049158346086,0.001220487195231449,6.417912920665893,4.140562986340945
UG,17.354338584388493,0.4763759666508245,0.0012181052739185414,6.416678059565609,4.130114025864101
UG,17.379344835951013,0.4763614705013519,0.0012157289206640308,6.415444403807498,4.1196939313587295
UG,17.404351087513533,0.4763470030661927,0.0012133581228351762,6.414211951748512,4.109302608710715
UG,17.42935733907605,0.47633256427666054,0.0012109928678269767,6.412980701747195,4.098939964279974
UG,17.454363590638568,0.47631815406423167,0.0012086331430619073,6.4117506521636765,4.088605904665015
UG,17.479369842201088,0.47630377236054555,0.0012062789359899098,6.410521801359676,4.078300336957196
UG,17.504376093763607,0.47628941909740385,0.0012039302340885153,6.409294147698497,4.0680231684581525
UG,17.529382345326127,0.47627509420677,0.0012015870248624893,6.408067689545032,4.05777430694344
UG,17.554388596888646,0.4762607976207695,0.0011992492958441032,6.40684242526575,4.04755366045742
UG,17.579394848451166,0.47624652927168876,0.0011969170345928423,6.405618353228711,4.037361137406267
UG,17.604401100013686,0.47623228909197507,0.001194590228695457,6.404395471803549,4.0271966465930165
UG,17.629407351576205,0.47621807701423613,0.0011922688657660223,6.403173779361481,4.017060097136298
UG,17.654413603138725,0.4762038929712399,0.0011899529334456335,6.401953274275305,4.006951398444195
UG,17.679419854701244,0.47618973689591365,0.0011876424194026754,6.400733954919392,3.9968704603867184
UG,17.704426106263764,0.4761756087213443,0.0011853373113324716,6.399515819669691,3.9868171930668383
UG,17.729432357826283,0.4761615083807777,0.001183037596957413,6.398298866903729,3.9767915069707196
UG,17.754438609388803,0.47614743580761765,0.0011807432640269524,6.3970830950006015,3.9667933129517485
UG,17.779444860951322,0.47613339093542695,0.001178454300317354,6.3958685023409805,3.9568225221423354
UG,17.804451112513842,0.4761193736979256,0.0011761706936319325,6.394655087307104,3.9468790460556438
UG,17.82945736407636,0.4761053840289911,0.0011738924318006971,6.393442848282788,3.936962796543536
UG,17.85446361563888,0.47609142186265785,0.0011716195026805136,6.39223178365341,3.9270736857371564
UG,17.8794698672014,0.476077487133117,0.0011693518941550466,6.391021891805918,3.9172116261287795
UG,17.90447611876392,0.4760635797747163,0.0011670895941345598,6.389813171128825,3.9073765305899255
UG,17.92948237032644,0.47604969972195876,0.0011648325905561415,6.388605620012209,3.897568312247533
UG,17.95448862188896,0.4760358469095033,0.00116258087138332,6.387399236847711,3.8877868846046892
UG,17.97949487345148,0.4760220212721638,0.0011603344246062688,6.386194020028536,3.8780321614565065
UG,18.004501125014,0.47600822274490895,0.0011580932382417063,6.384989967949448,3.8683040569366804
UG,18.029507376576518,0.47599445126286194,0.0011558573003327339,6.383787079006771,3.858602485502356
UG,18.054513628139038,0.47598070676129967,0.0011536265989490462,6.382585351598387,3.8489273619545585
UG,18.079519879701557,0.47596698917565305,0.0011514011221865328,6.3813847841237346,3.8392786013938838
UG,18.104526131264077,0.475953298441506,0.001149180858167516,6.380185374983813,3.8296561192179857
UG,18.129532382826596,0.4759396344945954,0.00114696579504061,6.378987122581166,3.8200598311765868
UG,18.154538634389112,0.4759259972708108,0.0011447559209805938,6.3777900253199,3.8104896533202623
UG,18.179544885951632,0.4759123867061937,0.0011425512241885994,6.376594081605666,3.8009455020398186
UG,18.20455113751415,0.4758988027369376,0.0011403516928917296,6.375399289845672,3.7914272939937033
UG,18.22955738907667,0.47588524529938725,0.0011381573153432935,6.374205648448668,3.7819349461988034
UG,18.25456364063919,0.47587171433003855,0.0011359680798226446,6.3730131558249585,3.772468375965927
UG,18.27956989220171,0.4758582097655383,0.0011337839746350812,6.371821810386389,3.763027500894561
UG,18.30457614376423,0.4758447315426832,0.001131604988112026,6.370631610546354,3.7536122389098874
UG,18.32958239532675,0.47583127959842036,0.0011294311086106317,6.369442554719788,3.744222508265263
UG,18.35458864688927,0.47581785386984626,0.0011272623245140408,6.368254641323173,3.7348582274808786
UG,18.37959489845179,0.47580445429420676,0.0011250986242311936,6.367067868774526,3.725519315419906
UG,18.404601150014308,0.4757910808088966,0.0011229399961967539,6.36588223549341,3.716205691241829
UG,18.429607401576828,0.47577773335145873,0.0011207864288712774,6.364697739900921,3.7069172743685765
UG,18.454613653139347,0.47576441185958496,0.0011186379107408187,6.363514380419694,3.6976539845625336
UG,18.479619904701867,0.47575111627111427,0.001116494430317202,6.3623321554739025,3.68841574187817
UG,18.504626156264386,0.4757378465240333,0.0011143559761378054,6.361151063489251,3.6792024666565113
UG,18.529632407826906,0.4757246025564761,0.0011122225367655072,6.359971102892976,3.6700140795666676
UG,18.554638659389425,0.47571138430672294,0.0011100941007888437,6.358792272113851,3.6608505015201755
UG,18.579644910951945,0.475698191713201,0.0011079706568216292,6.357614569582173,3.6517116537829333
UG,18.604651162514465,0.47568502471448293,0.0011058521935032144,6.356437993729775,3.6425974578784683
UG,18.629657414076984,0.4756718832492878,0.0011037386994982698,6.355262542990011,3.6335078356103816
UG,18.654663665639504,0.47565876725647915,0.0011016301634967462,6.354088215797764,3.624442709099301
UG,18.679669917202023,0.47564567667506635,0.0010995265742140125,6.352915010589443,3.615402000777217
UG,18.704676168764543,0.47563261144420294,0.0010974279203904945,6.351742925802978,3.6063856332954503
UG,18.729682420327062,0.4756195715031865,0.0010953341907919303,6.3505719598778265,3.59739352966694
UG,18.754688671889582,0.47560655679145897,0.0010932453742091377,6.349402111254957,3.588425613131642
UG,18.7796949234521,0.4755935672486061,0.001091161459457995,6.348233378376867,3.5794818072687717
UG,18.80470117501462,0.47558060281435627,0.0010890824353795628,6.347065759687564,3.570562035890958
UG,18.82970742657714,0.4755676634285808,0.0010870082908397386,6.34589925363258,3.561666223116802
UG,18.854713678139657,0.47555474903129413,0.0010849390147295078,6.344733858658956,3.5527942933523433
UG,18.879719929702176,0.4755418595626522,0.0010828745959646931,6.34356957321525,3.543946171264006
UG,18.904726181264696,0.4755289949629534,0.0010808150234859638,6.342406395751528,3.5351217818090643
UG,18.929732432827215,0.47551615517263723,0.0010787602862589378,6.3412443247193755,3.5263210502444067
UG,18.954738684389735,0.47550334013228446,0.0010767103732738452,6.340083358571878,3.5175439020368975
UG,18.979744935952255,0.47549054978261673,0.001074665273545775,6.338923495763635,3.508790263031022
UG,19.004751187514774,0.475477784064496,0.0010726249761144305,6.337764734750751,3.5000600592583933
UG,19.029757439077294,0.4754650429189247,0.0010705894700441315,6.336607073990836,3.491353217053086
UG,19.054763690639813,0.47545232628704465,0.0010685587444239175,6.335450511943005,3.4826696630131844
UG,19.079769942202333,0.4754396341101376,0.001066532788367223,6.334295047067873,3.4740093240475796
UG,19.104776193764852,0.4754269663296239,0.001064511591012109,6.33314067782756,3.4653721272802525
UG,19.129782445327372,0.475414322887063,0.0010624951415210233,6.331987402685683,3.4567580001148506
UG,19.15478869688989,0.4754017037241529,0.00106048342908081,6.330835220107357,3.448166870278414
UG,19.17979494845241,0.47538910878272933,0.0010584764429028056,6.329684128559195,3.439598665678269
UG,19.20480120001493,0.47537653800476615,0.0010564741722225127,6.3285341265093065,3.4310533145465465
UG,19.22980745157745,0.47536399133237434,0.0010544766062998395,6.327385212427293,3.4225307453701728
UG,19.25481370313997,0.47535146870780237,0.0010524837344188535,6.32623738478425,3.414030886884878
UG,19.27981995470249,0.47533897007343534,0.0010504955458877966,6.325090642052762,3.405553668090491
UG,19.30482620626501,0.47532649537179433,0.001048512030039175,6.323944982706908,3.3970990182721468
UG,19.32983245782753,0.47531404454553733,0.0010465331762294385,6.32280040522225,3.388666866914678
UG,19.354838709390048,0.47530161753745737,0.0010445589738392177,6.321656908075842,3.3802571438652973
UG,19.379844960952568,0.4752892142904835,0.0010425894122730824,6.320514489746218,3.3718697791211496
UG,19.404851212515087,0.4752768347476795,0.001040624480959546,6.3193731487133995,3.3635047030011194
UG,19.429857464077607,0.47526447885224404,0.0010386641693511682,6.318232883458891,3.355161846050904
UG,19.454863715640126,0.4752521465475106,0.0010367084669242273,6.317093692465676,3.3468411390815676
UG,19.479869967202646,0.47523983777694595,0.0010347573631789566,6.315955574218219,3.3385425131544864
UG,19.504876218765165,0.4752275524841515,0.0010328108476393091,6.314818527202464,3.330265899580622
UG,19.529882470327685,0.4752152906128619,0.0010308689098529568,6.313682549905829,3.322011229942025
UG,19.554888721890205,0.4752030521069448,0.0010289315393913988,6.31254764081721,3.313778436052826
UG,19.57989497345272,0.47519083691040054,0.0010269987258496286,6.311413798426976,3.305567449960536
UG,19.60490122501524,0.47517864496736245,0.0010250704588463636,6.310281021226967,3.2973782040027797
UG,19.62990747657776,0.4751664762220958,0.0010231467280238321,6.309149307710495,3.2892106307342748
UG,19.65491372814028,0.4751543306189974,0.0010212275230477546,6.308018656372342,3.28106466296537
UG,19.6799199797028,0.47514220810259605,0.0010193128336074583,6.306889065708761,3.2729402337540523
UG,19.70492623126532,0.4751301086175517,0.0010174026494155408,6.305760534217464,3.2648372763858635
UG,19.729932482827838,0.47511803210865505,0.0010154969602080989,6.304633060397636,3.2567557244191283
UG,19.754938734390358,0.47510597852082737,0.0010135957557445311,6.303506642749922,3.2486955116185285
UG,19.779944985952877,0.47509394779912023,0.0010116990258074963,6.30238127977643,3.240656572015262
UG,19.804951237515397,0.4750819398887153,0.0010098067602030462,6.301256969980726,3.232638839889771
UG,19.829957489077916,0.4750699547349235,0.0010079189487602798,6.300133711867842,3.224642249709568
UG,19.854963740640436,0.4750579922831856,0.0010060355813315714,6.29901150394426,3.2166667362679675
UG,19.879969992202955,0.4750460524790708,0.0010041566477923855,6.297890344717922,3.208712234518984
UG,19.904976243765475,0.4750341352682772,0.0010022821380412219,6.296770232698227,3.2007786796650044
UG,19.929982495327994,0.47502224059663156,0.001000412041999757,6.295651166396026,3.1928660071781456
UG,19.954988746890514,0.4750103684100882,0.0009985463496124931,6.294533144323618,3.184974152736275
UG,19.979994998453034,0.47499851865472953,0.0009966850508469824,6.29341616499476,3.1771030522577766
UG,20.005001250015553,0.47498669127676485,0.0009948281356936622,6.292300226924648,3.1692526419078373
UG,20.030007501578073,0.47497488622253137,0.0009929755941657768,6.2911853286299335,3.161422858056866
UG,20.055013753140592,0.47496310343849285,0.0009911274162995322,6.290071468628716,3.1536136373211776
UG,20.080020004703112,0.4749513428712387,0.000989283592153745,6.288958645440526,3.145824916544292
UG,20.10502625626563,0.4749396044674858,0.0009874441118100496,6.287846857586354,3.1380566328134907
UG,20.13003250782815,0.4749278881740761,0.0009856089653727674,6.286736103588622,3.1303087234006597
UG,20.15503875939067,0.4749161939379772,0.0009837781429688005,6.285626381971192,3.1225811258630523
UG,20.18004501095319,0.4749045217062822,0.0009819516347477927,6.284517691259368,3.114873777939464
UG,20.20505126251571,0.4748928714262088,0.0009801294308817857,6.2834100299798905,3.10718661760761
UG,20.23005751407823,0.4748812430450998,0.0009783115215654164,6.282303396660933,3.0995195830546756
UG,20.25506376564075,0.4748696365104219,0.0009764978970158023,6.281197789832105,3.091872612736106
UG,20.280070017203265,0.4748580517697661,0.0009746885474724203,6.280093208024449,3.0842456452957596
UG,20.305076268765784,0.4748464887708472,0.0009728834631972672,6.278989649770437,3.076638619576619
UG,20.330082520328304,0.4748349474615029,0.0009710826344745343,6.277887113603971,3.0690514746886017
UG,20.355088771890824,0.4748234277896947,0.0009692860516107731,6.276785598060381,3.0614841499433165
UG,20.380095023453343,0.47481192970350644,0.0009674937049348246,6.275685101676425,3.053936584856165
UG,20.405101275015863,0.47480045315114483,0.0009657055847976594,6.274585622990283,3.046408719164328
UG,20.430107526578382,0.4747889980809384,0.0009639216815725512,6.273487160541562,3.038900492862387
UG,20.455113778140902,0.474777564441338,0.0009621419856547633,6.272389712871287,3.0314118461106965
UG,20.48012002970342,0.47476615218091583,0.0009603664874616923,6.271293278521907,3.023942719290283
UG,20.50512628126594,0.4747547612483657,0.0009585951774328278,6.270197856037288,3.0164930530240155
UG,20.53013253282846,0.47474339159250195,0.0009568280460295654,6.269103443962713,3.0090627881326037
UG,20.55513878439098,0.47473204316226025,0.0009550650837353756,6.268010040844884,3.0016518656473443
UG,20.5801450359535,0.4747207159066959,0.0009533062810555345,6.266917645231913,2.9942602267968836
UG,20.60515128751602,0.4747094097749855,0.0009515516285172088,6.265826255673327,2.986887813059564
UG,20.63015753907854,0.4746981247164243,0.0009498011166694749,6.264735870720063,2.979534566109611
UG,20.65516379064106,0.47468686068042787,0.0009480547360830832,6.263646488924474,2.972200427788652
UG,20.680170042203578,0.4746756176165306,0.0009463124773506396,6.262558108840311,2.9648853402098845
UG,20.705176293766097,0.4746643954743862,0.0009445743310863646,6.261470729022738,2.957589245652474
UG,20.730182545328617,0.4746531942037669,0.0009428402879261395,6.260384348028325,2.950312086620763
UG,20.755188796891137,0.474642013754563,0.0009411103385275674,6.259298964415045,2.9430538057970277
UG,20.780195048453656,0.4746308540767833,0.0009393844735696885,6.258214576742267,2.935814346113565
UG,20.805201300016176,0.4746197151205541,0.0009376626837531865,6.25713118357077,2.9285936506704626
UG,20.830207551578695,0.47460859683611967,0.0009359449598001734,6.256048783462727,2.9213916627669874
UG,20.855213803141215,0.4745974991738408,0.0009342312924541887,6.2549673749817085,2.9142083259561447
UG,20.880220054703734,0.4745864220841959,0.0009325216724802992,6.253886956692681,2.9070435839384436
UG,20.905226306266254,0.4745753655177793,0.0009308160906647915,6.252807527162008,2.8998973806330484
UG,20.930232557828774,0.4745643294253024,0.0009291145378153682,6.251729084957443,2.8927696601562616
UG,20.955238809391293,0.4745533137575922,0.0009274170047609844,6.250651628648131,2.8856603668207303
UG,20.980245060953813,0.47454231846559164,0.0009257234823517917,6.24957515680461,2.8785694451886745
UG,21.00525131251633,0.47453134350035897,0.0009240339614592696,6.248499667998802,2.8714968399218104
UG,21.03025756407885,0.474520388813068,0.0009223484329759031,6.247425160804019,2.8644424959451427
UG,21.055263815641368,0.4745094543550072,0.0009206668878153703,6.246351633794957,2.857406358377317
UG,21.080270067203887,0.47449854007757974,0.0009189893169124228,6.245279085547694,2.8503883725336863
UG,21.105276318766407,0.474487645932303,0.0009173157112227859,6.244207514639694,2.8433884838799255
UG,21.130282570328927,0.4744767718708087,0.0009156460617233022,6.243136919649798,2.8364066381409945
UG,21.155288821891446,0.4744659178448423,0.0009139803594116184,6.242067299158227,2.829442781157123
UG,21.180295073453966,0.47445508380626283,0.0009123185953063502,6.24099865174658,2.8224968590476713
UG,21.205301325016485,0.4744442697070421,0.0009106607604470112,6.239930975997833,2.8155688180691225
UG,21.230307576579005,0.4744334754992654,0.0009090068458938612,6.238864270496331,2.808658604662934
UG,21.255313828141524,0.47442270113513063,0.0009073568427280608,6.2377985338277995,2.8017661654912307
UG,21.280320079704044,0.4744119465669477,0.0009057107420513954,6.2367337645793315,2.794891447380009
UG,21.305326331266563,0.47440121174713906,0.0009040685349863836,6.235669961339386,2.788034397379542
UG,21.330332582829083,0.474390496628239,0.0009024302126762702,6.234607122697796,2.781194962675344
UG,21.355338834391603,0.47437980116289286,0.000900795766284819,6.233545247245758,2.774373090681693
UG,21.380345085954122,0.4743691253038581,0.0008991651869964754,6.232484333575837,2.7675687289759163
UG,21.40535133751664,0.4743584690040023,0.0008975384660161411,6.231424380281951,2.7607818253202514
UG,21.43035758907916,0.4743478322163045,0.000895915594569211,6.230365385959396,2.754012327683643
UG,21.45536384064168,0.4743372148938539,0.0008942965639016393,6.229307349204814,2.7472601842144226
UG,21.4803700922042,0.47432661698984974,0.0008926813652796653,6.228250268616212,2.740525343211396
UG,21.50537634376672,0.4743160384576015,0.0008910699899899972,6.227194142792957,2.733807753202578
UG,21.53038259532924,0.47430547925052835,0.000889462429339632,6.226138970335764,2.727107362861563
UG,21.55538884689176,0.4742949393221584,0.0008878586746558283,6.225084749846706,2.7204241210447653
UG,21.58039509845428,0.47428441862612936,0.000886258717286225,6.224031479929212,2.7137579768087994
UG,21.6054013500168,0.47427391711618727,0.0008846625485985216,6.222979159188055,2.7071088793885596
UG,21.630407601579318,0.47426343474618726,0.0008830701599806747,6.2219277862293625,2.7004767781845938
UG,21.655413853141837,0.4742529714700926,0.0008814815428407626,6.220877359660604,2.6938616227789107
UG,21.680420104704357,0.47424252724197435,0.0008798966886069042,6.219827878090604,2.6872633629378466
UG,21.705426356266873,0.4742321020160117,0.0008783155887273895,6.218779340129523,2.680681948589624
UG,21.730432607829393,0.4742216957464909,0.000876738234670385,6.21773174438887,2.6741173298373226
UG,21.755438859391912,0.4742113083878059,0.0008751646179240827,6.216685089481492,2.66756945698962
UG,21.78044511095443,0.4742009398944573,0.0008735947299966405,6.215639374021576,2.6610382805034445
UG,21.80545136251695,0.4741905902210526,0.0008720285624160269,6.21459459662465,2.6545237510011384
UG,21.83045761407947,0.4741802593223056,0.0008704661067301767,6.213550755907577,2.6480258193298165
UG,21.85546386564199,0.4741699471530364,0.0008689073545067221,6.212507850488556,2.6415444364323206
UG,21.88047011720451,0.47415965366817064,0.000867352297333093,6.2114658789871156,2.6350795534788527
UG,21.90547636876703,0.4741493788227403,0.0008658009268165276,6.210424840024122,2.62863112179116
UG,21.93048262032955,0.4741391225718822,0.0008642532345838447,6.209384732221768,2.622199092879175
UG,21.95548887189207,0.47412888487083826,0.0008627092122816113,6.208345554203574,2.6157834183848676
UG,21.98049512345459,0.47411866567495575,0.0008611688515759436,6.207307304594394,2.6093840501569288
UG,22.005501375017108,0.47410846493968595,0.0008596321441525153,6.206269982020403,2.603000940193458
UG,22.030507626579627,0.4740982826205849,0.0008580990817166497,6.205233585109096,2.596634040667176
UG,22.055513878142147,0.4740881186733127,0.0008565696559930196,6.204198112489298,2.590283303922427
UG,22.080520129704666,0.474077973053633,0.0008550438587258365,6.20316356279115,2.583948682445817
UG,22.105526381267186,0.4740678457174133,0.0008535216816787122,6.202129934646115,2.577630128933325
UG,22.130532632829706,0.47405773662062406,0.0008520031166345868,6.201097226686971,2.571327596183808
UG,22.155538884392225,0.4740476457193394,0.0008504881553958581,6.200065437547814,2.565041037213885
UG,22.180545135954745,0.4740375729697358,0.0008489767897840834,6.199034565864054,2.55877040521428
UG,22.205551387517264,0.4740275183280921,0.0008474690116401377,6.198004610272414,2.5525156534701656
UG,22.230557639079784,0.47401748175079006,0.0008459648128241419,6.1969755694109265,2.5462767354802596
UG,22.255563890642303,0.4740074631943128,0.0008444641852153282,6.1959474419189355,2.540053604896853
UG,22.280570142204823,0.4739974626152457,0.0008429671207121734,6.194920226437094,2.533846215551437
UG,22.305576393767343,0.4739874799702756,0.0008414736112321538,6.193893921607356,2.52765452138393
UG,22.330582645329862,0.47397751521619036,0.0008399836487118291,6.192868526072989,2.521478476554146
UG,22.35558889689238,0.473967568309879,0.0008384972251068636,6.191844038478559,2.515318035330772
UG,22.3805951484549,0.4739576392083313,0.0008370143323917976,6.19082045746993,2.509173152188528
UG,22.405601400017417,0.4739477278686378,0.0008355349625602089,6.189797781694272,2.5030437817301268
UG,22.430607651579937,0.47393783424798896,0.0008340591076245311,6.188776009800052,2.4969298786815384
UG,22.455613903142456,0.4739279583036755,0.0008325867596160446,6.187755140437033,2.490831398027593
UG,22.480620154704976,0.47391809999308765,0.0008311179105849803,6.186735172256274,2.4847482948008364
UG,22.505626406267496,0.47390825927371555,0.0008296525526002215,6.185716103910125,2.4786805242628556
UG,22.530632657830015,0.4738984361031484,0.0008281906777494792,6.184697934052233,2.4726280417845206
UG,22.555638909392535,0.47388863043907425,0.0008267322781391837,6.18368066133753,2.466590802927928
UG,22.580645160955054,0.4738788422392803,0.0008252773458943868,6.182664284422241,2.4605687633698143
UG,22.605651412517574,0.473869071461652,0.000823825873158898,6.181648801963878,2.4545618789798276
UG,22.630657664080093,0.47385931806417336,0.0008223778520950006,6.180634212621235,2.4485701057494142
UG,22.655663915642613,0.473849582004926,0.0008209332748835848,6.179620515054394,2.4425933998411176
UG,22.680670167205133,0.4738398632420899,0.0008194921337241199,6.178607707924719,2.4366317175619727
UG,22.705676418767652,0.4738301617339421,0.0008180544208344759,6.177595789894851,2.4306850153612674
UG,22.73068267033017,0.4738204774388573,0.0008166201284510658,6.1765847596287164,2.4247532498582673
UG,22.75568892189269,0.47381081031530703,0.0008151892488286397,6.175574615791512,2.4188363777899458
UG,22.78069517345521,0.47380116032186,0.000813761774240317,6.174565357049719,2.4129343560971117
UG,22.80570142501773,0.473791527417181,0.0008123376969776607,6.173556982071085,2.407047141798038
UG,22.83070767658025,0.47378191156003163,0.0008109170093503997,6.172549489524634,2.4011746921230963
UG,22.85571392814277,0.4737723127092692,0.0008094997036866034,6.171542878080662,2.3953169644152257
UG,22.88072017970529,0.47376273082384734,0.0008080857723325491,6.170537146410735,2.389473916155302
UG,22.90572643126781,0.47375316586281496,0.0008066752076526564,6.1695322931876815,2.3836455050225
UG,22.930732682830328,0.4737436177853163,0.0008052680020296082,6.168528317085605,2.3778316887649784
UG,22.955738934392848,0.4737340865505911,0.0008038641478640715,6.167525216779866,2.3720324253342464
UG,22.980745185955367,0.47372457211797375,0.0008024636375748328,6.166522990947094,2.3662476728050565
UG,23.005751437517887,0.4737150744468934,0.0008010664635987599,6.165521638265174,2.3604773894155393
UG,23.030757689080406,0.47370559349687374,0.000799672618390643,6.164521157413257,2.354721533512527
UG,23.055763940642926,0.4736961292275323,0.0007982820944233207,6.163521547071747,2.3489800636137135
UG,23.080770192205446,0.47368668159858096,0.0007968948841874862,6.162522805922309,2.3432529383665526
UG,23.105776443767965,0.4736772505698253,0.0007955109801917154,6.161524932647862,2.337540116570504
UG,23.13078269533048,0.4736678361011641,0.000794130374962539,6.160527925932575,2.331841557130032
UG,23.155788946893,0.4736584381525896,0.0007927530610441734,6.1595317844618735,2.326157219158752
UG,23.18079519845552,0.4736490566841872,0.0007913790309986917,6.15853650692243,2.3204870618378712
UG,23.20580145001804,0.47363969165613495,0.0007900082774058862,6.157542092002168,2.314831044552333
UG,23.23080770158056,0.47363034302870344,0.0007886407928632168,6.156548538390255,2.309189126773269
UG,23.25581395314308,0.47362101076225566,0.0007872765699859197,6.155555844777107,2.3035612681323716
UG,23.2808202047056,0.47361169481724646,0.000785915601406738,6.154564009854383,2.2979474284018506
UG,23.305826456268118,0.47360239515422314,0.0007845578797760518,6.153573032314981,2.292347567498165
UG,23.330832707830638,0.473593111733824,0.0007832033977618432,6.152582910853043,2.286761645437324
UG,23.355838959393157,0.47358384451677915,0.0007818521480495418,6.1515936441639525,2.281189622425723
UG,23.380845210955677,0.4735745934639098,0.0007805041233421442,6.150605230944319,2.2756314587651
UG,23.405851462518196,0.47356535853612797,0.0007791593163600264,6.149617669892004,2.270087114903705
UG,23.430857714080716,0.4735561396944366,0.0007778177198409701,6.14863095970609,2.264556551448743
UG,23.455863965643236,0.47354693689992894,0.0007764793265402379,6.147645099086896,2.259039729080704
UG,23.480870217205755,0.4735377501137887,0.0007751441292303043,6.146660086735972,2.2535366086768778
UG,23.505876468768275,0.4735285792972895,0.0007738121207010155,6.145675921356099,2.248047151220856
UG,23.530882720330794,0.4735194244117949,0.0007724832937594832,6.1446926016512835,2.242571317827655
UG,23.555888971893314,0.4735102854187578,0.0007711576412300043,6.143710126326755,2.237109069758566
UG,23.580895223455833,0.473501162279721,0.0007698351559541717,6.142728494088976,2.231660368385524
UG,23.605901475018353,0.4734920549563157,0.0007685158307906296,6.141747703645621,2.2262251752177273
UG,23.630907726580872,0.47348296341026264,0.0007671996586151767,6.140767753705595,2.2208034519184596
UG,23.655913978143392,0.47347388760337095,0.0007658866323207617,6.139788642979017,2.21539516022793
UG,23.68092022970591,0.4734648274975383,0.0007645767448172967,6.138810370177225,2.210000262082096
UG,23.70592648126843,0.47345578305475083,0.000763269989031786,6.1378329340127715,2.2046187195061018
UG,23.73093273283095,0.4734467542370823,0.0007619663579081692,6.136856333199428,2.1992504946594997
UG,23.75593898439347,0.4734377410066947,0.0007606658444073097,6.135880566452177,2.1938955498217
UG,23.78094523595599,0.4734287433258372,0.0007593684415070948,6.134905632487208,2.188553847420049
UG,23.80595148751851,0.47341976115684653,0.0007580741422021527,6.133931530021927,2.1832253499962926
UG,23.830957739081025,0.47341079446214673,0.0007567829395040134,6.132958257774944,2.177910020235886
UG,23.855963990643545,0.47340184320424855,0.0007554948264410273,6.131985814466077,2.1726078209247164
UG,23.880970242206065,0.4733929073457495,0.0007542097960582589,6.131014198816349,2.1673187149722315
UG,23.905976493768584,0.47338398684933364,0.0007529278414175939,6.130043409547984,2.162042665442559
UG,23.930982745331104,0.4733750816777714,0.0007516489555975307,6.129073445384409,2.1567796355081454
UG,23.955988996893623,0.4733661917939189,0.0007503731316932405,6.128104305050253,2.1515295884645225
UG,23.980995248456143,0.4733573171607184,0.000749100362816616,6.127135987271341,2.1462924877302294
UG,24.006001500018662,0.47334845774119794,0.0007478306420960249,6.126168490774695,2.1410682968386916
UG,24.031007751581182,0.4733396134984705,0.0007465639626764669,6.125201814288532,2.1358569794753968
UG,24.0560140031437,0.4733307843957346,0.000745300317719447,6.124235956542264,2.1306584994278444
UG,24.08102025470622,0.47332197039627366,0.0007440397004029236,6.123270916266493,2.1254728206108195
UG,24.10602650626874,0.473313171463456,0.0007427821039214192,6.1223066921930105,2.120299907035004
UG,24.13103275783126,0.4733043875607341,0.000741527521485751,6.121343283054802,2.1151397228738285
UG,24.15603900939378,0.47329561865164516,0.000740275946323164,6.120380687586032,2.1099922324008693
UG,24.1810452609563,0.4732868646998104,0.0007390273716773102,6.119418904522055,2.1048574000028126
UG,24.20605151251882,0.473278125668935,0.0007377817908080727,6.118457932599412,2.099735190190002
UG,24.23105776408134,0.4732694015228077,0.0007365391969916915,6.11749777055582,2.0946255676075833
UG,24.256064015643858,0.4732606922253007,0.0007352995835206083,6.116538417130179,2.089528496995394
UG,24.281070267206378,0.4732519977403698,0.0007340629437034581,6.11557987106257,2.0844439432307875
UG,24.306076518768897,0.4732433180320537,0.0007328292708651643,6.114622131094249,2.079371871310552
UG,24.331082770331417,0.4732346530644737,0.0007315985583466693,6.113665195967647,2.0743122463263886
UG,24.356089021893936,0.4732260028018341,0.0007303707995050782,6.112709064426368,2.069265033497989
UG,24.381095273456456,0.4732173672084215,0.000729145987713601,6.111753735215196,2.0642301981749944
UG,24.406101525018975,0.4732087462486048,0.0007279241163614317,6.110799207080074,2.0592077058006075
UG,24.431107776581495,0.4732001398868349,0.0007267051788538542,6.109845478768126,2.054197521948997
UG,24.456114028144015,0.4731915480876445,0.0007254891686120531,6.108892549027633,2.049199612317704
UG,24.481120279706534,0.4731829708156478,0.0007242760790731554,6.1079404166080495,2.044213942699862
UG,24.506126531269054,0.4731744080355408,0.0007230659036902943,6.106989080259989,2.0392404789788903
UG,24.531132782831573,0.47316585971210023,0.0007218586359323558,6.106038538735231,2.034279187225496
UG,24.55613903439409,0.47315732581018405,0.0007206542692841297,6.105088790786717,2.029330033558532
UG,24.58114528595661,0.47314880629473094,0.0007194527972462142,6.104139835168543,2.0243929842367585
UG,24.60615153751913,0.4731403011307604,0.0007182542133349394,6.103191670635966,2.019468005626535
UG,24.631157789081648,0.4731318102833719,0.0007170585110824595,6.1022442959454,2.0145550642208483
UG,24.656164040644168,0.4731233337177455,0.0007158656840365482,6.101297709854412,2.009654126580097
UG,24.681170292206687,0.47311487139914105,0.0007146757257606627,6.100351911121721,2.004765159434056
UG,24.706176543769207,0.4731064232928981,0.0007134886298339889,6.0994068985071985,1.9998881295800168
UG,24.731182795331726,0.4730979893644357,0.0007123043898512089,6.098462670771865,1.995023003945114
UG,24.756189046894246,0.4730895695792527,0.0007111229994226425,6.097519226677892,1.9901697495582598
UG,24.781195298456765,0.4730811639029268,0.0007099444521741403,6.096576564988593,1.9853283335741227
UG,24.806201550019285,0.4730727723011146,0.0007087687417470221,6.095634684468426,1.9804987232256404
UG,24.831207801581805,0.47306439473955175,0.0007075958617981788,6.094693583882999,1.9756808858885384
UG,24.856214053144324,0.4730560311840522,0.0007064258059998387,6.093753261999052,1.970874789024108
UG,24.881220304706844,0.47304768160050836,0.0007052585680396632,6.092813717584472,1.9660804002150987
UG,24.906226556269363,0.47303934595489083,0.0007040941416207641,6.0918749494082824,1.9612976871402226
UG,24.931232807831883,0.4730310242132483,0.000702932520461498,6.090936956240643,1.9565266175937719
UG,24.956239059394402,0.47302271634170695,0.0007017736982955958,6.089999736852845,1.95176715946959
UG,24.981245310956922,0.4730144223064709,0.0007006176688720477,6.089063290017321,1.9470192807838913
UG,25.00625156251944,0.4730061420738215,0.0006994644259550566,6.088127614507627,1.9422829496355398
UG,25.03125781408196,0.47299787561011697,0.0006983139633241366,6.087192709098454,1.9375581342346981
UG,25.05626406564448,0.472989622881793,0.0006971662747738734,6.086258572565621,1.9328448029188754
UG,25.081270317207,0.4729813838553619,0.0006960213541140312,6.085325203686073,1.9281429241068944
UG,25.10627656876952,0.4729731584974126,0.0006948791951695548,6.084392601237881,1.9234524663271584
UG,25.13128282033204,0.4729649467746102,0.0006937397917803834,6.083460764000239,1.9187733982098794
UG,25.15628907189456,0.47295674865369647,0.0006926031378015694,6.0825296907534625,1.9141056885045702
UG,25.18129532345708,0.47294856410148867,0.0006914692271031606,6.08159938027899,1.9094493060435647
UG,25.206301575019598,0.47294039308488034,0.0006903380535701625,6.080669831359376,1.9048042197555255
UG,25.231307826582118,0.47293223557084046,0.0006892096111026369,6.079741042778293,1.9001703987165672
UG,25.256314078144634,0.4729240915264133,0.0006880838936154548,6.07881301332053,1.8955478120586022
UG,25.281320329707153,0.4729159609187187,0.0006869608950384117,6.077885741771989,1.8909364290329311
UG,25.306326581269673,0.4729078437149512,0.0006858406093162236,6.076959226919685,1.8863362189977515
UG,25.331332832832192,0.4728997398823807,0.0006847230304083476,6.076033467551742,1.881747151378348
UG,25.356339084394712,0.4728916493883512,0.0006836081522891027,6.075108462457397,1.8771691957519934
UG,25.38134533595723,0.4728835722002815,0.0006824959689475403,6.074184210426989,1.8726023217663739
UG,25.40635158751975,0.47287550828566477,0.0006813864743874208,6.073260710251968,1.8680464991762185
UG,25.43135783908227,0.47286745761206805,0.0006802796626272993,6.072337960724885,1.8635016978267331
UG,25.45636409064479,0.47285942014713256,0.0006791755277002952,6.071415960639394,1.8589678876695672
UG,25.48137034220731,0.47285139585857283,0.0006780740636541951,6.0704947087902505,1.8544450387534295
UG,25.50637659376983,0.47284338471417753,0.000676975264551453,6.069574203973311,1.8499331212173504
UG,25.53138284533235,0.4728353866818081,0.000675879124469015,6.068654444985528,1.8454321053229699
UG,25.55638909689487,0.4728274017293996,0.0006747856374984296,6.067735430624951,1.8409419614086762
UG,25.581395348457388,0.4728194298249598,0.0006736947977457339,6.066817159690721,1.8364626599097504
UG,25.606401600019908,0.4728114709365692,0.0006726065993314215,6.065899630983076,1.8319941713514878
UG,25.631407851582427,0.4728035250323815,0.0006715210363905286,6.064982843303345,1.827536466388311
UG,25.656414103144947,0.4727955920806218,0.000670438103072407,6.064066795453943,1.8230895157460976
UG,25.681420354707466,0.47278767204958844,0.0006693577935408226,6.063151486238377,1.8186532902358665
UG,25.706426606269986,0.4727797649076513,0.0006682801019739683,6.062236914461238,1.814227760789603
UG,25.731432857832505,0.47277187062325204,0.0006672050225642719,6.061323078928203,1.8098128984149509
UG,25.756439109395025,0.47276398916490453,0.0006661325495185162,6.060409978446034,1.8054086742249724
UG,25.781445360957544,0.47275612050119353,0.0006650626770577296,6.059497611822571,1.8010150594241374
UG,25.806451612520064,0.47274826460077557,0.0006639953994171495,6.058585977866736,1.7966320253137413
UG,25.831457864082584,0.47274042143237793,0.0006629307108463031,6.057675075388529,1.7922595432866562
UG,25.856464115645103,0.47273259096479936,0.000661868605608793,6.056764903199027,1.787897584825108
UG,25.881470367207623,0.4727247731669089,0.0006608090779823852,6.055855460110382,1.7835461214984105
UG,25.906476618770142,0.4727169680076464,0.0006597521222590375,6.054946744935819,1.779205124985208
UG,25.931482870332662,0.4727091754560223,0.0006586977327446874,6.054038756489637,1.7748745670525725
UG,25.95648912189518,0.4727013954811167,0.0006576459037593771,6.053131493587205,1.7705544195522511
UG,25.981495373457697,0.4726936280520806,0.0006565966296371695,6.052224955044957,1.7662446544115429
UG,26.006501625020217,0.47268587313813415,0.0006555499047260829,6.051319139680398,1.761945243697498
UG,26.031507876582737,0.47267813070856746,0.000654505723388174,6.050414046312098,1.7576561595292133
UG,26.056514128145256,0.47267040073274014,0.0006534640799993486,6.04950967375969,1.753377374126988
UG,26.081520379707776,0.4726626831800813,0.0006524249689494209,6.04860602084387,1.7491088597829616
UG,26.106526631270295,0.4726549780200892,0.0006513883846421639,6.047703086386394,1.7448505889130628
UG,26.131532882832815,0.4726472852223306,0.0006503543214950844,6.046800869210078,1.7406025339941869
UG,26.156539134395334,0.47263960475644173,0.0006493227739395477,6.0458993681387945,1.7363646676189175
UG,26.181545385957854,0.472631936592127,0.0006482937364207148,6.044998581997472,1.7321369624365273
UG,26.206551637520374,0.4726242806991597,0.000647267203397453,6.044098509612094,1.7279193912172328
UG,26.231557889082893,0.4726166370473807,0.0006462431693424189,6.0431991498096975,1.7237119267973444
UG,26.256564140645413,0.47260900560669994,0.000645221628741898,6.042300501418369,1.719514542101151
UG,26.281570392207932,0.47260138634709437,0.0006442025760958346,6.041402563267243,1.7153272101589814
UG,26.306576643770452,0.47259377923860935,0.0006431860059178984,6.040505334186507,1.7111499040706053
UG,26.33158289533297,0.47258618425135746,0.0006421719127352523,6.03960881300739,1.7069825970244392
UG,26.35658914689549,0.4725786013555189,0.0006411602910886724,6.038712998562167,1.7028252623131308
UG,26.38159539845801,0.472571030521341,0.0006401511355325165,6.037817889684157,1.698677873293523
UG,26.40660165002053,0.4725634717191381,0.0006391444406345977,6.036923485207719,1.6945404034194047
UG,26.43160790158305,0.4725559249192915,0.0006381402009762692,6.036029783968255,1.6904128262323863
UG,26.45661415314557,0.4725483900922496,0.0006371384111523048,6.0351367848022,1.686295115338034
UG,26.48162040470809,0.47254086720852645,0.00063613906577089,6.0342444865470295,1.6821872444648898
UG,26.50662665627061,0.47253335623870324,0.0006351421594536972,6.033352888041256,1.6780891873933201
UG,26.531632907833128,0.47252585715342726,0.000634147686835665,6.032461988124419,1.6740009179958928
UG,26.556639159395647,0.47251836992341156,0.0006331556425650988,6.031571785637096,1.6699224102586234
UG,26.581645410958167,0.4725108945194354,0.0006321660213036819,6.030682279420891,1.665853638187968
UG,26.606651662520687,0.4725034309123435,0.000631178817726292,6.029793468318439,1.661794575944474
UG,26.631657914083206,0.472495979073046,0.0006301940265211102,6.028905351173402,1.6577451977239257
UG,26.656664165645726,0.47248853897251886,0.0006292116423895365,6.028017926830467,1.6537054778337
UG,26.68167041720824,0.4724811105818028,0.0006282316600461365,6.027131194135343,1.6496753906273305
UG,26.70667666877076,0.47247369387200383,0.0006272540742187157,6.026245151934764,1.6456549105746203
UG,26.73168292033328,0.47246628881429253,0.0006262788796481425,6.025359799076483,1.641644012216797
UG,26.7566891718958,0.4724588953799046,0.0006253060710884013,6.024475134409275,1.637642670193485
UG,26.78169542345832,0.47245151354013964,0.0006243356433066456,6.023591156782929,1.6336508591795527
UG,26.80670167502084,0.47244414326636236,0.0006233675910829769,6.02270786504825,1.6296685539830933
UG,26.83170792658336,0.472436784530001,0.0006224019092105643,6.021825258057063,1.625695729453528
UG,26.85671417814588,0.4724294373025485,0.0006214385924955975,6.0209433346621966,1.621732360543032
UG,26.8817204297084,0.4724221015555609,0.000620477635757187,6.0200620937175,1.6177784222863367
UG,26.906726681270918,0.4724147772606586,0.0006195190338274385,6.019181534077823,1.61383388977669
UG,26.931732932833437,0.472407464389525,0.0006185627815513265,6.018301654599034,1.6098987382096765
UG,26.956739184395957,0.47240016291390746,0.0006176088737866969,6.017422454137997,1.6059729428407201
UG,26.981745435958477,0.4723928728056159,0.0006166573054043422,6.01654393155259,1.6020564790147354
UG,27.006751687520996,0.4723855940365237,0.0006157080712877775,6.015666085701688,1.5981493221607421
UG,27.031757939083516,0.472378326578567,0.0006147611663333464,6.014788915445168,1.5942514477804397
UG,27.056764190646035,0.47237107040374493,0.0006138165854502294,6.013912419643911,1.5903628314543101
UG,27.081770442208555,0.4723638254841186,0.000612874323560266,6.013036597159795,1.586483448822305
UG,27.106776693771074,0.47235659179181194,0.000611934375598058,6.012161446855692,1.58261327564559
UG,27.131782945333594,0.4723493692990111,0.0006109967365108942,6.011286967595474,1.578752287718638
UG,27.156789196896113,0.472342157977964,0.0006100614012586951,6.010413158244004,1.5749004609305857
UG,27.181795448458633,0.4723349578009808,0.0006091283648140783,6.009540017667138,1.5710577712527247
UG,27.206801700021153,0.47232776874043336,0.0006081976221622027,6.008667544731722,1.567224194722531
UG,27.231807951583672,0.47232059076875527,0.0006072691683008058,6.0077957383055915,1.5633997074661954
UG,27.25681420314619,0.4723134238584409,0.0006063429982402648,6.006924597257569,1.5595842856772395
UG,27.28182045470871,0.4723062679820467,0.000605419107003375,6.006054120457466,1.5557779056194276
UG,27.30682670627123,0.4722991231121898,0.0006044974896254648,6.005184306776072,1.5519805436298135
UG,27.33183295783375,0.4722919892215482,0.0006035781411543725,6.004315155085165,1.548192176158349
UG,27.35683920939627,0.47228486628286115,0.0006026610566503164,6.003446664257502,1.544412779668959
UG,27.38184546095879,0.47227775426892815,0.0006017462311859784,6.002578833166821,1.5406423307428991
UG,27.406851712521306,0.47227065315260924,0.0006008336598464028,6.001711660687835,1.5368808060124917
UG,27.431857964083825,0.472263562906825,0.0005999233377289776,6.0008451456962355,1.5331281822246048
UG,27.456864215646345,0.472256483504556,0.0005990152599434991,5.999979287068689,1.5293844361572986
UG,27.481870467208864,0.47224941491884276,0.0005981094216119861,5.999114083682837,1.5256495446578224
UG,27.506876718771384,0.47224235712278567,0.0005972058178687491,5.9982495344172895,1.5219234846860215
UG,27.531882970333903,0.47223531008954533,0.0005963044438604332,5.997385638151626,1.5182062332378137
UG,27.556889221896423,0.47222827379234095,0.0005954052947458108,5.9965223937664,1.5144977674035907
UG,27.581895473458943,0.47222124820445205,0.0005945083656958907,5.995659800143128,1.510798064351038
UG,27.606901725021462,0.47221423329921697,0.0005936136518938825,5.99479785616429,1.5071071012857988
UG,27.63190797658398,0.472207229050033,0.0005927211485350938,5.993936560713337,1.5034248555322625
UG,27.6569142281465,0.4722002354303566,0.0005918308508269999,5.993075912674676,1.4997513044326827
UG,27.68192047970902,0.47219325241370314,0.0005909427539891363,5.992215910933679,1.496086425456925
UG,27.70692673127154,0.47218627997364604,0.0005900568532530899,5.991356554376672,1.4924301961083588
UG,27.73193298283406,0.472179318083818,0.0005891731438625689,5.990497841890943,1.4887825939736707
UG,27.75693923439658,0.47217236671790935,0.0005882916210732038,5.989639772364737,1.4851435967031592
UG,27.7819454859591,0.472165425849669,0.0005874122801526293,5.988782344687251,1.481513182027263
UG,27.80695173752162,0.47215849545290367,0.0005865351163805175,5.9879255577486346,1.47789132774946
UG,27.831957989084138,0.4721515755014782,0.0005856601250483829,5.98706941043999,1.4742780117195382
UG,27.856964240646658,0.47214466596931476,0.0005847873014596846,5.986213901653372,1.4706732118830865
UG,27.881970492209177,0.47213776683039343,0.0005839166409297892,5.985359030281779,1.4670769062397624
UG,27.906976743771697,0.4721308780587516,0.0005830481387858748,5.9845047952191575,1.4634890728615493
UG,27.931982995334216,0.472123999628484,0.0005821817903669982,5.9836511953604035,1.4599096899101016
UG,27.956989246896736,0.4721171315137422,0.000581317591023987,5.98279822960135,1.4563387355707047
UG,27.981995498459256,0.4721102736887351,0.0005804555361194346,5.981945896838778,1.4527761881344756
UG,28.007001750021775,0.47210342612772827,0.0005795956210277668,5.981094195970405,1.4492220259538269
UG,28.032008001584295,0.47209658880504385,0.0005787378411350462,5.980243125894891,1.4456762274302626
UG,28.057014253146814,0.47208976169506084,0.0005778821918390536,5.979392685511829,1.4421387710603184
UG,28.082020504709334,0.47208294477221424,0.0005770286685493242,5.978542873721755,1.4386096353793194
UG,28.10702675627185,0.47207613801099535,0.0005761772666869472,5.977693689426132,1.4350887990317829
UG,28.13203300783437,0.47206934138595164,0.0005753279816846723,5.976845131527359,1.4315762406738306
UG,28.15703925939689,0.4720625548716868,0.0005744808089868784,5.975997198928768,1.4280719390654155
UG,28.18204551095941,0.47205577844285984,0.0005736357440494683,5.975149890534619,1.4245758730203195
UG,28.207051762521928,0.47204901207418565,0.0005727927823399395,5.974303205250101,1.4210880214355146
UG,28.232058014084448,0.47204225574043457,0.0005719519193372844,5.973457141981329,1.4176083632491612
UG,28.257064265646967,0.47203550941643224,0.0005711131505319782,5.972611699635343,1.4141368774710983
UG,28.282070517209487,0.47202877307705987,0.0005702764714260423,5.971766877120106,1.4106735431925956
UG,28.307076768772006,0.4720220466972533,0.0005694418775328625,5.970922673344508,1.4072183395504252
UG,28.332083020334526,0.4720153302520033,0.0005686093643772588,5.970079087218352,1.4037712457672231
UG,28.357089271897046,0.47200862371635577,0.000567778927495531,5.9692361176523665,1.4003322411038457
UG,28.382095523459565,0.472001927065411,0.0005669505624352495,5.968393763558195,1.3969013049080556
UG,28.407101775022085,0.47199524027432394,0.0005661242647553652,5.967552023848395,1.3934784165825684
UG,28.432108026584604,0.4719885633183035,0.0005653000300261948,5.966710897436441,1.3900635555924439
UG,28.457114278147124,0.47198189617261344,0.00056447785382929,5.96587038323672,1.386656701470173
UG,28.482120529709643,0.4719752388125709,0.0005636577317575164,5.965030480164532,1.3832578338227255
UG,28.507126781272163,0.47196859121354756,0.0005628396594149742,5.964191187136083,1.3798669322846338
UG,28.532133032834682,0.4719619533509685,0.0005620236324169676,5.9633525030684895,1.3764839766031354
UG,28.557139284397202,0.47195532520031247,0.0005612096463900575,5.9625144268797765,1.3731089465445816
UG,28.58214553595972,0.4719487067371118,0.0005603976969719166,5.961676957488873,1.3697418219616926
UG,28.60715178752224,0.4719420979369524,0.0005595877798113677,5.960840093815608,1.3663825827814167
UG,28.63215803908476,0.47193549877547303,0.0005587798905684393,5.96000383478072,1.3630312089441765
UG,28.65716429064728,0.47192890922836556,0.0005579740249141646,5.95916817930584,1.3596876805056521
UG,28.6821705422098,0.4719223292713751,0.0005571701785306754,5.958333126313507,1.356351977561635
UG,28.70717679377232,0.47191575888029946,0.0005563683471112175,5.9574986747271526,1.3530240802580045
UG,28.73218304533484,0.4719091980309889,0.0005555685263599851,5.956664823471103,1.3497039688205865
UG,28.75718929689736,0.4719026466993465,0.0005547707119922089,5.955831571470583,1.3463916235274858
UG,28.782195548459878,0.4718961048613276,0.0005539748997341115,5.954998917651707,1.3430870247129238
UG,28.807201800022398,0.4718895724929396,0.0005531810853228375,5.954166860941487,1.3397901527937883
UG,28.832208051584914,0.47188304957024235,0.0005523892645065018,5.953335400267817,1.3365009882225793
UG,28.857214303147433,0.4718765360693475,0.0005515994330440938,5.952504534559486,1.3332195115261618
UG,28.882220554709953,0.4718700319664186,0.0005508115867054736,5.951674262746168,1.3299457032781514
UG,28.907226806272472,0.4718635372376708,0.0005500257212714319,5.950844583758419,1.326679544133283
UG,28.932233057834992,0.471857051859371,0.0005492418325335109,5.950015496527688,1.3234210147836851
UG,28.95723930939751,0.47185057580783735,0.0005484599162940758,5.949186999986297,1.3201700959851488
UG,28.98224556096003,0.47184410905943935,0.0005476799683663564,5.948359093067455,1.3169267685746087
UG,29.00725181252255,0.47183765159059776,0.0005469019845742503,5.947531774705248,1.313691013418374
UG,29.03225806408507,0.47183120337778406,0.0005461259607524228,5.9467050438346405,1.310462811454376
UG,29.05726431564759,0.4718247643975213,0.0005453518927463014,5.945878899391475,1.307242143690499
UG,29.08227056721011,0.4718183346263826,0.0005445797764119423,5.945053340312469,1.3040289911689755
UG,29.10727681877263,0.4718119140409918,0.0005438096076161032,5.944228365535209,1.300823335002484
UG,29.13228307033515,0.4718055026180237,0.0005430413822361866,5.94340397399816,1.2976251563782804
UG,29.157289321897668,0.47179910033420286,0.0005422750961601937,5.942580164640654,1.294434436511531
UG,29.182295573460188,0.4717927071663045,0.0005415107452867668,5.941756936402894,1.2912511566882745
UG,29.207301825022707,0.4717863230911537,0.0005407483255250817,5.940934288225948,1.2880752982594232
UG,29.232308076585227,0.47177994808562557,0.0005399878327948585,5.940112219051752,1.28490684261858
UG,29.257314328147746,0.4717735821266451,0.0005392292630264184,5.9392907278231055,1.2817457712286124
UG,29.282320579710266,0.471767225191187,0.0005384726121605032,5.938469813483672,1.278592065598437
UG,29.307326831272785,0.47176087725627525,0.0005377178761483488,5.937649474977979,1.2754457073115637
UG,29.332333082835305,0.47175453829898367,0.000536965050951726,5.9368297112514075,1.2723066779736947
UG,29.357339334397825,0.47174820829643527,0.0005362141325427485,5.936010521250206,1.2691749592858101
UG,29.382345585960344,0.47174188722580185,0.000535465116903969,5.935191903921471,1.2660505329865748
UG,29.407351837522864,0.47173557506430486,0.0005347180000283761,5.934373858213162,1.2629333808583745
UG,29.432358089085383,0.4717292717892143,0.0005339727779192627,5.933556383074088,1.2598234847649925
UG,29.457364340647903,0.47172297737784885,0.0005332294465902965,5.932739477453914,1.2567208266029393
UG,29.482370592210422,0.47171669180757625,0.0005324880020654687,5.931923140303155,1.2536253883464321
UG,29.507376843772942,0.4717104150558125,0.0005317484403790433,5.9311073705731765,1.2505371519885844
UG,29.532383095335458,0.47170414710002184,0.0005310107575756025,5.930292167216188,1.2474560996186548
UG,29.557389346897978,0.47169788791771705,0.000530274949709941,5.929477529185252,1.2443822133587163
UG,29.582395598460497,0.4716916374864591,0.0005295410128470781,5.9286634554342745,1.241315475384917
UG,29.607401850023017,0.47168539578385665,0.0005288089430623075,5.9278499449180035,1.2382558679319844
UG,29.632408101585536,0.4716791627875665,0.0005280787364410291,5.927036996592031,1.2352033732877776
UG,29.657414353148056,0.47167293847529324,0.0005273503890788155,5.926224609412787,1.2321579738031239
UG,29.682420604710575,0.4716667228247886,0.0005266238970814579,5.925412782337547,1.2291196518539613
UG,29.707426856273095,0.47166051581385265,0.0005258992565647678,5.92460151432442,1.226088389896401
UG,29.732433107835615,0.4716543174203323,0.0005251764636546772,5.923790804332351,1.2230641704451153
UG,29.757439359398134,0.4716481276221216,0.000524455514487249,5.922980651321123,1.220046976034665
UG,29.782445610960654,0.471641946397162,0.0005237364052085218,5.922171054251352,1.2170367892889151
UG,29.807451862523173,0.47163577372344195,0.0005230191319745914,5.921362012084483,1.2140335928577697
UG,29.832458114085693,0.4716296095789967,0.0005223036909515795,5.920553523782796,1.2110373694561247
UG,29.857464365648212,0.47162345394190813,0.0005215900783155541,5.919745588309399,1.2080481018509912
UG,29.882470617210732,0.4716173067903049,0.0005208782902525798,5.918938204628227,1.2050657728628154
UG,29.90747686877325,0.4716111681023623,0.000520168322958641,5.918131371704041,1.2020903653571728
UG,29.93248312033577,0.4716050378563016,0.0005194601726396265,5.917325088502426,1.1991218622535837
UG,29.95748937189829,0.4715989160303908,0.0005187538355113757,5.916519353989794,1.1961602465210646
UG,29.98249562346081,0.4715928026029435,0.0005180493077995428,5.915714167133377,1.1932055011880938
UG,30.00750187502333,0.4715866975523199,0.0005173465857396362,5.9149095269012255,1.1902576093332344
UG,30.03250812658585,0.47158060085692566,0.0005166456655770679,5.914105432262214,1.1873165540786381
UG,30.05751437814837,0.4715745124952123,0.0005159465435669714,5.91330188218603,1.1843823185926825
UG,30.08252062971089,0.471568432445677,0.0005152492159742834,5.912498875643177,1.181454886117315
UG,30.107526881273408,0.4715623606868625,0.0005145536790737782,5.9116964116049795,1.1785342399198997
UG,30.132533132835928,0.471556297197357,0.0005138599291498847,5.910894489043567,1.1756203633312463
UG,30.157539384398447,0.4715502419557936,0.0005131679624967776,5.910093106931889,1.1727132397329834
UG,30.182545635960967,0.4715441949408512,0.0005124777754183814,5.909292264243698,1.1698128525494482
UG,30.207551887523486,0.4715381561312531,0.0005117893642282368,5.908491959953559,1.1669191852550838
UG,30.232558139086002,0.47153212550576773,0.0005111027252495695,5.907692193036847,1.1640322213904304
UG,30.257564390648522,0.4715261030432088,0.0005104178548152518,5.906892962469738,1.161151944523179
UG,30.28257064221104,0.4715200887224338,0.0005097347492677441,5.906094267229217,1.158278338278492
UG,30.30757689377356,0.4715140825223454,0.0005090534049591314,5.9052961062930684,1.1554113863337456
UG,30.33258314533608,0.47150808442189057,0.0005083738182510485,5.904498478639884,1.1525510724128731
UG,30.3575893968986,0.4715020944000605,0.0005076959855146733,5.903701383249052,1.149697380288664
UG,30.38259564846112,0.4714961124358908,0.0005070199031307642,5.902904819100758,1.1468502937874785
UG,30.40760190002364,0.4714901385084608,0.0005063455674895314,5.902108785175988,1.1440097967694054
UG,30.43260815158616,0.4714841725968939,0.0005056729749906765,5.901313280456527,1.141175873164749
UG,30.45761440314868,0.47147821468035783,0.0005050021220434364,5.9005183039249465,1.138348506930685
UG,30.482620654711198,0.47147226473806325,0.0005043330050664126,5.89972385456462,1.1355276820849207
UG,30.507626906273718,0.471466322749265,0.0005036656204876445,5.898929931359707,1.1327133826886855
UG,30.532633157836237,0.4714603886932612,0.0005029999647446501,5.89813653329516,1.129905592845032
UG,30.557639409398757,0.47145446254939344,0.0005023360342842399,5.8973436593567214,1.1271042967201603
UG,30.582645660961276,0.47144854429704636,0.0005016738255626087,5.89655130853092,1.124309478510684
UG,30.607651912523796,0.47144263391564795,0.0005010133350453517,5.895759479805067,1.1215211224744388
UG,30.632658164086315,0.4714367313846693,0.0005003545592073129,5.894968172167267,1.1187392129067204
UG,30.657664415648835,0.471430836683624,0.0004996974945326597,5.894177384606401,1.1159637341503683
UG,30.682670667211354,0.47142494979206895,0.0004990421375148687,5.893387116112135,1.1131946705927718
UG,30.707676918773874,0.47141907068960315,0.0004983884846566338,5.892597365674916,1.1104320066855637
UG,30.732683170336394,0.47141319935586873,0.0004977365324699135,5.891808132285969,1.1076757268953814
UG,30.757689421898913,0.47140733577055005,0.0004970862774758808,5.891019414937294,1.1049258157688362
UG,30.782695673461433,0.4714014799133736,0.00049643771620489,5.890231212621674,1.1021822578610714
UG,30.807701925023952,0.47139563176410837,0.0004957908451965082,5.8894435243326635,1.0994450378164566
UG,30.832708176586472,0.47138979130256536,0.0004951456609994264,5.888656349064589,1.0967141402864433
UG,30.85771442814899,0.47138395850859754,0.0004945021601714686,5.887869685812551,1.093989549991786
UG,30.88272067971151,0.4713781333620997,0.000493860339279628,5.88708353357242,1.0912712516806702
UG,30.90772693127403,0.47137231584300865,0.0004932201948999345,5.886297891340839,1.0885592301650253
UG,30.93273318283655,0.47136650593130236,0.0004925817236174993,5.885512758115215,1.0858534702933602
UG,30.957739434399066,0.4713607036070009,0.0004919449220265572,5.884728132893725,1.0831539569509323
UG,30.982745685961586,0.4713549088501655,0.0004913097867302969,5.883944014675309,1.0804606750818693
UG,31.007751937524105,0.47134912164089854,0.0004906763143409392,5.883160402459669,1.0777736096659027
UG,31.032758189086625,0.4713433419593439,0.0004900445014797716,5.8823772952472755,1.0750927457216657
UG,31.057764440649144,0.47133756978568647,0.000489414344776969,5.881594692039355,1.0724180683369278
UG,31.082770692211664,0.4713318051001521,0.0004887858408716833,5.8808125918378975,1.0697495626195042
UG,31.107776943774184,0.4713260478830074,0.00048815898641206416,5.880030993645648,1.067087213713095
UG,31.132783195336703,0.47132029811456,0.0004875337780551009,5.87924989646611,1.064431006829191
UG,31.157789446899223,0.4713145557751577,0.00048691021246670277,5.878469299303543,1.061780927227796
UG,31.182795698461742,0.4713088208451895,0.0004862882863216933,5.8776892011629585,1.0591369601789986
UG,31.207801950024262,0.47130309330508435,0.00048566799630370226,5.876909601050126,1.0564990910250216
UG,31.23280820158678,0.47129737313531145,0.00048504933910522235,5.87613049797156,1.053867305132159
UG,31.2578144531493,0.4712916603163807,0.00048443231142757023,5.875351890934531,1.0512415879268653
UG,31.28282070471182,0.4712859548288417,0.0004838169099808398,5.874573778947055,1.0486219248715847
UG,31.30782695627434,0.4712802566532841,0.00048320313148392865,5.873796161017896,1.0460083014608972
UG,31.33283320783686,0.4712745657703376,0.00048259097266447796,5.873019036156565,1.0434007032530543
UG,31.35783945939938,0.4712688821606715,0.00048198043025886046,5.872242403373315,1.0407991158285903
UG,31.3828457109619,0.4712632058049947,0.000481371501012209,5.871466261679148,1.0382035248185102
UG,31.40785196252442,0.4712575366840561,0.0004807641816783157,5.8706906100858,1.035613915898798
UG,31.432858214086938,0.47125187477864333,0.00048015846901965477,5.869915447605756,1.0330302747847173
UG,31.457864465649457,0.47124622006958405,0.0004795543598074198,5.869140773252234,1.0304525872323005
UG,31.482870717211977,0.47124057253774465,0.0004789518508213812,5.868366586039191,1.0278808390386622
UG,31.507876968774497,0.47123493216403123,0.0004783509388499433,5.867592884981327,1.0253150160488658
UG,31.532883220337016,0.4712292989293882,0.00047775162069018247,5.866819669094068,1.0227551041386411
UG,31.557889471899536,0.4712236728147993,0.0004771538931476796,5.866046937393577,1.0202010892361
UG,31.582895723462055,0.47121805380128706,0.00047655775303659804,5.865274688896754,1.017652957291519
UG,31.607901975024575,0.47121244186991285,0.0004759631971797182,5.864502922621227,1.015110694324367
UG,31.632908226587094,0.47120683700177624,0.00047537022240826446,5.863731637585351,1.0125742863812548
UG,31.65791447814961,0.4712012391780155,0.00047477882556199016,5.862960832808213,1.010043719538779
UG,31.68292072971213,0.47119564837980743,0.00047418900348920455,5.862190507309628,1.0075189799199067
UG,31.70792698127465,0.4711900645883668,0.00047360075304660914,5.861420660110135,1.0050000537057586
UG,31.73293323283717,0.47118448778494687,0.00047301407109937867,5.860651290230997,1.0024869270952343
UG,31.75793948439969,0.47117891795083894,0.0004724289545211739,5.859882396694203,0.9999795863348421
UG,31.78294573596221,0.471173355067372,0.0004718454001940085,5.859113978522462,0.9974780177130002
UG,31.807951987524728,0.47116779911591317,0.0004712634050083135,5.858346034739201,0.9949822075481716
UG,31.832958239087247,0.47116225007786705,0.00047068296586292853,5.857578564368572,0.9924921422221552
UG,31.857964490649767,0.47115670793467646,0.00047010407966501276,5.856811566435441,0.990007808144077
UG,31.882970742212287,0.47115117266782114,0.0004695267433300851,5.856045039965392,0.9875291917305776
UG,31.907976993774806,0.4711456442588186,0.0004689509537819986,5.8552789839847215,0.9850562794957968
UG,31.932983245337326,0.47114012268922373,0.00046837670795288696,5.854513397520444,0.9825890579557434
UG,31.957989496899845,0.4711346079406285,0.0004678040027831939,5.8537482796002855,0.9801275136697656
UG,31.982995748462365,0.4711290999946621,0.0004672328352216194,5.852983629252683,0.9776716332368665
UG,32.00800200002489,0.47112359883299093,0.0004666632022251045,5.852219445506782,0.9752214033004695
UG,32.033008251587404,0.47111810443731794,0.0004660951007588522,5.85145572739244,0.972776810549473
UG,32.05801450314992,0.4711126167893833,0.00046552852779624756,5.850692473940219,0.9703378416810484
UG,32.08302075471244,0.47110713587096376,0.00046496348031887044,5.849929684181388,0.9679044834682367
UG,32.10802700627496,0.47110166166387263,0.00046439995531651816,5.849167357147921,0.965476722702118
UG,32.13303325783748,0.4710961941499599,0.0004638379497870999,5.848405491872494,0.9630545462114886
UG,32.1580395094,0.471090733311112,0.0004632774607366692,5.847644087388491,0.9606379408589703
UG,32.18304576096252,0.47108527912925147,0.0004627184851794541,5.84688314272999,0.9582268935644097
UG,32.20805201252504,0.4710798315863373,0.00046216102013772547,5.84612265693177,0.9558213912748651
UG,32.23305826408756,0.47107439066436463,0.0004616050626418482,5.845362629029311,0.9534214209614112
UG,32.25806451565008,0.47106895634536444,0.0004610506097303176,5.84460305805879,0.951026969652249
UG,32.2830707672126,0.4710635286114039,0.00046049765844960466,5.843843943057077,0.9486380244014719
UG,32.308077018775116,0.47105810744458587,0.00045994620585422644,5.843085283061738,0.9462545723042981
UG,32.33308327033764,0.47105269282704887,0.000459396249006781,5.842327077111034,0.9438766004981265
UG,32.358089521900155,0.4710472847409671,0.0004588477849777815,5.841569324243914,0.9415040961447145
UG,32.38309577346268,0.47104188316855056,0.0004583008108457355,5.84081202350002,0.9391370464518006
UG,32.408102025025194,0.4710364880920443,0.00045775532369718273,5.840055173919685,0.9367754386606879
UG,32.43310827658772,0.47103109949372896,0.00045721132062651884,5.839298774543927,0.9344192600585376
UG,32.45811452815023,0.47102571735592014,0.0004566687987360874,5.838542824414451,0.9320684979450446
UG,32.483120779712756,0.47102034166096923,0.00045612775513620196,5.837787322573649,0.9297231396820521
UG,32.50812703127527,0.47101497239126194,0.0004555881869449893,5.837032268064599,0.9273831726562944
UG,32.533133282837795,0.47100960952921933,0.0004550500912884679,5.836277659931057,0.925048584288966
UG,32.55813953440031,0.47100425305729715,0.00045451346530056677,5.8355234972174665,0.9227193620350923
UG,32.583145785962834,0.47099890295798597,0.0004539783061229858,5.834769778968946,0.9203954933997209
UG,32.60815203752535,0.4709935592138111,0.0004534446109052644,5.834016504231295,0.9180769659028684
UG,32.63315828908787,0.47098822180733246,0.00045291237680478624,5.833263672050995,0.9157637671147172
UG,32.65816454065039,0.47098289072114413,0.00045238160098667077,5.8325112814752,0.9134558846427088
UG,32.68317079221291,0.47097756593787493,0.0004518522806238197,5.831759331551739,0.9111533061180791
UG,32.70817704377543,0.47097224744018756,0.00045132441289691785,5.831007821329117,0.9088560192093347
UG,32.733183295337945,0.4709669352107795,0.0004507979949943451,5.830256749856511,0.9065640116306496
UG,32.75818954690047,0.47096162923238155,0.0004502730241122144,5.829506116183774,0.9042772711237792
UG,32.783195798462984,0.47095632948775923,0.00044974949745435423,5.82875591936142,0.901995785458868
UG,32.80820205002551,0.4709510359597114,0.00044922741223225225,5.828006158440641,0.8997195424474479
UG,32.83320830158802,0.4709457486310713,0.0004487067656650758,5.827256832473297,0.8974485299432791
UG,32.858214553150546,0.4709404674847052,0.00044818755497964634,5.826507940511904,0.8951827358247028
UG,32.88322080471306,0.47093519250351346,0.0004476697774104029,5.825759481609657,0.8929221479961893
UG,32.908227056275585,0.47092992367042985,0.0004471534301994159,5.825011454820406,0.8906667544203491
UG,32.9332333078381,0.4709246609684216,0.000446638510596348,5.82426385919867,0.8884165430738962
UG,32.958239559400624,0.4709194043804891,0.00044612501585843437,5.823516693799624,0.8861715019772513
UG,32.98324581096314,0.4709141538896662,0.0004456129432504988,5.822769957679109,0.8839316191736093
UG,33.00825206252566,0.47090890947901987,0.00044510229004489165,5.822023649893624,0.8816968827486479
UG,33.03325831408818,0.47090367113164994,0.00044459305352149455,5.821277769500323,0.8794672808219834
UG,33.0582645656507,0.4708984388306892,0.00044408523096773033,5.820532315557018,0.877242801553323
UG,33.08327081721322,0.4708932125593039,0.00044357881967849156,5.819787287122182,0.8750234331176009
UG,33.10827706877574,0.4708879923006923,0.0004430738169561513,5.819042683254932,0.8728091637348832
UG,33.13328332033826,0.47088277803808565,0.00044257022011058415,5.81829850301505,0.8705999816572879
UG,33.15828957190078,0.470877569754748,0.00044206802645907175,5.817554745462961,0.8683958751767848
UG,33.1832958234633,0.4708723674339754,0.000441567233326333,5.816811409659745,0.8661968326021028
UG,33.20830207502582,0.470867171059097,0.0004410678380445428,5.816068494667131,0.8640028422746103
UG,33.233308326588336,0.4708619806134736,0.0004405698379532259,5.815325999547495,0.8618138925910869
UG,33.25831457815086,0.4708567960804988,0.00044007323039929575,5.814583923363863,0.8596299719708608
UG,33.283320829713375,0.4708516174435979,0.00043957801273708,5.813842265179905,0.8574510688423228
UG,33.3083270812759,0.47084644468622844,0.000439084182328198,5.813101024059934,0.8552771717074443
UG,33.333333332838414,0.47084127779188,0.00043859173654161313,5.812360199068911,0.8531082690589363
UG,33.35833958440094,0.47083611674407366,0.00043810067275365614,5.811619789272436,0.8509443494565766
UG,33.38334583596345,0.470830961526363,0.0004376109883478957,5.810879793736752,0.8487854014677708
UG,33.40835208752598,0.4708258121223324,0.0004371226807151977,5.81014021152874,0.8466314137100968
UG,33.43335833908849,0.4708206685155986,0.0004366357472537504,5.809401041715922,0.8444823748158401
UG,33.45836459065101,0.47081553068980936,0.0004361501853689269,5.8086622833664565,0.8423382734628398
UG,33.48337084221353,0.4708103986286441,0.00043566599247334863,5.807923935549138,0.8401990983433247
UG,33.50837709377605,0.4708052723158136,0.0004351831659869166,5.807185997333399,0.8380648382013801
UG,33.53338334533857,0.47080015173505957,0.000434701703336663,5.806448467789301,0.8359354818012233
UG,33.55838959690109,0.4707950368701554,0.0004342216019568223,5.805711345987543,0.8338110179493828
UG,33.58339584846361,0.47078992770490496,0.0004337428592888629,5.804974630999455,0.8316914354556583
UG,33.608402100026126,0.4707848242231437,0.00043326547278133216,5.804238321896994,0.8295767232001304
UG,33.63340835158865,0.4707797264087373,0.0004327894398899349,5.8035024177527506,0.8274668700635057
UG,33.658414603151165,0.47077463424558297,0.0004323147580775621,5.802766917639943,0.8253618649683917
UG,33.68342085471369,0.4707695477176081,0.00043184142481413496,5.802031820632414,0.8232616968736324
UG,33.708427106276204,0.47076446680877077,0.00043136943757668585,5.801297125804635,0.8211663547385027
UG,33.73343335783873,0.47075939150305995,0.00043089879384938465,5.8005628322317,0.8190758276086051
UG,33.75843960940124,0.4707543217844948,0.00043042949112338634,5.799828938989327,0.81699010450906
UG,33.78344586096377,0.4707492576371247,0.0004299615268969078,5.799095445153858,0.8149091745263354
UG,33.80845211252628,0.4707441990450298,0.0004294948986752587,5.798362349802256,0.8128330267519199
UG,33.833458364088806,0.47073914599231986,0.0004290296039706852,5.797629652012099,0.8107616503226343
UG,33.85846461565132,0.47073409846313524,0.0004285656403024488,5.796897350861595,0.8086950344123235
UG,33.883470867213845,0.470729056441646,0.0004281030051968578,5.7961654454295575,0.8066331682099999
UG,33.90847711877636,0.4707240199120524,0.0004276416961871102,5.795433934795424,0.8045760409327269
UG,33.933483370338884,0.47071898885858443,0.0004271817108133722,5.794702818039247,0.802523641847561
UG,33.9584896219014,0.47071396326550186,0.0004267230466228116,5.793972094241689,0.8004759602293015
UG,33.98349587346392,0.47070894311709394,0.0004262657011694386,5.7932417624840316,0.7984329853948052
UG,34.00850212502644,0.47070392839768005,0.00042580967201418614,5.792511821848165,0.796394706687457
UG,34.03350837658896,0.4706989190916085,0.0004253549567249431,5.791782271416591,0.794361113475154
UG,34.05851462815148,0.4706939151832573,0.00042490155287639364,5.791053110272421,0.7923321951555395
UG,34.083520879714,0.4706889166570341,0.00042444945805009967,5.790324337499375,0.7903079411725991
UG,34.10852713127652,0.47068392349737515,0.00042399866983453325,5.789595952181783,0.7882883409742991
UG,34.13353338283904,0.4706789356887465,0.00042354918582491547,5.788867953404578,0.786273384048898
UG,34.158539634401556,0.4706739532156428,0.00042310100362330104,5.7881403402533005,0.784263059915892
UG,34.18354588596407,0.47066897606258834,0.00042265412083860687,5.787413111814093,0.7822573581197696
UG,34.208552137526596,0.47066400421413546,0.0004222085350864569,5.786686267173706,0.7802562682396063
UG,34.23355838908911,0.4706590376548663,0.00042176424398926167,5.785959805419484,0.7782597798658725
UG,34.258564640651635,0.47065407636939105,0.00042132124517624747,5.785233725639382,0.7762678826365927
UG,34.28357089221415,0.4706491203423488,0.0004208795362833056,5.784508026921948,0.7742805662220023
UG,34.308577143776674,0.4706441695584075,0.000420439114953066,5.78378270835633,0.7722978202897989
UG,34.33358339533919,0.4706392240022634,0.0004199999788349338,5.783057769032274,0.7703196345618303
UG,34.35858964690171,0.47063428365864096,0.00041956212558492945,5.782333208040122,0.7683459987900073
UG,34.38359589846423,0.47062934851229343,0.00041912555286577124,5.781609024470813,0.766376902739424
UG,34.40860215002675,0.470624418548002,0.00041869025834690473,5.78088521741588,0.7644123362070575
UG,34.43360840158927,0.47061949375057643,0.00041825623970435016,5.780161785967446,0.762452289028574
UG,34.45861465315179,0.47061457410485397,0.00041782349462077874,5.779438729218231,0.7604967510468955
UG,34.48362090471431,0.4706096595957003,0.0004173920207855459,5.778716046261543,0.7585457121527663
UG,34.50862715627683,0.4706047502080092,0.0004169618158945368,5.777993736191278,0.7565991622525795
UG,34.533633407839346,0.47059984592670223,0.0004165328776502445,5.777271798101927,0.7546570912908892
UG,34.55863965940187,0.47059494673672825,0.00041610520376180165,5.776550231088561,0.7527194892149726
UG,34.583645910964385,0.4705900526230645,0.000415678791944827,5.775829034246844,0.7507863460254007
UG,34.60865216252691,0.4705851635707155,0.00041525363992150373,5.775108206673021,0.7488576517475214
UG,34.633658414089425,0.47058027956471327,0.00041482974542061203,5.774387747463927,0.7469333964166743
UG,34.65866466565195,0.4705754005901176,0.00041440710617737195,5.773667655716975,0.745013570113555
UG,34.683670917214464,0.47057052663201526,0.0004139857199335278,5.772947930530161,0.7430981629242079
UG,34.70867716877699,0.4705656576755205,0.0004135655844373739,5.772228571002064,0.7411871649865411
UG,34.7336834203395,0.47056079370577514,0.0004131466974436055,5.771509576231847,0.7392805664522462
UG,34.758689671902026,0.4705559347079475,0.0004127290567133959,5.770790945319245,0.7373783575003859
UG,34.78369592346454,0.47055108066723356,0.000412312660014426,5.770072677364575,0.7354805283271874
UG,34.808702175027065,0.4705462315688557,0.0004118975051207354,5.769354771468729,0.7335870691698815
UG,34.83370842658958,0.4705413873980638,0.00041148358981279976,5.768637226733178,0.7316979702879842
UG,34.8587146781521,0.4705365481401344,0.00041107091187755657,5.7679200422599655,0.7298132219680444
UG,34.88372092971462,0.4705317137803705,0.0004106594691082623,5.76720321715171,0.7279328145096786
UG,34.908727181277136,0.47052688430410217,0.0004102492593045667,5.766486750511602,0.7260567382605343
UG,34.93373343283966,0.47052205969668576,0.00040984028027253664,5.765770641443404,0.7241849835810634
UG,34.958739684402175,0.4705172399435045,0.00040943252982451883,5.765054889051452,0.7223175408505909
UG,34.9837459359647,0.47051242502996754,0.0004090260057792096,5.764339492440645,0.7204544004898935
UG,35.008752187527215,0.470507614941511,0.00040862070596167817,5.76362445071646,0.7185955529365164
UG,35.03375843908974,0.4705028096635969,0.00040821662820323464,5.7629097629849335,0.7167409886580338
UG,35.058764690652254,0.47049800918171353,0.00040781377034149636,5.762195428352672,0.7148906981308237
UG,35.08377094221478,0.47049321348137535,0.00040741213022041036,5.761481445926847,0.7130446718895121
UG,35.10877719377729,0.470488422548123,0.0004070117056901241,5.760767814815198,0.711202900467696
UG,35.133783445339816,0.470483636367523,0.00040661249460705143,5.76005453412602,0.7093653744258928
UG,35.15878969690233,0.4704788549251677,0.0004062144948338884,5.759341602968181,0.7075320843598215
UG,35.183795948464855,0.4704740782066753,0.00040581770423949825,5.758629020451101,0.7057030208835766
UG,35.20880220002737,0.47046930619768995,0.0004054221206989665,5.757916785684765,0.703878174642661
UG,35.233808451589894,0.47046453888388134,0.0004050277420936149,5.757204897779718,0.7020575363004932
UG,35.25881470315241,0.4704597762509447,0.00040463456631089777,5.756493355847062,0.7002410965427059
UG,35.28382095471493,0.47045501828460085,0.0004042425912444497,5.755782158998458,0.6984288460902881
UG,35.30882720627745,0.47045026497059617,0.00040385181479409325,5.755071306346121,0.6966207756775921
UG,35.33383345783997,0.4704455162947022,0.0004034622348657516,5.754360797002822,0.6948168760798211
UG,35.35883970940249,0.470440772242716,0.00040307384937148563,5.75365063008189,0.6930171380714952
UG,35.38384596096501,0.47043603280045976,0.00040268665622949726,5.752940804697201,0.6912215524792578
UG,35.40885221252753,0.4704312979537808,0.0004023006533640566,5.752231319963191,0.6894301101328842
UG,35.43385846409005,0.47042656768855157,0.0004019158387055279,5.75152217499484,0.6876428018892385
UG,35.45886471565257,0.4704218419906696,0.0004015322101903715,5.750813368907684,0.6858596186494795
UG,35.48387096721509,0.4704171208460571,0.00040114976576108275,5.750104900817805,0.6840805513116915
UG,35.508877218777606,0.4704124042406614,0.0004007685033662084,5.7493967698418365,0.6823055908063934
UG,35.53388347034013,0.4704076921604546,0.00040038842096034607,5.748688975096958,0.6805347280987453
UG,35.558889721902645,0.47040298459143315,0.0004000095165040974,5.7479815157008955,0.6787679541661739
UG,35.58389597346516,0.47039828151961877,0.0003996317879640705,5.74727439077192,0.6770052600166668
UG,35.608902225027684,0.47039358293105726,0.0003992552333128801,5.746567599428846,0.6752466366811605
UG,35.6339084765902,0.4703888888118189,0.0003988798505291152,5.745861140791035,0.673492075197354
UG,35.65891472815272,0.4703841991479987,0.00039850563759732705,5.74515501397839,0.6717415666607514
UG,35.68392097971524,0.4703795139257159,0.0003981325925080251,5.7444492181113525,0.6699951021585118
UG,35.70892723127776,0.4703748331311139,0.0003977607132576704,5.743743752310909,0.6682526728096623
UG,35.73393348284028,0.47037015675036037,0.00039738999784863586,5.743038615698587,0.6665142697619368
UG,35.7589397344028,0.4703654847696471,0.00039702044428920974,5.7423338073964425,0.6647798841902678
UG,35.78394598596532,0.4703608171751901,0.00039665205059360764,5.741629326527082,0.6630495072787725
UG,35.80895223752784,0.47035615395322905,0.00039628481478190406,5.740925172213643,0.6613231302492956
UG,35.83395848909036,0.4703514950900278,0.00039591873488005095,5.740221343579797,0.6596007443340237
UG,35.85896474065288,0.47034684057187387,0.00039555380891989996,5.739517839749755,0.6578823407902726
UG,35.883970992215396,0.47034219038507885,0.0003951900349391106,5.738814659848258,0.6561679109063449
UG,35.90897724377792,0.4703375445159776,0.0003948274109811819,5.738111803000584,0.6544574459793864
UG,35.933983495340435,0.47033290295092894,0.00039446593509548665,5.737409268332539,0.6527509373477237
UG,35.95898974690296,0.4703282656763151,0.0003941056053371513,5.736707054970464,0.6510483763628351
UG,35.983995998465474,0.47032363267854205,0.00039374641976710844,5.736005162041228,0.6493497543909351
UG,36.009002250028,0.47031900394403875,0.0003933883764521331,5.735303588672229,0.6476550628217168
UG,36.03400850159051,0.47031437945925775,0.00039303147346470674,5.734602333991394,0.6459642930854714
UG,36.059014753153036,0.47030975921067497,0.0003926757088830808,5.733901397127179,0.644277436615205
UG,36.08402100471555,0.4703051431847893,0.0003923210807913143,5.733200777208564,0.6425944848789732
UG,36.109027256278075,0.47030053136812294,0.00039196758727913007,5.732500473365057,0.6409154293504642
UG,36.13403350784059,0.47029592374722123,0.00039161522644198707,5.731800484726691,0.6392402615398223
UG,36.159039759403115,0.47029132030865234,0.0003912639963811138,5.731100810424017,0.6375689729804188
UG,36.18404601096563,0.4702867210390073,0.0003909138952033614,5.7304014495881175,0.6359015552161145
UG,36.209052262528154,0.47028212592490026,0.00039056492102128326,5.72970240135059,0.6342379998155147
UG,36.23405851409067,0.470277534952968,0.00039021707195315757,5.729003664843558,0.6325782983769854
UG,36.25906476565319,0.4702729481098699,0.00038987034612285684,5.728305239199661,0.6309224425157363
UG,36.28407101721571,0.47026836538228844,0.0003895247416599162,5.727607123552061,0.6292704238645738
UG,36.309077268778225,0.4702637867569281,0.00038918025669955195,5.726909317034436,0.6276222340855685
UG,36.33408352034075,0.47025921222051636,0.00038883688938254443,5.726211818780982,0.6259778648459259
UG,36.359089771903264,0.4702546417598029,0.00038849463785529953,5.725514627926414,0.6243373078572195
UG,36.38409602346579,0.47025007536155977,0.0003881535002698581,5.72481774360596,0.6227005548422
UG,36.4091022750283,0.4702455130125815,0.00038781347478379977,5.7241211649553625,0.6210675975344592
UG,36.434108526590826,0.4702409546996848,0.000387474559560291,5.723424891110881,0.6194384277038036
UG,36.45911477815334,0.4702364004097082,0.00038713675276808176,5.722728921209282,0.6178130371299018
UG,36.484121029715865,0.47023185012951296,0.000386800052581444,5.722033254387852,0.616191417623688
UG,36.50912728127838,0.4702273038459821,0.0003864644571801934,5.721337889784381,0.6145735610094699
UG,36.534133532840904,0.47022276154602033,0.00038612996474967975,5.720642826537177,0.6129594591394294
UG,36.55913978440342,0.4702182232165549,0.0003857965734807594,5.71994806378505,0.6113491038718165
UG,36.584146035965944,0.4702136888445342,0.00038546428156978433,5.719253600667324,0.609742487097961
UG,36.60915228752846,0.47020915841692884,0.000385133087218597,5.7185594363238295,0.6081396007305413
UG,36.63415853909098,0.4702046319207311,0.0003848029886345304,5.717865569894902,0.6065404367009836
UG,36.6591647906535,0.4702001093429548,0.0003844739840303616,5.717172000521384,0.604944986954074
UG,36.68417104221602,0.4701955906706354,0.000384146071624318,5.716478727344623,0.6033532434632459
UG,36.70917729377854,0.4701910758908296,0.0003838192496401038,5.715785749506473,0.6017651982199583
UG,36.73418354534106,0.4701865649906162,0.0003834935163068091,5.715093066149289,0.60018084323273
UG,36.75918979690358,0.47018205795709445,0.0003831688698589432,5.714400676415928,0.5986001705363313
UG,36.7841960484661,0.47017755477738593,0.00038284530853646974,5.713708579449753,0.5970231721709378
UG,36.809202300028616,0.47017305543863247,0.0003825228305846869,5.71301677439462,0.5954498402281565
UG,36.83420855159114,0.4701685599279979,0.00038220143425428025,5.712325260394896,0.5938801667788327
UG,36.859214803153655,0.47016406823266654,0.00038188111780136424,5.711634036595437,0.5923141439497482
UG,36.88422105471618,0.47015958033984434,0.0003815618794873383,5.710943102141602,0.5907517638610846
UG,36.909227306278694,0.47015509623675783,0.00038124371757896356,5.710252456179248,0.5891930186694555
UG,36.93423355784122,0.4701506159106545,0.0003809266303483905,5.709562097854728,0.5876379005462732
UG,36.95923980940373,0.47014613934880284,0.00038061061607302146,5.708872026314889,0.5860864016724724
UG,36.98424606096626,0.47014166653849215,0.000380295673035587,5.708182240707076,0.5845385142689484
UG,37.00925231252877,0.47013719746703214,0.00037998179952416486,5.707492740179126,0.582994230558428
UG,37.03425856409129,0.47013273212175366,0.00037966899383205793,5.706803523879373,0.581453542792212
UG,37.05926481565381,0.47012827049000766,0.0003793572542578645,5.706114590956635,0.5799164432342097
UG,37.08427106721633,0.4701238125591661,0.0003790465791054784,5.705425940560234,0.578382924172647
UG,37.10927731877885,0.47011935831662094,0.00037873696668400483,5.704737571839972,0.5768529779188031
UG,37.13428357034137,0.47011490774978504,0.00037842841530780317,5.704049483946148,0.5753265967932908
UG,37.15928982190389,0.47011046084609126,0.0003781209232964811,5.703361676029547,0.5738037731448431
UG,37.184296073466406,0.47010601759299275,0.00037781448897484333,5.702674147241445,0.5722844993336365
UG,37.20930232502893,0.4701015779779632,0.0003775091106729075,5.7019868967336,0.5707687677418654
UG,37.234308576591445,0.47009714198849595,0.0003772047867258889,5.701299923658266,0.5692565707708249
UG,37.25931482815397,0.47009270961210486,0.0003769015154741944,5.700613227168176,0.5677479008450634
UG,37.284321079716484,0.4700882808363237,0.0003765992952633918,5.699926806416551,0.566242750397357
UG,37.30932733127901,0.47008385564870603,0.0003762981244442052,5.699240660557095,0.5647411118866041
UG,37.33433358284152,0.4700794340368255,0.00037599800137254574,5.698554788743997,0.5632429777968281
UG,37.35933983440405,0.4700750159882757,0.00037569892440942216,5.697869190131931,0.5617483406154142
UG,37.38434608596656,0.47007060149066965,0.00037540089192097335,5.697183863876047,0.5602571928586213
UG,37.409352337529086,0.47006619053164034,0.00037510390227850696,5.696498809131984,0.5587695270538432
UG,37.4343585890916,0.47006178309884045,0.00037480795385837505,5.695814025055855,0.5572853357579017
UG,37.459364840654125,0.470057379179942,0.00037451304504203394,5.695129510804256,0.5558046115357529
UG,37.48437109221664,0.47005297876263696,0.00037421917421607995,5.694445265534263,0.5543273469810394
UG,37.509377343779164,0.4700485818346364,0.0003739263397721129,5.6937612884034285,0.552853534687959
UG,37.53438359534168,0.4700441883836707,0.0003736345401068103,5.693077578569782,0.5513831672825386
UG,37.5593898469042,0.47003979839749027,0.00037334377362195046,5.692394135191832,0.5499162374107809
UG,37.58439609846672,0.47003541186386394,0.0003730540387242867,5.691710957428561,0.5484527377275371
UG,37.60940235002924,0.4700310287705803,0.0003727653338256203,5.691028044439428,0.5469926609166974
UG,37.63440860159176,0.47002664910544717,0.00037247765734280304,5.690345395384365,0.5455359996637026
UG,37.65941485315428,0.47002227285629095,0.00037219100769765123,5.689663009423778,0.5440827466850134
UG,37.6844211047168,0.4700179000109577,0.00037190538331699095,5.688980885718548,0.5426328947177159
UG,37.70942735627931,0.4700135305573121,0.00037162078263264713,5.688299023430026,0.5411864365034896
UG,37.73443360784184,0.47000916448323754,0.00037133720408140397,5.6876174217200335,0.5397433648111561
UG,37.75943985940435,0.470004801776637,0.00037105464610501124,5.6869360797508675,0.5383036724197087
UG,37.784446110966876,0.4700004424254316,0.0003707731071501712,5.686254996685289,0.5368673521367088
UG,37.80945236252939,0.4699960864175615,0.00037049258566854273,5.6855741716865325,0.5354343967781442
UG,37.834458614091915,0.46999173374098546,0.0003702130801166957,5.684893603918299,0.534004799179748
UG,37.85946486565443,0.4699873843836809,0.00036993458895611634,5.684213292544757,0.532578552196087
UG,37.884471117216954,0.4699830383336437,0.00036965711065324423,5.683533236730545,0.5311556486915191
UG,37.90947736877947,0.4699786955788884,0.00036938064367936766,5.682853435640764,0.5297360815643238
UG,37.93448362034199,0.4699743561074479,0.0003691051865106678,5.682173888440982,0.5283198437087814
UG,37.95948987190451,0.46997001990737347,0.00036883073762826116,5.681494594297232,0.5269069280602441
UG,37.98449612346703,0.46996568696673474,0.0003685572955180626,5.680815552376011,0.5254973275420476
UG,38.00950237502955,0.4699613572736198,0.0003682848586708598,5.68013676184428,0.5240910351243547
UG,38.03450862659207,0.46995703081613444,0.00036801342558233694,5.679458221869462,0.5226880437744831
UG,38.05951487815459,0.46995270758240315,0.0003677429947529513,5.6787799316194425,0.5212883464796431
UG,38.08452112971711,0.4699483875605682,0.0003674735646880033,5.6781018902625675,0.5198919362565447
UG,38.10952738127963,0.46994407073878997,0.00036720513389764347,5.677424096967644,0.5184988061144051
UG,38.13453363284215,0.46993975710524705,0.0003669377008967824,5.67674655090394,0.517108949101046
UG,38.159539884404666,0.46993544664813525,0.0003666712642051408,5.676069251241179,0.5157223582784807
UG,38.18454613596719,0.4699311393556691,0.0003664058223472363,5.675392197149547,0.5143390267108073
UG,38.209552387529705,0.4699268352160806,0.00036614137385234486,5.674715387799685,0.5129589474950106
UG,38.23455863909223,0.4699225342176191,0.00036587791725451087,5.674038822362695,0.5115821137368336
UG,38.259564890654744,0.4699182363485523,0.00036561545109252636,5.673362500010131,0.5102085185553373
UG,38.28457114221727,0.46991394159716515,0.00036535397390994765,5.672686419914004,0.5088381550879861
UG,38.30957739377978,0.46990964995176004,0.0003650934842550394,5.672010581246782,0.5074710165019618
UG,38.334583645342306,0.46990536140065736,0.00036483398068078274,5.671334983181382,0.5061070959581386
UG,38.35958989690482,0.4699010759321946,0.0003645754617449214,5.670659624891183,0.5047463866482125
UG,38.384596148467345,0.46989679353472663,0.0003643179260098443,5.6699845055500075,0.5033888817745834
UG,38.40960240002986,0.4698925141966257,0.00036406137204264067,5.669309624332138,0.5020345745647588
UG,38.43460865159238,0.4698882379062817,0.00036380579841513644,5.668634980412306,0.5006834582445308
UG,38.4596149031549,0.46988396465210136,0.0003635512037037624,5.667960572965693,0.49933552607353526
UG,38.484621154717416,0.4698796944225086,0.00036329758648962965,5.66728640116793,0.4979907713177806
UG,38.50962740627994,0.4698754272059446,0.0003630449453585424,5.666612464195099,0.4966491872601045
UG,38.534633657842456,0.4698711629908676,0.000362793278900894,5.665938761223733,0.4953107672036497
UG,38.55963990940498,0.46986690176575274,0.00036254258571172715,5.665265291430809,0.49397550446521155
UG,38.584646160967495,0.46986264351909224,0.0003622928643907271,5.664592053993755,0.49264339237296284
UG,38.60965241253002,0.4698583882393952,0.0003620441135421666,5.6639190480904436,0.49131442427211136
UG,38.634658664092534,0.4698541359151875,0.00036179633177492904,5.663246272899196,0.48998859353123936
UG,38.65966491565506,0.4698498865350117,0.00036154951770248913,5.662573727598777,0.4886658935243212
UG,38.68467116721757,0.46984564008742735,0.0003613036699429179,5.661901411368397,0.4873463176438439
UG,38.709677418780096,0.4698413965610106,0.0003610587871188413,5.6612293233877145,0.48602985930507475
UG,38.73468367034261,0.46983715594435393,0.0003608148678574404,5.660557462836824,0.48471651192398335
UG,38.759689921905135,0.469832918226067,0.0003605719107904975,5.659885828896271,0.48340626894941463
UG,38.78469617346765,0.4698286833947752,0.00036032991455428603,5.659214420747037,0.4820991238306697
UG,38.809702425030174,0.469824451439121,0.0003600888777896181,5.658543237570548,0.48079507004267497
UG,38.83470867659269,0.46982022234776283,0.00035984879914188663,5.657872278548676,0.4794941010667024
UG,38.85971492815521,0.46981599610937613,0.00035960967726093103,5.6572015428637235,0.47819621040532706
UG,38.88472117971773,0.46981177271265173,0.000359371510801115,5.656531029698442,0.47690139157529776
UG,38.90972743128025,0.4698075521462973,0.00035913429842133874,5.655860738236017,0.4756096381061271
UG,38.93473368284277,0.46980333439903665,0.0003588980387849346,5.655190667660076,0.4743209435484334
UG,38.95973993440529,0.4697991194596095,0.0003586627305597315,5.65452081715468,0.4730353014558447
UG,38.98474618596781,0.4697949073167717,0.0003584283724180398,5.653851185904334,0.47175270540661
UG,39.00975243753033,0.46979069795929546,0.0003581949630366097,5.653181773093973,0.470473148992599
UG,39.03475868909285,0.46978649137596845,0.0003579625010966445,5.652512577908974,0.46919662581944305
UG,39.05976494065537,0.4697822875555944,0.00035773098528377975,5.651843599535147,0.46792312950110426
UG,39.084771192217886,0.4697780864869933,0.00035750041428810617,5.651174837158735,0.4666526536833855
UG,39.10977744378041,0.4697738881590003,0.00035727078680410367,5.650506289966421,0.46538519200638384
UG,39.134783695342925,0.46976969256046686,0.0003570421015306587,5.649837957145316,0.4641207381405082
UG,39.15978994690544,0.46976549968026,0.00035681435717111284,5.649169837882966,0.46285928575855145
UG,39.184796198467964,0.4697613095072619,0.00035658755243313684,5.648501931367353,0.4616008285528999
UG,39.20980245003048,0.4697571220303713,0.00035636168602879635,5.647834236786885,0.46034536023584677
UG,39.234808701593,0.4697529372385014,0.00035613675667457955,5.647166753330407,0.45909287452900543
UG,39.25981495315552,0.46974875512058184,0.0003559127630912778,5.646499480187193,0.4578433651659908
UG,39.28482120471804,0.46974457566555705,0.0003556897040040567,5.645832416546943,0.4565968258994765
UG,39.30982745628056,0.469740398862387,0.00035546757814245474,5.645165561599795,0.4553532504862718
UG,39.33483370784308,0.46973622470004744,0.0003552463842403108,5.644498914536309,0.4541126327158479
UG,39.3598399594056,0.4697320531675286,0.00035502612103580696,5.643832474547477,0.4528749663737275
UG,39.38484621096812,0.46972788425383655,0.0003548067872714422,5.643166240824715,0.45164024527254865
UG,39.40985246253064,0.4697237179479924,0.00035458838169403464,5.642500212559875,0.4504084632283251
UG,39.43485871409316,0.4697195542390323,0.0003543709030546871,5.641834388945226,0.44917961407624574
UG,39.459864965655676,0.4697153931160076,0.00035415435010878454,5.6411687691734675,0.44795369166954513
UG,39.4848712172182,0.4697112345679844,0.0003539387216160437,5.640503352437726,0.44673068987030967
UG,39.509877468780715,0.4697070785840438,0.000353724016340399,5.639838137931552,0.4455106025510517
UG,39.53488372034324,0.46970292515328244,0.0003535102330500566,5.639173124848919,0.4442934236064762
UG,39.559889971905754,0.46969877426481116,0.0003532973705175294,5.638508312384224,0.4430791469408638
UG,39.58489622346828,0.4696946259077557,0.00035308542751951496,5.637843699732292,0.44186776646877557
UG,39.60990247503079,0.4696904800712569,0.0003528744028369664,5.637179286088367,0.4406592761250649
UG,39.634908726593316,0.46968633674446986,0.000352664295255098,5.636515070648115,0.4394536698558738
UG,39.65991497815583,0.4696821959165648,0.0003524551035633017,5.635851052607625,0.4382509416153292
UG,39.684921229718356,0.46967805757672604,0.0003522468265551985,5.635187231163409,0.43705108538008225
UG,39.70992748128087,0.4696739217141532,0.0003520394630286121,5.634523605512396,0.43585409513789797
UG,39.734933732843395,0.46966978831805944,0.0003518330117855662,5.633860174851938,0.4346599648814474
UG,39.75993998440591,0.46966565737767335,0.0003516274716322572,5.633196938379804,0.43346868862957155
UG,39.784946235968434,0.4696615288822373,0.00035142284137904656,5.632533895294185,0.43228026040454687
UG,39.80995248753095,0.46965740282100826,0.0003512191198405133,5.631871044793688,0.4310946742472262
UG,39.834958739093466,0.4696532791832574,0.0003510163058353394,5.631208386077341,0.4299119242117639
UG,39.85996499065599,0.4696491579582702,0.0003508143981863658,5.630545918344582,0.42873200436416553
UG,39.884971242218505,0.4696450391353466,0.00035061339572062673,5.629883640795279,0.427554908778928
UG,39.90997749378103,0.46964092270380037,0.0003504132972692247,5.629221552629702,0.4263806315539007
UG,39.934983745343544,0.46963680865295915,0.0003502141016674097,5.628559653048548,0.4252091667940205
UG,39.95998999690607,0.4696326969721655,0.0003500158077545725,5.627897941252923,0.42404050861022685
UG,39.98499624846858,0.4696285876507751,0.00034981841437417723,5.62723641644435,0.42287465114270356
UG,40.010002500031106,0.46962448067815815,0.0003496219203738019,5.626575077824765,0.42171158853155194
UG,40.03500875159362,0.46962037604369844,0.000349426324605111,5.625913924596522,0.42055131493452974
UG,40.060015003156145,0.46961627373679393,0.0003492316259238674,5.625252955962381,0.41939382452465107
UG,40.08502125471866,0.46961217374685627,0.0003490378231898867,5.624592171125521,0.41823911147989634
UG,40.110027506281185,0.4696080760633106,0.0003488449152670415,5.623931569289531,0.4170871699984798
UG,40.1350337578437,0.4696039806755963,0.00034865290102331387,5.623271149658413,0.4159379942869756
UG,40.160040009406224,0.4695998875731659,0.00034846177933067573,5.622610911436575,0.4147915785716924
UG,40.18504626096874,0.46959579674548596,0.000348271549065151,5.621950853828844,0.4136479170834254
UG,40.21005251253126,0.46959170818203644,0.00034808220910684175,5.621290976040452,0.41250700406293533
UG,40.23505876409378,0.4695876218723106,0.0003478937583398169,5.620631277277041,0.4113688337808866
UG,40.2600650156563,0.4695835378058157,0.00034770619565218215,5.619971756744662,0.4102334004945918
UG,40.28507126721882,0.469579455972072,0.0003475195199360656,5.619312413649779,0.4091006985000181
UG,40.31007751878134,0.4695753763606133,0.00034733373008757657,5.618653247199257,0.4079707220906262
UG,40.33508377034386,0.46957129896098676,0.0003471488250068217,5.617994256600377,0.4068434655674553
UG,40.36009002190638,0.4695672237627527,0.00034696480359787895,5.617335441060819,0.40571892326380216
UG,40.385096273468896,0.4695631507554847,0.00034678166476883893,5.616676799788678,0.4045970895041071
UG,40.41010252503142,0.46955907992876966,0.000346599407431716,5.616018331992446,0.4034779586389279
UG,40.435108776593935,0.4695550112722075,0.00034641803050248566,5.6153600368810315,0.4023615250208844
UG,40.46011502815646,0.46955094477541126,0.0003462375329011277,5.6147019136637395,0.40124778303115227
UG,40.485121279718975,0.4695468804280071,0.0003460579135515,5.614043961550284,0.400136727039499
UG,40.5101275312815,0.469542818219634,0.000345879171381415,5.613386179750784,0.39902835144720017
UG,40.535133782844014,0.4695387581399441,0.0003457013053226456,5.612728567475761,0.39792265065604204
UG,40.56014003440653,0.46953470017860244,0.0003455243143108393,5.612071123936138,0.3968196190904159
UG,40.58514628596905,0.46953064432528663,0.0003453481972855752,5.611413848343245,0.39571925117822143
UG,40.61015253753157,0.4695265905696875,0.00034517295319033063,5.610756739908812,0.39462154136642363
UG,40.63515878909409,0.4695225389015082,0.0003449985809724937,5.610099797844972,0.39352648409998975
UG,40.66016504065661,0.4695184893104651,0.00034482507958331953,5.609443021364257,0.3924340738516334
UG,40.68517129221913,0.46951444178628665,0.000344652447977935,5.608786409679607,0.39134430509860746
UG,40.71017754378165,0.46951039631871444,0.00034448068511539376,5.608129962004356,0.3902571723300409
UG,40.73518379534417,0.4695063528975025,0.0003443097899585485,5.60747367755224,0.3891726700512056
UG,40.760190046906686,0.4695023115124173,0.0003441397614741271,5.606817555537394,0.38809079276845393
UG,40.78519629846921,0.4694982721532377,0.00034397059863274513,5.606161595174357,0.38701153501344765
UG,40.810202550031725,0.4694942348097553,0.00034380230040880817,5.605505795678061,0.38593489132056924
UG,40.83520880159425,0.46949019947177384,0.00034363486578057673,5.60485015626384,0.3848608562350466
UG,40.860215053156764,0.4694861661291096,0.00034346829373014273,5.604194676147423,0.38378942432621505
UG,40.88522130471929,0.46948213477159084,0.00034330258324341345,5.60353935454494,0.38272059015455034
UG,40.910227556281804,0.46947810538905843,0.000343137733310102,5.602884190672916,0.38165434830929273
UG,40.93523380784433,0.4694740779713653,0.00034297374292371115,5.602229183748274,0.38059069338187484
UG,40.96024005940684,0.46947005250837653,0.00034281061108158955,5.6015743329883305,0.3795296199838618
UG,40.985246310969366,0.4694660289899694,0.0003426483367848173,5.6009196376108035,0.3784711227236316
UG,41.01025256253188,0.46946200740603317,0.00034248691903826663,5.600265096833799,0.3774151962373348
UG,41.035258814094405,0.4694579877464692,0.0003423263568506285,5.599610709875823,0.3763618351590996
UG,41.06026506565692,0.46945397000119066,0.00034216664923430296,5.598956475955773,0.37531103414236083
UG,41.085271317219444,0.46944995416012303,0.0003420077952054702,5.598302394292944,0.3742627878520912
UG,41.11027756878196,0.4694459402132033,0.00034184979378407355,5.597648464107023,0.3732170909600779
UG,41.13528382034448,0.4694419281503805,0.00034169264399378657,5.596994684618088,0.3721739381479123
UG,41.160290071907,0.4694379179616153,0.0003415363448620228,5.596341055046613,0.3711333241155954
UG,41.18529632346952,0.46943390963688053,0.00034138089541990995,5.595687574613463,0.3700952435675435
UG,41.21030257503204,0.46942990316616023,0.0003412262947023434,5.595034242539897,0.36905969122277
UG,41.23530882659456,0.4694258985394504,0.00034107254174788125,5.594381058047557,0.36802666180929905
UG,41.26031507815708,0.4694218957467586,0.0003409196355987971,5.593728020358489,0.366996150069244
UG,41.285321329719594,0.46941789477810403,0.0003407675753011143,5.593075128695124,0.3659681507532662
UG,41.31032758128212,0.46941389562351715,0.00034061635990448725,5.592422382280278,0.3649426586179921
UG,41.33533383284463,0.46940989827304047,0.00034046598846228075,5.591769780337165,0.3639196684407449
UG,41.360340084407156,0.4694059027167274,0.000340316460031551,5.591117322089384,0.3628991750069106
UG,41.38534633596967,0.46940190894464306,0.00034016777367301064,5.590465006760925,0.3618811731083949
UG,41.410352587532195,0.46939791694686367,0.0003400199284510413,5.589812833576166,0.3608656575467121
UG,41.43535883909471,0.4693939267134772,0.0003398729234336669,5.5891608017598715,0.3598526231428696
UG,41.460365090657234,0.46938993823458236,0.00033972675769260825,5.588508910537196,0.3588420647181877
UG,41.48537134221975,0.4693859515002896,0.0003395814303031773,5.587857159133682,0.3578339771148482
UG,41.51037759378227,0.46938196650072017,0.00033943694034433146,5.587205546775258,0.3568283551792883
UG,41.53538384534479,0.46937798322600666,0.00033929328689870396,5.586554072688238,0.3558251937708791
UG,41.56039009690731,0.4693740016662926,0.0003391504690524937,5.5859027360993245,0.35482448775489656
UG,41.58539634846983,0.4693700218117327,0.0003390084858955387,5.585251536235604,0.35382623201154145
UG,41.61040260003235,0.46936604365249285,0.00033886733652129273,5.584600472324549,0.3528304214304289
UG,41.63540885159487,0.46936206717874945,0.00033872702002680615,5.583949543594019,0.35183705091595346
UG,41.66041510315739,0.4693580923806904,0.0003385875355127211,5.583298749272256,0.3508461153754335
UG,41.68542135471991,0.46935411924851383,0.0003384488820832553,5.582648088587887,0.3498576097297284
UG,41.71042760628243,0.4693501477724294,0.00033831105884625794,5.5819975607699215,0.3488715289123603
UG,41.735433857844946,0.469346177942657,0.000338174064913095,5.581347165047755,0.3478878678630435
UG,41.76044010940747,0.46934220974942775,0.00033803789939871427,5.580696900651166,0.3469066215350151
UG,41.785446360969985,0.46933824318298284,0.00033790256142166665,5.580046766810314,0.34592778489262993
UG,41.81045261253251,0.46933427823357493,0.000337768050104005,5.579396762755742,0.34495135290314427
UG,41.835458864095024,0.4693303148914667,0.0003376343645713541,5.578746887718374,0.3439773205531914
UG,41.86046511565755,0.46932635314693166,0.0003375015039528802,5.5780971409295175,0.3430056828376019
UG,41.88547136722006,0.4693223929902539,0.00033736946738129064,5.57744752162086,0.34203643475332757
UG,41.910477618782586,0.4693184344117277,0.0003372382539928083,5.576798029024471,0.3410695713205133
UG,41.9354838703451,0.46931447740165827,0.0003371078629271661,5.576148662372797,0.3401050875562478
UG,41.960490121907625,0.469310521950361,0.00033697829332766656,5.57549942089867,0.33914297849914365
UG,41.98549637347014,0.4693065680481614,0.00033684954434105846,5.5748503038353,0.33818323918723975
UG,42.01050262503266,0.4693026156853959,0.00033672161511761245,5.5742013104162735,0.33722586467564786
UG,42.03550887659518,0.4692986648524106,0.0003365945048111251,5.5735524398755585,0.3362708500290098
UG,42.0605151281577,0.4692947155395623,0.0003364682125788438,5.572903691447502,0.33531819031942417
UG,42.08552137972022,0.4692907677372179,0.000336342737581517,5.572255064366827,0.3343678806303912
UG,42.110527631282736,0.4692868214357543,0.00033621807898335946,5.5716065578686385,0.33341991605086807
UG,42.13553388284526,0.46928287662555856,0.00033609423595208453,5.570958171188416,0.3324742916887281
UG,42.160540134407775,0.46927893329702797,0.00033597120765883664,5.570309903562016,0.33153100265553
UG,42.1855463859703,0.46927499144056983,0.00033584899327821594,5.569661754225673,0.33059004406895043
UG,42.210552637532814,0.4692710510466014,0.00033572759198832405,5.569013722416001,0.3296514110640657
UG,42.23555888909534,0.46926711210554994,0.000335607002970649,5.568365807369983,0.328715098781441
UG,42.26056514065785,0.4692631746078523,0.0003354872254101401,5.567718008324984,0.32778110237248015
UG,42.285571392220376,0.4692592385439558,0.00033536825849519514,5.567070324518743,0.32684941699861075
UG,42.31057764378289,0.4692553039043173,0.00033525010141761843,5.566422755189373,0.3259200378288489
UG,42.335583895345415,0.46925137067940315,0.0003351327533726439,5.5657752995753595,0.32499296004620426
UG,42.36059014690793,0.46924743885969017,0.00033501621355890205,5.565127956915569,0.3240681788331527
UG,42.385596398470454,0.4692435084356641,0.0003349004811784812,5.564480726449239,0.3231456893953107
UG,42.41060265003297,0.46923957939782085,0.00033478555543681464,5.563833607415976,0.32222548693770786
UG,42.435608901595494,0.46923565173666587,0.00033467143554274616,5.563186599055767,0.3213075666798522
UG,42.46061515315801,0.46923172544271424,0.0003345581207085502,5.562539700608968,0.3203919238519525
UG,42.48562140472053,0.4692278005064904,0.00033444561014983365,5.561892911316308,0.319478553683345
UG,42.51062765628305,0.4692238769185283,0.0003343339030856051,5.561246230418891,0.31856745142352794
UG,42.53563390784557,0.46921995466937183,0.00033422299873824224,5.560599657158187,0.31765861232670667
UG,42.56064015940809,0.4692160337495737,0.0003341128963335034,5.559953190776047,0.31675203166186433
UG,42.58564641097061,0.46921211414969644,0.0003340035951004854,5.559306830514684,0.3158477046971808
UG,42.61065266253313,0.46920819586031154,0.00033389509427163327,5.5586605756166865,0.3149456267220869
UG,42.63565891409565,0.4692042788720003,0.0003337873930827934,5.5580144253250126,0.31404579302178937
UG,42.660665165658166,0.46920036317535274,0.0003336804907730928,5.5573683788829955,0.31314819890423135
UG,42.68567141722068,0.4691964487609686,0.00033357438658501856,5.556722435534329,0.3122528396739382
UG,42.710677668783205,0.4691925356194566,0.0003334690797644093,5.556076594523083,0.31135971065708107
UG,42.73568392034572,0.46918862374143455,0.0003333645695604035,5.555430855093697,0.31046880717654285
UG,42.760690171908244,0.46918471311752946,0.00033326085522547214,5.554785216490976,0.3095801245744285
UG,42.78569642347076,0.4691808037383773,0.0003331579360153818,5.554139677960095,0.3086936581961789
UG,42.81070267503328,0.4691768955946233,0.0003330558111892552,5.553494238746599,0.3078094033959103
UG,42.8357089265958,0.46917298867692137,0.00033295448000946495,5.552848898096401,0.3069273555443085
UG,42.86071517815832,0.46916908297593457,0.00033285394174169334,5.552203655255778,0.30604751000787694
UG,42.88572142972084,0.4691651784823352,0.0003327541956549522,5.551558509471378,0.30516986217976605
UG,42.91072768128336,0.46916127518680356,0.0003326552410214928,5.5509134599902135,0.30429440743833175
UG,42.93573393284588,0.46915737308002964,0.0003325570771168695,5.550268506059668,0.3034211411949482
UG,42.9607401844084,0.469153472152712,0.00033245970321990235,5.549623646927483,0.3025500588570671
UG,42.98574643597092,0.46914957239555743,0.0003323631186127063,5.5489788818417765,0.3016811558417732
UG,43.01075268753344,0.4691456737992824,0.00033226732258062993,5.548334210051024,0.300814427573748
UG,43.035758939095956,0.46914177635461124,0.0003321723144122779,5.54768963080407,0.29994986949243313
UG,43.06076519065848,0.4691378800522771,0.00033207809339955846,5.547045143350124,0.2990874770438697
UG,43.085771442220995,0.469133984883022,0.00033198465883756893,5.546400746938759,0.2982272456794784
UG,43.11077769378352,0.46913009083759655,0.00033189201002467404,5.545756440819912,0.29736917085637327
UG,43.135783945346034,0.46912619790675947,0.0003318001462624831,5.545112224243887,0.2965132480515515
UG,43.16079019690856,0.46912230608127814,0.00033170906685583203,5.54446809646135,0.29565947274577814
UG,43.18579644847107,0.46911841535192866,0.00033161877111278023,5.54382405672333,0.2948078404250311
UG,43.2108027000336,0.46911452570949536,0.00033152925834459355,5.543180104281217,0.29395834658308095
UG,43.23580895159611,0.46911063714477075,0.0003314405278658079,5.54253623838677,0.29311098672654723
UG,43.260815203158636,0.46910674964855587,0.00033135257899410844,5.541892458292104,0.2922657563721994
UG,43.28582145472115,0.4691028632116601,0.00033126541105040885,5.5412487632497,0.291422651037406
UG,43.310827706283675,0.46909897782490106,0.00033117902335884515,5.540605152512403,0.2905816662585954
UG,43.33583395784619,0.46909509347910444,0.0003310934152467204,5.539961625333412,0.28974279756992966
UG,43.360840209408714,0.46909121016510424,0.0003310085860445435,5.539318180966291,0.2889060405217861
UG,43.38584646097123,0.4690873278737426,0.00033092453508599013,5.53867481866497,0.2880713906701711
UG,43.410852712533746,0.4690834465958696,0.00033084126170796217,5.538031537683732,0.28723884357902035
UG,43.43585896409627,0.46907956632234377,0.00033075876525048533,5.537388337277225,0.28640839482094665
UG,43.460865215658785,0.4690756870440313,0.0003306770450567683,5.536745216700456,0.28558003997823217
UG,43.48587146722131,0.4690718087518065,0.0003305961004732218,5.536102175208789,0.28475377464008655
UG,43.510877718783824,0.46906793143655157,0.00033051593084937114,5.535459212057949,0.2839295944023089
UG,43.53588397034635,0.46906405508915683,0.00033043653553792085,5.534816326504027,0.28310749487154385
UG,43.56089022190886,0.4690601797005204,0.0003303579138947129,5.534173517803456,0.28228747166600987
UG,43.58589647347139,0.46905630526154785,0.00033028006527876836,5.533530785213047,0.28146952040208645
UG,43.6109027250339,0.46905243176315337,0.0003302029890522087,5.532888127989955,0.2806536367141213
UG,43.635908976596426,0.4690485591962581,0.000330126684580297,5.5322455453916985,0.2798398162414247
UG,43.66091522815894,0.46904468755179135,0.0003300511512314716,5.531603036676153,0.2790280546324941
UG,43.685921479721465,0.4690408168206901,0.0003299763883772445,5.530960601101553,0.27821834753723373
UG,43.71092773128398,0.46903694699389875,0.0003299023953922749,5.530318237926483,0.27741069062156487
UG,43.735933982846504,0.4690330780623696,0.00032982917165433253,5.529675946409894,0.2766050795583749
UG,43.76094023440902,0.4690292100170625,0.0003297567165443187,5.529033725811084,0.2758015100273025
UG,43.78594648597154,0.4690253428489447,0.00032968502944621855,5.528391575389715,0.27499997771134954
UG,43.81095273753406,0.46902147654899073,0.0003296141097471145,5.527749494405796,0.27420047831034594
UG,43.83595898909658,0.46901761110818335,0.0003295439568372389,5.527107482119701,0.2734030075249886
UG,43.8609652406591,0.469013746517512,0.00032947457010985864,5.526465537792151,0.27260756106888157
UG,43.88597149222162,0.4690098827679739,0.00032940594896135655,5.525823660684224,0.2718141346618702
UG,43.91097774378414,0.46900601985057355,0.0003293380927912031,5.525181850057357,0.2710227240286054
UG,43.93598399534666,0.46900215775632276,0.000329271001001953,5.524540105173335,0.2702333249092742
UG,43.96099024690918,0.46899829647624064,0.00032920467299922486,5.523898425294298,0.26944593303890796
UG,43.9859964984717,0.46899443600135343,0.00032913910819169773,5.523256809682745,0.26866054417439
UG,44.011002750034216,0.4689905763226948,0.0003290743059911725,5.52261525760152,0.2678771540712682
UG,44.03600900159674,0.4689867174313056,0.00032901026581244917,5.521973768313824,0.2670957584996515
UG,44.061015253159255,0.4689828593182336,0.0003289469870734141,5.521332341083213,0.2663163532287122
UG,44.08602150472178,0.4689790019745337,0.00032888446919501475,5.520690975173591,0.2655389340477074
UG,44.111027756284294,0.468975145391268,0.0003288227116012431,5.5200496698492145,0.26476349674015376
UG,44.13603400784681,0.4689712895595059,0.00032876171371913333,5.5194084243746975,0.26399003710739377
UG,44.16104025940933,0.46896743447032324,0.00032870147497874593,5.518767238014995,0.2632185509520063
UG,44.18604651097185,0.4689635801148031,0.00032864199481323105,5.518126110035421,0.26244903408649056
UG,44.21105276253437,0.4689597264840355,0.0003285832726587124,5.517485039701639,0.2616814823349516
UG,44.23605901409689,0.4689558735691173,0.0003285253079543666,5.516844026279662,0.2609158915244678
UG,44.26106526565941,0.46895202136115227,0.0003284681001424056,5.516203069035853,0.2601522574895934
UG,44.28607151722193,0.46894816985125104,0.00032841164866805137,5.515562167236923,0.2593905760737672
UG,44.31107776878445,0.46894431903053063,0.000328355952979543,5.514921320149936,0.2586308431285302
UG,44.336084020346966,0.4689404688901155,0.0003283010125281147,5.514280527042304,0.25787305451202014
UG,44.36109027190949,0.46893661942113635,0.0003282468267680645,5.513639787181788,0.2571172060909626
UG,44.386096523472006,0.4689327706147304,0.00032819339515663106,5.512999099836496,0.2563632937416504
UG,44.41110277503453,0.4689289224620421,0.00032814071715407884,5.512358464274885,0.2556113133381562
UG,44.436109026597045,0.4689250749542219,0.0003280887922236823,5.511717879765763,0.25486126077806703
UG,44.46111527815957,0.46892122808242737,0.0003280376198316933,5.511077345578281,0.254113131949861
UG,44.486121529722084,0.46891738183782194,0.00032798719944735605,5.510436860981941,0.2533669227608414
UG,44.51112778128461,0.4689135362115762,0.0003279375305428812,5.50979642524659,0.2526226291181564
UG,44.53613403284712,0.46890969119486686,0.0003278886125935153,5.5091560376424225,0.2518802469454075
UG,44.561140284409646,0.46890584677887726,0.0003278404450774182,5.508515697439979,0.2511397721661086
UG,44.58614653597216,0.46890200295479667,0.00032779302747575035,5.507875403910147,0.25040120071119604
UG,44.611152787534685,0.4688981597138212,0.0003277463592726504,5.50723515632416,0.24966452852522886
UG,44.6361590390972,0.46889431704715323,0.00032770043995521364,5.506594953953594,0.24892975155137678
UG,44.661165290659724,0.4688904749460013,0.00032765526901349696,5.505954796070377,0.24819686574676902
UG,44.68617154222224,0.46888663340158,0.000327610845940499,5.505314681946773,0.2474658670730738
UG,44.71117779378476,0.4688827924051106,0.0003275671702322255,5.504674610855397,0.2467367515004847
UG,44.73618404534728,0.46887895194782025,0.00032752424138757366,5.504034582069206,0.24600951500516577
UG,44.7611902969098,0.46887511202094223,0.0003274820589084124,5.503394594861503,0.2452841535712892
UG,44.78619654847232,0.46887127261571615,0.00032744062229956395,5.50275464850593,0.24456066319027506
UG,44.811202800034835,0.4688674337233874,0.0003273999310687826,5.502114742276478,0.24383903986101693
UG,44.83620905159736,0.4688635953352077,0.0003273599847267575,5.501474875447476,0.24311927958703997
UG,44.861215303159874,0.4688597574424344,0.0003273207827870943,5.500835047293601,0.2424013783818966
UG,44.8862215547224,0.4688559200363314,0.0003272823247663827,5.5001952570898665,0.24168533226611333
UG,44.91122780628491,0.4688520831081681,0.0003272446101840772,5.499555504111633,0.24097113726429273
UG,44.936234057847436,0.4688482466492198,0.000327207638562582,5.498915787634601,0.24025878941320014
UG,44.96124030940995,0.4688444106507677,0.00032717140942722375,5.498276106934812,0.23954828475414866
UG,44.986246560972475,0.4688405751040992,0.0003271359223062474,5.497636461288646,0.23883961933059888
UG,45.01125281253499,0.46883674000050707,0.0003271011767307996,5.496996849972832,0.23813278920313538
UG,45.036259064097514,0.46883290533129,0.00032706717223492424,5.4963572722644285,0.2374277904316321
UG,45.06126531566003,0.46882907108775235,0.000327033908355624,5.495717727440845,0.23672461908490905
UG,45.08627156722255,0.46882523726120423,0.00032700138463274384,5.4950782147798245,0.2360232712391875
UG,45.11127781878507,0.46882140384296145,0.00032696960060905645,5.49443873355945,0.23532374297710146
UG,45.13628407034759,0.4688175708243453,0.00032693855583022763,5.493799283058143,0.23462603038826646
UG,45.16129032191011,0.46881373819668287,0.00032690824984483064,5.493159862554669,0.2339301295727152
UG,45.18629657347263,0.4688099059513068,0.000326878682204305,5.492520471328127,0.23323603663189993
UG,45.21130282503515,0.46880607407955494,0.00032684985246297335,5.491881108657954,0.23254374767341246
UG,45.23630907659767,0.4688022425727711,0.00032682176017808913,5.491241773823929,0.23185325882194902
UG,45.26131532816019,0.4687984114223041,0.000326794404909731,5.490602466106164,0.23116456619854026
UG,45.28632157972271,0.46879458061950857,0.00032676778622088326,5.489963184785113,0.23047766593424227
UG,45.311327831285226,0.468790750155744,0.0003267419036773931,5.489323929141563,0.22979255416543032
UG,45.33633408284775,0.468786920022376,0.00032671675684800875,5.48868469845664,0.22910922703796627
UG,45.361340334410265,0.46878309021077486,0.0003266923453043087,5.488045492011805,0.22842768070766678
UG,45.38634658597279,0.46877926071231657,0.00032666866862074347,5.487406309088856,0.22774791132888714
UG,45.411352837535304,0.4687754315183819,0.000326645726374665,5.486767148969925,0.2270699150682886
UG,45.43635908909783,0.4687716026203572,0.0003266235181462381,5.48612801093748,0.22639368809681013
UG,45.46136534066034,0.46876777400963415,0.00032660204351850944,5.485488894274325,0.225719226594462
UG,45.486371592222866,0.46876394567760904,0.00032658130207736187,5.484849798263599,0.2250465267466119
UG,45.51137784378538,0.46876011761568387,0.0003265612934115734,5.484210722188772,0.2243755847444612
UG,45.5363840953479,0.4687562898152653,0.0003265420171127174,5.483571665333653,0.22370639678897405
UG,45.56139034691042,0.46875246226776524,0.00032652347277523054,5.482932626982377,0.22303895908344545
UG,45.58639659847294,0.46874863496460073,0.000326505659996419,5.482293606419422,0.22237326783985376
UG,45.61140285003546,0.4687448078971934,0.00032648857837639766,5.4816546029295905,0.2217093192794323
UG,45.63640910159798,0.46874098105697015,0.0003264722275181351,5.481015615798025,0.2210471096259151
UG,45.6614153531605,0.46873715443536274,0.0003264566070274138,5.480376644310192,0.2203866351126254
UG,45.686421604723016,0.46873332802380774,0.0003264417165129025,5.479737687751896,0.2197278919729247
UG,45.71142785628554,0.46872950181374673,0.0003264275555860376,5.479098745409272,0.21907087646076018
UG,45.736434107848055,0.468725675796626,0.000326414123861111,5.478459816568785,0.21841558482151813
UG,45.76144035941058,0.4687218499638965,0.0003264014209552447,5.47782090051723,0.21776201331457284
UG,45.786446610973094,0.4687180243070141,0.00032638944648838024,5.477181996541736,0.2171101582061211
UG,45.81145286253562,0.46871419881743936,0.000326378200083274,5.47654310392976,0.21646001576629248
UG,45.83645911409813,0.4687103734866375,0.0003263676813654855,5.475904221969087,0.2158115822726739
UG,45.861465365660656,0.46870654830607844,0.00032635788996343996,5.475265349947835,0.21516485400941526
UG,45.88647161722317,0.4687027232672365,0.0003263488255083187,5.474626487154451,0.2145198272698643
UG,45.911477868785695,0.46869889836159107,0.0003263404876341405,5.473987632877706,0.21387649834917224
UG,45.93648412034821,0.46869507358062545,0.0003263328759777248,5.473348786406705,0.213234863550585
UG,45.961490371910735,0.4686912489158279,0.00032632599017871905,5.472709947030878,0.2125949191826336
UG,45.98649662347325,0.46868742435869126,0.0003263198298795431,5.4720711140399825,0.21195666156573256
UG,46.011502875035774,0.46868359990071223,0.0003263143947254196,5.471432286724107,0.21132008701858188
UG,46.03650912659829,0.4686797755333926,0.00032630968436441144,5.470793464373662,0.21068519187523313
UG,46.06151537816081,0.46867595124823824,0.0003263056984473293,5.470154646279388,0.21005197246554633
UG,46.08652162972333,0.4686721270367592,0.0003263024366278051,5.469515831732349,0.2094204251346732
UG,46.11152788128585,0.46866830289047023,0.00032629989856224306,5.468877020023937,0.20879054623210197
UG,46.13653413284837,0.46866447880089007,0.0003262980839098839,5.468238210445872,0.20816233210920468
UG,46.16154038441089,0.46866065475954194,0.0003262969923327012,5.467599402290194,0.2075357791294016
UG,46.18654663597341,0.468656830757953,0.00032629662349547574,5.466960594849269,0.2069108836584196
UG,46.21155288753593,0.4686530067876549,0.00032629697706579156,5.466321787415789,0.20628764206899075
UG,46.236559139098446,0.46864918284018325,0.00032629805271399255,5.46568297928277,0.2056660507443792
UG,46.26156539066096,0.4686453589070779,0.00032629985011321263,5.465044169743551,0.2050461060654883
UG,46.286571642223485,0.4686415349798826,0.0003263023689393436,5.464405358091793,0.20442780442917036
UG,46.311577893786,0.4686377110501454,0.000326305608871107,5.463766543621482,0.20381114222947758
UG,46.336584145348525,0.4686338871094183,0.00032630956958993907,5.463127725626925,0.20319611587386077
UG,46.36159039691104,0.46863006314925715,0.00032631425078007695,5.462488903402754,0.20258272177392403
UG,46.386596648473564,0.4686262391612218,0.0003263196521285241,5.461850076243918,0.2019709563451328
UG,46.41160290003608,0.4686224151368764,0.0003263257733250701,5.46121124344569,0.20136081600972208
UG,46.4366091515986,0.4686185910677883,0.0003263326140622457,5.460572404303666,0.20075229719901608
UG,46.46161540316112,0.4686147669455294,0.0003263401740353458,5.459933558113758,0.20014539634798148
UG,46.48662165472364,0.46861094276167503,0.0003263484529424706,5.459294704172203,0.19954010989660692
UG,46.51162790628616,0.4686071185078044,0.00032635745048443496,5.4586558417755535,0.19893643429435048
UG,46.53663415784868,0.46860329417550056,0.0003263671663648394,5.458016970220684,0.1983343659937513
UG,46.5616404094112,0.4685994697563501,0.00032637760029002297,5.457378088804787,0.19773390145646297
UG,46.58664666097372,0.4685956452419436,0.00032638875196912905,5.4567391968253744,0.1971350371468055
UG,46.611652912536236,0.468591820623875,0.0003264006211140004,5.456100293580275,0.19653776953769894
UG,46.63665916409876,0.4685879958937421,0.00032641320743925675,5.4554613783676364,0.1959420951075545
UG,46.661665415661275,0.4685841710431463,0.00032642651066228296,5.454822450485924,0.19534801034156263
UG,46.6866716672238,0.46858034606369237,0.00032644053050320354,5.454183509233918,0.19475551172391484
UG,46.711677918786314,0.4685765209469888,0.0003264552666848926,5.453544553910719,0.1941645957586898
UG,46.73668417034884,0.4685726956846476,0.0003264707189329563,5.45290558381574,0.1935752589460994
UG,46.761690421911354,0.46856887026828403,0.0003264868869758001,5.452266598248713,0.19298749779009494
UG,46.78669667347388,0.46856504468951704,0.00032650377054451514,5.45162759650968,0.19240130880913225
UG,46.81170292503639,0.46856121893996894,0.0003265213693729675,5.450988577899005,0.19181668852142578
UG,46.836709176598916,0.46855739301126526,0.00032653968319775145,5.450349541717359,0.19123363345511735
UG,46.86171542816143,0.46855356689503513,0.00032655871175823683,5.449710487265737,0.19065214013878953
UG,46.886721679723955,0.46854974058291055,0.00032657845479649067,5.449071413845435,0.19007220511353282
UG,46.91172793128647,0.46854591406652746,0.00032659891205733037,5.448432320758074,0.189493824922677
UG,46.936734182848994,0.46854208733752434,0.00032662008328833794,5.447793207305581,0.18891699611653334
UG,46.96174043441151,0.4685382603875435,0.0003266419682398018,5.447154072790196,0.18834171524847443
UG,46.986746685974026,0.46853443320822996,0.0003266645666647612,5.446514916514475,0.18776797888122063
UG,47.01175293753655,0.4685306057912323,0.00032668787831896686,5.44587573778128,0.18719578358356992
UG,47.036759189099065,0.4685267781282018,0.0003267119029609565,5.445236535893786,0.18662512592863842
UG,47.06176544066159,0.4685229502107932,0.0003267366403519396,5.44459731015548,0.18605600249297946
UG,47.086771692224104,0.46851912203066404,0.00032676209025588585,5.44395805987016,0.1854884098656819
UG,47.11177794378663,0.4685152935794749,0.0003267882524394886,5.4433187843419315,0.18492234463381235
UG,47.13678419534914,0.4685114648488896,0.00032681512667219177,5.442679482875208,0.1843578033984802
UG,47.16179044691167,0.4685076358305746,0.0003268427127261349,5.442040154774716,0.18379478275877908
UG,47.18679669847418,0.46850380651619944,0.0003268710103761891,5.441400799345487,0.18323327932256672
UG,47.211802950036706,0.46849997689743667,0.0003269000193999882,5.4407614158928626,0.18267328970559182
UG,47.23680920159922,0.4684961469659615,0.0003269297395778484,5.440122003722491,0.18211481052786735
UG,47.261815453161745,0.46849231671345204,0.00032696017069283525,5.439482562140325,0.18155783841585652
UG,47.28682170472426,0.46848848613158905,0.00032699131253071263,5.43884309045263,0.18100236999816627
UG,47.311827956286784,0.46848465521205646,0.0003270231648800211,5.438203587965971,0.1804484019147424
UG,47.3368342078493,0.46848082394654056,0.0003270557275319632,5.437564053987222,0.17989593080715793
UG,47.36184045941182,0.46847699232673057,0.0003270890002804912,5.436924487823562,0.17934495332127995
UG,47.38684671097434,0.4684731603443182,0.000327122982922275,5.436284888782475,0.17879546611865882
UG,47.41185296253686,0.4684693279909978,0.0003271576752567206,5.435645256171748,0.1782474658504999
UG,47.43685921409938,0.46846549525846654,0.0003271930770859268,5.435005589299473,0.17770094918982696
UG,47.4618654656619,0.46846166213842394,0.0003272291882147124,5.4343658874740415,0.1771559128042425
UG,47.48687171722442,0.46845782862257224,0.00032726600845065196,5.433726150004156,0.176612353374139
UG,47.51187796878694,0.46845399470261606,0.0003273035376039945,5.433086376198813,0.17607026757715205
UG,47.53688422034946,0.4684501603702626,0.000327341775487731,5.432446565367315,0.17552965210474922
UG,47.56189047191198,0.46844632561722127,0.00032738072191754403,5.431806716819264,0.17499050365248842
UG,47.586896723474496,0.46844249043520436,0.0003274203767118855,5.431166829864566,0.1744528189158853
UG,47.61190297503702,0.468438654815926,0.0003274607396918633,5.430526903813422,0.1739165946038275
UG,47.636909226599535,0.4684348187511032,0.00032750181068132904,5.429886937976337,0.1733818274247755
UG,47.66191547816205,0.46843098223245466,0.00032754358950684624,5.429246931664118,0.17284851409638743
UG,47.686921729724574,0.46842714525170204,0.00032758607599771045,5.428606884187864,0.17231665134238477
UG,47.71192798128709,0.46842330780056884,0.0003276292699859015,5.427966794858974,0.17178623588776135
UG,47.73693423284961,0.46841946987078104,0.00032767317130611757,5.427326662989149,0.17125726446660128
UG,47.76194048441213,0.4684156314540664,0.0003277177797958046,5.426686487890384,0.17072973381714818
UG,47.78694673597465,0.46841179254215526,0.0003277630952950839,5.426046268874974,0.17020364068631402
UG,47.81195298753717,0.4684079531267801,0.0003278091176468107,5.425406005255504,0.16967898182079225
UG,47.83695923909969,0.46840411319967495,0.00032785584669652913,5.424765696344861,0.16915575397833418
UG,47.86196549066221,0.4684002727525767,0.0003279032822925504,5.424125341456226,0.16863395391745395
UG,47.88697174222473,0.4683964317772235,0.00032795142428583817,5.423484939903071,0.16811357840784075
UG,47.91197799378725,0.46839259026535623,0.0003280002725300998,5.422844490999168,0.16759462421833948
UG,47.93698424534977,0.4683887482087171,0.0003280498268817437,5.422203994058577,0.16707708813016534
UG,47.961990496912286,0.4683849055990507,0.00032810008719992025,5.421563448395656,0.16656096692233402
UG,47.98699674847481,0.46838106242810346,0.0003281510533464535,5.420922853325053,0.1660462573850657
UG,48.012003000037325,0.46837721868762333,0.00032820272518589044,5.4202822081617095,0.1655329563126883
UG,48.03700925159985,0.46837337436936044,0.00032825510258551735,5.419641512220855,0.1650210605050465
UG,48.062015503162364,0.4683695294650668,0.0003283081854153047,5.419000764818015,0.16451056676528863
UG,48.08702175472489,0.4683656839664959,0.0003283619735479496,5.418359965269002,0.16400147190490838
UG,48.1120280062874,0.4683618378654033,0.00032841646685884037,5.4177191128899205,0.16349377273955193
UG,48.137034257849926,0.468357991153546,0.0003284716652261315,5.4170782069971635,0.1629874660893315
UG,48.16204050941244,0.46835414382268276,0.0003285275685306321,5.41643724690741,0.16248254878058885
UG,48.187046760974965,0.46835029586457416,0.00032858417665589703,5.415796231937635,0.16197901764815345
UG,48.21205301253748,0.4683464472709823,0.0003286414894881756,5.4151551614050915,0.16147686952786647
UG,48.237059264100004,0.4683425980336708,0.0003286995069164752,5.414514034627326,0.16097610126287257
UG,48.26206551566252,0.46833874814440474,0.0003287582288324635,5.413872850922172,0.16047670969892555
UG,48.287071767225044,0.46833489759495095,0.0003288176551305458,5.413231609607744,0.15997869169183976
UG,48.31207801878756,0.46833104637707784,0.0003288777857078515,5.412590310002445,0.15948204410028738
UG,48.33708427035008,0.46832719448255494,0.0003289386204642243,5.411948951424964,0.15898676378914142
UG,48.3620905219126,0.46832334190315345,0.0003290001593022122,5.411307533194271,0.15849284762624175
UG,48.387096773475115,0.468319488630646,0.0003290624021270729,5.4106660546296235,0.15800029248711073
UG,48.41210302503764,0.46831563465680637,0.0003291253488468212,5.410024515050558,0.15750909525380016
UG,48.437109276600154,0.4683117799734098,0.00032918899937214597,5.409382913776896,0.15701925281028034
UG,48.46211552816268,0.4683079245722328,0.00032925335361647876,5.40874125012874,0.15653076204622887
UG,48.48712177972519,0.46830406844505335,0.00032931841149594457,5.408099523426476,0.1560436198610703
UG,48.512128031287716,0.4683002115836506,0.0003293841729294413,5.407457732990768,0.15555782315527272
UG,48.53713428285023,0.4682963539798044,0.0003294506378385265,5.4068158781425595,0.15507336883281128
UG,48.562140534412755,0.4682924956252966,0.0003295178061475092,5.406173958203076,0.15459025381075392
UG,48.58714678597527,0.46828863651190966,0.00032958567778340755,5.405531972493822,0.15410847500324087
UG,48.612153037537794,0.46828477663142726,0.00032965425267599257,5.404889920336577,0.15362802933337344
UG,48.63715928910031,0.46828091597563415,0.0003297235307577171,5.404247801053401,0.15314891373067638
UG,48.66216554066283,0.46827705453631635,0.0003297935119637709,5.403605613966631,0.15267112512576397
UG,48.68717179222535,0.4682731923052605,0.0003298641962320864,5.402963358398877,0.15219466045917143
UG,48.71217804378787,0.46826932927425446,0.00032993558350330503,5.40232103367303,0.15171951667364464
UG,48.73718429535039,0.46826546543508724,0.0003300076737207978,5.401678639112253,0.15124569071837465
UG,48.76219054691291,0.46826160077954837,0.0003300804668306463,5.401036174039984,0.15077317954814048
UG,48.78719679847543,0.4682577352994286,0.0003301539627817076,5.400393637779934,0.15030198012118678
UG,48.81220305003795,0.4682538689865193,0.00033022816152551574,5.399751029656089,0.14983208940307907
UG,48.83720930160047,0.4682500018326128,0.0003303030630163633,5.399108348992707,0.14936350436237428
UG,48.86221555316299,0.46824613382950214,0.00033037866721124956,5.398465595114315,0.14889622197615549
UG,48.887221804725506,0.4682422649689813,0.000330454974069959,5.397822767345717,0.14843023922226398
UG,48.91222805628803,0.4682383952428448,0.000330531983554946,5.397179865011983,0.14796555308779144
UG,48.937234307850545,0.46823452464288806,0.00033060969563143206,5.396536887438456,0.14750216056196613
UG,48.96224055941307,0.4682306531609068,0.0003306881102673624,5.395893833950745,0.14704005864186315
UG,48.987246810975584,0.4682267807886977,0.00033076722743344695,5.395250703874728,0.1465792443270656
UG,49.01225306253811,0.4682229075180582,0.000330847047103095,5.394607496536557,0.14611971462408763
UG,49.03725931410062,0.46821903334078574,0.0003309275692524657,5.393964211262644,0.1456614665437325
UG,49.06226556566315,0.46821515824867876,0.000331008793860479,5.393320847379669,0.14520449710478198
UG,49.08727181722566,0.468211282233536,0.0003310907209087787,5.392677404214582,0.14474880332432039
UG,49.11227806878818,0.468207405287157,0.00033117335038175414,5.392033881094594,0.14429438223193963
UG,49.1372843203507,0.46820352740134136,0.0003312566822665229,5.391390277347183,0.14384123085906825
UG,49.16229057191322,0.4681996485678892,0.00033134071655299474,5.390746592300088,0.14338934624116306
UG,49.18729682347574,0.468195768778601,0.0003314254532337757,5.390102825281314,0.1429387254216846
UG,49.21230307503826,0.4681918880252779,0.00033151089230424794,5.38945897561913,0.14248936544664675
UG,49.23730932660078,0.4681880062997208,0.00033159703376251876,5.388815042642063,0.14204126336782386
UG,49.262315578163296,0.46818412359373135,0.000331683877609501,5.3881710256789015,0.14159441624366792
UG,49.28732182972582,0.46818023989911134,0.00033177142384879565,5.3875269240586965,0.14114882113552696
UG,49.312328081288335,0.4681763552076625,0.00033185967248679265,5.386882737110758,0.14070447511046072
UG,49.33733433285086,0.4681724695111872,0.0003319486235326223,5.386238464164653,0.14026137524210583
UG,49.362340584413374,0.46816858280148776,0.0003320382769982087,5.38559410455021,0.13981951860566946
UG,49.3873468359759,0.4681646950703665,0.00033212863289818677,5.384949657597511,0.13937890228523916
UG,49.41235308753841,0.46816080630962587,0.00033221969124997173,5.384305122636899,0.13893952336968868
UG,49.43735933910094,0.46815691651106855,0.0003323114520737522,5.383660498998971,0.1385013789480985
UG,49.46236559066345,0.4681530256664971,0.00033240391539247796,5.383015786014579,0.13806446612153203
UG,49.487371842225976,0.4681491337677144,0.0003324970812318526,5.382370983014829,0.13762878199105086
UG,49.51237809378849,0.4681452408065226,0.0003325909496203416,5.381726089331084,0.13719432366368903
UG,49.537384345351015,0.46814134677472446,0.0003326855205892188,5.381081104294955,0.13676108825281139
UG,49.56239059691353,0.46813745166412213,0.00033278079417248816,5.380436027238311,0.13632907287683246
UG,49.587396848476054,0.46813355546651825,0.00033287677040694886,5.379790857493267,0.13589827465701107
UG,49.61240310003857,0.4681296581737146,0.0003329734493321506,5.379145594392195,0.1354686907218574
UG,49.63740935160109,0.4681257597775131,0.0003330708309904735,5.37850023726771,0.1350403182041462
UG,49.66241560316361,0.46812186026971564,0.00033316891542701734,5.3778547854526835,0.13461315424022047
UG,49.68742185472613,0.46811795964212344,0.0003332677026896964,5.377209238280228,0.13418719597410178
UG,49.71242810628865,0.46811405788653776,0.00033336719282918404,5.37656359508371,0.1337624405546569
UG,49.73743435785117,0.4681101549947593,0.00033346738589898995,5.37591785519674,0.13333888513028705
UG,49.76244060941369,0.4681062509585884,0.000333568281955349,5.3752720179531766,0.13291652686201993
UG,49.78744686097621,0.4681023457698251,0.00033366988105731796,5.3746260826871195,0.13249536291143424
UG,49.812453112538726,0.46809843942026935,0.00033377218326673336,5.37398004873292,0.13207539044613
UG,49.83745936410124,0.4680945319017199,0.00033387518864825687,5.3733339154251665,0.13165660663712264
UG,49.862465615663766,0.4680906232059754,0.0003339788972693017,5.372687682098693,0.13123900866293514
UG,49.88747186722628,0.4680867133248344,0.00033408330920009575,5.372041348088577,0.13082259370563806
UG,49.912478118788805,0.4680828022500941,0.0003341884245136811,5.371394912730135,0.13040735895194802
UG,49.93748437035132,0.46807888997355157,0.00033429424328589724,5.370748375358927,0.1299933015950428
UG,49.962490621913844,0.46807497648700336,0.0003344007655953774,5.370101735310749,0.12958041883099075
UG,49.98749687347636,0.468071061782245,0.00033450799152355705,5.36945499192164,0.12916870786074477
UG,50.01250312503888,0.4680671458510717,0.0003346159211547178,5.368808144527873,0.12875816589278652
UG,50.0375093766014,0.46806322868527767,0.0003347245545759149,5.368161192465961,0.12834879013833783
UG,50.06251562816392,0.4680593102766566,0.0003348338918770398,5.367514135072655,0.12794057781319046
UG,50.08752187972644,0.4680553906170011,0.000334943933150775,5.366866971684939,0.12753352613890992
UG,50.11252813128896,0.46805146969810324,0.00033505467849267474,5.366219701640029,0.1271276323425596
UG,50.13753438285148,0.46804754751175426,0.00033516612800105975,5.365572324275383,0.12672289365489672
UG,50.162540634414,0.46804362404974414,0.0003352782817771082,5.364924838928683,0.12631930731204935
UG,50.187546885976516,0.4680396993038627,0.0003353911399247973,5.364277244937851,0.12591687055555412
UG,50.21255313753904,0.46803577326589774,0.00033550470255098926,5.3636295416410364,0.12551558062943163
UG,50.237559389101555,0.468031845927637,0.00033561896976531616,5.362981728376618,0.12511543478615147
UG,50.26256564066408,0.46802791728086685,0.0003357339416802792,5.362333804483209,0.1247164302799209
UG,50.287571892226595,0.4680239873173726,0.0003358496184111996,5.361685769299646,0.12431856437180837
UG,50.31257814378912,0.46802005602893854,0.00033596600007628234,5.3610376221649965,0.12392183432654444
UG,50.337584395351634,0.4680161234073478,0.00033608308679651907,5.360389362418556,0.12352623741444917
UG,50.36259064691416,0.4680121894443824,0.0003362008786957759,5.359740989399844,0.12313177091004772
UG,50.38759689847667,0.46800825413182323,0.0003363193759007645,5.359092502448607,0.1227384320929134
UG,50.412603150039196,0.46800431746144994,0.00033643857854106905,5.3584439009048115,0.12234621824798386
UG,50.43760940160171,0.4680003794250407,0.0003365584867490935,5.357795184108655,0.12195512666394781
UG,50.462615653164235,0.46799644001437285,0.0003366791006601109,5.3571463514005515,0.12156515463466273
UG,50.48762190472675,0.46799249922122216,0.00033680042041227346,5.356497402121139,0.12117629945994564
UG,50.51262815628927,0.467988557037363,0.00033692244614658547,5.355848335611277,0.12078855844195975
UG,50.53763440785179,0.4679846134545684,0.0003370451780069139,5.355199151212044,0.12040192889096801
UG,50.562640659414306,0.4679806684646102,0.0003371686161399862,5.3545498482647345,0.12001640811772879
UG,50.58764691097683,0.4679767220592585,0.000337292760695439,5.353900426110867,0.11963199344276221
UG,50.612653162539345,0.4679727742302822,0.0003374176118257499,5.353250884092174,0.119248682186812
UG,50.63765941410187,0.46796882496944836,0.00033754316968629344,5.352601221550603,0.11886647167887689
UG,50.662665665664385,0.4679648742685228,0.00033766943443530264,5.351951437828319,0.11848535925037626
UG,50.68767191722691,0.4679609221192697,0.00033779640623395063,5.3513015322677,0.11810534223902983
UG,50.712678168789424,0.4679569685134512,0.0003379240852462394,5.350651504211337,0.11772641798545291
UG,50.73768442035195,0.4679530134428287,0.00033805247163909766,5.350001353002037,0.11734858383607338
UG,50.76269067191446,0.467949056899161,0.00033818156558232143,5.349351077982813,0.11697183714409855
UG,50.787696923476986,0.4679450988742058,0.00033831136724866024,5.348700678496891,0.11659617526381943
UG,50.8127031750395,0.46794113935971865,0.0003384418768137039,5.3480501538877085,0.11622159555747663
UG,50.837709426602025,0.4679371783474538,0.0003385730944559831,5.34739950349891,0.11584809538861421
UG,50.86271567816454,0.4679332158291631,0.00033870502035691225,5.346748726674347,0.11547567212841676
UG,50.887721929727064,0.4679292517965969,0.00033883765470087146,5.346097822758076,0.11510432315208932
UG,50.91272818128958,0.4679252862415038,0.0003389709976750919,5.345446791094367,0.11473404583927428
UG,50.9377344328521,0.46792131915563034,0.0003391050494697595,5.344795631027684,0.11436483757278915
UG,50.96274068441462,0.4679173505307208,0.0003392398102779672,5.3441443419027,0.11399669574412567
UG,50.98774693597714,0.46791338035851804,0.0003393752802957741,5.343492923064293,0.11362961774418637
UG,51.01275318753966,0.4679094086307625,0.0003395114597221146,5.3428413738575395,0.11326360097396757
UG,51.03775943910218,0.46790543533919277,0.0003396483487588852,5.342189693627718,0.1128986428350789
UG,51.0627656906647,0.4679014604755452,0.0003397859476109153,5.341537881720305,0.1125347407356168
UG,51.08777194222722,0.4678974840315543,0.0003399242564859973,5.340885937480978,0.1121718920879694
UG,51.11277819378974,0.4678935059989521,0.00034006327559483107,5.340233860255612,0.11181009430998884
UG,51.13778444535226,0.4678895263694685,0.0003402030051510802,5.339581649390275,0.11144934482305524
UG,51.162790696914776,0.4678855451348316,0.00034034344537137157,5.338929304231237,0.11108964105318013
UG,51.1877969484773,0.46788156228676664,0.00034048459647528957,5.338276824124955,0.11073098043247745
UG,51.212803200039815,0.4678775778169969,0.00034062645868536005,5.337624208418089,0.11037336039570196
UG,51.23780945160233,0.46787359171724335,0.0003407690322270739,5.336971456457483,0.11001677838292631
UG,51.262815703164854,0.4678696039792248,0.0003409123173289188,5.336318567590175,0.10966123184143357
UG,51.28782195472737,0.4678656145946569,0.0003410563142223297,5.335665541163396,0.10930671821859284
UG,51.31282820628989,0.4678616235552538,0.00034120102314172314,5.335012376524566,0.10895323496942767
UG,51.33783445785241,0.4678576308527266,0.00034134644432448104,5.334359073021291,0.10860077955514774
UG,51.36284070941493,0.46785363647878425,0.00034149257801101,5.333705630001365,0.1082493494354102
UG,51.38784696097745,0.46784964042513294,0.0003416394244446651,5.333052046812769,0.10789894208194455
UG,51.41285321253997,0.4678456426834762,0.0003417869838718139,5.33239832280367,0.10754955496565834
UG,51.43785946410249,0.4678416432455155,0.00034193525654179575,5.331744457322418,0.10720118556470686
UG,51.46286571566501,0.46783764210294904,0.0003420842427070019,5.331090449717543,0.10685383136096867
UG,51.48787196722753,0.467833639247473,0.00034223394262277373,5.330436299337765,0.1065074898417227
UG,51.51287821879005,0.46782963467077987,0.00034238435654749416,5.329782005531975,0.10616215849811031
UG,51.537884470352566,0.46782562836456065,0.00034253548474252887,5.329127567649253,0.10581783482492449
UG,51.56289072191509,0.4678216203205026,0.0003426873274723181,5.328472985038849,0.10547451632441923
UG,51.587896973477605,0.4678176105302907,0.00034283988500426204,5.3278182570501995,0.10513220050057144
UG,51.61290322504013,0.4678135989856066,0.0003429931576088236,5.32716338303291,0.10479088486309918
UG,51.637909476602644,0.46780958567812986,0.0003431471455594659,5.326508362336765,0.10445056692734081
UG,51.66291572816517,0.4678055705995364,0.0003433018491327442,5.325853194311722,0.10411124420973326
UG,51.68792197972768,0.46780155374149934,0.0003434572686081899,5.325197878307914,0.10377291423634973
UG,51.712928231290206,0.46779753509568905,0.00034361340426841496,5.3245424136756405,0.10343557453406792
UG,51.73793448285272,0.467793514653773,0.0003437702563990522,5.323886799765379,0.10309922263424008
UG,51.762940734415245,0.46778949240741513,0.00034392782528884334,5.323231035927772,0.10276385607618796
UG,51.78794698597776,0.4677854683482764,0.0003440861112295223,5.322575121513633,0.10242947240008649
UG,51.812953237540285,0.4677814424680152,0.0003442451145159221,5.321919055873939,0.10209606915239114
UG,51.8379594891028,0.46777741475828594,0.0003444048354459196,5.321262838359838,0.10176364388269976
UG,51.862965740665324,0.4677733852107405,0.00034456527432051435,5.32060646832264,0.10143219414946447
UG,51.88797199222784,0.4677693538170272,0.00034472643144371816,5.319949945113823,0.10110171750965903
UG,51.91297824379036,0.4677653205687914,0.00034488830712265913,5.319293268085021,0.10077221152855839
UG,51.93798449535288,0.46776128545767465,0.000345050901667534,5.318636436588037,0.10044367377527849
UG,51.962990746915395,0.4677572484753155,0.00034521421539167346,5.31797944997483,0.10011610182232443
UG,51.98799699847792,0.4677532096133492,0.0003453782486114453,5.317322307597518,0.09978949324878159
UG,52.013003250040434,0.46774916886340745,0.0003455430016463489,5.316665008808381,0.09946384563633047
UG,52.03800950160296,0.46774512621711845,0.0003457084748189779,5.316007552959852,0.09913915657214722
UG,52.06301575316547,0.4677410816661072,0.0003458746684550713,5.315349939404523,0.09881542364763442
UG,52.088022004727996,0.46773703520199483,0.0003460415828834315,5.314692167495137,0.09849264445830007
UG,52.11302825629051,0.46773298681639913,0.00034620921843600777,5.314034236584593,0.09817081660532133
UG,52.138034507853035,0.46772893650093433,0.00034637757544786935,5.31337614602594,0.09784993769361726
UG,52.16304075941555,0.4677248842472109,0.0003465466542572422,5.312717895172381,0.0975300053317335
UG,52.188047010978075,0.46772083004683584,0.00034671645520544485,5.312059483377265,0.0972110171354492
UG,52.21305326254059,0.4677167738914123,0.00034688697863695703,5.311400909994095,0.09689297072077387
UG,52.238059514103114,0.46771271577253976,0.0003470582248994045,5.310742174376513,0.09657586371209702
UG,52.26306576566563,0.46770865568181375,0.00034723019434358275,5.310083275878317,0.09625969373642662
UG,52.28807201722815,0.4677045936108264,0.00034740288732340797,5.309424213853441,0.0959444584251724
UG,52.31307826879067,0.46770052955116553,0.00034757630419597206,5.308764987655965,0.0956301554153874
UG,52.33808452035319,0.4676964634944155,0.00034775044532154393,5.308105596640115,0.09531678234779488
UG,52.36309077191571,0.46769239543215657,0.0003479253110635705,5.307446040160255,0.09500433686739329
UG,52.38809702347823,0.46768832535596505,0.0003481009017886498,5.306786317570889,0.09469281662331151
UG,52.41310327504075,0.46768425325741325,0.00034827721786657247,5.306126428226661,0.09438221926950396
UG,52.43810952660327,0.4676801791280695,0.00034845425967033243,5.305466371482349,0.09407254246579856
UG,52.463115778165786,0.467676102959498,0.00034863202757611574,5.30480614669287,0.09376378387458055
UG,52.48812202972831,0.4676720247432589,0.00034881052196329004,5.304145753213274,0.09345594116350132
UG,52.513128281290825,0.4676679444709084,0.00034898974321443055,5.303485190398748,0.09314901200273835
UG,52.53813453285335,0.4676638621339982,0.00034916969171534443,5.302824457604607,0.0928429940711061
UG,52.563140784415864,0.46765977772407596,0.00034935036785504553,5.302163554186297,0.09253788504743884
UG,52.58814703597839,0.4676556912326852,0.00034953177202575825,5.301502479499398,0.09223368261829656
UG,52.613153287540904,0.46765160265136485,0.0003497139046229331,5.300841232899613,0.09193038447281852
UG,52.63815953910342,0.46764751197164994,0.0003498967660452786,5.300179813742774,0.09162798830335786
UG,52.66316579066594,0.4676434191850707,0.00035008035669472753,5.299518221384838,0.09132649181076147
UG,52.68817204222846,0.4676393242831536,0.0003502646769764513,5.298856455181892,0.09102589269661707
UG,52.71317829379098,0.4676352272574198,0.0003504497272988667,5.298194514490136,0.09072618866732785
UG,52.7381845453535,0.4676311280993867,0.00035063550807367755,5.297532398665901,0.09042737743660213
UG,52.76319079691602,0.46762702680056695,0.000350822019715827,5.296870107065633,0.09012945671751132
UG,52.78819704847854,0.4676229233524685,0.00035100926264352694,5.296207639045897,0.08983242423313835
UG,52.81320330004106,0.4676188177465953,0.00035119723727825394,5.2955449939633805,0.08953627770684724
UG,52.838209551603576,0.4676147099744458,0.00035138594404479867,5.294882171174881,0.08924101486799753
UG,52.8632158031661,0.46761060002751476,0.0003515753833712116,5.294219170037315,0.0889466334494253
UG,52.888222054728615,0.4676064878972912,0.0003517655556888391,5.293555989907713,0.08865313119047258
UG,52.91322830629114,0.46760237357526035,0.0003519564614323147,5.292892630143214,0.088360505832112
UG,52.938234557853654,0.4675982570529021,0.00035214810103961053,5.292229090101075,0.08806875512132957
UG,52.96324080941618,0.4675941383216918,0.0003523404749519823,5.291565369138653,0.08777787680840231
UG,52.98824706097869,0.4675900173730999,0.00035253358361400715,5.29090146661342,0.08748786865058406
UG,53.01325331254122,0.46758589419859187,0.00035272742747357347,5.290237381882955,0.08719872840539672
UG,53.03825956410373,0.4675817687896283,0.0003529220069819352,5.28957311430494,0.08691045383848728
UG,53.063265815666256,0.4675776411376651,0.0003531173225936511,5.28890866323716,0.086623042717172
UG,53.08827206722877,0.4675735112341526,0.000353313374766629,5.288244028037505,0.08633649281438795
UG,53.113278318791295,0.46756937907053653,0.0003535101639621124,5.287579208063967,0.08605080190715246
UG,53.13828457035381,0.46756524463825755,0.0003537076906447355,5.286914202674634,0.08576596777703999
UG,53.163290821916334,0.4675611079287509,0.00035390595528246355,5.286249011227696,0.08548198820939733
UG,53.18829707347885,0.467556968933447,0.0003541049583466364,5.28558363308144,0.08519886099410467
UG,53.21330332504137,0.4675528276437709,0.00035430470031195524,5.284918067594245,0.0849165839269431
UG,53.23830957660389,0.46754868405114236,0.0003545051816565364,5.28425231412459,0.08463515480439378
UG,53.26331582816641,0.46754453814697616,0.00035470640286185595,5.2835863720310385,0.08435457143096983
UG,53.28832207972893,0.4675403899226815,0.0003549083644127891,5.282920240672254,0.0840748316132465
UG,53.31332833129145,0.4675362393696622,0.000355111066797599,5.282253919406985,0.08379593316313641
UG,53.33833458285397,0.46753208647931693,0.00035531451050799137,5.281587407594071,0.08351787389601466
UG,53.36334083441648,0.4675279312430388,0.00035551869603905764,5.280920704592436,0.08324065163248662
UG,53.38834708597901,0.4675237736522154,0.0003557236238893148,5.2802538097610885,0.08296426419653961
UG,53.41335333754152,0.46751961369822903,0.0003559292945606957,5.2795867224591255,0.08268870941848555
UG,53.438359589104046,0.4675154513724561,0.0003561357085585995,5.278919442045724,0.08241398512920503
UG,53.46336584066656,0.46751128666626773,0.0003563428663918436,5.278251967880141,0.08214008916672408
UG,53.488372092229085,0.46750711957102936,0.00035655076857269455,5.277584299321716,0.0818670193740415
UG,53.5133783437916,0.46750295007810067,0.0003567594156168644,5.276916435729865,0.08159477359532476
UG,53.538384595354124,0.4674987781788359,0.0003569688080435556,5.276248376464079,0.08132334968066915
UG,53.56339084691664,0.46749460386458286,0.00035717894637542246,5.275580120883929,0.08105274548514002
UG,53.58839709847916,0.4674904271266846,0.00035738983113859084,5.274911668349055,0.08078295886798743
UG,53.61340335004168,0.4674862479564776,0.0003576014628626638,5.274243018219172,0.08051398769043723
UG,53.6384096016042,0.4674820663452926,0.0003578138420807587,5.273574169854063,0.08024582982108307
UG,53.66341585316672,0.46747788228445447,0.00035802696932947986,5.272905122613583,0.07997848313084065
UG,53.68842210472924,0.4674736957652826,0.0003582408451489247,5.272235875857653,0.079711945495095
UG,53.71342835629176,0.4674695067790896,0.00035845547008270137,5.2715664289462625,0.07944621479451733
UG,53.73843460785428,0.46746531531718255,0.0003586708446779581,5.270896781239461,0.0791812889120847
UG,53.7634408594168,0.4674611213708626,0.0003588869694853633,5.270226932097366,0.07891716573710693
UG,53.78844711097932,0.4674569249314242,0.00035910384505910163,5.269556880880153,0.07865384316143975
UG,53.813453362541836,0.4674527259901563,0.0003593214719569023,5.268886626948062,0.0783913190827556
UG,53.83845961410436,0.46744852453834124,0.00035953985074005954,5.268216169661385,0.07812959140228042
UG,53.863465865666875,0.4674443205672554,0.00035975898197342505,5.267545508380476,0.07786865802311037
UG,53.8884721172294,0.46744011406816877,0.00035997886622538743,5.266874642465741,0.07760851685649066
UG,53.913478368791914,0.4674359050323449,0.00036019950406791665,5.266203571277644,0.07734916581607103
UG,53.93848462035444,0.4674316934510411,0.00036042089607657115,5.265532294176697,0.07709060281960686
UG,53.96349087191695,0.46742747931550865,0.00036064304283050467,5.264860810523466,0.076832825788822
UG,53.988497123479476,0.4674232626169918,0.0003608659449124317,5.264189119678563,0.07657583265048358
UG,54.01350337504199,0.4674190433467287,0.0003610896029086833,5.263517221002649,0.07631962133415299
UG,54.038509626604515,0.46741482149595076,0.00036131401740920293,5.262845113856432,0.07606418977560127
UG,54.06351587816703,0.46741059705588317,0.0003615391890075702,5.2621727976006625,0.07580953591228946
UG,54.08852212972955,0.4674063700177441,0.00036176511830094625,5.261500271596135,0.07555565768839947
UG,54.11352838129207,0.4674021403727455,0.0003619918058901482,5.260827535203683,0.07530255305074035
UG,54.13853463285459,0.4673979081120923,0.0003622192523796265,5.260154587784183,0.07505021995007789
UG,54.16354088441711,0.46739367322698294,0.00036244745837751163,5.259481428698547,0.07479865634309492
UG,54.188547135979626,0.46738943570860886,0.0003626764244955374,5.258808057307722,0.07454786018881077
UG,54.21355338754215,0.4673851955481551,0.00036290615134913236,5.258134472972693,0.07429782945095366
UG,54.238559639104665,0.46738095273679925,0.0003631366395573811,5.2574606750544755,0.07404856209767917
UG,54.26356589066719,0.4673767072657126,0.00036336788974308896,5.256786662914117,0.0738000561012281
UG,54.288572142229704,0.4673724591260592,0.00036359990253269304,5.256112435912696,0.07355230943707772
UG,54.31357839379223,0.4673682083089963,0.0003638326785563584,5.255437993411319,0.07330532008686985
UG,54.33858464535474,0.46736395480567383,0.00036406621844793495,5.254763334771115,0.07305908603506879
UG,54.363590896917266,0.46735969860723503,0.00036430052284503486,5.254088459353242,0.07281360526970641
UG,54.38859714847978,0.4673554397048157,0.00036453559238892365,5.253413366518881,0.07256887578398794
UG,54.413603400042305,0.4673511780895448,0.00036477142772463664,5.252738055629234,0.07232489557444913
UG,54.43860965160482,0.4673469137525438,0.0003650080295009194,5.252062526045519,0.0720816626432025
UG,54.463615903167344,0.46734264668492725,0.00036524539837032055,5.251386777128977,0.07183917499370267
UG,54.48862215472986,0.46733837687780233,0.0003654835349890703,5.250710808240865,0.07159743063745178
UG,54.51362840629238,0.4673341043222687,0.0003657224400172055,5.250034618742451,0.07135642758585611
UG,54.5386346578549,0.4673298290094189,0.00036596211411850247,5.249358207995021,0.07111616385842147
UG,54.56364090941742,0.4673255509303379,0.00036620255796057774,5.248681575359868,0.07087663747520241
UG,54.58864716097994,0.46732127007610347,0.0003664437722147639,5.248004720198297,0.07063784646203554
UG,54.61365341254246,0.4673169864377856,0.00036668575755623427,5.247327641871621,0.07039978885017618
UG,54.63865966410498,0.4673127000064469,0.00036692851466393244,5.246650339741159,0.07016246267217102
UG,54.6636659156675,0.4673084107731426,0.0003671720442206796,5.245972813168232,0.0699258659662519
UG,54.68867216723002,0.46730411872891975,0.0003674163469130489,5.24529506151417,0.06968999677467512
UG,54.71367841879254,0.46729982386481816,0.00036766142343148706,5.2446170841402955,0.06945485314351502
UG,54.738684670355056,0.4672955261718702,0.00036790727447024666,5.2439388804079385,0.06922043312381274
UG,54.76369092191758,0.46729122564109976,0.00036815390072748985,5.243260449678422,0.06898673476817199
UG,54.788697173480095,0.46728692226352336,0.00036840130290517265,5.242581791313064,0.0687537561369252
UG,54.81370342504261,0.46728261603014976,0.0003686494817091544,5.241902904673181,0.06852149529166475
UG,54.838709676605134,0.46727830693197975,0.00036889843784913975,5.2412237891200775,0.06828995029787824
UG,54.86371592816765,0.4672739949600061,0.0003691481720387729,5.240544444015052,0.06805911922734344
UG,54.88872217973017,0.4672696801052135,0.0003693986849955374,5.23986486871939,0.06782900015474037
UG,54.91372843129269,0.46726536235857896,0.00036964997744084766,5.239185062594362,0.06759959115825229
UG,54.93873468285521,0.4672610417110714,0.0003699020501000048,5.238505025001228,0.06737089031962405
UG,54.96374093441773,0.46725671815365116,0.0003701549037022766,5.23782475530123,0.06714289572743651
UG,54.98874718598025,0.46725239167727095,0.0003704085389808247,5.237144252855589,0.06691560547157284
UG,55.01375343754277,0.4672480622728751,0.0003706629566727606,5.236463517025511,0.06668901764622323
UG,55.03875968910529,0.46724372993139973,0.00037091815751913226,5.235782547172175,0.06646313035114727
UG,55.06376594066781,0.46723939464377234,0.0003711741422649754,5.235101342656738,0.06623794168878723
UG,55.08877219223033,0.46723505640091273,0.00037143091165928107,5.234419902840334,0.06601344976561986
UG,55.113778443792846,0.4672307151937317,0.00037168846645500446,5.233738227084068,0.0657896526928042
UG,55.13878469535537,0.46722637101313225,0.0003719468074090907,5.233056314749013,0.06556654858534477
UG,55.163790946917885,0.4672220238500082,0.00037220593528249313,5.232374165196216,0.06534413556195698
UG,55.18879719848041,0.46721767369524553,0.00037246585084018286,5.231691777786688,0.06512241174505792
UG,55.213803450042924,0.46721332053972126,0.00037272655485111024,5.2310091518814055,0.0649013752620698
UG,55.23880970160545,0.46720896437430365,0.0003729880480882709,5.230326286841311,0.06468102424382921
UG,55.26381595316796,0.46720460518985285,0.0003732503313286891,5.229643182027306,0.06446135682446667
UG,55.28882220473049,0.46720024297721996,0.00037351340535346825,5.228959836800253,0.06424237114323174
UG,55.313828456293,0.4671958777272473,0.0003737772709477094,5.228276250520973,0.06402406534281287
UG,55.338834707855526,0.46719150943076854,0.00037404192890061233,5.2275924225502415,0.06380643757026486
UG,55.36384095941804,0.46718713807860845,0.00037430738000542973,5.226908352248789,0.06358948597578531
UG,55.388847210980565,0.467182763661583,0.0003745736250595509,5.226224038977301,0.0633732087145456
UG,55.41385346254308,0.46717838617049906,0.0003748406648643874,5.2255394820964085,0.06315760394475654
UG,55.438859714105604,0.4671740055961545,0.0003751085002254993,5.224854680966694,0.06294266982937662
UG,55.46386596566812,0.4671696219293385,0.000375377131952529,5.224169634948689,0.0627284045343843
UG,55.488872217230636,0.4671652351608309,0.0003756465608593061,5.223484343402866,0.06251480623075324
UG,55.51387846879316,0.4671608452814024,0.0003759167877637173,5.222798805689641,0.06230187309267588
UG,55.538884720355675,0.4671564522818148,0.00037618781348783975,5.222113021169374,0.06208960329860053
UG,55.5638909719182,0.4671520561528201,0.0003764596388578714,5.221426989202361,0.06187799503057671
UG,55.588897223480714,0.4671476568851618,0.0003767322647042399,5.220740709148837,0.06166704647527924
UG,55.61390347504324,0.4671432544695734,0.00037700569186147244,5.22005418036897,0.0614567558229792
UG,55.63890972660575,0.46713884889677965,0.0003772799211683265,5.219367402222864,0.061247121267006946
UG,55.663915978168276,0.46713444015749545,0.00037755495346772144,5.218680374070554,0.06103814100567594
UG,55.68892222973079,0.46713002824242644,0.000377830789606841,5.217993095272005,0.06082981324126582
UG,55.713928481293316,0.4671256131422687,0.00037810743043702606,5.217305565187107,0.0606221361789782
UG,55.73893473285583,0.46712119484770875,0.0003783848768138771,5.216617783175679,0.06041510802868328
UG,55.763940984418355,0.46711677334942364,0.00037866312959720585,5.2159297485974605,0.06020872700360213
UG,55.78894723598087,0.4671123486380806,0.0003789421896511126,5.215241460812115,0.06000299132220693
UG,55.813953487543394,0.46710792070433715,0.0003792220578439305,5.2145529191792255,0.059797899205654516
UG,55.83895973910591,0.4671034895388414,0.0003795027350482636,5.213864123058291,0.059593448878980056
UG,55.86396599066843,0.46709905513223127,0.000379784222140991,5.21317507180873,0.05938963857012063
UG,55.88897224223095,0.46709461747513503,0.0003800665200032995,5.212485764789869,0.05918646651446001
UG,55.91397849379347,0.467090176558171,0.000380349629520686,5.211796201360956,0.05898393094687684
UG,55.93898474535599,0.4670857323719476,0.00038063355158292946,5.211106380881136,0.05878203010954347
UG,55.96399099691851,0.4670812849070633,0.0003809182870841495,5.210416302709472,0.05858076224650925
UG,55.98899724848103,0.4670768341541064,0.0003812038369227962,5.20972596620493,0.058380125605656336
UG,56.01400350004355,0.46707238010365526,0.0003814902020017025,5.209035370726379,0.05818011844019739
UG,56.039009751606066,0.467067922746278,0.00038177738322799825,5.208344515632589,0.057980739006020264
UG,56.06401600316859,0.46706346207253263,0.00038206538151321995,5.207653400282235,0.05778198556300734
UG,56.089022254731105,0.4670589980729667,0.00038235419777325947,5.206962024033882,0.05758385637527914
UG,56.11402850629363,0.4670545307381179,0.00038264383292845657,5.206270386245997,0.05738634971069497
UG,56.139034757856145,0.46705006005851324,0.0003829342879034786,5.205578486276939,0.0571894638402167
UG,56.16404100941867,0.46704558602466956,0.0003832255636274531,5.204886323484956,0.05699319703954504
UG,56.189047260981184,0.4670411086270928,0.00038351766103389895,5.204193897228191,0.056797547587561795
UG,56.2140535125437,0.4670366278562791,0.0003838105810608369,5.203501206864671,0.056602513767868456
UG,56.23905976410622,0.4670321437027135,0.00038410432465065805,5.20280825175231,0.05640809386727657
UG,56.26406601566874,0.4670276561568709,0.0003843988927502615,5.202115031248904,0.056214286175994235
UG,56.28907226723126,0.4670231652092152,0.0003846942863109801,5.2014215447121295,0.05602108898862479
UG,56.31407851879378,0.46701867085019966,0.0003849905062886919,5.200727791499549,0.055828500603093134
UG,56.3390847703563,0.4670141730702669,0.0003852875536437052,5.200033770968595,0.0556365193215108
UG,56.36409102191882,0.4670096718598488,0.00038558542934086963,5.199339482476577,0.05544514344999607
UG,56.38909727348134,0.46700516720936625,0.0003858841343495255,5.19864492538068,0.05525437129843508
UG,56.414103525043856,0.4670006591092293,0.00038618366964358284,5.19795009903796,0.055064201179434384
UG,56.43910977660638,0.46699614754983715,0.0003864840362014692,5.197255002805338,0.05487463141052184
UG,56.464116028168895,0.4669916325215778,0.0003867852350061631,5.1965596360396065,0.05468566031255885
UG,56.48912227973142,0.4669871140148283,0.00038708726704520565,5.195863998097419,0.05449728621046802
UG,56.514128531293935,0.46698259201995473,0.00038739013331073207,5.195168088335295,0.05430950743256916
UG,56.53913478285646,0.4669780665273116,0.00038769383479948,5.194471906109613,0.054122322311061025
UG,56.564141034418974,0.4669735375272428,0.00038799837251274566,5.193775450776609,0.05393572918178089
UG,56.5891472859815,0.46696900501008043,0.00038830374745646743,5.193078721692377,0.053749726384895606
UG,56.61415353754401,0.4669644689661457,0.0003886099606411967,5.192381718212865,0.05356431226342936
UG,56.639159789106536,0.466959929385748,0.00038891701308217154,5.191684439693871,0.05337948516478533
UG,56.66416604066905,0.4669553862591857,0.0003892249057992093,5.190986885491043,0.05319524343963994
UG,56.689172292231575,0.4669508395767456,0.00038953363981683684,5.190289054959882,0.053011585442985905
UG,56.71417854379409,0.46694628932870275,0.00038984321616422504,5.189590947455727,0.052828509533353545
UG,56.739184795356614,0.4669417355053208,0.0003901536358753005,5.188892562333765,0.052646014072843424
UG,56.76419104691913,0.46693717809685203,0.0003904648999886079,5.1881938989490255,0.05246409742653176
UG,56.78919729848165,0.46693261709353634,0.0003907770095474585,5.187494956656371,0.05228275796473292
UG,56.81420355004417,0.4669280524856026,0.0003910899655998503,5.186795734810505,0.05210199406077946
UG,56.83920980160669,0.4669234842632675,0.00039140376919858717,5.186096232765968,0.05192180409104722
UG,56.86421605316921,0.466918912416736,0.00039171842140115447,5.1853964498771274,0.05174218643669172
UG,56.88922230473173,0.46691433693620105,0.0003920339232698432,5.184696385498185,0.05156313948174435
UG,56.91422855629425,0.46690975781184374,0.0003923502758716907,5.183996038983169,0.05138466161498854
UG,56.939234807856764,0.4669051750338332,0.000392667480278571,5.183295409685934,0.05120675122709203
UG,56.96424105941929,0.4669005885923263,0.00039298553756713126,5.182594496960158,0.05102940671383399
UG,56.9892473109818,0.46689599847746804,0.00039330444881883537,5.181893300159341,0.050852626474631415
UG,57.014253562544326,0.466891404679391,0.0003936242151199752,5.181191818636802,0.05067640891145458
UG,57.03925981410684,0.46688680718821585,0.0003939448375616978,5.180490051745677,0.050500752431684004
UG,57.064266065669365,0.46688220599405045,0.00039426631724002613,5.179787998838917,0.050325655444653096
UG,57.08927231723188,0.4668776010869909,0.00039458865525580385,5.179085659269282,0.0501511163649105
UG,57.114278568794404,0.4668729924571204,0.00039491185271478893,5.178383032389349,0.04997713360853912
UG,57.13928482035692,0.4668683800945102,0.00039523591072761796,5.177680117551499,0.049803705597977733
UG,57.16429107191944,0.46686376398921875,0.00039556083040989253,5.176976914107918,0.049630830756743655
UG,57.18929732348196,0.4668591441312918,0.0003958866128820588,5.176273421410599,0.049458507513869744
UG,57.21430357504448,0.46685452051076254,0.00039621325926955203,5.175569638811332,0.04928673430100716
UG,57.239309826607,0.4668498931176519,0.00039654077070271987,5.174865565661708,0.04911550955360282
UG,57.26431607816952,0.4668452619419675,0.00039686914831694303,5.174161201313117,0.04894483171120624
UG,57.28932232973204,0.4668406269737046,0.0003971983932525023,5.173456545116739,0.04877469921596836
UG,57.31432858129456,0.46683598820284544,0.0003975285066547196,5.172751596423548,0.048605110515173786
UG,57.33933483285708,0.46683134561935913,0.0003978594896738844,5.172046354584309,0.0484360640580699
UG,57.3643410844196,0.4668266992132023,0.00039819134346536216,5.171340818949574,0.048267558298903425
UG,57.389347335982116,0.4668220489743183,0.0003985240691895034,5.170634988869679,0.04809959169392912
UG,57.41435358754464,0.4668173948926371,0.000398857668011727,5.1699288636947465,0.04793216270523019
UG,57.439359839107155,0.46681273695807624,0.0003991921411024957,5.1692224427746725,0.04776526979601869
UG,57.46436609066968,0.4668080751605396,0.0003995274896373749,5.168515725459136,0.047598911435057525
UG,57.489372342232194,0.4668034094899176,0.0003998637147970218,5.167808711097594,0.04743308609375484
UG,57.51437859379472,0.46679873993608817,0.0004002008177671666,5.167101399039273,0.04726779224690415
UG,57.53938484535723,0.4667940664889148,0.00040053879973867885,5.166393788633176,0.04710302837346075
UG,57.564391096919756,0.46678938913824836,0.00040087766190755064,5.165685879228064,0.04693879295577299
UG,57.58939734848227,0.46678470787392623,0.0004012174054749688,5.164977670172478,0.04677508447932454
UG,57.614403600044795,0.4667800226857715,0.0004015580316472122,5.1642691608147135,0.046611901433699844
UG,57.63940985160731,0.4667753335635945,0.00040189954163578174,5.163560350502835,0.04644924231193648
UG,57.66441610316983,0.4667706404971915,0.0004022419366573373,5.162851238584658,0.046287105610114
UG,57.68942235473235,0.46676594347634515,0.0004025852179338138,5.1621418244077635,0.046125489828634944
UG,57.71442860629487,0.4667612424908243,0.0004029293866922833,5.161432107319482,0.04596439347109415
UG,57.73943485785739,0.466756537530384,0.00040327444416510727,5.160722086666898,0.04580381504398838
UG,57.764441109419906,0.46675182858476527,0.0004036203915898582,5.160011761796846,0.045643753058529836
UG,57.78944736098243,0.4667471156436952,0.0004039672302094375,5.159301132055908,0.0454842060283821
UG,57.814453612544945,0.46674239869688716,0.00040431496127196764,5.15859019679041,0.04532517247124273
UG,57.83945986410747,0.4667376777340402,0.00040466358603089486,5.157878955346423,0.045166650908677775
UG,57.864466115669984,0.46673295274483906,0.0004050131057449559,5.157167407069756,0.04500863986444279
UG,57.88947236723251,0.46672822371895467,0.0004053635216782442,5.156455551305957,0.04485113786768889
UG,57.91447861879502,0.4667234906460435,0.00040571483510019245,5.15574338740031,0.044694143449153796
UG,57.939484870357546,0.46671875351574765,0.00040606704728555977,5.15503091469783,0.04453765514469345
UG,57.96449112192006,0.466714012317695,0.000406420159514498,5.154318132543265,0.04438167149218669
UG,57.989497373482585,0.46670926704149884,0.00040677417307253725,5.153605040281089,0.044226191034249934
UG,58.0145036250451,0.46670451767675797,0.00040712908925065954,5.152891637255504,0.044071212316345074
UG,58.039509876607625,0.46669976421305687,0.00040748490934519084,5.152177922810432,0.04391673388758836
UG,58.06451612817014,0.46669500663996494,0.00040784163465794175,5.151463896289517,0.04376275430020283
UG,58.089522379732664,0.4666902449470375,0.0004081992664961373,5.150749557036125,0.04360927211012688
UG,58.11452863129518,0.4666854791238146,0.0004085578061725416,5.1500349043933324,0.04345628587685791
UG,58.1395348828577,0.4666807091598214,0.00040891725500531424,5.149319937703933,0.04330379416334062
UG,58.16454113442022,0.46667593504456895,0.0004092776143181665,5.148604656310429,0.04315179553593811
UG,58.18954738598274,0.46667115676755283,0.0004096388854402854,5.14788905955503,0.043000288563712574
UG,58.21455363754526,0.4666663743182532,0.0004100010697064484,5.147173146779655,0.04284927182096872
UG,58.23955988910778,0.4666615876861361,0.0004103641684569273,5.146456917325925,0.04269874388302958
UG,58.2645661406703,0.46665679686065176,0.0004107281830375744,5.14574037053516,0.042548703331244025
UG,58.28957239223282,0.46665200183123545,0.00041109311479980954,5.145023505748379,0.04239914874767415
UG,58.314578643795336,0.4666472025873072,0.00041145896510066574,5.144306322306298,0.04225007872017076
UG,58.33958489535785,0.4666423991182717,0.00041182573530280464,5.143588819549329,0.04210149183887308
UG,58.364591146920375,0.4666375914135183,0.00041219342677446694,5.142870996817568,0.041953386697068766
UG,58.38959739848289,0.46663277946242077,0.00041256204088957173,5.1421528534508045,0.04180576189166859
UG,58.414603650045414,0.46662796325433775,0.00041293157902767776,5.141434388788508,0.0416586160239557
UG,58.43960990160793,0.46662314277861167,0.00041330204257408396,5.14071560216984,0.041511947697175
UG,58.464616153170454,0.46661831802456993,0.0004136734329196995,5.139996492933637,0.04136575551840474
UG,58.48962240473297,0.4666134889815239,0.00041404575146120157,5.139277060418412,0.04122003809850476
UG,58.51462865629549,0.46660865563876935,0.0004144189996009553,5.138557303962355,0.04107479405162251
UG,58.53963490785801,0.46660381798558614,0.00041479317874714013,5.137837222903333,0.040930021994791795
UG,58.56464115942053,0.46659897601123834,0.0004151682903136265,5.137116816578877,0.040785720549058116
UG,58.58964741098305,0.46659412970497377,0.00041554433572010585,5.136396084326189,0.04064188833802405
UG,58.61465366254557,0.46658927905602465,0.0004159213163920366,5.135675025482136,0.04049852398921104
UG,58.63965991410809,0.46658442405360673,0.00041629923376073377,5.134953639383247,0.04035562613401687
UG,58.66466616567061,0.46657956468691975,0.00041667808926332646,5.134231925365708,0.040213193405779446
UG,58.689672417233126,0.46657470094514714,0.0004170578843427759,5.13350988276537,0.04007122444203727
UG,58.71467866879565,0.4665698328174565,0.0004174386204479227,5.132787510917731,0.03992971788392903
UG,58.739684920358165,0.4665649602929984,0.0004178202990334869,5.132064809157945,0.03978867237535345
UG,58.76469117192069,0.4665600833609074,0.00041820292156013864,5.131341776820813,0.03964808656359482
UG,58.789697423483204,0.46655520201030154,0.0004185864894943899,5.130618413240786,0.039507959099553604
UG,58.81470367504573,0.466550316230282,0.0004189710043087434,5.129894717751954,0.03936828863744849
UG,58.83970992660824,0.46654542600993365,0.0004193564674816196,5.1291706896880545,0.039229073834315835
UG,58.86471617817077,0.4665405313383247,0.00041974288049748587,5.128446328382462,0.03909031335082972
UG,58.88972242973328,0.46653563220450633,0.0004201302448467148,5.127721633168185,0.038952005851245676
UG,58.914728681295806,0.4665307285975132,0.00042051856202574337,5.126996603377865,0.038814150002551236
UG,58.93973493285832,0.46652582050636277,0.0004209078335369963,5.12627123834378,0.038676744475392565
UG,58.964741184420845,0.4665209079200556,0.0004212980608890039,5.125545537397828,0.03853978794356502
UG,58.98974743598336,0.46651599082757567,0.0004216892455963156,5.12481949987154,0.03840327908398902
UG,59.014753687545884,0.46651106921788893,0.00042208138917957224,5.124093125096065,0.038267216577211986
UG,59.0397599391084,0.46650614307994515,0.00042247449316551244,5.123366412402176,0.03813159910680933
UG,59.064766190670916,0.4665012124026763,0.0004228685590870037,5.122639361120258,0.03799642535955741
UG,59.08977244223344,0.466496277174997,0.00042326358848308496,5.121911970580315,0.03786169402561859
UG,59.114778693795955,0.4664913373858048,0.00042365958289888704,5.121184240111963,0.03772740379844967
UG,59.13978494535848,0.4664863930239796,0.0004240565438857626,5.120456169044424,0.03759355337470878
UG,59.164791196920994,0.4664814440783837,0.0004244544730012272,5.119727756706529,0.03746014145382969
UG,59.18979744848352,0.4664764905378622,0.0004248533718090832,5.1189990024267145,0.03732716673963824
UG,59.21480370004603,0.46647153239124206,0.00042525324187927524,5.118269905533014,0.03719462793802306
UG,59.23980995160856,0.46646656962733285,0.00042565408478806,5.11754046535306,0.03706252375816621
UG,59.26481620317107,0.46646160223492605,0.0004260559021179228,5.116810681214084,0.03693085291366943
UG,59.289822454733596,0.4664566302027955,0.00042645869545770586,5.1160805524429085,0.03679961411969466
UG,59.31482870629611,0.4664516535196971,0.0004268624664025039,5.1153500783659425,0.036668806096000886
UG,59.339834957858635,0.4664466721743684,0.0004272672165537644,5.1146192583091885,0.03653842756506751
UG,59.36484120942115,0.46644168615552944,0.00042767294751927065,5.113888091598229,0.03640847725156048
UG,59.389847460983674,0.46643669545188154,0.00042807966091318994,5.113156577558229,0.03627895388534182
UG,59.41485371254619,0.4664317000521081,0.0004284873583561047,5.112424715513934,0.03614985619768291
UG,59.43985996410871,0.4664266999448741,0.00042889604147494827,5.111692504789663,0.03602118292381966
UG,59.46486621567123,0.46642169511882614,0.00042930571190312374,5.110959944709311,0.03589293280230719
UG,59.48987246723375,0.46641668556259247,0.00042971637128045074,5.110227034596343,0.03576510457442199
UG,59.51487871879627,0.46641167126478256,0.00043012802125329014,5.109493773773788,0.03563769698482872
UG,59.53988497035879,0.4664066522139877,0.00043054066347440317,5.108760161564245,0.03551070878133884
UG,59.56489122192131,0.46640162839878024,0.00043095429960311683,5.108026197289875,0.035384138714904714
UG,59.58989747348383,0.4663965998077136,0.0004313689313052469,5.107291880272391,0.03525798553993306
UG,59.61490372504635,0.46639156642932295,0.0004317845602532232,5.106557209833071,0.03513224801318635
UG,59.63990997660887,0.46638652825212384,0.0004322011881259894,5.105822185292742,0.035006924895260506
UG,59.664916228171386,0.4663814852646135,0.000432618816609102,5.105086805971783,0.03488201494963585
UG,59.68992247973391,0.46637643745526963,0.00043303744739471686,5.104351071190118,0.034757516942846046
UG,59.714928731296425,0.4663713848125513,0.00043345708218163725,5.103614980267222,0.03463342964548463
UG,59.73993498285895,0.46636632732489797,0.00043387772267534637,5.102878532522103,0.034509751829283355
UG,59.764941234421464,0.4663612649807298,0.00043429937058794187,5.10214172727332,0.034386482270845
UG,59.78994748598398,0.46635619776844783,0.0004347220276382596,5.101404563838957,0.034263619749082805
UG,59.8149537375465,0.46635112567643394,0.00043514569555181987,5.100667041536637,0.034141163046243185
UG,59.83995998910902,0.46634604869304996,0.00043557037606095525,5.099929159683513,0.034019110947967134
UG,59.86496624067154,0.46634096680663834,0.0004359960709046657,5.099190917596266,0.03389746224204878
UG,59.88997249223406,0.46633588000552206,0.0004364227818287902,5.098452314591097,0.03377621572023691
UG,59.91497874379658,0.4663307882780041,0.00043685051058592783,5.097713349983737,0.03365537017758903
UG,59.9399849953591,0.4663256916123679,0.00043727925893556917,5.096974023089428,0.03353492441092217
UG,59.96499124692162,0.466320589996877,0.00043770902864399087,5.096234333222933,0.033414877221678865
UG,59.989997498484136,0.4663154834197745,0.00043813982148435817,5.095494279698525,0.03329522741266598
UG,60.01500375004666,0.46631037186928426,0.00043857163923671495,5.094753861829988,0.033175973791552446
UG,60.040010001609176,0.46630525533360934,0.0004390044836880274,5.094013078930613,0.03305711516820281
UG,60.0650162531717,0.46630013380093305,0.0004394383566322286,5.093271930313195,0.032938650355062306
UG,60.090022504734215,0.4662950072594181,0.00043987325987013926,5.092530415290032,0.03282057816851518
UG,60.11502875629674,0.46628987569720715,0.00044030919520960754,5.091788533172917,0.032702897427130236
UG,60.140035007859254,0.4662847391024222,0.0004407461644654437,5.091046283273137,0.03258560695338839
UG,60.16504125942178,0.4662795974631648,0.00044118416945955675,5.090303664901476,0.032468705572078496
UG,60.19004751098429,0.4662744507675159,0.00044162321202081224,5.089560677368205,0.03235219211138387
UG,60.215053762546816,0.46626929900353614,0.00044206329398519895,5.088817319983079,0.03223606540245535
UG,60.24006001410933,0.4662641421592647,0.0004425044171957567,5.0880735920553395,0.032120324279049435
UG,60.265066265671855,0.4662589802227206,0.000442946583502696,5.087329492893706,0.0320049675788772
UG,60.29007251723437,0.4662538131819014,0.0004433897947633258,5.086585021806376,0.03188999414163234
UG,60.315078768796894,0.4662486410247843,0.00044383405284211403,5.085840178101019,0.03177540281087659
UG,60.34008502035941,0.4662434637393248,0.0004442793596107152,5.085094961084781,0.03166119243210388
UG,60.36509127192193,0.4662382813134577,0.00044472571694798956,5.084349370064269,0.03154736185471295
UG,60.39009752348445,0.4662330937350962,0.0004451731267400741,5.083603404345558,0.03143390993051832
UG,60.41510377504697,0.46622790099213257,0.00044562159088027835,5.0828570632341865,0.0313208355149252
UG,60.44011002660949,0.46622270307243735,0.0004460711112692449,5.082110346035149,0.0312081374658197
UG,60.465116278172005,0.4662174999638599,0.00044652168981487424,5.081363252052899,0.03109581464414815
UG,60.49012252973453,0.46621229165422773,0.0004469733284324698,5.080615780591338,0.030983865913721913
UG,60.515128781297044,0.4662070781313468,0.0004474260290445946,5.079867930953823,0.030872290141374593
UG,60.54013503285957,0.46620185938300146,0.00044787979358123695,5.079119702443152,0.030761086197258126
UG,60.56514128442208,0.4661966353969542,0.0004483346239797442,5.078371094361567,0.03065025295398313
UG,60.590147535984606,0.4661914061609454,0.00044879052218492905,5.077622106010756,0.03053978928690322
UG,60.61515378754712,0.4661861716626939,0.00044924749014903595,5.076872736691836,0.030429694075034982
UG,60.640160039109645,0.46618093188989607,0.00044970552983175015,5.076122985705366,0.030319966199805003
UG,60.66516629067216,0.46617568683022603,0.0004501646432002735,5.07537285235133,0.03021060454578246
UG,60.690172542234684,0.46617043647133627,0.0004506248322293089,5.074622335929139,0.03010160800001699
UG,60.7151787937972,0.4661651808008565,0.0004510860989011689,5.073871435737636,0.029992975453334087
UG,60.74018504535972,0.4661599198063941,0.00045154844520563724,5.073120151075077,0.02988470579842788
UG,60.76519129692224,0.466154653475534,0.0004520118731401549,5.072368481239144,0.02977679793157281
UG,60.79019754848476,0.4661493817958385,0.0004524763847097351,5.071616425526925,0.029669250751878134
UG,60.81520380004728,0.4661441047548473,0.0004529419819271105,5.070863983234931,0.029562063161213143
UG,60.8402100516098,0.46613882234007725,0.0004534086668126054,5.07011115365907,0.02945523406395051
UG,60.86521630317232,0.4661335345390227,0.0004538764413942753,5.069357936094667,0.02934876236824075
UG,60.89022255473484,0.4661282413391547,0.0004543453077078723,5.068604329836441,0.029242646984192204
UG,60.91522880629736,0.4661229427279214,0.0004548152677969171,5.067850334178513,0.029136886825260607
UG,60.94023505785988,0.46611763869274764,0.00045528632371272254,5.067095948414401,0.029031480807850597
UG,60.965241309422396,0.46611232922103557,0.0004557584775143349,5.066341171837016,0.02892642785088756
UG,60.99024756098492,0.4661070143001638,0.0004562317312686693,5.065586003738655,0.028821726876463404
UG,61.015253812547435,0.46610169391748746,0.000456706087050455,5.064830443411006,0.02871737680901081
UG,61.04026006410996,0.46609636806033855,0.0004571815469423781,5.064074490145137,0.028613376576590625
UG,61.065266315672474,0.4660910367160252,0.0004576581130349196,5.063318143231496,0.028509725109320466
UG,61.090272567235,0.466085699871832,0.0004581357874265583,5.06256140195991,0.02840642134048803
UG,61.11527881879751,0.4660803575150199,0.0004586145722236791,5.061804265619576,0.028303464206169693
UG,61.14028507036004,0.466075009632826,0.00045909446954070764,5.061046733499063,0.02820085264553932
UG,61.16529132192255,0.46606965621246355,0.0004595754815000407,5.060288804886307,0.028098585600225545
UG,61.19029757348507,0.4660642972411217,0.0004600576102321052,5.059530479068607,0.027996662014431743
UG,61.21530382504759,0.4660589327059657,0.00046054085787539605,5.0587717553326215,0.027895080835972617
UG,61.24031007661011,0.46605356259413633,0.00046102522657649075,5.058012632964367,0.027793841014677478
UG,61.26531632817263,0.46604818689275046,0.0004615107184901384,5.057253111249211,0.027692941503392673
UG,61.29032257973515,0.4660428055889005,0.0004619973357791436,5.056493189471876,0.027592381258138267
UG,61.31532883129767,0.46603741866965415,0.00046248508061454363,5.055732866916427,0.02749215923724091
UG,61.340335082860186,0.4660320261220549,0.0004629739551755257,5.0549721428662755,0.027392274401862763
UG,61.36534133442271,0.46602662793312144,0.00046346396164958614,5.054211016604172,0.027292725716040196
UG,61.390347585985225,0.46602122408984775,0.00046395510223238814,5.053449487412203,0.027193512146642316
UG,61.41535383754775,0.46601581457920327,0.0004644473791279258,5.05268755457179,0.02709463266327105
UG,61.440360089110264,0.4660103993881319,0.0004649407945484733,5.051925217363684,0.026996086238224817
UG,61.46536634067279,0.4660049785035531,0.00046543535071467116,5.051162475067964,0.026897871846302962
UG,61.4903725922353,0.46599955191236114,0.00046593104985554227,5.050399326964031,0.026799988465550796
UG,61.515378843797826,0.465994119601425,0.00046642789420845034,5.049635772330606,0.0267024350764779
UG,61.54038509536034,0.46598868155758816,0.0004669258860192228,5.048871810445729,0.026605210662018094
UG,61.565391346922866,0.46598323776766903,0.0004674250275421083,5.04810744058675,0.026508314208581327
UG,61.59039759848538,0.4659777882184606,0.0004679253210399173,5.047342662030331,0.026411744704764557
UG,61.615403850047905,0.46597233289672996,0.0004684267687838673,5.046577474052439,0.026315501141658353
UG,61.64041010161042,0.4659668717892187,0.00046892937305378365,5.045811875928346,0.026219582513802124
UG,61.665416353172944,0.4659614048826427,0.0004694331361380136,5.045045866932622,0.026123987817961544
UG,61.69042260473546,0.46595593216369185,0.00046993806033356414,5.044279446339134,0.026028716053565153
UG,61.71542885629798,0.46595045361903026,0.00047044414794603274,5.043512613421039,0.025933766222776586
UG,61.7404351078605,0.4659449692352958,0.0004709514012896691,5.042745367450789,0.025839137330501093
UG,61.76544135942302,0.4659394789991002,0.00047145982268741973,5.041977707700116,0.025744828384295506
UG,61.79044761098554,0.4659339828970291,0.00047196941447093867,5.041209633440037,0.025650838394707835
UG,61.81545386254806,0.46592848091564154,0.0004724801789806909,5.040441143940845,0.025557166374571078
UG,61.84046011411058,0.4659229730414702,0.00047299211856582273,5.039672238472114,0.02546381133934906
UG,61.8654663656731,0.4659174592610214,0.00047350523558435534,5.038902916302686,0.025370772307262212
UG,61.890472617235616,0.4659119395607745,0.0004740195324030998,5.038133176700669,0.0252780482994283
UG,61.91547886879813,0.4659064139271824,0.00047453501139781287,5.0373630189334415,0.025185638339551474
UG,61.940485120360655,0.46590088234667093,0.00047505167495307795,5.036592442267638,0.025093541453444845
UG,61.96549137192317,0.4658953448056391,0.00047556952546244565,5.035821445969154,0.025001756670418752
UG,61.990497623485695,0.4658898012904588,0.0004760885653284054,5.035050029303136,0.024910283021572208
UG,62.01550387504821,0.46588425178747467,0.00047660879696246065,5.034278191533986,0.02481911954130602
UG,62.040510126610734,0.4658786962830045,0.00047713022278516784,5.0335059319253475,0.024728265266230565
UG,62.06551637817325,0.4658731347633381,0.0004776528452260701,5.0327332497401125,0.024637719235772935
UG,62.09052262973577,0.4658675672147383,0.0004781766667238501,5.03196014424041,0.024547480491815606
UG,62.11552888129829,0.46586199362344016,0.0004787016897262674,5.031186614687603,0.02445754807912318
UG,62.14053513286081,0.46585641397565136,0.00047922791669031847,5.030412660342296,0.02436792104505286
UG,62.16554138442333,0.46585082825755125,0.0004797553500820837,5.029638280464311,0.024278598438753365
UG,62.19054763598585,0.4658452364552919,0.0004802839923769206,5.028863474312704,0.024189579313212417
UG,62.21555388754837,0.4658396385549972,0.0004808138460593913,5.028088241145751,0.024100862723192222
UG,62.24056013911089,0.4658340345427628,0.00048134491362339035,5.0273125802209435,0.02401244772594513
UG,62.265566390673406,0.46582842440465616,0.0004818771975721093,5.026536490794991,0.023924333382266363
UG,62.29057264223593,0.4658228081267166,0.00048241070041805413,5.0257599721238115,0.023836518754250816
UG,62.315578893798445,0.46581718569495534,0.00048294542468313667,5.024983023462533,0.02374900290754175
UG,62.34058514536097,0.4658115570953544,0.00048348137289865755,5.024205644065482,0.023661784909760352
UG,62.365591396923485,0.46580592231386775,0.00048401854760543795,5.023427833186194,0.023574863831400707
UG,62.39059764848601,0.4658002813364203,0.000484556951353674,5.022649590077391,0.023488238745341332
UG,62.415603900048524,0.4657946341489086,0.0004850965867031422,5.021870913990992,0.02340190872699815
UG,62.44061015161105,0.46578898073719965,0.00048563745622311557,5.021091804178107,0.023315872854370565
UG,62.46561640317356,0.46578332108713183,0.0004861795624925174,5.020312259889028,0.023230130208115055
UG,62.490622654736086,0.46577765518451447,0.00048672290809982974,5.01953228037323,0.023144679871160614
UG,62.5156289062986,0.4657719830151274,0.0004872674956431931,5.018751864879365,0.02305952092931258
UG,62.540635157861125,0.465766304564721,0.0004878133277304287,5.01797101265526,0.022974652470461068
UG,62.56564140942364,0.4657606198190164,0.0004883604069790703,5.017189722947911,0.022890073585374825
UG,62.590647660986164,0.46575492876370517,0.0004889087360164618,5.0164079950034814,0.022805783367146545
UG,62.61565391254868,0.4657492313844491,0.0004894583174796383,5.015625828067296,0.022721780911296004
UG,62.640660164111196,0.46574352766688,0.0004900091540155219,5.014843221383842,0.022638065316150025
UG,62.66566641567372,0.46573781759660016,0.0004905612482808399,5.014060174196757,0.022554635682185877
UG,62.690672667236235,0.46573210115918157,0.0004911146029422976,5.013276685748836,0.022471491112467042
UG,62.71567891879876,0.46572637834016617,0.0004916692206764369,5.012492755282014,0.022388630712876386
UG,62.740685170361274,0.4657206491250655,0.0004922251041698087,5.011708382037376,0.022306053591274678
UG,62.7656914219238,0.46571491349936117,0.0004927822561189351,5.010923565255144,0.022223758857909122
UG,62.790697673486314,0.4657091714485039,0.0004933406792303937,5.01013830417468,0.02214174562634496
UG,62.81570392504884,0.4657034229579139,0.0004939003762208622,5.0093525980344715,0.02206001301167849
UG,62.84071017661135,0.4656976680129808,0.0004944613498170509,5.008566446072141,0.02197856013200839
UG,62.865716428173876,0.4656919065990634,0.0004950236027558677,5.007779847524431,0.021897386107517045
UG,62.89072267973639,0.46568613870148956,0.0004955871377843553,5.006992801627208,0.02181649006092783
UG,62.915728931298915,0.4656803643055559,0.000496151957659862,5.0062053076154545,0.02173587111769576
UG,62.94073518286143,0.46567458339652834,0.0004967180651498834,5.005417364723265,0.021655528405520742
UG,62.965741434423954,0.46566879595964106,0.0004972854630322711,5.004628972183843,0.02157546105440945
UG,62.99074768598647,0.465663001980097,0.0004978541540951589,5.0038401292294985,0.02149566819696092
UG,63.01575393754899,0.465657201443068,0.0004984241411370935,5.003050835091642,0.021416148967999003
UG,63.04076018911151,0.46565139433369357,0.0004989954269670195,5.00226108900078,0.021336902504876236
UG,63.06576644067403,0.46564558063708195,0.0004995680144042761,5.001470890186517,0.02125792794745299
UG,63.09077269223655,0.46563976033830945,0.0005001419062787188,5.000680237877541,0.021179224438073824
UG,63.11577894379907,0.4656339334224203,0.0005007171054306854,4.999889131301628,0.021100791120921353
UG,63.14078519536159,0.465628099874427,0.0005012936147111528,4.999097569685638,0.021022627143139665
UG,63.16579144692411,0.4656222596793091,0.0005018714369815849,4.9983055522555055,0.020944731654068766
UG,63.19079769848663,0.46561641282201466,0.0005024505751141442,4.997513078236239,0.020867103805307104
UG,63.21580395004915,0.46561055928745876,0.000503031031991616,4.996720146851915,0.02078974275119505
UG,63.240810201611666,0.465604699060524,0.0005036128105075586,4.995926757325682,0.02071264764803743
UG,63.26581645317419,0.4655988321260604,0.0005041959135662447,4.995132908879741,0.020635817654688415
UG,63.290822704736705,0.4655929584688851,0.0005047803440827197,4.994338600735358,0.020559251932519042
UG,63.31582895629922,0.46558707807378236,0.0005053661049828743,4.9935438321128505,0.020482949644697906
UG,63.340835207861744,0.4655811909255033,0.0005059531992034489,4.992748602231581,0.020406909957414544
UG,63.36584145942426,0.46557529700876615,0.0005065416296921672,4.991952910309963,0.020331132038823984
UG,63.39084771098678,0.4655693963082553,0.0005071313994075905,4.991156755565449,0.02025561505956886
UG,63.4158539625493,0.4655634888086222,0.0005077225113193421,4.99036013721453,0.02018035819259345
UG,63.44086021411182,0.4655575744944845,0.000508314968408021,4.989563054472727,0.0201053606128432
UG,63.46586646567434,0.4655516533504262,0.0005089087736653748,4.988765506554594,0.020030621498392236
UG,63.49087271723686,0.4655457253609978,0.0005095039300941944,4.987967492673707,0.019956140028731178
UG,63.51587896879938,0.4655397905107154,0.0005101004407084387,4.987169012042665,0.0198819153861097
UG,63.5408852203619,0.46553384878406145,0.0005106983085332553,4.986370063873083,0.019807946755191225
UG,63.56589147192442,0.4655279001654839,0.0005112975366050247,4.985570647375586,0.019734233322735627
UG,63.59089772348694,0.4655219446393968,0.0005118981279714652,4.984770761759812,0.01966077427780313
UG,63.615903975049456,0.4655159821901795,0.0005125000856915071,4.983970406234401,0.019587568811928725
UG,63.64091022661198,0.46551001280217663,0.0005131034128355146,4.983169580006992,0.019514616118517097
UG,63.665916478174495,0.4655040364596986,0.0005137081124851984,4.982368282284218,0.019441915394098154
UG,63.69092272973702,0.4654980531470209,0.0005143141877338068,4.981566512271714,0.01936946583636316
UG,63.715928981299534,0.46549206284838357,0.0005149216416859805,4.980764269174089,0.0192972666460126
UG,63.74093523286206,0.4654860655479922,0.000515530477457934,4.9799615521949425,0.0192253170259218
UG,63.76594148442457,0.4654800612300169,0.0005161406981774329,4.979158360536852,0.019153616181227018
UG,63.790947735987096,0.4654740498785925,0.0005167523069838736,4.97835469340137,0.01908216331903905
UG,63.81595398754961,0.4654680314778184,0.0005173653070283551,4.97755054998902,0.019010957648890638
UG,63.840960239112135,0.46546200601175847,0.0005179797014735909,4.97674592949929,0.01893999838293092
UG,63.86596649067465,0.46545597346444056,0.0005185954934941072,4.9759408311306315,0.018869284734928698
UG,63.890972742237174,0.4654499338198571,0.0005192126862761688,4.975135254080453,0.018798815921281166
UG,63.91597899379969,0.46544388706196416,0.0005198312830179717,4.97432919754512,0.018728591160418282
UG,63.940985245362214,0.46543783317468207,0.0005204512869294865,4.973522660719937,0.018658609673250823
UG,63.96599149692473,0.4654317721418946,0.0005210727012326685,4.972715642799168,0.018588870682539057
UG,63.99099774848725,0.46542570394744914,0.0005216955291614069,4.9719081429760035,0.01851937341371151
UG,64.01600400004978,0.4654196285751566,0.0005223197739616357,4.971100160442581,0.018450117093998755
UG,64.04101025161229,0.46541354600879153,0.000522945438891373,4.970291694389962,0.018381100953121114
UG,64.06601650317481,0.46540745623209123,0.0005235725272206693,4.969482744008142,0.01831232422286773
UG,64.09102275473732,0.46540135922875636,0.0005242010422317829,4.968673308486033,0.018243786137117215
UG,64.11602900629984,0.4653952549824506,0.0005248309872191224,4.967863387011471,0.01817548593226226
UG,64.14103525786237,0.46538914347679994,0.00052546236548944,4.967052978771203,0.018107422846637626
UG,64.16604150942489,0.46538302469539355,0.0005260951803616584,4.96624208295089,0.018039596120684048
UG,64.1910477609874,0.4653768986217829,0.0005267294351671096,4.9654306987350925,0.017972004997167945
UG,64.21605401254992,0.4653707652394819,0.0005273651332494652,4.964618825307277,0.01790464872109053
UG,64.24106026411245,0.46536462453196675,0.0005280022779648709,4.963806461849804,0.01783752653954823
UG,64.26606651567496,0.4653584764826754,0.0005286408726819562,4.96299360754393,0.017770637701732976
UG,64.29107276723748,0.4653523210750086,0.0005292809207818172,4.962180261569791,0.017703981459057862
UG,64.3160790188,0.4653461582923278,0.0005299224256581737,4.961366423106414,0.017637557064972356
UG,64.34108527036253,0.465339988117957,0.0005305653907173231,4.960552091331702,0.017571363775328926
UG,64.36609152192504,0.46533381053518136,0.0005312098193783274,4.959737265422432,0.01750540084787544
UG,64.39109777348756,0.46532762552724777,0.0005318557150728502,4.958921944554253,0.017439667542553938
UG,64.41610402505007,0.46532143307736384,0.0005325030812453985,4.958106127901674,0.017374163121500762
UG,64.4411102766126,0.4653152331686987,0.000533151921353243,4.957289814638068,0.01730888684912799
UG,64.46611652817512,0.4653090257843823,0.0005338022388665721,4.956473003935667,0.017243837991514587
UG,64.49112277973764,0.4653028109075057,0.000534454037268481,4.955655694965548,0.017179015817159013
UG,64.51612903130015,0.46529658852111994,0.000535107320054987,4.954837886897639,0.017114419596778254
UG,64.54113528286268,0.46529035860823753,0.0005357620907351556,4.95401957890071,0.017050048602881878
UG,64.5661415344252,0.4652841211518304,0.0005364183528310837,4.9532007701423675,0.01698590211042737
UG,64.59114778598772,0.4652778761348316,0.0005370761098780752,4.952381459789055,0.016921979396396707
UG,64.61615403755023,0.4652716235401338,0.0005377353654244785,4.951561647006039,0.01685827973937791
UG,64.64116028911276,0.46526536335058943,0.0005383961230319369,4.95074133095741,0.016794802420785147
UG,64.66616654067528,0.4652590955490113,0.0005390583862753048,4.949920510806083,0.016731546723680175
UG,64.6911727922378,0.4652528201181713,0.0005397221587428229,4.949099185713786,0.016668511933120942
UG,64.71617904380031,0.46524653704080127,0.0005403874440360718,4.948277354841052,0.016605697336578865
UG,64.74118529536283,0.46524024629959193,0.0005410542457700283,4.947455017347223,0.016543102223377005
UG,64.76619154692536,0.46523394787719363,0.0005417225675731691,4.9466321723904425,0.016480725884863417
UG,64.79119779848787,0.46522764175621567,0.0005423924130874707,4.945808819127648,0.01641856761452827
UG,64.81620405005039,0.4652213279192259,0.0005430637859685773,4.944984956714567,0.016356626708080642
UG,64.8412103016129,0.46521500634875146,0.0005437366898856428,4.944160584305717,0.01629490246284442
UG,64.86621655317543,0.46520867702727764,0.0005444111285215875,4.943335701054393,0.01623339417864466
UG,64.89122280473795,0.4652023399372483,0.0005450871055730118,4.942510306112667,0.01617210115702678
UG,64.91622905630047,0.46519599506106574,0.0005457646247503857,4.941684398631387,0.016111022701829264
UG,64.94123530786298,0.46518964238109,0.0005464436897779779,4.9408579777601656,0.016050158118447677
UG,64.96624155942551,0.4651832818796396,0.000547124304393944,4.940031042647373,0.015989506714857486
UG,64.99124781098803,0.46517691353899043,0.0005478064723504124,4.939203592440148,0.01592906780095838
UG,65.01625406255054,0.46517053734137637,0.0005484901974135024,4.9383756262843725,0.015868840688268437
UG,65.04126031411306,0.46516415326898836,0.0005491754833634824,4.93754714332468,0.01580882469069861
UG,65.06626656567559,0.46515776130397535,0.0005498623339946129,4.936718142704446,0.015749019123964328
UG,65.0912728172381,0.4651513614284427,0.0005505507531154168,4.935888623565786,0.015689423305870153
UG,65.11627906880062,0.4651449536244535,0.0005512407445485873,4.935058585049546,0.015630036556324795
UG,65.14128532036314,0.46513853787402726,0.0005519323121311797,4.934228026295305,0.015570858196978453
UG,65.16629157192567,0.46513211415914024,0.0005526254597145439,4.933396946441355,0.015511887551544526
UG,65.19129782348818,0.4651256824617254,0.0005533201911644257,4.932565344624722,0.015453123945922152
UG,65.2163040750507,0.4651192427636721,0.0005540165103610364,4.931733219981132,0.01539456670759695
UG,65.24131032661322,0.46511279504682573,0.0005547144211990858,4.930900571645028,0.015336215166461827
UG,65.26631657817575,0.4651063392929877,0.0005554139275879346,4.93006739874955,0.015278068654087108
UG,65.29132282973826,0.4650998754839159,0.0005561150334514529,4.9292337004265425,0.015220126503974123
UG,65.31632908130078,0.46509340360132295,0.0005568177427282795,4.92839947580654,0.015162388051878412
UG,65.3413353328633,0.4650869236268779,0.0005575220593717368,4.927564724018768,0.015104852635191622
UG,65.36634158442583,0.4650804355422047,0.00055822798735004,4.926729444191133,0.015047519593374224
UG,65.39134783598834,0.4650739393288831,0.0005589355306461939,4.925893635450223,0.014990388267799647
UG,65.41635408755086,0.465067434968447,0.0005596446932581399,4.925057296921297,0.014933458001895598
UG,65.44136033911337,0.465060922442386,0.0005603554791987995,4.924220427728283,0.014876728140957113
UG,65.46636659067589,0.4650544017321442,0.0005610678924961266,4.923383026993774,0.014820198032116896
UG,65.49137284223842,0.46504787281912,0.0005617819371932527,4.922545093839018,0.014763867024514795
UG,65.51637909380094,0.46504133568466677,0.0005624976173483488,4.9217066273839185,0.014707734469102667
UG,65.54138534536345,0.46503479031009143,0.0005632149370348908,4.920867626747028,0.014651799718965132
UG,65.56639159692597,0.4650282366766555,0.0005639339003415752,4.920028091045538,0.01459606212887464
UG,65.5913978484885,0.46502167476557393,0.000564654511372536,4.91918801939528,0.014540521055693329
UG,65.61640410005101,0.46501510455801565,0.00056537677424723,4.91834741091072,0.014485175857933073
UG,65.64141035161353,0.46500852603510323,0.0005661006931006057,4.917506264704949,0.01443002589632867
UG,65.66641660317605,0.46500193917791227,0.0005668262720831324,4.916664579889679,0.014375070533228904
UG,65.69142285473858,0.4649953439674718,0.0005675535153608686,4.91582235557524,0.014320309132951
UG,65.71642910630109,0.46498874038476373,0.0005682824271155999,4.914979590870576,0.014265741061744639
UG,65.74143535786361,0.46498212841072306,0.000569013011544708,4.9141362848832335,0.014211365687712786
UG,65.76644160942612,0.4649755080262371,0.0005697452728614401,4.9132924367193604,0.014157182380799356
UG,65.79144786098865,0.4649688792121459,0.0005704792152948239,4.912448045483706,0.014103190512880535
UG,65.81645411255117,0.4649622419492417,0.0005712148430898932,4.911603110279603,0.014049389457574366
UG,65.84146036411369,0.4649555962182688,0.0005719521605075651,4.910757630208973,0.013995778590390858
UG,65.8664666156762,0.4649489419999237,0.0005726911718248243,4.909911604372319,0.013942357288938358
UG,65.89147286723873,0.4649422792748545,0.0005734318813347464,4.909065031868712,0.013889124932237781
UG,65.91647911880125,0.4649356080236608,0.0005741742933465754,4.908217911795802,0.013836080901480615
UG,65.94148537036376,0.4649289282268938,0.0005749184121858562,4.907370243249793,0.013783224579723767
UG,65.96649162192628,0.46492223986505576,0.0005756642421943165,4.9065220253254545,0.013730555351421673
UG,65.99149787348881,0.4649155429186002,0.0005764117877301294,4.9056732571161055,0.013678072603496684
UG,66.01650412505133,0.4649088373679314,0.0005771610531678372,4.904823937713616,0.013625775724089396
UG,66.04151037661384,0.46490212319340396,0.0005779120428985816,4.903974066208392,0.0135736641037492
UG,66.06651662817636,0.46489540037532373,0.0005786647613299756,4.903123641689382,0.01352173713421168
UG,66.09152287973889,0.46488866889394626,0.0005794192128863021,4.902272663244063,0.01346999420965625
UG,66.1165291313014,0.46488192872947726,0.0005801754020085275,4.90142112995844,0.013418434725434109
UG,66.14153538286392,0.4648751798620726,0.0005809333331543954,4.900569040917035,0.013367058079298975
UG,66.16654163442644,0.46486842227183794,0.0005816930107985514,4.899716395202888,0.01331586367039203
UG,66.19154788598895,0.46486165593882817,0.0005824544394324314,4.898863191897545,0.013264850899799436
UG,66.21655413755148,0.4648548808430478,0.000583217623564532,4.898009430081058,0.013214019170414065
UG,66.241560389114,0.46484809696445034,0.0005839825677203292,4.897155108831979,0.013163367886784842
UG,66.26656664067652,0.46484130428293874,0.000584749276442519,4.896300227227345,0.013112896455503434
UG,66.29157289223903,0.4648345027783641,0.0005855177542908862,4.895444784342689,0.013062604284672322
UG,66.31657914380156,0.46482769243052635,0.0005862880058425127,4.894588779252018,0.013012490784233057
UG,66.34158539536408,0.4648208732191742,0.0005870600356917869,4.89373221102782,0.01296255536602014
UG,66.3665916469266,0.46481404512400415,0.0005878338484505074,4.892875078741051,0.012912797443430086
UG,66.39159789848911,0.4648072081246607,0.0005886094487480046,4.892017381461129,0.012863216431671565
UG,66.41660415005164,0.46480036220073656,0.0005893868412310398,4.891159118255932,0.012813811747896683
UG,66.44161040161416,0.4647935073317717,0.00059016603056407,4.890300288191796,0.01276458281086277
UG,66.46661665317667,0.46478664349725357,0.000590947021429178,4.8894408903334945,0.012715529040793207
UG,66.49162290473919,0.46477977067661724,0.0005917298185263113,4.888580923744252,0.012666649860370647
UG,66.51662915630172,0.4647728888492442,0.0005925144265731523,4.88772038748572,0.012617944693307117
UG,66.54163540786423,0.4647659979944632,0.0005933008503053373,4.886859280617988,0.012569412965281721
UG,66.56664165942675,0.46475909809154925,0.0005940890944764631,4.885997602199562,0.012521054103717212
UG,66.59164791098927,0.4647521891197246,0.0005948791638581967,4.885135351287374,0.012472867537961535
UG,66.6166541625518,0.4647452710581567,0.0005956710632404006,4.8842725269367655,0.012424852698667218
UG,66.64166041411431,0.4647383438859597,0.0005964647974310282,4.883409128201479,0.012377009018623243
UG,66.66666666567683,0.4647314075821934,0.0005972603712564036,4.882545154133667,0.012329335931928762
UG,66.69167291723934,0.464724462125863,0.0005980577895611463,4.881680603783869,0.01228183287459241
UG,66.71667916880187,0.4647175074959195,0.0005988570572084186,4.880815476201021,0.012234499284541334
UG,66.74168542036439,0.4647105436712589,0.0005996581790797943,4.879949770432434,0.012187334600836737
UG,66.7666916719269,0.4647035706307221,0.0006004611600754864,4.879083485523804,0.012140338264952323
UG,66.79169792348942,0.46469658835309513,0.0006012660051143542,4.878216620519193,0.012093509719191028
UG,66.81670417505195,0.46468959681710814,0.0006020727191340166,4.877349174461028,0.012046848408435616
UG,66.84171042661447,0.4646825960014361,0.0006028813070909785,4.876481146390098,0.012000353778648535
UG,66.86671667817699,0.4646755858846977,0.0006036917739605395,4.875612535345545,0.011954025277535554
UG,66.8917229297395,0.46466856644545596,0.000604504124737064,4.874743340364858,0.011907862354680793
UG,66.91672918130202,0.4646615376622177,0.0006053183644339176,4.873873560483864,0.011861864461186172
UG,66.94173543286455,0.4646544995134326,0.0006061344980837205,4.873003194736729,0.011816031049891623
UG,66.96674168442706,0.4646474519774945,0.0006069525307382075,4.8721322421559465,0.011770361575197775
UG,66.99174793598958,0.46464039503273985,0.0006077724674684748,4.87126070177233,0.011724855493302972
UG,67.0167541875521,0.46463332865744805,0.0006085943133649781,4.870388572615019,0.011679512261887107
UG,67.04176043911463,0.4646262528298413,0.0006094180735376582,4.86951585371145,0.01163433134030452
UG,67.06676669067714,0.4646191675280839,0.0006102437531160671,4.8686425440873755,0.011589312189774
UG,67.09177294223966,0.46461207273028293,0.0006110713572492788,4.867768642766842,0.0115444542726931
UG,67.11677919380217,0.464604968414487,0.000611900891106169,4.866894148772187,0.011499757053642722
UG,67.1417854453647,0.46459785455868663,0.0006127323598753492,4.866019061124034,0.011455219998402691
UG,67.16679169692722,0.46459073114081395,0.0006135657687654288,4.86514337884129,0.011410842574588303
UG,67.19179794848974,0.46458359813874267,0.000614401123004874,4.864267100941127,0.011366624251401706
UG,67.21680420005225,0.46457645553028726,0.0006152384278422606,4.863390226438996,0.01132256449954447
UG,67.24181045161478,0.46456930329320306,0.0006160776885462789,4.862512754348598,0.011278662791367404
UG,67.2668167031773,0.4645621414051863,0.0006169189104058591,4.861634683681893,0.01123491860100366
UG,67.29182295473981,0.46455496984387373,0.0006177620987303036,4.860756013449092,0.01119133140404288
UG,67.31682920630233,0.46454778858684215,0.0006186072588491989,4.859876742658639,0.011147900677559488
UG,67.34183545786486,0.4645405976116082,0.0006194543961127033,4.858996870317223,0.011104625900470703
UG,67.36684170942738,0.46453339689562867,0.0006203035158914814,4.858116395429757,0.011061506553133557
UG,67.39184796098989,0.4645261864162996,0.0006211546235769715,4.857235316999376,0.011018542117458988
UG,67.41685421255241,0.4645189661509564,0.0006220077245812499,4.856353634027436,0.010975732077014166
UG,67.44186046411494,0.46451173607687346,0.0006228628243372885,4.855471345513496,0.010933075916971638
UG,67.46686671567745,0.46450449617126427,0.0006237199282989563,4.854588450455322,0.010890573123930868
UG,67.49187296723997,0.46449724641128065,0.0006245790419411593,4.853704947848875,0.010848223186324224
UG,67.51687921880249,0.4644899867740129,0.0006254401707599702,4.85282083668831,0.01080602559372765
UG,67.54188547036502,0.4644827172364894,0.0006263033202725465,4.8519361159659615,0.010763979837710934
UG,67.56689172192753,0.46447543777567646,0.00062716849601742,4.851050784672343,0.010722085411141006
UG,67.59189797349005,0.46446814836847805,0.0006280357035544396,4.850164841796135,0.010680341808628577
UG,67.61690422505256,0.4644608489917357,0.0006289049484650452,4.8492782863241874,0.010638748525967825
UG,67.64191047661508,0.4644535396222277,0.0006297762363521236,4.848391117241504,0.010597305060979152
UG,67.66691672817761,0.46444622023666976,0.0006306495728402833,4.847503333531237,0.01055601091263073
UG,67.69192297974013,0.46443889081171413,0.0006315249635758532,4.8466149341746885,0.010514865581680355
UG,67.71692923130264,0.46443155132394914,0.0006324024142270327,4.845725918151292,0.010473868570197805
UG,67.74193548286516,0.4644242017499,0.0006332819304840211,4.844836284438617,0.010433019382092021
UG,67.76694173442769,0.46441684206602746,0.0006341635180589394,4.843946032012349,0.010392317522264332
UG,67.7919479859902,0.4644094722487279,0.0006350471826861281,4.843055159846298,0.010351762497836385
UG,67.81695423755272,0.4644020922743334,0.0006359329301220905,4.8421636669123815,0.010311353816859685
UG,67.84196048911524,0.46439470211911116,0.0006368207661457738,4.8412715521806176,0.010271090989156677
UG,67.86696674067777,0.46438730175926346,0.0006377106965584304,4.8403788146191244,0.010230973525990235
UG,67.89197299224028,0.4643798911709272,0.0006386027271838914,4.8394854531941105,0.010191000940163227
UG,67.9169792438028,0.46437247033017376,0.0006394968638685778,4.838591466869862,0.010151172746071486
UG,67.94198549536532,0.46436503921300865,0.0006403931124816481,4.8376968546087475,0.01011148845933836
UG,67.96699174692785,0.46435759779537156,0.0006412914789151378,4.836801615371201,0.010071947597323223
UG,67.99199799849036,0.4643501460531358,0.0006421919690838801,4.835905748115716,0.010032549678743207
UG,68.01700425005288,0.4643426839621081,0.0006430945889258145,4.835009251798849,0.00999329422382557
UG,68.0420105016154,0.46433521149802826,0.0006439993444019297,4.834112125375196,0.009954180754329736
UG,68.06701675317792,0.46432772863656935,0.0006449062414965553,4.8332143677973995,0.009915208793367686
UG,68.09202300474044,0.4643202353533367,0.0006458152862172167,4.832315978016133,0.009876377865657395
UG,68.11702925630296,0.46431273162386855,0.0006467264845949269,4.831416954980101,0.009837687497366642
UG,68.14203550786547,0.46430521742363484,0.0006476398426841942,4.830517297636023,0.009799137215979884
UG,68.167041759428,0.4642976927280377,0.000648555366563176,4.829617004928633,0.009760726550717094
UG,68.19204801099052,0.46429015751241076,0.0006494730623338242,4.828716075800675,0.009722455031965005
UG,68.21705426255303,0.464282611752019,0.0006503929361218108,4.827814509192885,0.009684322191636433
UG,68.24206051411555,0.4642750554220586,0.0006513149940768389,4.8269123040439945,0.009646327563222857
UG,68.26706676567808,0.4642674884976565,0.0006522392423725939,4.826009459290716,0.009608470681489253
UG,68.2920730172406,0.46425991095387026,0.0006531656872070384,4.825105973867742,0.009570751082811175
UG,68.31707926880311,0.4642523227656878,0.0006540943348022723,4.8242018467077346,0.009533168304831635
UG,68.34208552036563,0.46424472390802674,0.0006550251914048307,4.823297076741316,0.009495721886771634
UG,68.36709177192814,0.46423711435573495,0.0006559582632856919,4.822391662897064,0.009458411369110444
UG,68.39209802349068,0.4642294940835893,0.0006568935567404444,4.821485604101507,0.00942123629394138
UG,68.41710427505319,0.46422186306629626,0.0006578310780894326,4.820578899279109,0.009384196204669624
UG,68.4421105266157,0.4642142212784909,0.0006587708336776827,4.819671547352274,0.00934729064601722
UG,68.46711677817822,0.46420656869473725,0.0006597128298752293,4.818763547241324,0.009310519164403912
UG,68.49212302974075,0.4641989052895274,0.0006606570730770633,4.8178548978645015,0.009273881307359504
UG,68.51712928130327,0.464191231037282,0.0006616035697034405,4.816945598137966,0.00923737662408668
UG,68.54213553286579,0.4641835459123489,0.0006625523261997337,4.816035646975773,0.009201004664859031
UG,68.5671417844283,0.464175849889004,0.0006635033490367488,4.815125043289874,0.0091647649816222
UG,68.59214803599083,0.46416814294145015,0.0006644566447107326,4.814213785990115,0.009128657127653966
UG,68.61715428755335,0.46416042504381744,0.0006654122197435437,4.813301873984216,0.009092680657552513
UG,68.64216053911586,0.4641526961701624,0.0006663700806828096,4.812389306177773,0.00905683512736028
UG,68.66716679067838,0.4641449562944681,0.0006673302341018489,4.811476081474249,0.009021120094399041
UG,68.69217304224091,0.4641372053906436,0.0006682926866000133,4.810562198774964,0.008985535117630956
UG,68.71717929380343,0.464129443432524,0.0006692574448026314,4.809647656979084,0.00895007975710381
UG,68.74218554536594,0.4641216703938695,0.0006702245153613298,4.808732454983625,0.008914753574227134
UG,68.76719179692846,0.4641138862483659,0.0006711939049538892,4.807816591683434,0.008879556132125316
UG,68.79219804849099,0.4641060909696241,0.0006721656202845652,4.806900065971183,0.008844486994914849
UG,68.8172043000535,0.46409828453117924,0.0006731396680840989,4.805982876737369,0.008809545728234823
UG,68.84221055161602,0.4640904669064909,0.0006741160551099003,4.805065022870296,0.008774731899014553
UG,68.86721680317854,0.46408263806894307,0.0006750947881462047,4.804146503256073,0.00874004507565651
UG,68.89222305474107,0.4640747979918431,0.0006760758740040049,4.803227316778605,0.008705484827784887
UG,68.91722930630358,0.4640669466484218,0.0006770593195213925,4.802307462319587,0.008671050726327722
UG,68.9422355578661,0.4640590840118336,0.0006780451315635164,4.80138693875849,0.0086367423438236
UG,68.96724180942861,0.4640512100551552,0.0006790333170229093,4.8004657449725645,0.008602559253789823
UG,68.99224806099114,0.46404332475138627,0.0006800238828193382,4.799543879836815,0.008568501031342737
UG,69.01725431255366,0.4640354280734485,0.0006810168359001388,4.798621342224011,0.0085345672527897
UG,69.04226056411618,0.4640275199941857,0.0006820121832402358,4.797698131004667,0.008500757495797918
UG,69.06726681567869,0.4640196004863631,0.0006830099318423286,4.796774245047038,0.008467071339384683
UG,69.09227306724121,0.46401166952266765,0.0006840100887370511,4.795849683217114,0.008433508363849346
UG,69.11727931880374,0.4640037270757068,0.0006850126609829126,4.7949244443786,0.00840006815084616
UG,69.14228557036625,0.46399577311800905,0.0006860176556666473,4.7939985273929295,0.008366750283287084
UG,69.16729182192877,0.46398780762202313,0.0006870250799031724,4.793071931119235,0.008333554345419415
UG,69.19229807349129,0.46397983056011816,0.0006880349408359256,4.792144654414354,0.008300479922806853
UG,69.21730432505382,0.4639718419045824,0.000689047245636724,4.79121669613281,0.008267526602336659
UG,69.24231057661633,0.4639638416276242,0.0006900620015061015,4.790288055126815,0.008234693972059311
UG,69.26731682817885,0.46395582970137067,0.000691079215673333,4.789358730246254,0.00820198162147879
UG,69.29232307974137,0.463947806097868,0.0006920988953966304,4.788428720338676,0.008169389141358313
UG,69.3173293313039,0.4639397707890804,0.0006931210479633067,4.787498024249294,0.008136916123594141
UG,69.34233558286641,0.4639317237468906,0.0006941456806897244,4.7865666408209675,0.008104562161603261
UG,69.36734183442893,0.4639236649430992,0.0006951728009216512,4.7856345688941975,0.008072326849852955
UG,69.39234808599144,0.4639155943494242,0.0006962024160342248,4.784701807307117,0.008040209784265548
UG,69.41735433755397,0.46390751193750046,0.0006972345334322988,4.783768354895488,0.008008210561917337
UG,69.44236058911649,0.46389941767888054,0.0006982691605502959,4.782834210492686,0.007976328781261623
UG,69.467366840679,0.46389131154503255,0.0006993063048525744,4.7818993729296935,0.007944564041895568
UG,69.49237309224152,0.4638831935073414,0.0007003459738334374,4.780963841035093,0.00791291594471753
UG,69.51737934380405,0.4638750635371075,0.0007013881750173514,4.78002761363506,0.00788138409190242
UG,69.54238559536657,0.46386692160554727,0.0007024329159591053,4.77909068955335,0.007849968086920341
UG,69.56739184692908,0.46385876768379175,0.0007034802042437706,4.77815306761129,0.007818667534380711
UG,69.5923980984916,0.46385060174288717,0.0007045300474870653,4.777214746627776,0.007787482040261299
UG,69.61740435005413,0.4638424237537942,0.0007055824533353223,4.776275725419259,0.007756411211672064
UG,69.64241060161665,0.46383423368738763,0.0007066374294658496,4.775336002799734,0.007725454657006999
UG,69.66741685317916,0.463826031514456,0.0007076949835867769,4.774395577580738,0.00769461198595306
UG,69.69242310474168,0.4638178172057015,0.0007087551234374406,4.7734544485713375,0.007663882809354891
UG,69.7174293563042,0.4638095907317393,0.000709817856788395,4.772512614578119,0.0076332667393468785
UG,69.74243560786672,0.4638013520630974,0.0007108831914416424,4.771570074405182,0.007602763389121053
UG,69.76744185942924,0.4637931011702163,0.0007119511352307908,4.77062682685413,0.007572372373392156
UG,69.79244811099176,0.4637848380234485,0.0007130216960210312,4.769682870724061,0.0075420933078206714
UG,69.81745436255427,0.4637765625930583,0.0007140948817095014,4.768738204811554,0.0075119258094298496
UG,69.8424606141168,0.4637682748492212,0.0007151707002252658,4.767792827910669,0.007481869496384204
UG,69.86746686567932,0.4637599747620239,0.0007162491595296801,4.766846738812936,0.007451923988042145
UG,69.89247311724183,0.46375166230146386,0.0007173302676162445,4.7658999363073375,0.007422088905092898
UG,69.91747936880435,0.4637433374374485,0.0007184140325110041,4.7649524191803065,0.007392363869358056
UG,69.94248562036688,0.46373500013979535,0.0007195004622725545,4.76400418621572,0.007362748503722947
UG,69.9674918719294,0.46372665037823185,0.0007205895649922887,4.763055236194882,0.007333242432504162
UG,69.99249812349191,0.4637182881223939,0.0007216813487945621,4.76210556789652,0.007303845281013614
UG,70.01750437505443,0.46370991334182704,0.0007227758218366737,4.761155180096776,0.007274556675857553
UG,70.04251062661696,0.46370152600598463,0.000723872992309239,4.760204071569192,0.00724537624479268
UG,70.06751687817948,0.46369312608422897,0.0007249728684361733,4.759252241084706,0.007216303616788282
UG,70.09252312974199,0.463684713545829,0.0007260754584750752,4.758299687411643,0.007187338421942888
UG,70.11752938130451,0.463676288359962,0.0007271807707170764,4.7573464093157005,0.007158480291567664
UG,70.14253563286704,0.4636678504957118,0.0007282888134872563,4.756392405559942,0.007129728858116985
UG,70.16754188442955,0.4636593999220688,0.0007293995951446478,4.7554376749047895,0.007101083755195579
UG,70.19254813599207,0.46365093660792983,0.0007305131240825081,4.754482216108012,0.0070725446176220725
UG,70.21755438755459,0.46364246052209757,0.0007316294087284695,4.753526027924716,0.0070441110814373235
UG,70.24256063911712,0.46363397163328,0.0007327484575445483,4.752569109107333,0.007015782783681328
UG,70.26756689067963,0.46362546991009035,0.0007338702790275115,4.751611458405621,0.006987559362605231
UG,70.29257314224215,0.46361695532104646,0.0007349948817088798,4.75065307456664,0.006959440457680543
UG,70.31757939380466,0.4636084278345707,0.0007361222741553145,4.749693956334753,0.006931425709528562
UG,70.3425856453672,0.46359988741898905,0.0007372524649684689,4.748734102451611,0.006903514759755388
UG,70.36759189692971,0.46359133404253144,0.0007383854627854186,4.747773511656147,0.006875707251258196
UG,70.39259814849223,0.4635827676733305,0.0007395212762786779,4.746812182684563,0.006848002828102788
UG,70.41760440005474,0.463574188279422,0.0007406599141564754,4.745850114270321,0.00682040113529976
UG,70.44261065161726,0.46356559582874385,0.0007418013851629069,4.744887305144136,0.006792901819187363
UG,70.46761690317979,0.46355699028913605,0.0007429456980779652,4.743923754033962,0.006765504527221273
UG,70.4926231547423,0.46354837162833995,0.000744092861717906,4.742959459664985,0.0067382089077888205
UG,70.51762940630482,0.4635397398139984,0.0007452428849352625,4.741994420759613,0.006711014610588153
UG,70.54263565786734,0.46353109481365473,0.0007463957766192445,4.741028636037462,0.006683921286416296
UG,70.56764190942987,0.4635224365947528,0.00074755154569559,4.740062104215352,0.006656928587070057
UG,70.59264816099238,0.46351376512463627,0.0007487102011270129,4.739094824007296,0.0066300361656377255
UG,70.6176544125549,0.46350508037054855,0.0007498717519132191,4.73812679412448,0.0066032436761164544
UG,70.64266066411741,0.4634963822996318,0.000751036207091209,4.737158013275273,0.006576550773777136
UG,70.66766691567994,0.4634876708789272,0.000752203575735414,4.736188480165193,0.006549957114863469
UG,70.69267316724246,0.46347894607537427,0.0007533738669577514,4.735218193496919,0.006523462356814734
UG,70.71767941880498,0.4634702078558102,0.0007545470899079968,4.73424715197026,0.006497066158139397
UG,70.74268567036749,0.4634614561869698,0.0007557232537738094,4.7332753542821635,0.006470768178364658
UG,70.76769192193002,0.46345269103548487,0.0007569023677811435,4.732302799126693,0.006444568078252518
UG,70.79269817349254,0.4634439123678837,0.000758084441194083,4.7313294851950225,0.006418465519507198
UG,70.81770442505506,0.4634351201505909,0.0007592694833153418,4.730355411175423,0.006392460165105026
UG,70.84271067661757,0.463426314349927,0.0007604575034862523,4.729380575753259,0.0063665516788346055
UG,70.8677169281801,0.46341749493210743,0.0007616485110871036,4.728404977610966,0.006340739725803234
UG,70.89272317974262,0.4634086618632431,0.0007628425155372592,4.727428615428056,0.0063150239720887345
UG,70.91772943130513,0.46339981510933864,0.0007640395262952549,4.726451487881091,0.00628940408475638
UG,70.94273568286765,0.46339095463629365,0.0007652395528591514,4.725473593643682,0.006263879732175786
UG,70.96774193443018,0.4633820804099004,0.000766442604766589,4.724494931386474,0.006238450583507093
UG,70.9927481859927,0.4633731923958452,0.0007676486915951949,4.723515499777145,0.006213116309200701
UG,71.01775443755521,0.46336429055970624,0.0007688578229624397,4.722535297480375,0.006187876580621502
UG,71.04276068911773,0.4633553748669545,0.0007700700085261394,4.721554323157857,0.006162731070259984
UG,71.06776694068026,0.4633464452829526,0.0007712852579844528,4.7205725754682755,0.006137679451584792
UG,71.09277319224277,0.4633375017729548,0.0007725035810762423,4.719590053067295,0.0061127213992559935
UG,71.11777944380529,0.4633285443021056,0.0007737249875811825,4.718606754607553,0.006087856588848099
UG,71.1427856953678,0.463319572835441,0.0007749494873198826,4.717622678738645,0.006063084696997638
UG,71.16779194693032,0.4633105873378863,0.0007761770901542437,4.716637824107119,0.0060384054014431775
UG,71.19279819849285,0.46330158777425634,0.0007774078059875282,4.71565218935646,0.006013818380902785
UG,71.21780445005537,0.46329257410925534,0.000778641644764774,4.71466577312708,0.0059893233151774175
UG,71.24281070161788,0.46328354630747626,0.000779878616472654,4.713678574056305,0.0059649198850271696
UG,71.2678169531804,0.4632745043333999,0.0007811187311400021,4.712690590778374,0.005940607772323604
UG,71.29282320474293,0.4632654481513948,0.0007823619988378133,4.71170182192441,0.005916386659917598
UG,71.31782945630545,0.4632563777257172,0.0007836084296796218,4.710712266122425,0.005892256231702546
UG,71.34283570786796,0.46324729302050954,0.0007848580338216006,4.709721921997302,0.005868216172562975
UG,71.36784195943048,0.46323819399980104,0.0007861108214627295,4.708730788170779,0.0058442661684100184
UG,71.39284821099301,0.46322908062750623,0.0007873668028451287,4.707738863261449,0.005820405906218787
UG,71.41785446255552,0.46321995286742546,0.0007886259882541561,4.70674614588474,0.0057966350738820815
UG,71.44286071411804,0.4632108106832438,0.0007898883880188338,4.705752634652905,0.005772953360394008
UG,71.46786696568056,0.4632016540385306,0.0007911540125117093,4.7047583281750125,0.0057493604556823836
UG,71.49287321724309,0.4631924828967392,0.0007924228721494032,4.703763225056933,0.005725856050724521
UG,71.5178794688056,0.4631832972212062,0.0007936949773926035,4.702767323901329,0.005702439837434446
UG,71.54288572036812,0.4631740969751515,0.000794970338746492,4.701770623307643,0.005679111508805712
UG,71.56789197193064,0.4631648821216773,0.0007962489667607973,4.700773121872085,0.005655870758798112
UG,71.59289822349317,0.4631556526237673,0.0007975308720300314,4.6997748181876196,0.005632717282286921
UG,71.61790447505568,0.4631464084442871,0.0007988160651937924,4.698775710843962,0.005609650775269428
UG,71.6429107266182,0.46313714954598334,0.0008001045569369068,4.697775798427549,0.0055866709345714985
UG,71.66791697818071,0.4631278758914828,0.0008013963579898445,4.69677507952155,0.005563777458136074
UG,71.69292322974324,0.4631185874432922,0.0008026914791285949,4.695773552705837,0.005540970044836164
UG,71.71792948130576,0.4631092841637979,0.000803989931175234,4.69477121655698,0.0055182483944921324
UG,71.74293573286828,0.4630999660152651,0.0008052917249979262,4.6937680696482325,0.00549561220790415
UG,71.76794198443079,0.46309063295983727,0.0008065968715113769,4.692764110549525,0.005473061186917405
UG,71.79294823599332,0.4630812849595361,0.0008079053816768545,4.691759337827444,0.005450595034184463
UG,71.81795448755584,0.4630719219762603,0.0008092172665024969,4.690753750045226,0.005428213453513647
UG,71.84296073911835,0.4630625439717858,0.0008105325370435792,4.689747345762749,0.005405916149542407
UG,71.86796699068087,0.46305315090776455,0.0008118512044027047,4.6887401235365065,0.005383702827932452
UG,71.89297324224339,0.46304374274572474,0.0008131732797302017,4.687732081919611,0.005361573195245109
UG,71.91797949380592,0.46303431944706913,0.0008144987742240283,4.68672321946177,0.00533952695903758
UG,71.94298574536843,0.46302488097307604,0.000815827699130348,4.685713534709282,0.005317563827799382
UG,71.96799199693095,0.4630154272848976,0.0008171600657435452,4.684703026205015,0.0052956835109495195
UG,71.99299824849346,0.4630059583435598,0.0008184958854067008,4.683691692488406,0.005273885718947887
UG,72.018004500056,0.46299647410996136,0.0008198351695115917,4.6826795320954355,0.005252170163074988
UG,72.04301075161851,0.46298697454487453,0.0008211779294990607,4.681666543558623,0.005230536555585293
UG,72.06801700318103,0.4629774596089425,0.0008225241768592559,4.680652725407016,0.005208984609697581
UG,72.09302325474354,0.462967929262681,0.0008238739231318591,4.679638076166167,0.005187514039559169
UG,72.11802950630607,0.46295838346647616,0.0008252271799064807,4.678622594358131,0.005166124560192859
UG,72.14303575786859,0.4629488221805846,0.0008265839588225822,4.677606278501453,0.0051448158876579355
UG,72.1680420094311,0.4629392453651331,0.0008279442715700743,4.676589127111144,0.0051235877388245326
UG,72.19304826099362,0.4629296529801173,0.0008293081298893297,4.675571138698678,0.005102439831545548
UG,72.21805451255615,0.4629200449854022,0.0008306755455716967,4.674552311771977,0.0050813718846226845
UG,72.24306076411867,0.4629104213407205,0.0008320465304594648,4.6735326448354,0.00506038361767044
UG,72.26806701568118,0.4629007820056728,0.0008334210964463173,4.672512136389722,0.005039474751322297
UG,72.2930732672437,0.4628911269397266,0.0008347992554775162,4.67149078493213,0.0050186450070122055
UG,72.31807951880623,0.4628814561022162,0.0008361810195502012,4.670468588956203,0.0049978941072846604
UG,72.34308577036875,0.4628717694523414,0.0008375664007137442,4.669445546951906,0.004977221775380077
UG,72.36809202193126,0.46286206694916754,0.000838955411069739,4.668421657405567,0.004956627735502402
UG,72.39309827349378,0.462852348551625,0.000840348062772575,4.667396918799873,0.004936111712775135
UG,72.41810452505631,0.462842614218508,0.0008417443680294804,4.666371329613849,0.004915673433278247
UG,72.44311077661882,0.46283286390847445,0.0008431443391010625,4.665344888322856,0.0048953126238822035
UG,72.46811702818134,0.46282309758004525,0.0008445479883012396,4.66431759339856,0.004875029012327264
UG,72.49312327974386,0.46281331519160374,0.0008459553279977753,4.663289443308936,0.004854822327438768
UG,72.51812953130639,0.4628035167013952,0.000847366370612421,4.662260436518239,0.0048346922987353245
UG,72.5431357828689,0.4627937020675262,0.0008487811286212734,4.661230571487004,0.00481463865668022
UG,72.56814203443142,0.4627838712479634,0.0008501996145551052,4.660199846672025,0.004794661132641925
UG,72.59314828599393,0.46277402420053426,0.0008516218409993965,4.659168260526341,0.0047747594588646676
UG,72.61815453755645,0.46276416088292516,0.0008530478205949106,4.658135811499222,0.004754933368379996
UG,72.64316078911898,0.4627542812526814,0.000854477566037761,4.657102498036159,0.004735182595282509
UG,72.6681670406815,0.46274438526720674,0.0008559110900799682,4.656068318578849,0.00471550687433938
UG,72.69317329224401,0.46273447288376185,0.0008573484055293818,4.655033271565173,0.0046959059412694645
UG,72.71817954380653,0.4627245440594653,0.0008587895252502711,4.653997355429199,0.00467637953273846
UG,72.74318579536906,0.46271459875129106,0.000860234462163445,4.652960568601144,0.004656927386145453
UG,72.76819204693157,0.4627046369160695,0.0008616832292466665,4.651922909507386,0.004637549239750618
UG,72.79319829849409,0.46269465851048613,0.0008631358395349411,4.650884376570428,0.004618244832808082
UG,72.8182045500566,0.4626846634910802,0.0008645923061206266,4.649844968208897,0.004599013905265372
UG,72.84321080161914,0.4626746518142453,0.0008660526421539814,4.648804682837522,0.0045798561980954075
UG,72.86821705318165,0.4626646234362283,0.0008675168608432636,4.647763518867126,0.0045607714529120385
UG,72.89322330474417,0.4626545783131284,0.000868984975455317,4.646721474704606,0.004541759412424505
UG,72.91822955630668,0.46264451640089677,0.0008704569993154692,4.645678548752922,0.004522819819951104
UG,72.94323580786921,0.4626344376553358,0.0008719329458081924,4.644634739411077,0.004503952419798964
UG,72.96824205943173,0.46262434203209835,0.0008734128283771868,4.643590045074112,0.0044851569570450835
UG,72.99324831099425,0.4626142294866876,0.0008748966605258716,4.642544464133081,0.00446643317768187
UG,73.01825456255676,0.4626040999744558,0.0008763844558176107,4.641497994975047,0.004447780828468394
UG,73.0432608141193,0.46259395345060356,0.000877876227875927,4.64045063598305,0.004429199657023758
UG,73.06826706568181,0.46258378987018006,0.0008793719903849934,4.639402385536112,0.004410689411754509
UG,73.09327331724432,0.462573609188081,0.0008808717570898089,4.6383532420092095,0.004392249841951238
UG,73.11827956880684,0.4625634113590494,0.0008823755417967626,4.637303203773265,0.004373880697689667
UG,73.14328582036937,0.46255319633767394,0.0008838833583735495,4.636252269195122,0.00435558172995776
UG,73.16829207193189,0.4625429640783886,0.0008853952207498744,4.635200436637541,0.004337352690416701
UG,73.1932983234944,0.4625327145354717,0.0008869111429175283,4.63414770445918,0.0043191933316751524
UG,73.21830457505692,0.4625224476630459,0.0008884311389309375,4.633094071014579,0.0043011034071222245
UG,73.24331082661945,0.4625121634150769,0.0008899552229073263,4.632039534654141,0.004283082670829925
UG,73.26831707818197,0.46250186174537267,0.0008914834090270451,4.630984093724123,0.004265130877909675
UG,73.29332332974448,0.46249154260758324,0.0008930157115340098,4.629927746566617,0.0042472477841206105
UG,73.318329581307,0.4624812059551998,0.0008945521447359377,4.6288704915195344,0.00422943314610641
UG,73.34333583286951,0.4624708517415537,0.0008960927230049067,4.62781232691659,0.004211686721199257
UG,73.36834208443204,0.4624604799198164,0.0008976374607772924,4.626753251087288,0.0041940082677073285
UG,73.39334833599456,0.4624500904429979,0.0008991863725545,4.625693262356904,0.0041763975445883155
UG,73.41835458755708,0.4624396832639468,0.000900739472903043,4.624632359046475,0.0041588543116566545
UG,73.44336083911959,0.4624292583353492,0.0009022967764551666,4.623570539472772,0.004141378329528171
UG,73.46836709068212,0.46241881560972786,0.0009038582979089125,4.622507801948293,0.004123969359579145
UG,73.49337334224464,0.4624083550394419,0.0009054240520286054,4.6214441447812495,0.004106627164001839
UG,73.51837959380715,0.4623978765766857,0.0009069940536452019,4.62037956627554,0.004089351505732559
UG,73.54338584536967,0.462387380173488,0.0009085683176566291,4.619314064730739,0.004072142148564472
UG,73.5683920969322,0.4623768657817122,0.0009101468590282931,4.618247638442085,0.004054998857007027
UG,73.59339834849472,0.4623663333530542,0.0009117296927930739,4.617180285700459,0.004037921396371282
UG,73.61840460005723,0.4623557828390425,0.0009133168340520758,4.616112004792368,0.0040209095327285345
UG,73.64341085161975,0.4623452141910372,0.000914908297974717,4.615042793999929,0.004003963032996351
UG,73.66841710318228,0.46233462736022973,0.0009165040997993983,4.6139726516008555,0.003987081664790832
UG,73.6934233547448,0.4623240222976409,0.0009181042548335144,4.612901575868438,0.003970265196458426
UG,73.71842960630731,0.4623133989541218,0.0009197087784540735,4.6118295650715275,0.003953513397196935
UG,73.74343585786983,0.4623027572803514,0.0009213176861079636,4.610756617474516,0.003936826037002497
UG,73.76844210943236,0.4622920972268371,0.0009229309933123931,4.609682731337328,0.003920202886495771
UG,73.79344836099487,0.46228141874391293,0.0009245487156553417,4.608607904915396,0.0039036437171759753
UG,73.81845461255739,0.4622707217817396,0.0009261708687956475,4.607532136459646,0.003887148301252004
UG,73.8434608641199,0.46226000629030295,0.0009277974684637341,4.606455424216475,0.0038707164117006638
UG,73.86846711568244,0.46224927221941403,0.0009294285304617406,4.605377766427746,0.003854347822206088
UG,73.89347336724495,0.4622385195187075,0.0009310640706642209,4.604299161330761,0.0038380423073385776
UG,73.91847961880747,0.46222774813764106,0.0009327041050181219,4.6032196071582465,0.003821799642241898
UG,73.94348587036998,0.46221695802549534,0.0009343486495435171,4.602139102138335,0.003805619602925081
UG,73.96849212193251,0.4622061491313719,0.0009359977203338038,4.601057644494548,0.0037895019660611055
UG,73.99349837349503,0.46219532140419334,0.000937651333556245,4.5999752324457805,0.003773446509166961
UG,74.01850462505755,0.4621844747927021,0.0009393095054523549,4.598891864206282,0.003757453010409356
UG,74.04351087662006,0.4621736092454597,0.0009409722523381036,4.597807537985637,0.003741521248692714
UG,74.06851712818258,0.46216272471084585,0.0009426395906045926,4.596722251988749,0.003725651003750246
UG,74.09352337974511,0.4621518211370584,0.000944311536718248,4.595636004415821,0.003709842055967992
UG,74.11852963130762,0.4621408984721109,0.0009459881072215432,4.594548793462345,0.003694094186456948
UG,74.14353588287014,0.4621299566638331,0.0009476693187329497,4.59346061731907,0.003678407177068118
UG,74.16854213443266,0.4621189956598699,0.0009493551879477706,4.5923714741719985,0.0036627808104345272
UG,74.19354838599519,0.46210801540768004,0.0009510457316382917,4.591281362202353,0.003647214869790491
UG,74.2185546375577,0.4620970158545357,0.0009527409666544338,4.590190279586578,0.0036317091392955763
UG,74.24356088912022,0.46208599694752134,0.0009544409099240255,4.589098224496298,0.00361626340359819
UG,74.26856714068273,0.46207495863353293,0.0009561455784531843,4.5880051950983205,0.0036008774482121572
UG,74.29357339224526,0.4620639008592774,0.0009578549893268982,4.586911189554602,0.003585551059268729
UG,74.31857964380778,0.4620528235712712,0.0009595691597093267,4.585816206022237,0.003570284023736669
UG,74.3435858953703,0.46204172671584015,0.0009612881068444968,4.5847202426534395,0.003555076129202809
UG,74.36859214693281,0.4620306102391175,0.000963011848056283,4.583623297595521,0.0035399271639558584
UG,74.39359839849534,0.4620194740870446,0.0009647404007492929,4.582525368990871,0.0035248369170618084
UG,74.41860465005786,0.46200831820536825,0.000966473782409005,4.5814264549769455,0.003509805178206137
UG,74.44361090162037,0.4619971425396409,0.0009682120106025283,4.580326553686235,0.0034948317378578346
UG,74.46861715318289,0.46198594703522,0.0009699551029787436,4.57922566324626,0.003479916387101164
UG,74.49362340474542,0.4619747316372662,0.0009717030772689008,4.5781237817795395,0.00346505891780021
UG,74.51862965630794,0.4619634962907427,0.0009734559512870683,4.577020907403581,0.003450259122447754
UG,74.54363590787045,0.461952240940415,0.0009752137429305774,4.575917038230855,0.0034355167942645734
UG,74.56864215943297,0.46194096553084935,0.0009769764701806514,4.574812172368778,0.0034208317272027113
UG,74.5936484109955,0.46192967000641166,0.0009787441511024727,4.573706307919689,0.0034062037157829433
UG,74.61865466255801,0.46191835431126727,0.000980516803846065,4.572599442980841,0.0033916325553353496
UG,74.64366091412053,0.4619070183893795,0.0009822944466464777,4.571491575644366,0.003377118041819167
UG,74.66866716568305,0.46189566218450856,0.0009840770978245873,4.570382703997267,0.003362659971889721
UG,74.69367341724556,0.46188428564021167,0.0009858647757871684,4.569272826121394,0.0033482581428619963
UG,74.7186796688081,0.4618728886998406,0.000987657499027677,4.568161940093423,0.0033339123527292964
UG,74.74368592037061,0.46186147130654176,0.0009894552861265833,4.567050043984834,0.003319622400211846
UG,74.76869217193313,0.4618500334032548,0.0009912581557519583,4.565937135861897,0.0033053880846572034
UG,74.79369842349564,0.46183857493271213,0.0009930661266600131,4.564823213785648,0.0032912092060691654
UG,74.81870467505817,0.46182709583743736,0.0009948792176953077,4.563708275811867,0.0032770855652017395
UG,74.84371092662069,0.46181559605974454,0.0009966974477915841,4.5625923199910625,0.0032630169633622256
UG,74.8687171781832,0.46180407554173747,0.0009985208359720203,4.561475344368442,0.0032490032026354803
UG,74.89372342974572,0.4617925342253083,0.001000349401350071,4.560357346983905,0.003235044085697488
UG,74.91872968130825,0.4617809720521367,0.0010021831631294796,4.559238325872009,0.0032211394159010432
UG,74.94373593287077,0.46176938896368896,0.0010040221406052196,4.558118279061954,0.0032072889972765833
UG,74.96874218443328,0.46175778490121705,0.0010058663531637448,4.556997204577565,0.0031934926345197996
UG,74.9937484359958,0.461746159805757,0.0010077158202837254,4.555875100437264,0.003179750132923885
UG,75.01875468755833,0.46173451361812906,0.0010095705615364547,4.554751964654055,0.0031660612984946413
UG,75.04376093912084,0.46172284627893545,0.0010114305965862468,4.5536277952354975,0.0031524259378862443
UG,75.06876719068336,0.46171115772856,0.0010132959451912029,4.552502590183691,0.003138843858376796
UG,75.09377344224588,0.46169944790716705,0.0010151666272035444,4.5513763474952444,0.003125314867898438
UG,75.1187796938084,0.4616877167547005,0.0010170426625704583,4.550249065161268,0.0031118387750036624
UG,75.14378594537092,0.46167596421088253,0.0010189240713341385,4.54912074116734,0.0030984153889660714
UG,75.16879219693344,0.4616641902152125,0.0010208108736327929,4.54799137349349,0.003085044519615488
UG,75.19379844849595,0.4616523947069661,0.0010227030897008722,4.546860960114174,0.003071725977483707
UG,75.21880470005848,0.4616405776251948,0.0010246007398699284,4.545729498998256,0.0030584595736754434
UG,75.243810951621,0.46162873890872336,0.0010265038445688847,4.544596988108984,0.0030452451200121996
UG,75.26881720318352,0.4616168784961502,0.0010284124243246909,4.543463425403972,0.003032082428867964
UG,75.29382345474603,0.46160499632584556,0.0010303264997629188,4.542328808835168,0.003018971313322973
UG,75.31882970630856,0.4615930923359508,0.0010322460916082853,4.54119313634884,0.003005911587024854
UG,75.34383595787108,0.4615811664643772,0.001034171220685409,4.540056405885553,0.0029929030642821706
UG,75.3688422094336,0.4615692186488043,0.0010361019079189523,4.538918615380143,0.0029799455600129587
UG,75.39384846099611,0.46155724882667964,0.0010380381743346461,4.537779762761695,0.0029670388897472277
UG,75.41885471255863,0.46154525693521764,0.0010399800410595475,4.536639845953523,0.0029541828697272295
UG,75.44386096412116,0.4615332429113976,0.001041927529322999,4.535498862873143,0.0029413773166628255
UG,75.46886721568367,0.46152120669196334,0.0010438806604567469,4.534356811432255,0.0029286220479925787
UG,75.49387346724619,0.4615091482134219,0.0010458394558958797,4.533213689536716,0.0029159168817582694
UG,75.5188797188087,0.46149706741204266,0.0010478039371792558,4.532069495086512,0.002903261636575421
UG,75.54388597037124,0.4614849642238555,0.0010497741259502152,4.530924225975751,0.0028906561317093332
UG,75.56889222193375,0.46147283858465016,0.0010517500439572198,4.529777880092621,0.002878100187017039
UG,75.59389847349627,0.4614606904299753,0.0010537317130541644,4.528630455319376,0.0028655936229540608
UG,75.61890472505878,0.46144851969513667,0.0010557191552013569,4.527481949532312,0.002853136260595558
UG,75.64391097662131,0.4614363263151966,0.001057712392465855,4.526332360601742,0.002840727921656218
UG,75.66891722818383,0.4614241102249726,0.0010597114470224588,4.525181686391972,0.002828368428372656
UG,75.69392347974635,0.4614118713590359,0.001061716341153799,4.5240299247612725,0.0028160576036439892
UG,75.71892973130886,0.4613996096517107,0.0010637270972514348,4.522877073561865,0.0028037952709760922
UG,75.74393598287139,0.4613873250370726,0.0010657437378161925,4.521723130639889,0.0027915812544052647
UG,75.76894223443391,0.46137501744894777,0.0010677662854590502,4.520568093835379,0.002779415378652283
UG,75.79394848599642,0.4613626868209117,0.0010697947629016305,4.519411960982245,0.0027672974689451615
UG,75.81895473755894,0.4613503330862874,0.0010718291929767711,4.518254729908238,0.002755227351138928
UG,75.84396098912147,0.461337956178145,0.0010738695986293545,4.517096398434932,0.002743204851712086
UG,75.86896724068399,0.4613255560293001,0.0010759160029168134,4.5159369643777065,0.0027312297976752054
UG,75.8939734922465,0.4613131325723124,0.0010779684290100967,4.514776425545706,0.0027193020166576343
UG,75.91897974380902,0.46130068573948496,0.001080026900193781,4.513614779741824,0.0027074213368620532
UG,75.94398599537155,0.46128821546286236,0.001082091439867281,4.512452024762673,0.002695587587061055
UG,75.96899224693406,0.4612757216742299,0.0010841620715451455,4.511288158398571,0.002683800596636305
UG,75.99399849849658,0.46126320430511214,0.0010862388188581159,4.510123178433497,0.0026720601955289875
UG,76.0190047500591,0.4612506632867716,0.001088321705553419,4.508957082645085,0.0026603662142767963
UG,76.04401100162163,0.46123809855020753,0.0010904107554956704,4.507789868804581,0.00264871848392997
UG,76.06901725318414,0.4612255100261548,0.001092505992667506,4.506621534676831,0.0026371168362084086
UG,76.09402350474666,0.4612128976450822,0.0010946074411703134,4.5054520780202445,0.0026255611033139587
UG,76.11902975630917,0.4612002613371917,0.0010967151252250665,4.5042814965867795,0.0026140511180705608
UG,76.14403600787169,0.46118760103241657,0.0010988290691726292,4.503109788121905,0.002602586713864318
UG,76.16904225943422,0.4611749166604203,0.0011009492974749133,4.501936950364577,0.0025911677246294295
UG,76.19404851099674,0.46116220815059566,0.0011030758347152629,4.500762981047222,0.002579793984855033
UG,76.21905476255925,0.4611494754320627,0.0011052087055995917,4.499587877895698,0.002568465329636214
UG,76.24406101412177,0.4611367184336676,0.001107347934956557,4.498411638629275,0.002557181594588354
UG,76.2690672656843,0.46112393708398197,0.0011094935477387452,4.497234260960604,0.0025459426158956563
UG,76.29407351724682,0.46111113131130027,0.0011116455690231382,4.49605574259569,0.0025347482302958547
UG,76.31907976880933,0.46109830104364,0.0011138040240120755,4.494876081233873,0.0025235982751098626
UG,76.34408602037185,0.46108544620873865,0.0011159689380339144,4.493695274567787,0.0025124925881752406
UG,76.36909227193438,0.46107256673405383,0.0011181403365436032,4.492513320283348,0.002501431007909845
UG,76.3940985234969,0.46105966254676073,0.001120318245123718,4.491330216059712,0.0024904133732352707
UG,76.41910477505941,0.4610467335737514,0.0011225026894850117,4.490145959569257,0.0024794395236945733
UG,76.44411102662193,0.46103377974163345,0.0011246936954675336,4.488960548477549,0.0024685092992945408
UG,76.46911727818446,0.4610208009767277,0.001126891289040821,4.487773980443321,0.0024576225406683578
UG,76.49412352974697,0.4610077972050679,0.0011290954963052247,4.486586253118439,0.002446779088921473
UG,76.51912978130949,0.4609947683523988,0.0011313063434923263,4.485397364147874,0.002435978785733936
UG,76.544136032872,0.46098171434417445,0.0011335238569661035,4.48420731116968,0.002425221473345921
UG,76.56914228443453,0.4609686351055573,0.0011357480632233526,4.483016091814954,0.0024145069944751033
UG,76.59414853599705,0.46095553056141647,0.001137978988894659,4.481823703707823,0.002403835192437478
UG,76.61915478755957,0.46094240063632586,0.001140216660745205,4.480630144465395,0.0023932059110426908
UG,76.64416103912208,0.4609292452545637,0.0011424611056755631,4.479435411697755,0.0023826189946617614
UG,76.66916729068461,0.4609160643401103,0.0011447123507227095,4.4782395030079085,0.00237207428816938
UG,76.69417354224713,0.4609028578166465,0.0011469704230603714,4.477042415991775,0.002361571636992811
UG,76.71917979380964,0.46088962560755276,0.001149235350000362,4.475844148238152,0.002351110887064442
UG,76.74418604537216,0.46087636763590717,0.0011515071589930572,4.474644697328671,0.002340691884863275
UG,76.76919229693469,0.46086308382448404,0.001153785877628681,4.473444060837791,0.002330314477381857
UG,76.7941985484972,0.46084977409575245,0.001156071533637552,4.472242236332755,0.0023199785121365665
UG,76.81920480005972,0.46083643837187477,0.0011583641548914456,4.4710392213735615,0.0023096838371719623
UG,76.84421105162224,0.46082307657470506,0.0011606637694041454,4.469835013512933,0.002299430301030629
UG,76.86921730318475,0.4608096886257871,0.0011629704053325554,4.468629610296294,0.0022892177527909898
UG,76.89422355474728,0.46079627444635396,0.001165284090977483,4.467423009261728,0.002279046042048375
UG,76.9192298063098,0.46078283395732483,0.001167604854784312,4.466215207939962,0.002268915018916781
UG,76.94423605787232,0.4607693670793051,0.0011699327253442047,4.465006203854322,0.002258824533998524
UG,76.96924230943483,0.4607558737325834,0.0011722677313947506,4.463795994520704,0.0022487744384239484
UG,76.99424856099736,0.46074235383713086,0.0011746099018212484,4.462584577447554,0.002238764583823296
UG,77.01925481255988,0.460728807312599,0.0011769592656569905,4.461371950135829,0.0022287948223723144
UG,77.0442610641224,0.46071523407831877,0.0011793158520847454,4.460158110078958,0.002218865006694705
UG,77.06926731568491,0.46070163405329784,0.0011816796904373014,4.458943054762825,0.002208974989953688
UG,77.09427356724744,0.46068800715622016,0.0011840508101987823,4.457726781665728,0.0021991246258168365
UG,77.11927981880996,0.4606743533054435,0.0011864292410051624,4.45650928825835,0.0021893137684265533
UG,77.14428607037247,0.460660672418998,0.0011888150126454237,4.45529057200373,0.0021795422724537406
UG,77.16929232193499,0.46064696441458464,0.001191208155062467,4.454070630357224,0.002169809993057761
UG,77.19429857349752,0.46063322920957345,0.0011936086983540708,4.452849460766473,0.002160116785909616
UG,77.21930482506004,0.460619466721002,0.0011960166727740208,4.45162706067138,0.002150462507121156
UG,77.24431107662255,0.46060567686557324,0.0011984321087326055,4.450403427504071,0.0021408470133613064
UG,77.26931732818507,0.46059185955965426,0.0012008550367981026,4.449178558688855,0.002131270161749475
UG,77.2943235797476,0.4605780147192743,0.0012032854876973863,4.4479524516422035,0.0021217318099385992
UG,77.31932983131011,0.4605641422601234,0.001205723492317379,4.446725103772714,0.002112231816002595
UG,77.34433608287263,0.4605502420975502,0.0012081690817054105,4.445496512481067,0.0021027700385779493
UG,77.36934233443515,0.46053631414656,0.0012106222870707556,4.444266675160005,0.002093346336729301
UG,77.39434858599768,0.4605223583218142,0.001213083139785319,4.443035589194292,0.0020839605700303746
UG,77.41935483756019,0.4605083745376269,0.0012155516713849132,4.4418032519606845,0.0020746125985290913
UG,77.44436108912271,0.46049436270796434,0.0012180279135701614,4.44056966082789,0.002065302282782246
UG,77.46936734068522,0.46048032274644257,0.0012205118982073627,4.439334813156538,0.0020560294837694616
UG,77.49437359224775,0.4604662545663257,0.0012230036573298113,4.438098706299146,0.0020467940629990897
UG,77.51937984381027,0.46045215808052425,0.0012255032231386245,4.436861337600081,0.002037595882442615
UG,77.54438609537279,0.460438033201593,0.0012280106280041815,4.435622704395531,0.002028434804529933
UG,77.5693923469353,0.46042387984172956,0.0012305259044665259,4.4343828040134605,0.0020193106921657525
UG,77.59439859849782,0.4604096979127722,0.0012330490852370652,4.433141633773587,0.0020102234087554702
UG,77.61940485006035,0.4603954873261982,0.0012355802031992237,4.431899190987334,0.002001172818148539
UG,77.64441110162286,0.46038124799312186,0.0012381192914099695,4.430655472957805,0.0019921587846752427
UG,77.66941735318538,0.4603669798242923,0.00124066638310042,4.429410476979743,0.001983181173115456
UG,77.6944236047479,0.4603526827300922,0.0012432215116772558,4.428164200339496,0.0019742398487309766
UG,77.71942985631043,0.46033835662053585,0.0012457847107237012,4.4269166403149764,0.0019653346772477735
UG,77.74443610787294,0.4603240014052664,0.0012483560140007402,4.4256677941756335,0.0019564655248434783
UG,77.76944235943546,0.4603096169935546,0.0012509354554483417,4.424417659182412,0.0019476322581577293
UG,77.79444861099797,0.46029520329429713,0.0012535230691861573,4.423166232587714,0.001938834744317882
UG,77.8194548625605,0.46028076021601383,0.0012561188895151775,4.421913511635358,0.0019300728508677902
UG,77.84446111412302,0.46026628766684624,0.0012587229509185046,4.42065949356056,0.0019213464458368603
UG,77.86946736568554,0.46025178555455565,0.001261335288063011,4.419404175589878,0.0019126553976924149
UG,77.89447361724805,0.4602372537865209,0.0012639559357997914,4.418147554941173,0.0019039995753735472
UG,77.91947986881058,0.46022269226973656,0.001266584929165978,4.416889628823591,0.0018953788482443902
UG,77.9444861203731,0.4602081009108106,0.001269222303385508,4.415630394437505,0.0018867930861524952
UG,77.96949237193562,0.4601934796159625,0.0012718680938707144,4.414369848974487,0.0018782421593707454
UG,77.99449862349813,0.4601788282910218,0.001274522336223215,4.413107989617268,0.001869725938631332
UG,78.01950487506066,0.4601641468414249,0.001277185066235162,4.411844813539697,0.0018612442951136472
UG,78.04451112662318,0.4601494351722137,0.0012798563198905917,4.41058031790671,0.0018527971004271364
UG,78.0695173781857,0.46013469318803374,0.0012825361333665532,4.409314499874276,0.0018443842266537614
UG,78.09452362974821,0.46011992079313146,0.0012852245430346524,4.408047356589379,0.0018360055462887273
UG,78.11952988131074,0.46010511789135244,0.0012879215854616792,4.406778885189955,0.0018276609322892914
UG,78.14453613287326,0.4600902843861393,0.0012906272974114884,4.405509082804876,0.0018193502580189282
UG,78.16954238443577,0.4600754201805296,0.001293341715845844,4.404237946553892,0.0018110733973183179
UG,78.19454863599829,0.4600605251771532,0.0012960648779262143,4.402965473547601,0.0018028302244608389
UG,78.21955488756082,0.46004559927823085,0.0012987968210143822,4.401691660887405,0.0017946206141175997
UG,78.24456113912333,0.4600306423855715,0.001301537582674283,4.4004165056654685,0.001786444441438602
UG,78.26956739068585,0.4600156544005703,0.0013042872006730109,4.399140004964686,0.0017783015819736946
UG,78.29457364224837,0.4600006352242061,0.0013070457129823933,4.397862155858626,0.0017701919117290928
UG,78.31957989381088,0.4599855847570398,0.001309813157780219,4.396582955411511,0.0017621153070985706
UG,78.34458614537341,0.45997050289921154,0.001312589573451344,4.395302400678153,0.0017540716449692118
UG,78.36959239693593,0.4599553895504387,0.0013153749985893987,4.39402048870393,0.0017460608026013897
UG,78.39459864849844,0.45994024461001376,0.001318169471997878,4.392737216524736,0.0017380826577004878
UG,78.41960490006096,0.4599250679768018,0.0013209730326919533,4.391452581166943,0.0017301370883890292
UG,78.44461115162349,0.4599098595492381,0.0013237857198991209,4.390166579647352,0.001722223973215426
UG,78.469617403186,0.45989461922532615,0.0013266075730612751,4.388879208973162,0.0017143431911481898
UG,78.49462365474852,0.4598793469026355,0.0013294386318356516,4.387590466141913,0.0017064946215963263
UG,78.51962990631104,0.45986404247829854,0.0013322789360967464,4.386300348141459,0.0016986781443469481
UG,78.54463615787357,0.4598487058490092,0.0013351285259371665,4.38500885194991,0.0016908936396257967
UG,78.56964240943609,0.45983333691101985,0.001337987441669422,4.3837159745356,0.001683140988101693
UG,78.5946486609986,0.4598179355601391,0.0013408557238272392,4.382421712857038,0.0016754200707957162
UG,78.61965491256112,0.45980250169172976,0.0013437334131671218,4.381126063862862,0.0016677307691955214
UG,78.64466116412365,0.4597870352007059,0.0013466205506699135,4.379829024491807,0.0016600729651836826
UG,78.66966741568616,0.45977153598153053,0.0013495171775418154,4.3785305916726385,0.0016524465410519633
UG,78.69467366724868,0.45975600392821353,0.0013524233352164234,4.377230762324135,0.0016448513794846467
UG,78.7196799188112,0.4597404389343088,0.0013553390653558344,4.37592953335502,0.0016372873636046805
UG,78.74468617037373,0.45972484089291216,0.0013582644098526898,4.374626901663931,0.001629754376929404
UG,78.76969242193624,0.45970920969665785,0.0013611994108309172,4.373322864139371,0.0016222523033623333
UG,78.79469867349876,0.4596935452377178,0.0013641441106479768,4.3720174176596585,0.0016147810272507954
UG,78.81970492506127,0.45967784740779727,0.0013670985518959421,4.370710559092888,0.001607340433298078
UG,78.8447111766238,0.4596621160981333,0.0013700627774035198,4.369402285296877,0.0015999304066354053
UG,78.86971742818632,0.4596463511994922,0.0013730368302372067,4.368092593119132,0.001592550832809116
UG,78.89472367974884,0.4596305526021667,0.001376020753703019,4.366781479396787,0.0015852015977163882
UG,78.91972993131135,0.45961472019597277,0.0013790145913481437,4.365468940956562,0.0015778825876901874
UG,78.94473618287388,0.45959885387024835,0.0013820183869624986,4.364154974614725,0.0015705936894576328
UG,78.9697424344364,0.45958295351384976,0.0013850321845806208,4.362839577177033,0.0015633347901257621
UG,78.99474868599891,0.459567019015149,0.0013880560284826868,4.361522745438689,0.0015561057772011644
UG,79.01975493756143,0.459551050262032,0.0013910899631968112,4.3602044761842915,0.0015489065385883543
UG,79.04476118912395,0.4595350471418945,0.001394134033500237,4.358884766187794,0.0015417369625594119
UG,79.06976744068648,0.45951900954164054,0.001397188284421614,4.357563612212444,0.0015345969378082322
UG,79.09477369224899,0.4595029373476795,0.0014002527612418554,4.356241011010751,0.0015274863533969835
UG,79.11977994381151,0.459486830445923,0.0014033275094965604,4.354916959324424,0.0015204050987885633
UG,79.14478619537402,0.45947068872178237,0.0014064125749772753,4.353591453884321,0.0015133530638157377
UG,79.16979244693655,0.45945451206016596,0.0014095080037336244,4.352264491410414,0.001506330138702987
UG,79.19479869849907,0.45943830034547634,0.0014126138420747737,4.350936068611728,0.0014993362140532402
UG,79.21980495006159,0.459422053461607,0.0014157301365711357,4.349606182186289,0.0014923711808702963
UG,79.2448112016241,0.4594057712919405,0.001418856934056365,4.348274828821082,0.0014854349305038306
UG,79.26981745318663,0.45938945371934464,0.001421994281628966,4.346942005191995,0.0014785273547177175
UG,79.29482370474915,0.45937310062617004,0.001425142226654486,4.345607707963771,0.0014716483456414151
UG,79.31982995631166,0.4593567118942473,0.001428300816766577,4.3442719337899565,0.0014647977957830628
UG,79.34483620787418,0.45934028740488414,0.0014314700998695647,4.342934679312844,0.0014579755980073698
UG,79.36984245943671,0.45932382703886226,0.0014346501241397796,4.341595941163428,0.0014511816455738057
UG,79.39484871099923,0.45930733067643426,0.0014378409380280193,4.340255715961352,0.0014444158321322094
UG,79.41985496256174,0.45929079819732127,0.0014410425902606416,4.338914000314853,0.0014376780516579515
UG,79.44486121412426,0.4592742294807094,0.0014442551298420728,4.337570790820707,0.0014309681985302004
UG,79.46986746568679,0.4592576244052468,0.0014474786060563493,4.336226084064183,0.0014242861674983792
UG,79.4948737172493,0.4592409828490411,0.001450713068469349,4.334879876618986,0.0014176318536658285
UG,79.51987996881182,0.4592243046896557,0.0014539585669305877,4.3335321650472,0.001411005152509286
UG,79.54488622037434,0.45920758980410736,0.0014572151515749204,4.33218294589924,0.0014044059598755183
UG,79.56989247193687,0.4591908380688625,0.0014604828728249058,4.330832215713794,0.00139783417195683
UG,79.59489872349938,0.45917404935983447,0.0014637617813924842,4.329479971017771,0.0013912896853507505
UG,79.6199049750619,0.4591572235523806,0.0014670519282814713,4.328126208326247,0.0013847723969755625
UG,79.64491122662442,0.4591403605212985,0.0014703533647887352,4.3267709241424015,0.0013782822041238977
UG,79.66991747818693,0.4591234601408229,0.0014736661425070222,4.325414114957474,0.001371819004456566
UG,79.69492372974946,0.45910652228462345,0.0014769903133264512,4.324055777250701,0.0013653826959938759
UG,79.71992998131198,0.45908954682580017,0.0014803259294372025,4.32269590748926,0.0013589731770979145
UG,79.7449362328745,0.4590725336368813,0.001483673043330835,4.32133450212822,0.0013525903464991797
UG,79.76994248443701,0.4590554825898191,0.0014870317078029558,4.3199715576104705,0.0013462341032813834
UG,79.79494873599954,0.45903839355598736,0.001490401975955015,4.3186070703666815,0.0013399043468847753
UG,79.81995498756206,0.4590212664061779,0.0014937839011967087,4.317241036815235,0.0013336009771007361
UG,79.84496123912457,0.45900410101059674,0.0014971775372480674,4.31587345336217,0.0013273238940682973
UG,79.86996749068709,0.45898689723886144,0.0015005829381412625,4.314504316401125,0.0013210729982870702
UG,79.89497374224962,0.458969654959997,0.0015040001582232864,4.313133622313277,0.0013148481905921141
UG,79.91997999381213,0.45895237404243333,0.001507429252157783,4.311761367467291,0.001308649372185582
UG,79.94498624537465,0.45893505435400156,0.0015108702749278358,4.310387548219249,0.0013024764445939542
UG,79.96999249693717,0.4589176957619297,0.0015143232818372865,4.309012160912597,0.001296329309713345
UG,79.9949987484997,0.4589002981328404,0.0015177883285138489,4.30763520187809,0.0012902078697652995
UG,80.02000500006221,0.45888286133274697,0.0015212654709108031,4.306256667433718,0.0012841120273324553
UG,80.04501125162473,0.4588653852270497,0.001524754765309921,4.3048765538846645,0.0012780416853204056
UG,80.07001750318724,0.4588478696805326,0.0015282562683230502,4.303494857523226,0.001271996747003103
UG,80.09502375474977,0.4588303145573595,0.0015317700368949504,4.302111574628763,0.0012659771159630835
UG,80.12003000631229,0.45881271972107096,0.0015352961283053763,4.30072670146764,0.0012599826961400217
UG,80.1450362578748,0.45879508503458005,0.0015388346001717164,4.29934023429315,0.0012540133918252374
UG,80.17004250943732,0.45877741036016945,0.0015423855104513269,4.297952169345471,0.001248069107616722
UG,80.19504876099985,0.4587596955594869,0.0015459489174435436,4.296562502851584,0.0012421497484638503
UG,80.22005501256237,0.45874194049354217,0.0015495248797926444,4.295171231025229,0.001236255219664525
UG,80.24506126412489,0.45872414502270353,0.0015531134564899269,4.293778350066823,0.0012303854268275842
UG,80.2700675156874,0.458706309006693,0.001556714706876755,4.292383856163414,0.0012245402759006943
UG,80.29507376724993,0.45868843230458367,0.0015603286906460925,4.290987745488598,0.0012187196731630176
UG,80.32008001881245,0.4586705147747951,0.0015639554678459175,4.289590014202477,0.0012129235252464757
UG,80.34508627037496,0.45865255627509016,0.0015675950988811424,4.288190658451568,0.0012071517390710585
UG,80.37009252193748,0.45863455666257097,0.00157124764451684,4.286789674368763,0.0012014042219215743
UG,80.3950987735,0.4586165157936745,0.0015749131658800456,4.285387058073245,0.0011956808813910155
UG,80.42010502506253,0.4585984335241693,0.0015785917244628817,4.283982805670428,0.001189981625402751
UG,80.44511127662504,0.4585803097091516,0.0015822833821249212,4.282576913251895,0.0011843063622074632
UG,80.47011752818756,0.4585621442030407,0.0015859882010960627,4.281169376895324,0.0011786550003740522
UG,80.49512377975007,0.4585439368595757,0.001589706243979196,4.279760192664426,0.0011730274488060183
UG,80.5201300313126,0.45852568753181105,0.001593437573752416,4.27834935660887,0.00116742361670877
UG,80.54513628287512,0.458507396072113,0.0015971822537723284,4.276936864764226,0.0011618434136299823
UG,80.57014253443764,0.45848906233215464,0.001600940347776367,4.275522713151885,0.0011562867494327124
UG,80.59514878600015,0.4584706861629126,0.0016047119198861718,4.274106897779002,0.001150753534276951
UG,80.62015503756268,0.4584522674146627,0.0016084970346093477,4.2726894146384105,0.0011452436786804254
UG,80.6451612891252,0.45843380593697586,0.0016122957568432167,4.271270259708571,0.001139757093433848
UG,80.67016754068771,0.4584153015787136,0.001616108151877008,4.269849428953489,0.0011342936896647038
UG,80.69517379225023,0.45839675418802395,0.0016199342853954013,4.2684269183226435,0.0011288533788280965
UG,80.72018004381276,0.4583781636123376,0.0016237742234806037,4.267002723750922,0.0011234360726635315
UG,80.74518629537528,0.458359529698363,0.0016276280326157897,4.265576841158553,0.0011180416832547923
UG,80.77019254693779,0.4583408522920826,0.0016314957796877555,4.264149266451016,0.0011126701229661386
UG,80.79519879850031,0.458322131238748,0.0016353775319901329,4.262719995518988,0.0011073213044902853
UG,80.82020505006284,0.458303366382876,0.0016392733572263322,4.261289024238264,0.0011019951408218662
UG,80.84521130162535,0.45828455756824416,0.0016431833235120686,4.2598563484696825,0.0010966915452764318
UG,80.87021755318787,0.45826570463788596,0.00164710749937902,4.258421964059051,0.0010914104314561043
UG,80.89522380475039,0.45824680743408674,0.0016510459537774234,4.256985866837071,0.0010861517132853703
UG,80.92023005631292,0.4582278657983792,0.0016549987560798153,4.255548052619272,0.0010809153049888454
UG,80.94523630787543,0.45820887957153855,0.0016589659760830613,4.254108517205926,0.0010757011211010136
UG,80.97024255943795,0.45818984859357825,0.001662947684012502,4.252667256381978,0.0010705090764441562
UG,80.99524881100047,0.45817077270374523,0.0016669439505244165,4.251224265916963,0.0010653390861555788
UG,81.020255062563,0.45815165174051536,0.0016709548467099852,4.249779541564942,0.0010601910656787396
UG,81.04526131412551,0.45813248554158886,0.0016749804440975681,4.2483330790644125,0.0010550649307345704
UG,81.07026756568803,0.4581132739438854,0.00167902081465663,4.246884874138237,0.0010499605973680259
UG,81.09527381725054,0.45809401678353934,0.001683076030800648,4.245434922493568,0.0010448779819118028
UG,81.12028006881306,0.45807471389589544,0.0016871461653907272,4.243983219821757,0.0010398170009946717
UG,81.14528632037559,0.45805536511550315,0.0016912312917388538,4.242529761798293,0.0010347775715390953
UG,81.1702925719381,0.4580359702761129,0.0016953314836108168,4.241074544082712,0.0010297596107748665
UG,81.19529882350062,0.4580165292106704,0.001699446815230188,4.239617562318518,0.0010247630362073886
UG,81.22030507506314,0.45799704175131195,0.0017035773612813165,4.238158812133103,0.0010197877656543878
UG,81.24531132662567,0.45797750772935947,0.0017077231969134276,4.236698289137673,0.0010148337172154517
UG,81.27031757818818,0.4579579269753158,0.0017118843977429867,4.235235988927156,0.001009900809281388
UG,81.2953238297507,0.4579382993188592,0.0017160610398582643,4.2337719070801265,0.0010049889605338042
UG,81.32033008131322,0.4579186245888389,0.0017202531998221527,4.232306039158719,0.0010000980899456309
UG,81.34533633287575,0.45789890261326943,0.0017244609546765574,4.230838380708554,0.0009952281167835305
UG,81.37034258443826,0.4578791332193255,0.0017286843819449532,4.229368927258644,0.0009903789605813914
UG,81.39534883600078,0.4578593162333376,0.001732923559636825,4.227897674321313,0.0009855505411892301
UG,81.4203550875633,0.45783945148078553,0.0017371785662508743,4.226424617392114,0.0009807427787208948
UG,81.44536133912582,0.4578195387862947,0.0017414494807791176,4.224949751949741,0.0009759555935859519
UG,81.47036759068834,0.4577995779736295,0.0017457363827104258,4.223473073455952,0.0009711889064596461
UG,81.49537384225086,0.4577795688656885,0.0017500393520339774,4.221994577355464,0.0009664426383256689
UG,81.52038009381337,0.4577595112844992,0.0017543584692435445,4.2205142590758875,0.0009617167104291134
UG,81.5453863453759,0.45773940505121247,0.0017586938153409796,4.219032114027628,0.0009570110443107161
UG,81.57039259693842,0.4577192499860972,0.001763045471840667,4.217548137603802,0.0009523255617798096
UG,81.59539884850093,0.4576990459085347,0.001767413520772359,4.216062325180139,0.0009476601849263537
UG,81.62040510006345,0.4576787926370132,0.0017717980446861421,4.214574672114912,0.0009430148361254685
UG,81.64541135162598,0.45765848998912245,0.0017761991266556719,4.213085173748825,0.0009383894380186223
UG,81.6704176031885,0.45763813778154794,0.0017806168502830584,4.211593825404945,0.0009337839135363591
UG,81.69542385475101,0.45761773583006504,0.0017850512997017592,4.210100622388594,0.0009291981858661278
UG,81.72043010631353,0.457597283949534,0.0017895025595815876,4.208605559987268,0.0009246321784958814
UG,81.74543635787606,0.45757678195389334,0.0017939707151322392,4.207108633470536,0.0009200858151586238
UG,81.77044260943858,0.4575562296561548,0.0017984558521079966,4.205609838089965,0.0009155590198850939
UG,81.79544886100109,0.4575356268683971,0.0018029580568115263,4.204109169079006,0.0009110517169520201
UG,81.82045511256361,0.45751497340176017,0.0018074774160980035,4.202606621652912,0.0009065638309313209
UG,81.84546136412612,0.45749426906643925,0.0018120140173797,4.2011021910086415,0.0009020952866492392
UG,81.87046761568865,0.45747351367167904,0.0018165679486300676,4.199595872324766,0.0008976460092037099
UG,81.89547386725117,0.45745270702576757,0.001821139298388582,4.198087660761373,0.0008932159239686073
UG,81.92048011881369,0.45743184893603,0.0018257281557640674,4.196577551459967,0.0008888049565711458
UG,81.9454863703762,0.4574109392088229,0.001830334610440187,4.195065539543377,0.0008844130329122771
UG,81.97049262193873,0.45738997764952793,0.0018349587526791595,4.193551620115653,0.0008800400791616315
UG,81.99549887350125,0.4573689640625454,0.001839600673327157,4.192035788261986,0.000875686021750008
UG,82.02050512506376,0.4573478982512889,0.001844260463817608,4.1905180390485794,0.0008713507873650745
UG,82.04551137662628,0.45732678001817745,0.0018489382161768397,4.188998367522578,0.0008670343029707385
UG,82.07051762818881,0.45730560916463076,0.0018536340230280131,4.18747676871195,0.0008627364957784872
UG,82.09552387975133,0.45728438549106215,0.0018583479775964953,4.185953237625402,0.0008584572932704961
UG,82.12053013131384,0.45726310879687215,0.0018630801737139098,4.18442776925226,0.0008541966231836873
UG,82.14553638287636,0.45724177888044176,0.0018678307058231044,4.182900358562382,0.000849954413516255
UG,82.17054263443889,0.4572203955391265,0.0018725996689830152,4.1813710005060445,0.0008457305925250078
UG,82.1955488860014,0.4571989585692495,0.0018773871588734976,4.179839690013854,0.0008415250887209966
UG,82.22055513756392,0.45717746776609514,0.0018821932718005347,4.178306421996632,0.0008373378308790833
UG,82.24556138912644,0.4571559229239016,0.0018870181047002327,4.176771191345305,0.0008331687480159788
UG,82.27056764068897,0.45713432383585506,0.001891861755144816,4.175233992930815,0.0008290177694172566
UG,82.29557389225148,0.4571126702940824,0.0018967243213469174,4.173694821604005,0.0008248848246173971
UG,82.320580143814,0.45709096208964484,0.0019016059021656105,4.172153672195507,0.000820769843403167
UG,82.34558639537651,0.45706919901252996,0.0019065065971101067,4.17061053951565,0.0008166727558152104
UG,82.37059264693904,0.45704738085164626,0.0019114265063462012,4.169065418354334,0.0008125934921390329
UG,82.39559889850156,0.45702550739481507,0.0019163657307005946,4.167518303480936,0.00080853198291534
UG,82.42060515006408,0.4570035784287638,0.0019213243716671138,4.1659691896441915,0.0008044881589435411
UG,82.44561140162659,0.4569815937391189,0.0019263025314109675,4.164418071572089,0.0008004619512574264
UG,82.47061765318912,0.4569595531103988,0.0019313003127747648,4.162864943971755,0.0007964532911419505
UG,82.49562390475164,0.4569374563260064,0.0019363178192836293,4.161309801529348,0.0007924621101389218
UG,82.52063015631416,0.456915303168222,0.0019413551551509499,4.159752638909939,0.0007884883400232723
UG,82.54563640787667,0.45689309341819584,0.0019464124252838919,4.158193450757407,0.0007845319128211756
UG,82.57064265943919,0.4568708268559409,0.0019514897352883329,4.156632231694316,0.00078059276080766
UG,82.59564891100172,0.4568485032603252,0.001956587191475267,4.155068976321803,0.0007766708164942696
UG,82.62065516256423,0.45682612240906445,0.0019617049008659126,4.153503679219471,0.0007727660126464407
UG,82.64566141412675,0.45680368407871497,0.001966842971198277,4.15193633494526,0.0007688782822500808
UG,82.67066766568927,0.45678118804466467,0.0019720015109315416,4.1503669380353365,0.0007650075585607992
UG,82.6956739172518,0.45675863408112666,0.001977180629253191,4.148795483003976,0.0007611537750523032
UG,82.72068016881431,0.45673602196113133,0.001982380436084004,4.147221964343442,0.0007573168654476715
UG,82.74568642037683,0.4567133514565179,0.0019876010420850423,4.145646376523871,0.0007534967637126721
UG,82.77069267193934,0.4566906223379273,0.0019928425586623125,4.144068713993143,0.0007496934040384662
UG,82.79569892350187,0.45666783437479347,0.001998105097973874,4.142488971176771,0.0007459067208697374
UG,82.82070517506439,0.45664498733533604,0.0020033887729352987,4.140907142477775,0.0007421366488694578
UG,82.8457114266269,0.456622080986552,0.002008693697226488,4.1393232222765555,0.0007383831229547289
UG,82.87071767818942,0.45659911509420753,0.002014019985297451,4.137737204930779,0.0007346460782656258
UG,82.89572392975195,0.45657608942282973,0.002019367752374445,4.136149084775237,0.0007309254501817252
UG,82.92073018131447,0.45655300373569874,0.0020247371144667178,4.134558856121744,0.0007272211743075192
UG,82.94573643287698,0.45652985779483873,0.002030128188372694,4.132966513258994,0.0007235331864951579
UG,82.9707426844395,0.45650665136101054,0.002035541091687007,4.131372050452437,0.0007198614228124265
UG,82.99574893600203,0.45648338419370205,0.0020409759428057957,4.129775461944152,0.0007162058195721323
UG,83.02075518756455,0.4564600560511205,0.0020464328609345606,4.128176741952721,0.0007125663133052979
UG,83.04576143912706,0.4564366666901835,0.002051911966093944,4.126575884673098,0.0007089428407793421
UG,83.07076769068958,0.4564132158665108,0.0020574133791275693,4.124972884276478,0.0007053353389869068
UG,83.09577394225211,0.45638970333441464,0.002062937221707255,4.123367734910162,0.0007017437451572351
UG,83.12078019381462,0.45636612884689204,0.0020684836163412275,4.121760430697432,0.0006981679967334092
UG,83.14578644537714,0.45634249215561523,0.0020740526863801604,4.120150965737408,0.0006946080313908412
UG,83.17079269693966,0.4563187930109228,0.0020796445560250956,4.118539334104928,0.0006910637870337558
UG,83.19579894850219,0.45629503116181097,0.0020852593503335294,4.1169255298503975,0.0006875352017895833
UG,83.2208052000647,0.4562712063559242,0.0020908971952270216,4.115309546999662,0.0006840222140072635
UG,83.24581145162722,0.4562473183395458,0.002096558217498287,4.113691379553871,0.0006805247622586752
UG,83.27081770318973,0.4562233668575896,0.0021022425448186076,4.112071021489333,0.0006770427853392748
UG,83.29582395475225,0.45619935165358944,0.002107950305745354,4.110448466757387,0.0006735762222718905
UG,83.32083020631478,0.45617527246969103,0.0021136816297285055,4.108823709284251,0.0006701250122908235
UG,83.3458364578773,0.4561511290466407,0.0021194366471191392,4.1071967429708875,0.000666689094857366
UG,83.37084270943981,0.4561269211237781,0.002125215489176306,4.105567561692863,0.0006632684096499875
UG,83.39584896100233,0.45610264843902465,0.0021310182880756477,4.103936159300203,0.0006598628965656133
UG,83.42085521256486,0.4560783107288749,0.0021368451769154836,4.102302529617245,0.0006564724957185883
UG,83.44586146412738,0.4560539077283864,0.0021426962897260885,4.100666666442502,0.0006530971474392569
UG,83.47086771568989,0.45602943917116967,0.0021485717614765365,4.099028563548505,0.000649736792284845
UG,83.49587396725241,0.45600490478937866,0.0021544717280838157,4.097388214681666,0.0006463913710192756
UG,83.52088021881494,0.45598030431370024,0.0021603963264193466,4.095745613562126,0.0006430608246158181
UG,83.54588647037745,0.4559556374733445,0.002166345694318224,4.094100753883606,0.0006397450942697032
UG,83.57089272193997,0.4559309039960343,0.002172319970586712,4.0924536293132565,0.0006364441214003873
UG,83.59589897350249,0.455906103607995,0.0021783192950111897,4.0908042334915065,0.0006331578476195958
UG,83.62090522506502,0.4558812360339443,0.002184343808365999,4.0891525600319145,0.0006298862147606481
UG,83.64591147662753,0.4558563009970811,0.002190393652421653,4.087498602521008,0.0006266291648714474
UG,83.67091772819005,0.4558312982190761,0.0021964689699538625,4.085842354518139,0.0006233866402052531
UG,83.69592397975256,0.4558062274200601,0.002202569904751812,4.084183809555314,0.0006201585832310385
UG,83.7209302313151,0.4557810883186136,0.002208696601627493,4.082522961137059,0.0006169449366225356
UG,83.74593648287761,0.4557558806317566,0.002214849206423039,4.080859802740236,0.000613745643260902
UG,83.77094273444013,0.4557306040749364,0.0022210278660210513,4.079194327813908,0.0006105606462401937
UG,83.79594898600264,0.455705258362018,0.002227232728352508,4.077526529779157,0.0006073898888555319
UG,83.82095523756517,0.4556798432052719,0.0022334639424070827,4.0758564020289425,0.0006042333146177284
UG,83.84596148912769,0.4556543583153636,0.002239721658240411,4.074183937927928,0.0006010908672337828
UG,83.8709677406902,0.45562880340134226,0.0022460060269849508,4.072509130812316,0.0005979624906214787
UG,83.89597399225272,0.45560317817062856,0.002252317200858189,4.070831973989691,0.0005948481288959068
UG,83.92098024381525,0.4555774823290043,0.002258655333173218,4.069152460738849,0.0005917477263917345
UG,83.94598649537777,0.45555171558060026,0.0022650205783469224,4.06747058430963,0.0005886612276252788
UG,83.97099274694028,0.4555258776278846,0.002271413091910398,4.06578633792275,0.0005855885773305062
UG,83.9959989985028,0.4554999681716507,0.0022778330305182745,4.0640997147696325,0.0005825297204401535
UG,84.02100525006531,0.45547398691100643,0.002284280551958888,4.062410708012239,0.0005794846020828648
UG,84.04601150162785,0.4554479335433607,0.0022907558151641564,4.060719310782892,0.0005764531675915479
UG,84.07101775319036,0.4554218077644126,0.0022972589802187538,4.0590255161841045,0.0005734353625004092
UG,84.09602400475288,0.4553956092681384,0.0023037902083712443,4.057329317288406,0.0005704311325337155
UG,84.1210302563154,0.4553693377467798,0.002310349662043566,4.05563070713817,0.0005674404236277471
UG,84.14603650787792,0.4553429928908313,0.002316937504842405,4.053929678745428,0.0005644631819058576
UG,84.17104275944044,0.4553165743890278,0.00232355390156778,4.0522262250916965,0.000561499353687562
UG,84.19604901100296,0.45529008192833176,0.0023301990182252887,4.050520339127798,0.000558548885494744
UG,84.22105526256547,0.4552635151939206,0.0023368730220355467,4.048812013773679,0.0005556117240449026
UG,84.246061514128,0.45523687386917444,0.0023435760814463505,4.047101241918225,0.0005526878162418189
UG,84.27106776569052,0.4552101576356622,0.0023503083661415933,4.0453880164190785,0.0005497771091942723
UG,84.29607401725303,0.455183366173129,0.002357070047053843,4.043672330102457,0.0005468795501980449
UG,84.32108026881555,0.45515649915948325,0.0023638612963743696,4.041954175762958,0.0005439950867414561
UG,84.34608652037808,0.45512955627078305,0.002370682287565403,4.040233546163378,0.0005411236665078448
UG,84.3710927719406,0.45510253718122295,0.002377533195370425,4.038510434034528,0.0005382652373749305
UG,84.39609902350311,0.4550754415631204,0.0023844141958259367,4.036784832075028,0.0005354197474004153
UG,84.42110527506563,0.4550482690869017,0.002391325466273088,4.035056732951123,0.0005325871448414938
UG,84.44611152662816,0.4550210194210894,0.0023982671853693635,4.0333261292964915,0.0005297673781454543
UG,84.47111777819067,0.45499369223228703,0.0024052395331007346,4.031593013712053,0.000526960395942915
UG,84.49612402975319,0.4549662871851662,0.002412242690792327,4.0298573787657554,0.0005241661470557499
UG,84.5211302813157,0.45493880394245184,0.0024192768411218212,4.028119216992398,0.0005213845804920131
UG,84.54613653287824,0.45491124216490814,0.0024263421681306884,4.026378520893412,0.0005186156454519097
UG,84.57114278444075,0.4548836015113248,0.0024334388572377534,4.024635282936686,0.0005158592913132423
UG,84.59614903600327,0.4548558816385011,0.0024405670952495876,4.022889495556324,0.0005131154676479948
UG,84.62115528756578,0.45482808220123294,0.0024477270703749184,4.021141151152484,0.0005103841242057122
UG,84.6461615391283,0.4548002028522969,0.0024549189722360533,4.0193902420911405,0.0005076652109260342
UG,84.67116779069083,0.45477224324243576,0.0024621429918831924,4.0176367607038905,0.0005049586779342093
UG,84.69617404225335,0.45474420302034396,0.0024693993218054128,4.015880699287752,0.0005022644755289858
UG,84.72118029381586,0.45471608183265166,0.0024766881559453776,4.014122050104935,0.0004995825542006268
UG,84.74618654537838,0.45468787932390975,0.002484009689711528,4.01236080538264,0.0004969128646156085
UG,84.77119279694091,0.4546595951365748,0.0024913641199925097,4.010596957312847,0.0004942553576291241
UG,84.79619904850342,0.4546312289109929,0.0024987516451698234,4.008830498052101,0.0004916099842681441
UG,84.82120530006594,0.45460278028538464,0.002506172465131529,4.00706141972128,0.0004889766957435681
UG,84.84621155162846,0.45457424889582854,0.0025136267812864233,4.0052897144053965,0.00048635544345170537
UG,84.87121780319099,0.45454563437624573,0.002521114796577845,4.003515374153361,0.0004837461789523926
UG,84.8962240547535,0.4545169363583837,0.002528636715498349,4.001738390977777,0.0004811488540006888
UG,84.92123030631602,0.4544881544717993,0.0025361927441024377,3.999958756854697,0.00047856342052256565
UG,84.94623655787854,0.45445928834384375,0.0025437830900225935,3.998176463723414,0.00047598983061620197
UG,84.97124280944107,0.4544303375996443,0.002551407962482749,3.9963915034862216,0.0004734280365606227
UG,84.99624906100358,0.4544013018620894,0.0025590675723144818,3.994603868008199,0.00047087799080870827
UG,85.0212553125661,0.4543721807518103,0.002566762131969629,3.992813549116967,0.00046833964599439406
UG,85.04626156412861,0.454342973887165,0.002574491855537406,3.991020538602463,0.00046581295491863426
UG,85.07126781569114,0.4543136808842205,0.0025822569587582067,3.9892248282167015,0.0004632978705580852
UG,85.09627406725366,0.45428430135673603,0.002590057659040601,3.9874264096735486,0.0004607943460673254
UG,85.12128031881618,0.4542548349161447,0.0025978941754748724,3.985625274648469,0.0004583023347692822
UG,85.14628657037869,0.4542252811715373,0.002605766728850251,3.9838214147782964,0.00045582179015827114
UG,85.17129282194122,0.45419563972964233,0.002613675541669912,3.982014821660986,0.00045335266590408976
UG,85.19629907350374,0.4541659101948106,0.002621620838167938,3.980205486855382,0.00045089491584746224
UG,85.22130532506625,0.45413609216899514,0.0026296028443249186,3.9783934018809575,0.0004484484939917769
UG,85.24631157662877,0.4541061852517336,0.0026376217878841257,3.9765785582175726,0.0004460133545218844
UG,85.2713178281913,0.45407618904012964,0.0026456778983687075,3.974760947305228,0.000443589451781751
UG,85.29632407975382,0.4540461031288348,0.0026537714070981547,3.97294056054381,0.00044117674029162194
UG,85.32133033131633,0.45401592711002886,0.0026619025472060832,3.971117389292843,0.0004387751747330054
UG,85.34633658287885,0.45398566057340173,0.002670071553655505,3.969291424871221,0.00043638470996213563
UG,85.37134283444136,0.4539553031061333,0.00267827866325812,3.967462658556966,0.00043400530099380134
UG,85.3963490860039,0.4539248542928751,0.002686524114690519,3.965631081586955,0.000431636903015461
UG,85.42135533756641,0.4538943137157302,0.002694808148513623,3.9637966851566713,0.0004292794713800944
UG,85.44636158912893,0.45386368095423335,0.0027031310071880922,3.9619594604199277,0.00042693296160316465
UG,85.47136784069144,0.4538329555853317,0.0027114929350947167,3.9601193984886107,0.0004245973293662905
UG,85.49637409225397,0.45380213718336426,0.0027198941785512142,3.958276490432405,0.00042227253051246226
UG,85.52138034381649,0.45377122532004194,0.0027283349858325356,3.9564307272785326,0.0004199585210528441
UG,85.546386595379,0.45374021956442673,0.002736815607187428,3.9545821000114723,0.0004176552571586051
UG,85.57139284694152,0.4537091194829115,0.0027453362948590696,3.9527305995726865,0.0004153626951636375
UG,85.59639909850405,0.45367792463919865,0.0027538973031032248,3.9508762168603475,0.00041308079156098144
UG,85.62140535006657,0.4536466345942797,0.0027624988882086667,3.94901894272906,0.00041080950301191493
UG,85.64641160162908,0.4536152489064134,0.002771141308516057,3.9471587679895754,0.00040854878632959937
UG,85.6714178531916,0.453583767131105,0.0027798248244375137,3.9452956834085082,0.0004062985984947318
UG,85.69642410475413,0.4535521888210839,0.0027885496984773354,3.943429679708054,0.0004040588966438971
UG,85.72143035631665,0.45352051352628225,0.0027973161952519225,3.9415607475657004,0.0004018296380735379
UG,85.74643660787916,0.45348874079381307,0.0028061245815111657,3.9396888776139374,0.0003996107802362164
UG,85.77144285944168,0.4534568701679473,0.0028149751261571957,3.937814060439959,0.00039740228074827753
UG,85.79644911100421,0.45342490119009204,0.0028238681002674196,3.935936286585374,0.00039520409737780354
UG,85.82145536256672,0.4533928333987676,0.0028328037771143235,3.9340555465459084,0.0003930161880514527
UG,85.84646161412924,0.45336066632958455,0.0028417824321888205,3.9321718307711047,0.00039083851085388796
UG,85.87146786569176,0.45332839951522047,0.002850804343219161,3.9302851296640133,0.0003886710240210663
UG,85.89647411725429,0.4532960324853972,0.002859869790195416,3.928395433580894,0.0003865136859490276
UG,85.9214803688168,0.4532635647668562,0.002868979055389954,3.926502732830911,0.00038436645518538746
UG,85.94648662037932,0.45323099588333604,0.002878132423381918,3.924607017675817,0.0003822292904355119
UG,85.97149287194183,0.45319832535554766,0.0028873301810774803,3.92270827832964,0.000380102150552624
UG,85.99649912350436,0.45316555270114983,0.002896572617734758,3.920806504958372,0.0003779849945469021
UG,86.02150537506688,0.4531326774347254,0.0029058600249858373,3.918901687679654,0.0003758777815823406
UG,86.0465116266294,0.45309969906775593,0.0029151926968616474,3.9169938165624445,0.00037378047097173095
UG,86.07151787819191,0.45306661710859736,0.0029245709298146684,3.9150828816267085,0.0003716930221798268
UG,86.09652412975443,0.45303343106245414,0.002933995022743038,3.913168872843083,0.00036961539482544404
UG,86.12153038131696,0.4530001404313543,0.0029434652770153817,3.9112517801325537,0.0003675475486712175
UG,86.14653663287947,0.4529667447141234,0.0029529819964953185,3.9093315933661215,0.00036548944363935397
UG,86.17154288444199,0.4529332434063587,0.0029625454875670887,3.9074083023644723,0.0003634410397895971
UG,86.1965491360045,0.4528996360004031,0.002972156059158805,3.905481896897629,0.0003614022973413843
UG,86.22155538756704,0.45286592198531855,0.0029818140227700902,3.9035523666846244,0.00035937317665791753
UG,86.24656163912955,0.45283210084685893,0.002991519692496484,3.9016197013931526,0.000357353638248319
UG,86.27156789069207,0.4527981720674441,0.003001273385057484,3.899683890639228,0.00035534364277384255
UG,86.29657414225458,0.45276413512613145,0.0030110754198199845,3.8977449239868283,0.00035334315103778525
UG,86.32158039381711,0.45272998949858906,0.003020926118827779,3.89580279094755,0.0003513521239921167
UG,86.34658664537963,0.45269573465706786,0.003030825806826745,3.8938574809802518,0.00034937052273443354
UG,86.37159289694215,0.45266137007037355,0.003040774811294492,3.8919089834907026,0.00034739830850626736
UG,86.39659914850466,0.4526268952038381,0.0030507734624650984,3.889957287831209,0.0003454354426974325
UG,86.4216054000672,0.45259230951929086,0.003060822093359625,3.8880023833002624,0.0003434818868370443
UG,86.44661165162971,0.4525576124750305,0.0030709210398128526,3.88604425914217,0.0003415376026003594
UG,86.47161790319223,0.4525228035257949,0.0030810706405037386,3.8840829045466854,0.0003396025518090845
UG,86.49662415475474,0.45248788212273233,0.0030912712369828583,3.8821183086486313,0.00033767669642290917
UG,86.52163040631727,0.45245284771337113,0.0031015231737023846,3.880150460527528,0.00033575999854625884
UG,86.54663665787979,0.4524176997415899,0.003111826798045875,3.878179349207213,0.00033385242042430435
UG,86.5716429094423,0.4523824376475872,0.0031221824603586776,3.8762049636554567,0.00033195392444514333
UG,86.59664916100482,0.4523470608678507,0.003132590513978685,3.874227292783583,0.0003300644731337368
UG,86.62165541256735,0.452311568835126,0.0031430513152655303,3.8722463254460666,0.0003281840291590534
UG,86.64666166412987,0.4522759609783858,0.0031535652236337245,3.8702620504401555,0.0003263125553301368
UG,86.67166791569238,0.45224023672279773,0.003164132601583026,3.8682744565054628,0.00032445001459273604
UG,86.6966741672549,0.45220439548969255,0.003174753814732265,3.8662835323235805,0.00032259637003187084
UG,86.72168041881743,0.45216843669653245,0.003185429231848582,3.8642892665176585,0.0003207515848744525
UG,86.74668667037994,0.45213235975687743,0.003196159224883168,3.8622916476520155,0.00031891562248314925
UG,86.77169292194246,0.45209616408035297,0.0032069441690024225,3.8602906642317176,0.0003170884463539739
UG,86.79669917350498,0.45205984907261704,0.0032177844426240277,3.8582863047021725,0.0003152700201268234
UG,86.82170542506749,0.45202341413532554,0.0032286804274474757,3.8562785574487055,0.00031346030757253374
UG,86.84671167663002,0.45198685866609944,0.003239632508491487,3.8542674107961385,0.0003116592725998851
UG,86.87171792819254,0.45195018205848947,0.0032506410741267836,3.8522528530083755,0.0003098668792532324
UG,86.89672417975505,0.4519133837019423,0.003261706516113595,3.850234872287963,0.0003080830917144136
UG,86.92173043131757,0.4518764629817647,0.0032728292296349297,3.84821345677566,0.00030630787429386367
UG,86.9467366828801,0.45183941927908927,0.0032840096133341943,3.8461885945500054,0.00030454119144185366
UG,86.97174293444262,0.4518022519708371,0.003295248069351055,3.844160273626878,0.00030278300773854206
UG,86.99674918600513,0.4517649604296838,0.003306545003359411,3.842128481959047,0.0003010332879028703
UG,87.02175543756765,0.45172754402402077,0.003317900824604451,3.840093207435736,0.0002992919967761212
UG,87.04676168913018,0.4516900021179197,0.0033293159459396515,3.8380544378821497,0.00029755909934226003
UG,87.0717679406927,0.45165233407109506,0.0033407907838665643,3.836012161059047,0.00029583456070997354
UG,87.09677419225521,0.45161453923886635,0.003352325758573024,3.8339663646622544,0.00029411834612277444
UG,87.12178044381773,0.4515766169721201,0.0033639212939739504,3.8319170363222237,0.00029241042095552386
UG,87.14678669538026,0.4515385666172713,0.0033755778177483025,3.829864163603542,0.0002907107507089499
UG,87.17179294694277,0.45150038751622507,0.003387295761382426,3.8278077340044816,0.00028901930102106046
UG,87.19679919850529,0.4514620790063365,0.0033990755602090095,3.8257477349565026,0.0002873360376524107
UG,87.2218054500678,0.45142364042037236,0.0034109176534510496,3.8236841538237956,0.00028566092649727964
UG,87.24681170163034,0.4513850710864693,0.0034228224842600265,3.821616977902767,0.0002839939335737782
UG,87.27181795319285,0.45134637032809505,0.003434790499761777,3.8195461944215756,0.00028233502503153385
UG,87.29682420475537,0.45130753746400626,0.003446822151097191,3.8174717905396207,0.0002806841671474001
UG,87.32183045631788,0.45126857180820806,0.0034589178934685406,3.815393753347058,0.0002790413263259331
UG,87.34683670788041,0.4512294726699112,0.0034710781861801558,3.813312069864281,0.0002774064690958332
UG,87.37184295944293,0.45119023935349123,0.003483303492685755,3.811226727041426,0.0002757795621173597
UG,87.39684921100545,0.4511508711584442,0.003495594280632099,3.80913771175785,0.0002741605721700633
UG,87.42185546256796,0.45111136737934515,0.003507951021906623,3.8070450108216227,0.0002725494661642893
UG,87.44686171413049,0.4510717273058032,0.0035203741926822445,3.8049486109689967,0.00027094621113090897
UG,87.47186796569301,0.45103195022241804,0.0035328642734646794,3.8028484988638813,0.0002693507742283608
UG,87.49687421725552,0.4509920354087355,0.0035454217491404454,3.800744661097317,0.0002677631227388117
UG,87.52188046881804,0.4509519821392022,0.003558047109025202,3.7986370841869324,0.00026618322406816904
UG,87.54688672038056,0.4509117896831205,0.0035707408469131956,3.7965257545764097,0.00026461104574423413
UG,87.57189297194309,0.4508714573046017,0.0035835034611244746,3.7944106586349267,0.00026304655542073514
UG,87.5968992235056,0.4508309842625205,0.003596335454557558,3.7922917826566156,0.0002614897208686428
UG,87.62190547506812,0.45079036981046733,0.003609237334738611,3.790169112860002,0.000259940509988196
UG,87.64691172663063,0.4507496131967014,0.0036222096138752834,3.788042635387449,0.00025839889079248883
UG,87.67191797819316,0.4507087136641018,0.0036352528089048427,3.7859123363045732,0.0002568648314217815
UG,87.69692422975568,0.4506676704501201,0.003648367441550724,3.7837782015996932,0.0002553383001345271
UG,87.7219304813182,0.45062648278672995,0.0036615540383735093,3.781640217183235,0.0002538192653108324
UG,87.74693673288071,0.45058514990037923,0.0036748131308282704,3.779498368887162,0.0002523076954504272
UG,87.77194298444324,0.45054367101193776,0.003688145255315135,3.7773526424643693,0.0002508035591724514
UG,87.79694923600576,0.4505020453366485,0.00370155095323864,3.7752030235881127,0.0002493068252140494
UG,87.82195548756827,0.4504602720840751,0.003715030771061643,3.773049497851382,0.0002478174624311699
UG,87.84696173913079,0.4504183504580506,0.003728585260365324,3.770892050766318,0.00024633543979967046
UG,87.87196799069332,0.45037627965662497,0.003742214977903695,3.768730667763587,0.00024486072640979506
UG,87.89697424225584,0.45033405887201167,0.003755920485664529,3.7665653341917675,0.0002433932914716814
UG,87.92198049381835,0.450291687290535,0.0037697023509275663,3.7643960353167265,0.00024193310431084032
UG,87.94698674538087,0.4502491640925748,0.003783561146326224,3.7622227563209916,0.00024048013437345198
UG,87.9719929969434,0.45020648845251293,0.003797497449907593,3.7600454823031177,0.0002390343512156944
UG,87.99699924850592,0.4501636595386769,0.0038115118451935628,3.7578641982770398,0.00023759572451371414
UG,88.02200550006843,0.4501206765132843,0.003825604921244858,3.7556788891714294,0.00023616422405675318
UG,88.04701175163095,0.4500775385323862,0.0038397772727239536,3.753489539829037,0.00023473981974953177
UG,88.07201800319348,0.45003424474580983,0.003854029499960825,3.751296135006042,0.000233322481610978
UG,88.097024254756,0.44999079429710065,0.003868362209014808,3.7490986593713713,0.0002319121797765077
UG,88.12203050631851,0.4499471863234637,0.003882776011744244,3.7468970975060385,0.000230508884489756
UG,88.14703675788103,0.44990341995570476,0.0038972715258711738,3.744691433902456,0.00022911256611449847
UG,88.17204300944356,0.4498594943181705,0.0039118493750523444,3.7424816529637632,0.0002277231951222275
UG,88.19704926100607,0.4498154085286872,0.00392651018894324,3.7402677390031114,0.00022634074209963115
UG,88.22205551256859,0.44977116169850023,0.003941254603272328,3.7380496762429822,0.00022496517774196195
UG,88.2470617641311,0.44972675293221165,0.003956083259908769,3.7358274488144727,0.0002235964728609943
UG,88.27206801569362,0.4496821813277187,0.003970996806937794,3.73360104075659,0.00022223459837642087
UG,88.29707426725615,0.4496374459761486,0.003985995898728478,3.731370436015518,0.00022087952531854417
UG,88.32208051881867,0.4495925459617959,0.004001081196011544,3.7291356184439066,0.00021953122483122484
UG,88.34708677038118,0.4495474803620572,0.00401625336595138,3.7268965718001175,0.00021818966816566595
UG,88.3720930219437,0.4495022482473656,0.004031513082224815,3.724653279747501,0.0002168548266855098
UG,88.39709927350623,0.4494568486811245,0.004046861025094574,3.722405725853636,0.0002155266718593233
UG,88.42210552506874,0.4494112807196405,0.004062297881489077,3.7201538935895764,0.00021420517526721624
UG,88.44711177663126,0.44936554341205526,0.004077824345080515,3.717897766329083,0.0002128903085983845
UG,88.47211802819378,0.4493196358002775,0.004093441116366147,3.715637327347861,0.00021158204365166055
UG,88.4971242797563,0.4492735569189132,0.004109148902748772,3.7133725598227696,0.00021028035232765902
UG,88.52213053131882,0.4492273057951951,0.004124948418617593,3.711103446831042,0.00020898520664202442
UG,88.54713678288134,0.4491808814489122,0.0041408403854336735,3.708829971349487,0.00020769657871203052
UG,88.57214303444385,0.44913428289233776,0.004156825531813518,3.706552116253684,0.00020641444076366318
UG,88.59714928600638,0.4490875091301564,0.004172904593616762,3.704269864317181,0.00020513876512825597
UG,88.6221555375689,0.4490405591593903,0.004189078314028967,3.701983198210662,0.00020386952424354131
UG,88.64716178913142,0.44899343196932584,0.004205347443654142,3.699692100501126,0.00020260669065374503
UG,88.67216804069393,0.44894612654143673,0.004221712740601336,3.6973965536510485,0.00020135023700633593
UG,88.69717429225646,0.44889864184930955,0.004238174970579081,3.695096540017549,0.00020010013605578877
UG,88.72218054381898,0.4488509768585651,0.004254734906981773,3.6927920418515123,0.00019885636065964917
UG,88.7471867953815,0.44880313052678156,0.004271393330988159,3.6904830412967535,0.00019761888377780107
UG,88.77219304694401,0.44875510180341477,0.004288151031652526,3.688169520389121,0.00019638767847656203
UG,88.79719929850654,0.4487068896297191,0.00430500880600492,3.6858514610556465,0.00019516271792566328
UG,88.82220555006906,0.44865849293866605,0.004321967459142857,3.683528845113632,0.00019394397539415718
UG,88.84721180163157,0.4486099106548628,0.004339027804334924,3.681201654269759,0.00019273142425901087
UG,88.87221805319409,0.4485611416944692,0.004356190663117752,3.678869870119184,0.000191525037994722
UG,88.89722430475662,0.4485121849651149,0.00437345686540132,3.676533474144623,0.00019032479018142606
UG,88.92223055631914,0.4484630393658132,0.004390827249568119,3.674192447715422,0.0001891306544958419
UG,88.94723680788165,0.44841370378687645,0.00440830266258013,3.671846772086618,0.00018794260471986917
UG,88.97224305944417,0.4483641771098285,0.004425883960083818,3.6694964283980003,0.000186760614734427
UG,88.99724931100668,0.44831445820731775,0.004443572006519446,3.667141397673154,0.00018558465852383822
UG,89.02225556256921,0.4482645459430275,0.0044613676752293455,3.6647816608184938,0.0001844147101675568
UG,89.04726181413173,0.4482144391715863,0.004479271848567326,3.6624171986222853,0.00018325074384965977
UG,89.07226806569425,0.4481641367384768,0.004497285418013324,3.660047991753665,0.00018209273384848883
UG,89.09727431725676,0.4481136374799433,0.0045154092842864665,3.657674020761637,0.00018094065454480137
UG,89.12228056881929,0.4480629402228993,0.0045336443574629,3.6552952660740803,0.00017979448041812484
UG,89.14728682038181,0.44801204378483217,0.004551991557088559,3.652911707996714,0.00017865418604362475
UG,89.17229307194432,0.44796094697370803,0.004570451812303218,3.650523326712084,0.00017751974609797472
UG,89.19729932350684,0.44790964858787463,0.004589026061958309,3.6481301022785098,0.00017639113535292917
UG,89.22230557506937,0.44785814741596414,0.0046077152547438875,3.6457320146290577,0.0001752683286778509
UG,89.24731182663189,0.4478064422367931,0.004626520349306716,3.6433290435704535,0.0001741513010392697
UG,89.2723180781944,0.44775453181926267,0.004645442314382692,3.640921168782028,0.0001730400274994685
UG,89.29732432975692,0.4477024149222562,0.0046644821289211665,3.63850836981462,0.00017193448321765474
UG,89.32233058131945,0.44765009029453773,0.00468364078222006,3.6360906260895027,0.00017083464345149128
UG,89.34733683288196,0.4475975566746465,0.004702919274051405,3.63366791689725,0.000169740483549646
UG,89.37234308444448,0.44754481279079233,0.004722318614801263,3.631240221396635,0.0001686519789583738
UG,89.397349336007,0.4474918573607478,0.0047418398256021165,3.6288075186134883,0.0001675691052175895
UG,89.42235558756953,0.4474386890917416,0.004761483938475569,3.626369787439568,0.00016649183796281627
UG,89.44736183913204,0.44738530668034826,0.004781251996467494,3.6239270066313938,0.0001654201529231267
UG,89.47236809069456,0.4473317088123768,0.004801145053794094,3.6214791548090757,0.00016435402592154412
UG,89.49737434225707,0.4472778941627594,0.00482116417598451,3.619026210455141,0.00016329343287616578
UG,89.5223805938196,0.4472238613954373,0.004841310440030225,3.616568151913338,0.00016223834979667946
UG,89.54738684538212,0.4471696091632462,0.00486158493453218,3.6141049573874335,0.00016118875278342543
UG,89.57239309694464,0.44711513610779857,0.0048819887598516,3.611636604939976,0.00016014461803334667
UG,89.59739934850715,0.44706044085936664,0.00490252302826517,3.6091630724910804,0.00015910592183243074
UG,89.62240560006967,0.44700552203676286,0.004923188864120649,3.6066843378171716,0.00015807264056092252
UG,89.6474118516322,0.44695037824721845,0.004943987403996922,3.6042003785497334,0.00015704475068999534
UG,89.67241810319472,0.44689500808626065,0.004964919796860225,3.6017111721740154,0.00015602222878057404
UG,89.69742435475723,0.44683941013758904,0.004985987204232535,3.5992166960277587,0.00015500505148543958
UG,89.72243060631975,0.4467835829729491,0.005007190800354332,3.596716927299886,0.000153993195547422
UG,89.74743685788228,0.44672752515200603,0.0050285317723574195,3.594211843029194,0.00015298663779999332
UG,89.7724431094448,0.4466712352222142,0.005050011320428712,3.591701420103003,0.00015198535516713508
UG,89.79744936100731,0.4466147117186875,0.005071630657990949,3.589185635255823,0.0001509893246626143
UG,89.82245561256983,0.4465579531640665,0.005093391011874502,3.586664465067982,0.00014999852338697561
UG,89.84746186413236,0.4465009580683846,0.005115293622502509,3.584137885964266,0.00014901292853155437
UG,89.87246811569487,0.446443724928932,0.005137339744064713,3.581605874212496,0.0001480325173755937
UG,89.89747436725739,0.44638625223011785,0.005159530644709559,3.579068405922147,0.00014705726728841463
UG,89.9224806188199,0.4463285384433312,0.005181867606727208,3.5765254570428984,0.00014608715572530205
UG,89.94748687038243,0.44627058202679987,0.005204351926746095,3.5739770033632223,0.0001451221602308798
UG,89.97249312194495,0.4462123814254466,0.00522698491591962,3.5714230205088953,0.00014416225843456255
UG,89.99749937350747,0.4461539350707451,0.005249767900128831,3.5688634839415396,0.00014320742805495039
UG,90.02250562506998,0.4460952413805718,0.005272702220178716,3.5662983689571295,0.0001422576468964305
UG,90.04751187663251,0.44603629875905837,0.0052957892320058195,3.563727650684482,0.00014131289285106702
UG,90.07251812819503,0.44597710559644016,0.005319030306880502,3.5611513040837366,0.00014037314389619545
UG,90.09752437975754,0.44591766026890334,0.005342426831618382,3.5585693039448016,0.0001394383780948486
UG,90.12253063132006,0.4458579611384301,0.005365980208793567,3.5559816248858,0.00013850857359388728
UG,90.14753688288259,0.445798006552642,0.00538969185695644,3.553388241351486,0.00013758370862918033
UG,90.1725431344451,0.44573779484464093,0.005413563210853592,3.550789127611661,0.0001366637615181809
UG,90.19754938600762,0.44567732433284724,0.0054375957216483,3.5481842577595346,0.00013574871066459799
UG,90.22255563757014,0.44561659332083725,0.005461790857151907,3.545573605710109,0.0001348385345568373
UG,90.24756188913267,0.44555560009717726,0.005486150102052771,3.542957145198512,0.00013393321176585911
UG,90.27256814069518,0.44549434293525636,0.00551067495815469,3.5403348497783456,0.00013303272094512312
UG,90.2975743922577,0.44543282009311524,0.005535366944608284,3.5377066928199565,0.00013213704083395655
UG,90.32258064382022,0.4453710298132751,0.005560227598160742,3.5350726475087573,0.0001312461502554912
UG,90.34758689538273,0.445308970322562,0.005585258473397651,3.5324326868434746,0.00013036002811345128
UG,90.37259314694526,0.4452466398319309,0.005610461142999945,3.529786783634409,0.00012947865339470345
UG,90.39759939850778,0.44518403653628486,0.005635837197989083,3.5271349105016463,0.0001286020051673361
UG,90.4226056500703,0.4451211586142939,0.005661388247994796,3.5244770398732688,0.00012773006258190705
UG,90.44761190163281,0.4450580042282104,0.0056871159215123625,3.5218131439835343,0.0001268628048725493
UG,90.47261815319534,0.44499457152368255,0.005713021866177509,3.519143194871059,0.00012600021135338176
UG,90.49762440475786,0.44493085862956344,0.005739107749028777,3.5164671643769223,0.00012514226141828282
UG,90.52263065632037,0.4448668636577208,0.005765375256792624,3.5137850241428086,0.00012428893454244336
UG,90.54763690788289,0.4448025847028404,0.005791826096159045,3.5110967456090934,0.00012344021028161148
UG,90.57264315944542,0.4447380198422298,0.005818461994074259,3.5084023000129165,0.0001225960682731514
UG,90.59764941100794,0.444673167135617,0.005845284698023559,3.505701658386235,0.00012175648823234827
UG,90.62265566257045,0.4446080246249485,0.005872295976332826,3.5029947915538378,0.00012092144995564057
UG,90.64766191413297,0.44454259033418214,0.005899497618466042,3.500281670131348,0.00012009093331612948
UG,90.6726681656955,0.444476862269079,0.0059268914353353365,3.497562264523212,0.00011926491826856835
UG,90.69767441725801,0.4444108384169919,0.005954479259608258,3.49483654492064,0.00011844338484529744
UG,90.72268066882053,0.4443445167466497,0.005982262946024366,3.4921044812995317,0.00011762631315794513
UG,90.74768692038305,0.4442778952079403,0.006010244371718456,3.4893660434183755,0.00011681368339568768
UG,90.77269317194558,0.44421097173168944,0.006038425436548218,3.4866212008161366,0.00011600547582448455
UG,90.79769942350809,0.4441437442294372,0.006066808063428255,3.4838699228101007,0.00011520167078807534
UG,90.82270567507061,0.44407621059320995,0.006095394198663284,3.4811121784936803,0.00011440224870998344
UG,90.84771192663312,0.44400836869529015,0.006124185812298725,3.4783479367342363,0.00011360719008901408
UG,90.87271817819565,0.44394021638798353,0.006153184898467717,3.4755771661708224,0.00011281647550145638
UG,90.89772442975817,0.44387175150338126,0.006182393475753075,3.472799835211952,0.00011203008559702922
UG,90.92273068132069,0.4438029718531189,0.006211813587540318,3.470015912033279,0.00011124800110518723
UG,90.9477369328832,0.44373387522813335,0.006241447302396169,3.4672253645753046,0.00011047020282981144
UG,90.97274318444573,0.4436644593984149,0.006271296714437911,3.464428160541012,0.00010969667165230425
UG,90.99774943600825,0.4435947221127574,0.006301363943723447,3.461624267393532,0.00010892738852735162
UG,91.02275568757076,0.443524661098501,0.006331651136628641,3.4588136523536757,0.00010816233448337425
UG,91.04776193913328,0.443454274061276,0.006362160466253546,3.4559962823975505,0.00010740149062695906
UG,91.0727681906958,0.44338355868473944,0.006392894132817843,3.453172124254062,0.00010664483813760894
UG,91.09777444225833,0.4433125126303104,0.006423854364079662,3.450341144402449,0.00010589235827062322
UG,91.12278069382084,0.443241133536898,0.0064550434157407705,3.4475033090697145,0.000105144032353078
UG,91.14778694538336,0.44316941902062956,0.006486463571881559,3.444658584228094,0.00010439984178513499
UG,91.17279319694588,0.44309736667457084,0.0065181171453861765,3.441806935592434,0.00010365976804395452
UG,91.1977994485084,0.44302497406844615,0.006550006478390517,3.4389483286176015,0.00010292379267840187
UG,91.22280570007092,0.44295223874834966,0.006582133942720455,3.43608272849578,0.00010219189730972985
UG,91.24781195163344,0.4428791582364569,0.006614501940354705,3.4332101001538047,0.000101464063631403
UG,91.27281820319595,0.44280573003072865,0.006647112903885019,3.4303304082504034,0.00010074027340913026
UG,91.29782445475848,0.44273195160461254,0.0066799692969937,3.427443617173454,0.00010002050848380787
UG,91.322830706321,0.44265782040673923,0.006713073614929948,3.424549691037177,9.930475076582045e-05
UG,91.34783695788352,0.44258333386061355,0.006746428385000314,3.4216485936792753,9.859298223723773e-05
UG,91.37284320944603,0.44250848936430215,0.006780036167069152,3.418740288658077,9.78851849505536e-05
UG,91.39784946100856,0.44243328429011564,0.006813899554067097,3.415824739249617,9.718134103175327e-05
UG,91.42285571257108,0.44235771598428686,0.006848021172509111,3.4129019084446885,9.648143267735879e-05
UG,91.4478619641336,0.44228178176664235,0.00688240368301506,3.4099717589458325,9.578544215431187e-05
UG,91.47286821569611,0.44220547893027085,0.006917049780853558,3.4070342531643227,9.509335179677431e-05
UG,91.49787446725864,0.4421288047411853,0.006951962196484619,3.40408935321708,9.440514401302064e-05
UG,91.52288071882116,0.44205175643798184,0.006987143696121862,3.401137020923591,9.372080127964595e-05
UG,91.54788697038367,0.4419743312314899,0.0070225970822879475,3.3981772178027065,9.304030614468749e-05
UG,91.57289322194619,0.4418965263044208,0.007058325194403517,3.395209905069476,9.236364122208801e-05
UG,91.59789947350872,0.4418183388110074,0.00709433090936844,3.392235043631895,9.169078919668313e-05
UG,91.62290572507123,0.4417397658766429,0.0071306171421704695,3.3892525940876466,9.102173282268152e-05
UG,91.64791197663375,0.4416608045975071,0.007167186846481141,3.386262516720725,9.035645492267867e-05
UG,91.67291822819627,0.4415814520401949,0.007204043015291188,3.3832647714981166,8.969493838767067e-05
UG,91.6979244797588,0.44150170524133137,0.007241188681535985,3.380259318066328,8.903716617468971e-05
UG,91.72293073132131,0.44142156120718784,0.0072786269187524195,3.377246115747987,8.838312131164553e-05
UG,91.74793698288383,0.44134101691328503,0.007316360841721579,3.3742251235382525,8.773278689279034e-05
UG,91.77294323444634,0.4412600693039968,0.007354393607152719,3.3711963001013205,8.708614608081692e-05
UG,91.79794948600886,0.44117871529214125,0.007392728414358273,3.3681596037667676,8.644318210245002e-05
UG,91.82295573757139,0.4410969517585712,0.0074313685059615745,3.3651149925259296,8.580387825406673e-05
UG,91.8479619891339,0.44101477555175306,0.007470317168593012,3.3620624240281605,8.516821789782181e-05
UG,91.87296824069642,0.4409321834873427,0.007509577733624456,3.3590018555770875,8.453618446403067e-05
UG,91.89797449225894,0.4408491723477529,0.007549153577900471,3.355933244126792,8.39077614458363e-05
UG,91.92298074382147,0.44076573888171433,0.007589048124499358,3.352856546277947,8.328293240389619e-05
UG,91.94798699538399,0.4406818798038286,0.007629264843490629,3.3497717182738986,8.26616809653041e-05
UG,91.9729932469465,0.4405975917941162,0.007669807252720853,3.346678715996677,8.204399082316715e-05
UG,91.99799949850902,0.4405128714975542,0.007710678918609747,3.343577494962974,8.142984573291795e-05
UG,92.02300575007155,0.44042771552360993,0.007751883456966814,3.340468010320062,8.081922951702523e-05
UG,92.04801200163406,0.4403421204457641,0.00779342453381777,3.337350216841642,8.021212606165681e-05
UG,92.07301825319658,0.44025608280102735,0.007835305866245037,3.3342240689236236,7.960851932042419e-05
UG,92.0980245047591,0.4401695990894499,0.007877531223255909,3.3310895205798845,7.900839330708247e-05
UG,92.12303075632163,0.44008266577362093,0.00792010442665968,3.3279465254379264,7.84117321012952e-05
UG,92.14803700788414,0.43999527927816257,0.007963029351968501,3.3247950367345114,7.781851984650179e-05
UG,92.17304325944666,0.43990743598921256,0.008006309929299597,3.321635007311174,7.722874075125222e-05
UG,92.19804951100917,0.43981913225390096,0.008049950144320635,3.3184663896097395,7.664237908434283e-05
UG,92.2230557625717,0.4397303643798161,0.008093954039194273,3.315289135667724,7.605941917887092e-05
UG,92.24806201413422,0.43964112863446486,0.008138325713558645,3.312103197113719,7.547984543215432e-05
UG,92.27306826569674,0.43955142124471885,0.008183069325500092,3.3089085251626282,7.49036423041921e-05
UG,92.29807451725925,0.4394612383962565,0.008228189092580234,3.3057050706109328,7.433079431439508e-05
UG,92.32308076882178,0.4393705762329927,0.008273689292856788,3.3024927838318003,7.376128604630414e-05
UG,92.3480870203843,0.43927943085650073,0.008319574265948716,3.299271614770212,7.319510214634763e-05
UG,92.37309327194681,0.43918779832542243,0.00836584841408931,3.296041512937907,7.263222732344982e-05
UG,92.39809952350933,0.4390956746548705,0.008412516203240416,3.2928024274083603,7.207264634370784e-05
UG,92.42310577507186,0.4390030558158184,0.00845958216419875,3.2895543068116018,7.15163440374727e-05
UG,92.44811202663438,0.43890993773448395,0.008507050893751412,3.2862970993290497,7.096330529755088e-05
UG,92.47311827819689,0.43881631629169643,0.008554927055820774,3.2830307526881444,7.041351507602609e-05
UG,92.49812452975941,0.4387221873222589,0.008603215382671048,3.2797552141570256,6.986695838402592e-05
UG,92.52313078132192,0.4386275466142941,0.00865192067611104,3.2764704305390344,6.93236202945958e-05
UG,92.54813703288445,0.4385323899085853,0.00870104780874653,3.273176348167217,6.878348594273055e-05
UG,92.57314328444697,0.4384367128978999,0.008750601725228789,3.269872912898668,6.824654052149767e-05
UG,92.59814953600949,0.43834051122630463,0.008800587443559993,3.2665600701088313,6.771276928191353e-05
UG,92.623155787572,0.4382437804884671,0.008851010056404216,3.263237764685697,6.718215753737366e-05
UG,92.64816203913453,0.43814651622894857,0.00890187473244406,3.259905941023946,6.665469066203963e-05
UG,92.67316829069705,0.4380487139414802,0.008953186717746876,3.2565645430189587,6.613035408426844e-05
UG,92.69817454225957,0.43795036906822815,0.00900495133717401,3.2532135140607368,6.560913329353298e-05
UG,92.72318079382208,0.4378514769990467,0.009057173995815238,3.249852797027768,6.509101383952485e-05
UG,92.74818704538461,0.43775203307071864,0.009109860180457756,3.246482334280774,6.457598133126108e-05
UG,92.77319329694713,0.4376520325661802,0.009163015461083486,3.2431020676563596,6.406402142992058e-05
UG,92.79819954850964,0.43755147071373224,0.009216645492391467,3.2397119384605446,6.355511986044874e-05
UG,92.82320580007216,0.43745034268624033,0.009270756015369315,3.2363118874622425,6.304926240485399e-05
UG,92.84821205163469,0.43734864360031833,0.009325352858886159,3.2329018548866024,6.254643490202923e-05
UG,92.8732183031972,0.43724636851549764,0.009380441941333084,3.2294817804082703,6.204662324547855e-05
UG,92.89822455475972,0.4371435124333803,0.009436029272272554,3.2260516031444846,6.15498133903586e-05
UG,92.92323080632224,0.43704007029678066,0.009492120954159003,3.2226112616481624,6.105599134804634e-05
UG,92.94823705788477,0.4369360369888475,0.009548723184071056,3.2191606939007835,6.056514318351059e-05
UG,92.97324330944728,0.43683140733217307,0.009605842255506314,3.2156998373052383,6.007725502033863e-05
UG,92.9982495610098,0.436726176087883,0.009663484560175253,3.212228628678466,5.9592313040428995e-05
UG,93.02325581257232,0.4366203379547139,0.009721656589883887,3.2087470042440933,5.911030347892058e-05
UG,93.04826206413485,0.43651388756806875,0.009780364938422022,3.205254899624847,5.8631212626688854e-05
UG,93.07326831569736,0.43640681949906146,0.009839616303524673,3.201752249834948,5.815502683297007e-05
UG,93.09827456725988,0.4362991282535367,0.009899417488831278,3.198238989272258,5.7681732502248255e-05
UG,93.1232808188224,0.43619080827107765,0.009959775405944352,3.1947150517104204,5.7211316090248754e-05
UG,93.14828707038492,0.43608185392399057,0.010020697076490998,3.191180370290784,5.674376411224821e-05
UG,93.17329332194744,0.4359722595162772,0.010082189634267522,3.1876348775142977,5.627906313887564e-05
UG,93.19829957350996,0.43586201928257884,0.010144260327385945,3.184078505233115,5.581719979120064e-05
UG,93.22330582507247,0.4357511273871078,0.010206916520522922,3.180511184642224,5.535816074739134e-05
UG,93.24831207663499,0.435639577922556,0.01027016569717557,3.1769328462708293,5.4901932741312676e-05
UG,93.27331832819752,0.4355273649089864,0.010334015462008345,3.17334341997368,5.444850256006472e-05
UG,93.29832457976003,0.4354144822926956,0.01039847354321074,3.1697428349221384,5.3997857040917955e-05
UG,93.32333083132255,0.4353009239450639,0.01046354779495008,3.166131019595217,5.354998308107122e-05
UG,93.34833708288507,0.4351866836613781,0.010529246199850288,3.1625079017703905,5.310486762842171e-05
UG,93.3733433344476,0.4350717551596346,0.010595576871560293,3.158873408514305,5.266249768219223e-05
UG,93.39834958601011,0.4349561320793162,0.010662548057346018,3.155227466173275,5.222286029730795e-05
UG,93.42335583757263,0.43483980798014993,0.010730168140768217,3.1515700003636726,5.178594258347235e-05
UG,93.44836208913514,0.4347227763408369,0.010798445644414975,3.1479009359621144,5.135173169709529e-05
UG,93.47336834069768,0.43460503055775973,0.01086738923270938,3.1442201970955135,5.092021485281143e-05
UG,93.49837459226019,0.4344865639436661,0.010937007714765277,3.1405277071309543,5.049137931663017e-05
UG,93.52338084382271,0.4343673697263226,0.01100731004731696,3.1368233886653636,5.006521240389753e-05
UG,93.54838709538522,0.43424744104714524,0.011078305337732974,3.1331071635150334,4.9641701483725275e-05
UG,93.57339334694775,0.4341267709598047,0.011150002847086594,3.129378952704977,4.922083398026984e-05
UG,93.59839959851027,0.4340053524288015,0.011222411993311294,3.1256386764580903,4.880259736306803e-05
UG,93.62340585007279,0.4338831783280101,0.011295542354410534,3.121886254184056,4.8386979156554774e-05
UG,93.6484121016353,0.4337602414392026,0.011369403671777464,3.1181216044681808,4.7973966938356996e-05
UG,93.67341835319783,0.4336365344505361,0.01144400585356876,3.114344645059946,4.756354833360633e-05
UG,93.69842460476035,0.4335120499550131,0.011519358978190312,3.1105552928614006,4.7155711018138394e-05
UG,93.72343085632286,0.43338678044890666,0.011595473297815165,3.1067534639152865,4.675044272332691e-05
UG,93.74843710788538,0.43326071833016316,0.011672359242051377,3.1029390733930575,4.634773122545819e-05
UG,93.77344335944791,0.4331338558967606,0.011750027421656654,3.0991120355825785,4.5947564353053336e-05
UG,93.79844961101043,0.4330061853450471,0.011828488632379166,3.0952722638757244,4.554992998737023e-05
UG,93.82345586257294,0.43287769876803256,0.011907753858836093,3.0914196707556005,4.5154816056077254e-05
UG,93.84846211413546,0.4327483881536548,0.011987834278566478,3.0875541677836833,4.47622105367904e-05
UG,93.87346836569799,0.4326182453830059,0.012068741266118031,3.0836756655866346,4.437210146068731e-05
UG,93.8984746172605,0.4324872622285285,0.01215048639729473,3.0797840738429834,4.398447690362101e-05
UG,93.92348086882302,0.43235543035215973,0.012233081453443982,3.0758793012693633,4.359932499212297e-05
UG,93.94848712038554,0.43222274130345695,0.01231653842592189,3.0719612556067544,4.321663390486148e-05
UG,93.97349337194805,0.4320891865176694,0.012400869520616416,3.068029843606277,4.283639186429394e-05
UG,93.99849962351058,0.4319547573137771,0.012486087162645819,3.0640849710148426,4.245858714444362e-05
UG,94.0235058750731,0.4318194448924846,0.012572204001092978,3.060126542560449,4.208320806979152e-05
UG,94.04851212663561,0.43168324033417776,0.012659232913948998,3.0561544619372913,4.171024300787321e-05
UG,94.07351837819813,0.4315461345968295,0.012747187013124057,3.0521686317905043,4.133968037810917e-05
UG,94.09852462976066,0.4314081185138742,0.012836079649633684,3.0481689537007535,4.097150865022396e-05
UG,94.12353088132318,0.4312691827920212,0.012925924418863876,3.0441553281683675,4.060571633417718e-05
UG,94.14853713288569,0.431129318009033,0.013016735166034816,3.0401276545973026,4.024229199449737e-05
UG,94.17354338444821,0.4309885146114539,0.013108525991754853,3.036085831278759,3.9881224242047524e-05
UG,94.19854963601074,0.4308467629122879,0.013201311257777095,3.0320297553745017,3.952250173086906e-05
UG,94.22355588757326,0.43070405308862564,0.013295105592845894,3.027959322899829,3.916611316701725e-05
UG,94.24856213913577,0.43056037517922546,0.013389923898739194,3.023874428706263,3.8812047301669546e-05
UG,94.27356839069829,0.43041571908203324,0.013485781356464624,3.019774966463849,3.846029293028125e-05
UG,94.29857464226082,0.43027007455165905,0.01358269343262396,3.0156608286432034,3.81108389011542e-05
UG,94.32358089382333,0.4301234311967916,0.013680675885933018,3.0115319064971495,3.7763674101431777e-05
UG,94.34858714538585,0.42997577847755214,0.013779744773927757,3.007388090041959,3.741878746941797e-05
UG,94.37359339694837,0.42982710570280286,0.01387991645985319,3.003229268038343,3.7076167990440496e-05
UG,94.3985996485109,0.4296774020273837,0.013981207619745585,2.9990553279719827,3.67358046902077e-05
UG,94.42360590007341,0.4295266564492941,0.01408363524970474,2.994866156033718,3.639768664599695e-05
UG,94.44861215163593,0.4293748578068095,0.014187216673329237,2.9906616370993047,3.606180297854452e-05
UG,94.47361840319844,0.4292219947755323,0.014291969549428253,2.9864416547088055,3.572814285124754e-05
UG,94.49862465476097,0.42906805586538116,0.014397911879883436,2.9822060910455783,3.539669547927661e-05
UG,94.52363090632349,0.42891302941751197,0.01450506201777591,2.9779548269148632,3.506745011553578e-05
UG,94.548637157886,0.42875690360115587,0.0146134386756798,2.973687741721795,3.474039606246966e-05
UG,94.57364340944852,0.42859966641040936,0.014723060934255211,2.969404713449218,3.4415522668051344e-05
UG,94.59864966101105,0.42844130566092814,0.014833948251038873,2.9651056186348193,3.409281931934114e-05
UG,94.62365591257357,0.42828180898656204,0.014946120469523814,2.9607903323479996,3.377227545542167e-05
UG,94.64866216413608,0.42812116383590004,0.015059597828409524,2.9564587281660644,3.3453880552835034e-05
UG,94.6736684156986,0.42795935746874136,0.015174400971239475,2.952110678150094,3.313762413576157e-05
UG,94.69867466726112,0.4277963769524881,0.015290550956199418,2.947746052820264,3.282349577426774e-05
UG,94.72368091882365,0.4276322091584485,0.015408069266305804,2.943364721130664,3.251148507556087e-05
UG,94.74868717038616,0.42746684075804936,0.01552697781975602,2.938966550443507,3.220158169879469e-05
UG,94.77369342194868,0.4273002582189751,0.015647298980708768,2.9345514065029725,3.189377533955972e-05
UG,94.7986996735112,0.42713244780119397,0.01576905557029345,2.9301191534083086,3.158805574053654e-05
UG,94.82370592507372,0.4269633955529178,0.015892270878002403,2.925669653586612,3.128441268909877e-05
UG,94.84871217663624,0.42679308730643156,0.016016968673330027,2.9212027677647048,3.0982836009093484e-05
UG,94.87371842819876,0.42662150867385534,0.016143173217860306,2.9167183549407394,3.06833155762113e-05
UG,94.89872467976127,0.4264486450427841,0.01627090927761945,2.9122162723549927,3.0385841299936496e-05
UG,94.9237309313238,0.42627448157183245,0.016400202135900523,2.907696375460147,3.009040313930808e-05
UG,94.94873718288632,0.4260990031860673,0.016531077606320197,2.903158517890846,2.9796991092588e-05
UG,94.97374343444883,0.4259221945723263,0.016663562046436195,2.8986025514326363,2.9505595198981785e-05
UG,94.99874968601135,0.4257440401744328,0.0167976823716332,2.894028325990259,2.9216205544910054e-05
UG,95.02375593757388,0.42556452418828505,0.016933466069555373,2.8894356895552433,2.8928812251528574e-05
UG,95.0487621891364,0.42538363055682127,0.017070941214847698,2.8848244881727068,2.8643405489182206e-05
UG,95.07376844069891,0.42520134296487383,0.01721013648445162,2.8801945659075736,2.8359975463324926e-05
UG,95.09877469226143,0.42501764483387483,0.017351081173319946,2.875545764809868,2.8078512425705693e-05
UG,95.12378094382396,0.4248325193164596,0.017493805210644246,2.870877924879485,2.7799006668060363e-05
UG,95.14878719538648,0.4246459492908972,0.0176383391765536,2.866190884029873,2.7521448520598117e-05
UG,95.17379344694899,0.4244579173554162,0.01778471431934368,2.8614844780511586,2.7245828360545316e-05
UG,95.19879969851151,0.4242684058223601,0.01793296257326318,2.8567585405722804,2.6972136597904305e-05
UG,95.22380595007404,0.4240773967122151,0.01808311657685628,2.8520129030223935,2.6700363693214303e-05
UG,95.24881220163655,0.4238848717474717,0.01823520969185691,2.847247394591301,2.6430500136827423e-05
UG,95.27381845319907,0.42369081234632805,0.018389276022698485,2.8424618421889662,2.6162536469943455e-05
UG,95.29882470476159,0.4234951996162468,0.01854535043664785,2.83765607040423,2.5896463265405445e-05
UG,95.3238309563241,0.4232980143473236,0.01870346858461129,2.832829901462422,2.5632271143006225e-05
UG,95.34883720788663,0.42309923700550944,0.01886366692255535,2.8279831551821495,2.5369950758072193e-05
UG,95.37384345944915,0.4228988477256188,0.019025982733643493,2.823115648930852,2.5109492807417944e-05
UG,95.39884971101166,0.4226968263042005,0.019190454151104045,2.818227197579599,2.4850888029065712e-05
UG,95.42385596257418,0.4224931521921757,0.019357120181855286,2.8133176134565705,2.4594127196867173e-05
UG,95.44886221413671,0.42228780448732395,0.019526020730883564,2.808386706299698,2.43392011295209e-05
UG,95.47386846569923,0.42208076192652166,0.019697196626392,2.8034342832078285,2.408610067815697e-05
UG,95.49887471726174,0.4218720028778213,0.01987068964586532,2.7984601485911247,2.383481674137287e-05
UG,95.52388096882426,0.4216615053322799,0.020046542542939798,2.7934641041199555,2.3585340247890696e-05
UG,95.54888722038679,0.4214492468955967,0.020224799075232277,2.7884459486728153,2.3337662174501938e-05
UG,95.5738934719493,0.4212352047794922,0.020405504032978642,2.7834054782826785,2.3091773527278763e-05
UG,95.59889972351182,0.4210193557928838,0.02058870326881699,2.7783424860823622,2.2847665360712144e-05
UG,95.62390597507434,0.42080167633279775,0.020774443728435964,2.7732567622483355,2.2605328757976423e-05
UG,95.64891222663687,0.42058214237504776,0.020962773482410425,2.768148093943317,2.2364754850614542e-05
UG,95.67391847819938,0.42036072946463365,0.021153741758923802,2.763016265257214,2.212593479814365e-05
UG,95.6989247297619,0.4201374127058963,0.021347398977866583,2.7578610571468563,2.1888859808323532e-05
UG,95.72393098132441,0.4199121667523834,0.021543796785913855,2.752682247374055,2.1653521117097835e-05
UG,95.74893723288695,0.41968496579644143,0.021742988093018136,2.747479610442247,2.1419910007987072e-05
UG,95.77394348444946,0.4194557835584956,0.021945027109929148,2.7422529175313115,2.1188017792228023e-05
UG,95.79894973601198,0.41922459327604633,0.02214996938731631,2.737001936430983,2.0957835828740858e-05
UG,95.8239559875745,0.4189913676923394,0.022357871856053813,2.731726431472404,2.0729355503603e-05
UG,95.84896223913702,0.41875607904472345,0.022568792869145853,2.7264261634580818,2.05025682508806e-05
UG,95.87396849069954,0.41851869905264816,0.022782792244898084,2.721100889589754,2.027746553082816e-05
UG,95.89897474226206,0.4182791989053468,0.02299993131190998,2.7157503633947346,2.0054038851631017e-05
UG,95.92398099382457,0.4180375492491299,0.023220272955503142,2.710374334650023,1.983227974782795e-05
UG,95.9489872453871,0.4177937201743433,0.02344388166600324,2.7049725493047805,1.9612179801134052e-05
UG,95.97399349694962,0.41754768120189006,0.02367082358859292,2.6995447494002773,1.939373061998575e-05
UG,95.99899974851213,0.41729940126941767,0.02390116657518707,2.6940906729882514,1.9176923857982724e-05
UG,96.02400600007465,0.4170488487170279,0.02413498023812745,2.688610054046595,1.8961751198380857e-05
UG,96.04901225163717,0.41679599127263567,0.024372336005942564,2.683102622393323,1.8748204365838824e-05
UG,96.0740185031997,0.41654079603679744,0.024613307181106887,2.67756810359756,1.8536275117830654e-05
UG,96.09902475476221,0.41628322946717533,0.024857969000043837,2.672006218888808,1.8325955248222803e-05
UG,96.12403100632473,0.4160232573624432,0.02510639869540424,2.6664166850631097,1.8117236590195693e-05
UG,96.14903725788724,0.4157608448457828,0.025358675560719232,2.6607992143872394,1.7910111006351073e-05
UG,96.17404350944977,0.4154959563477958,0.025614881017465563,2.6551535144996627,1.7704570403171814e-05
UG,96.19904976101229,0.41522855558894595,0.02587509868479735,2.649479288309213,1.7500606713391168e-05
UG,96.2240560125748,0.4149586055614293,0.026139414451915678,2.6437762338906854,1.7298211914705144e-05
UG,96.24906226413732,0.41468606851047984,0.026407916553398636,2.63804404437759,1.7097378012150776e-05
UG,96.27406851569985,0.4144109059151083,0.02668069564724775,2.6322824078519287,1.6898097050514648e-05
UG,96.29907476726237,0.4141330784681836,0.026957844896261508,2.6264910072305825,1.670036110926246e-05
UG,96.32408101882488,0.4138525460559519,0.027239460052442873,2.6206695201488595,1.650416229871699e-05
UG,96.3490872703874,0.41356926773683883,0.02752563954498692,2.6148176188403505,1.630949277249093e-05
UG,96.37409352194993,0.41328320171960725,0.027816484571615726,2.608934970013481,1.6116344707924015e-05
UG,96.39909977351245,0.4129943053407965,0.02811209919363629,2.6030212347244093,1.592471032768878e-05
UG,96.42410602507496,0.4127025350414131,0.028412590435027026,2.5970760682461322,1.5734581881518736e-05
UG,96.44911227663748,0.41240784634291133,0.028718068385368625,2.591099119934032,1.5545951655423587e-05
UG,96.47411852820001,0.41211019382231284,0.02902864630723626,2.5850900330870217,1.5358811973337167e-05
UG,96.49912477976252,0.4118095310865513,0.02934444074775523,2.5790484448047803,1.5173155186053678e-05
UG,96.52413103132504,0.4115058107459592,0.02966557165509614,2.5729739858407594,1.4988973686683855e-05
UG,96.54913728288756,0.4111989843868318,0.02999216249976533,2.566866280450499,1.480625989699279e-05
UG,96.57414353445009,0.4108890025431367,0.030324340400967,2.5607249462357538,1.4625006271222882e-05
UG,96.5991497860126,0.41057581466716475,0.030662236258316555,2.5545495939832112,1.4445205304987584e-05
UG,96.62415603757512,0.41025936909926913,0.031005984889374096,2.5483398274988582,1.4266849518103053e-05
UG,96.64916228913764,0.4099396130365363,0.03135572517285504,2.542095243436939,1.4089931470065518e-05
UG,96.67416854070017,0.4096164925003492,0.03171160019840719,2.5358154311235506,1.3914443753490687e-05
UG,96.69917479226268,0.40928995230284815,0.032073757422387966,2.529499972374646,1.3740378989095427e-05
UG,96.7241810438252,0.4089599360122355,0.03244234883103507,2.5231484413085687,1.3567729837816917e-05
UG,96.74918729538771,0.4086263859167962,0.03281753111057923,2.5167604041521527,1.3396488990354905e-05
UG,96.77419354695023,0.40828924298774505,0.03319946582503903,2.510335419041239,1.3226649166810735e-05
UG,96.79919979851276,0.4079484468406342,0.03358831960172561,2.5038730358139722,1.3058203128152048e-05
UG,96.82420605007528,0.4076039356954508,0.03398426432563485,2.4973727957980065,1.2891143662301015e-05
UG,96.84921230163779,0.40725564633526484,0.03438747734212165,2.490834231590479,1.272546358863313e-05
UG,96.87421855320031,0.4069035140633715,0.03479814166938913,2.484256866830954,1.2561155765870944e-05
UG,96.89922480476284,0.40654747265879726,0.03521644622023306,2.4776402159661703,1.239821308005891e-05
UG,96.92423105632535,0.40618745433029707,0.035642586034542185,2.4709837840079305,1.2236628447640989e-05
UG,96.94923730788787,0.4058233896685324,0.03607676252234977,2.464287066281999,1.2076394824144713e-05
UG,96.97424355945039,0.4054552075965132,0.036519183718792134,2.45754954816897,1.1917505193457e-05
UG,96.99924981101292,0.4050828353181512,0.03697006455038494,2.4507707048358593,1.1759952569009586e-05
UG,97.02425606257543,0.40470619826492027,0.03742962711481875,2.4439500009590662,1.1603729999902116e-05
UG,97.04926231413795,0.4043252200403818,0.03789810097378483,2.437086890436979,1.1448830568818775e-05
UG,97.07426856570046,0.40393982236270287,0.03837572346032021,2.4301808160933565,1.1295247385332284e-05
UG,97.099274817263,0.4035499250048489,0.03886274000053611,2.423231209369501,1.1142973591439862e-05
UG,97.12428106882551,0.40315544573251033,0.039359404452035916,2.416237490006138,1.0992002366014857e-05
UG,97.14928732038803,0.40275630023953507,0.03986597945848817,2.40919906571339,1.0842326915276576e-05
UG,97.17429357195054,0.4023524020809145,0.0403827368223632,2.4021153318296222,1.0693940475843749e-05
UG,97.19929982351307,0.40194366260297615,0.040909957895798287,2.394985670966981,1.0546836316868833e-05
UG,97.22430607507559,0.40152999087086405,0.04144793399216404,2.3878094526447513,1.0401007742789607e-05
UG,97.2493123266381,0.40111129359303604,0.04199696681796479,2.3805860329086577,1.0256448084544815e-05
UG,97.27431857820062,0.40068747504278,0.042557368927560076,2.373314753936724,1.0113150704468706e-05
UG,97.29932482976315,0.40025843697638963,0.04312946420080075,2.3659949436294814,9.971108996256597e-06
UG,97.32433108132567,0.39982407854805496,0.04371358834655844,2.3586259151855096,9.83031638843175e-06
UG,97.34933733288818,0.3993842962211419,0.04431008943214722,2.3512069666602207,9.690766336805729e-06
UG,97.3743435844507,0.39893898367585295,0.04491932844148032,2.3437373805084842,9.552452327841027e-06
UG,97.39934983601323,0.3984880317128613,0.04554167986245132,2.3362164231086737,9.415367878381402e-06
UG,97.42435608757575,0.3980313281529424,0.04617753230691303,2.328643344268941,9.279506538103073e-06
UG,97.44936233913826,0.39756875773220773,0.04682728916393253,2.321017376713461,9.144861888092098e-06
UG,97.47436859070078,0.39710020199291046,0.04749136928948776,2.3133377355490206,9.01142753795479e-06
UG,97.4993748422633,0.3966255391693809,0.04817020773367742,2.305603617709501,8.879197126892e-06
UG,97.52438109382582,0.3961446440690376,0.048864256509407955,2.2978142013786687,8.748164325624819e-06
UG,97.54938734538834,0.3956573879480561,0.049573985403947696,2.2899686453890054,8.618322834832587e-06
UG,97.57439359695086,0.39516363838154295,0.05029988283727202,2.2820660885963453,8.489666388201733e-06
UG,97.59939984851337,0.39466325912777206,0.05104245676896752,2.274105649228004,8.362188747113529e-06
UG,97.6244061000759,0.3941561099863466,0.05180223565830439,2.266086424204342,8.235883703549786e-06
UG,97.64941235163842,0.39364204664979974,0.05257976948007965,2.258007488431358,8.110745078978389e-06
UG,97.67441860320093,0.39312092054839487,0.05337563080086984,2.249867894063616,7.986766725810555e-06
UG,97.69942485476345,0.3925925786876069,0.05419041591871475,2.241666669734988,7.863942525479321e-06
UG,97.72443110632598,0.39205686347802854,0.055024746071814866,2.233402819756563,7.742266390498776e-06
UG,97.7494373578885,0.3915136125571777,0.05587926872029913,2.2250753232793232,7.621732263099517e-06
UG,97.77444360945101,0.39096265860281687,0.056754658906822276,2.2166831334201498,7.502334116389199e-06
UG,97.79944986101353,0.390403829137196,0.05765162070067855,2.2082251763485026,7.3840659514446965e-06
UG,97.82445611257606,0.38983694632180144,0.0585708887323958,2.199700350332334,7.266921800195121e-06
UG,97.84946236413857,0.3892618267420087,0.05951322982497418,2.191107524740711,7.150895723665151e-06
UG,97.87446861570109,0.3886782811810719,0.06047944472910425,2.1824455390008497,7.035981813401895e-06
UG,97.8994748672636,0.3880861143827401,0.061470369969441135,2.1737132015065277,6.922174189530818e-06
UG,97.92448111882614,0.3874851248018991,0.062486879810859486,2.1649092884756818,6.809467003040118e-06
UG,97.94948737038865,0.3868751043425103,0.06352988835376469,2.156032542754192,6.697854433788481e-06
UG,97.97449362195117,0.38625583808204844,0.06460035176817847,2.147081672562616,6.5873306919577224e-06
UG,97.99949987351368,0.3856271039815726,0.06569927067696921,2.1380553501823605,6.4778900164178495e-06
UG,98.02450612507621,0.38498867258056085,0.06682769270016035,2.1289522105778254,6.369526676520984e-06
UG,98.04951237663873,0.3843403066756108,0.06798671517343444,2.1197708499511463,6.262234970597864e-06
UG,98.07451862820125,0.3836817609819074,0.06917748805416125,2.1105098242249345,6.156009227240269e-06
UG,98.09952487976376,0.38301278177634623,0.07040121703002353,2.101167647448654,6.050843803550668e-06
UG,98.1245311313263,0.3823331065211183,0.07165916684668312,2.091742790123887,5.946733087292228e-06
UG,98.14953738288881,0.38164246346658504,0.0729526648734037,2.0822336774441084,5.843671495093253e-06
UG,98.17454363445133,0.3809405712319458,0.07428310492545384,2.0726386874427773,5.741653473864861e-06
UG,98.19954988601384,0.3802271383622489,0.07565195136516668,2.062956149044204,5.640673499266537e-06
UG,98.22455613757636,0.37950186286009113,0.07706074350503182,2.053184340010542,5.54072607759406e-06
UG,98.24956238913889,0.3787644316904485,0.07851110034013377,2.043321484779203,5.441805744172997e-06
UG,98.2745686407014,0.3780145202565999,0.08000472563724913,2.0333657521824096,5.34390706492239e-06
UG,98.29957489226392,0.37725179184518176,0.08154341341257931,2.0233152530413103,5.247024634389713e-06
UG,98.32458114382644,0.37647589703811013,0.08312905383223346,2.013168037625865,5.151153076415517e-06
UG,98.34958739538897,0.37568647308921554,0.08476363957526399,2.002922092972453,5.056287045228435e-06
UG,98.37459364695148,0.3748831432628372,0.08644927269974216,1.9925753400481985,4.962421226074443e-06
UG,98.399599898514,0.37406551613165134,0.08818817205919581,1.9821256307516915,4.869550333530771e-06
UG,98.42460615007651,0.37323318483062606,0.08998268132025472,1.971570744737997,4.7776691135975115e-06
UG,98.44961240163904,0.3723857262640572,0.0918352776404491,1.960908386056691,4.686772342009783e-06
UG,98.47461865320156,0.37152270026182943,0.09374858106805709,1.9501361795877745,4.596854821634101e-06
UG,98.49962490476408,0.3706436486810838,0.0957253647348643,1.9392516672610183,4.507911386943706e-06
UG,98.52463115632659,0.36974809444915435,0.0977685659185053,1.9282523040428725,4.419936906279702e-06
UG,98.54963740788912,0.3688355405431806,0.09988129806425526,1.9171354536737621,4.332926278894643e-06
UG,98.57464365945164,0.36790546890111514,0.10206686386195933,1.9058983841355899,4.246874431080974e-06
UG,98.59964991101415,0.366957339258423,0.10432876948775341,1.8945382628278498,4.161776318195809e-06
UG,98.62465616257667,0.3659905879050192,0.10667074012823784,1.8830521514316132,4.077626934714699e-06
UG,98.6496624141392,0.3650046263555036,0.10909673692664348,1.8714370004354703,3.9944213047498745e-06
UG,98.67466866570172,0.36399883992484816,0.11161097550560008,1.8596896432942147,3.912154475120909e-06
UG,98.69967491726423,0.36297258620213557,0.1142179462315339,1.8478067901917261,3.830821535452847e-06
UG,98.72468116882675,0.3619251934138218,0.116922436414245,1.8357850213764066,3.7504176070811243e-06
UG,98.74968742038928,0.36085595866523607,0.11972955466890256,1.8236207800277946,3.6709378322349723e-06
UG,98.7746936719518,0.35976414605161905,0.12264475767285196,1.8113103646208037,3.592377404006794e-06
UG,98.79969992351431,0.35864898462542627,0.12567387959829404,1.7988499207381796,3.5147315323387145e-06
UG,98.82470617507683,0.3575096662062752,0.12882316454822423,1.7862354322821683,3.437995471382547e-06
UG,98.84971242663936,0.35634534302158355,0.1320993023258844,1.7734627120381552,3.3621645080056397e-06
UG,98.87471867820187,0.35515512515762787,0.13550946798300662,1.760527391519046,3.287233958398691e-06
UG,98.89972492976439,0.3539380778074714,0.13906136556268223,1.7474249100355472,3.2131991835724724e-06
UG,98.9247311813269,0.3526932182911854,0.1427632766200342,1.7341505029069997,3.140055570732009e-06
UG,98.94973743288942,0.35141951283085576,0.14662411407148132,1.720699188742615,3.067798551409363e-06
UG,98.97474368445195,0.35011587305008046,0.15065348212828417,1.7070657556875302,2.9964235936393703e-06
UG,98.99974993601447,0.34878115217521694,0.15486174304895775,1.6932447465437566,2.9259261958603738e-06
UG,99.02475618757698,0.34741414090234424,0.15926009170047103,1.679230442640059,2.8563019131285937e-06
UG,99.0497624391395,0.3460135628978412,0.1638606389433699,1.665016846328392,2.7875463230673887e-06
UG,99.07476869070203,0.34457806989255424,0.1686765051000483,1.6505976619621674,2.719655053564897e-06
UG,99.09977494226455,0.3431062363212206,0.17372192494939842,1.6359662751810022,2.652623782368656e-06
UG,99.12478119382706,0.341596553461999,0.1790123659031134,1.6211157303343213,2.5864482205992927e-06
UG,99.14978744538958,0.3400474230148152,0.18456466132680258,1.6060387058217154,2.5211241286566845e-06
UG,99.17479369695211,0.3384571500540538,0.19039716130844322,1.59072748711556,2.456647321392615e-06
UG,99.19979994851462,0.3368239352811557,0.19652990355628666,1.5751739371941293,2.39301366413029e-06
UG,99.22480620007714,0.33514586649393574,0.20298480760456913,1.5593694640817908,2.330219071907423e-06
UG,99.24981245163966,0.3334209091740413,0.2097858960929666,1.5433049851387457,2.2682595177723005e-06
UG,99.27481870320219,0.33164689608105924,0.21695954757788177,1.5269708876946053,2.2071310352384042e-06
UG,99.2998249547647,0.3298215157265543,0.224534786205487,1.5103569855653776,2.1468297224178807e-06
UG,99.32483120632722,0.3279422995790513,0.23254361460154113,1.4934524709123356,2.0873517461769297e-06
UG,99.34983745788973,0.32600660782992374,0.2410213976312916,1.4762458608251068,2.0286933470858975e-06
UG,99.37484370945226,0.3240116135203722,0.25000730623846096,1.4587249379030984,1.9708508461288983e-06
UG,99.39984996101478,0.3219542847996454,0.25954483254265426,1.4408766839997806,1.9138206519178316e-06
UG,99.4248562125773,0.31983136504322923,0.26968238977318704,1.422687206143495,1.857599270440863e-06
UG,99.44986246413981,0.3176393505135042,0.2804740136471893,1.4041416534800344,1.8021833110504177e-06
UG,99.47486871570234,0.3153744651884737,0.2919801856389699,1.3852241238760856,1.747569491815099e-06
UG,99.49987496726486,0.3130326323183705,0.30426880330798345,1.365917558576314,1.6937546752617436e-06
UG,99.52488121882737,0.31060944218684744,0.31741632897534067,1.346203623002756,1.640735872568215e-06
UG,99.54988747038989,0.3081001154413764,0.33150915602972664,1.326062571389233,1.5885102382530276e-06
UG,99.57489372195242,0.3054994612559847,0.3466452418313984,1.305473092534479,1.537075153337051e-06
UG,99.59989997351494,0.30280182941094985,0.3629360696295564,1.2844121333346248,1.4864281792032472e-06
UG,99.62490622507745,0.3000010552026533,0.38050901867911907,1.2628546960904137,1.4365671687170545e-06
UG,99.64991247663997,0.29709039584070124,0.3995102445242166,1.240773604657834,1.3874902497449118e-06
UG,99.67491872820248,0.29406245671644043,0.42010820082458383,1.218139233446051,1.3391959024876265e-06
UG,99.69992497976502,0.29090910551181753,0.44249797485192877,1.1949191917647737,1.2916830323430311e-06
UG,99.72493123132753,0.2876213716612934,0.46690666255423113,1.171077954252205,1.2449510482166137e-06
UG,99.74993748289005,0.28418932804492153,0.49360008358716584,1.1465764257226139,1.198999963786423e-06
UG,99.77494373445256,0.28060195097805785,0.522891239603871,1.121371425674146,1.1538305319332672e-06
UG,99.7999499860151,0.2768469535010272,0.5551510631369219,1.095415073615469,1.109444422440653e-06
UG,99.82495623757761,0.2729105855727854,0.5908222085939537,1.0686540509442108,1.0658444654006727e-06
UG,99.84996248914013,0.268777392897796,0.630436930567103,1.0410287077849052,1.0230349310152965e-06
UG,99.87496874070264,0.26442992351297734,0.6746405255330133,1.0124719730806604,9.810219351961655e-07
UG,99.89997499226517,0.259848367901125,0.7242224465419375,0.9829080126226801,9.398139815949075e-07
UG,99.92498124382769,0.2550101133671593,0.7801581687014268,0.9522505599224351,8.994227395436861e-07
UG,99.9499874953902,0.2498891867290293,0.8436663631386204,0.9204008173822794,8.598640554479706e-07
UG,99.97499374695272,0.2444555494595946,0.9162882781870003,0.8872447847343473,8.211594363494464e-07
UG,99.99999999851525,0.23867419505911425,1.000000000000007,0.8526498120085557,7.833383771945835e-07
RG,0.0,0.49903973482722125,4.941086895394247e-06,7.6604436259549304,0.0
RG,0.09671046158395884,0.49903949635335326,4.941413399718433e-06,7.6601396042344865,0.0
RG,0.19342092316791767,0.4990392578502594,4.942276875667823e-06,7.659835563812449,0.0
RG,0.2901313847518765,0.4990390192954368,4.943542425353817e-06,7.659531490348151,0.0
RG,0.38684184633583535,0.49903878067203233,4.945109181328814e-06,7.65922737310557,0.0
RG,0.4835523079197942,0.4990385419674176,4.946901711002934e-06,7.658923204044893,0.0
RG,0.580262769503753,0.4990383031721236,4.94886359697854e-06,7.658618977143005,0.0
RG,0.6769732310877119,0.4990380642790444,4.950952640251664e-06,7.65831468788523,0.0
RG,0.7736836926716707,0.4990378252828417,4.953137275272006e-06,7.6580103328851825,0.0
RG,0.8703941542556295,0.4990375861794996,4.955393889223128e-06,7.657705909600379,0.0
RG,0.9671046158395884,0.4990373469659912,4.957704818355573e-06,7.657401416119596,0.0
RG,1.0638150774235473,0.4990371076400298,4.9600568484095975e-06,7.6570968510037165,0.0
RG,1.160525539007506,0.4990368681998818,4.962440094193424e-06,7.656792213166796,0.0
RG,1.257236000591465,0.4990366286442277,4.964847160595434e-06,7.656487501787011,0.0
RG,1.3539464621754238,0.4990363889720583,4.967272515416943e-06,7.656182716240093,0.0
RG,1.4506569237593825,0.4990361491825958,4.969712020518022e-06,7.655877856049576,0.0
RG,1.5473673853433414,0.4990359092752356,4.972162580107389e-06,7.655572920849469,0.0
RG,1.6440778469273003,0.49903566924950293,4.9746218785414105e-06,7.655267910356452,0.0
RG,1.740788308511259,0.49903542910502025,4.97708818408933e-06,7.6549628243490515,0.0
RG,1.837498770095218,0.499035188841482,4.979560201321836e-06,7.65465766265199,0.0
RG,1.9342092316791768,0.4990349484586374,4.982036961548968e-06,7.654352425124574,0.0
RG,2.0309196932631357,0.4990347079562762,4.984517740729381e-06,7.654047111651986,0.0
RG,2.1276301548470946,0.49903446733421786,4.9870019973782885e-06,7.653741722138706,0.0
RG,2.224340616431053,0.49903422659230534,4.989489326972905e-06,7.653436256503689,0.0
RG,2.321051078015012,0.4990339857303981,4.991979427221028e-06,7.653130714676672,0.0
RG,2.417761539598971,0.49903374474836815,4.994472072697899e-06,7.652825096595498,0.0
RG,2.51447200118293,0.4990335036460972,4.996967094915309e-06,7.652519402204005,0.0
RG,2.6111824627668887,0.4990332624234739,4.999464368459527e-06,7.652213631450554,0.0
RG,2.7078929243508476,0.49903302108039194,5.001963799742557e-06,7.651907784286843,0.0
RG,2.804603385934806,0.4990327796167495,5.0044653197671766e-06,7.65160186066714,0.0
RG,2.901313847518765,0.49903253803244696,5.006968876764438e-06,7.6512958605475045,0.0
RG,2.998024309102724,0.4990322963273872,5.009474432892592e-06,7.6509897838854375,0.0
RG,3.094734770686683,0.4990320545014747,5.011981959991144e-06,7.650683630639436,0.0
RG,3.1914452322706417,0.4990318125546149,5.014491437469758e-06,7.650377400768762,0.0
RG,3.2881556938546006,0.49903157048671437,5.017002851237775e-06,7.650071094233341,0.0
RG,3.3848661554385595,0.49903132829768004,5.019516190001165e-06,7.649764710993358,0.0
RG,3.481576617022518,0.49903108598741935,5.022031446518522e-06,7.649458251009403,0.0
RG,3.578287078606477,0.49903084355584015,5.02454861563128e-06,7.649151714242249,0.0
RG,3.674997540190436,0.49903060100285024,5.027067694100296e-06,7.64884510065285,0.0
RG,3.7717080017743947,0.4990303583283579,5.029588679838176e-06,7.648538410202247,0.0
RG,3.8684184633583536,0.4990301155322711,5.032111571844065e-06,7.648231642851568,0.0
RG,3.9651289249423125,0.4990298726144982,5.034636369787335e-06,7.647924798561983,0.0
RG,4.061839386526271,0.49902962957494723,5.0371630740155874e-06,7.647617877294702,0.0
RG,4.15854984811023,0.49902938641352645,5.03969168515142e-06,7.647310879010936,0.0
RG,4.255260309694189,0.499029143130144,5.042222204202269e-06,7.647003803671907,0.0
RG,4.351970771278148,0.4990288997247079,5.0447546323919816e-06,7.646696651238831,0.0
RG,4.448681232862106,0.49902865619712616,5.047288971144454e-06,7.646389421672916,0.0
RG,4.5453916944460655,0.49902841254730657,5.0498252219789425e-06,7.6460821149353455,0.0
RG,4.642102156030024,0.4990281687751574,5.052363386517692e-06,7.645774730987292,0.0
RG,4.738812617613983,0.499027924880586,5.0549034665019155e-06,7.645467269789907,0.0
RG,4.835523079197942,0.49902768086350036,5.057445463675231e-06,7.645159731304313,0.0
RG,4.932233540781901,0.49902743672380795,5.059989379846989e-06,7.6448521154916085,0.0
RG,5.02894400236586,0.49902719246141625,5.0625352168665995e-06,7.644544422312867,0.0
RG,5.125654463949818,0.4990269480762327,5.065082976599053e-06,7.6442366517291385,0.0
RG,5.222364925533777,0.49902670356816486,5.067632660930712e-06,7.643928803701441,0.0
RG,5.319075387117736,0.49902645893711983,5.0701842717511086e-06,7.643620878190761,0.0
RG,5.415785848701695,0.4990262141830047,5.072737810998173e-06,7.643312875158068,0.0
RG,5.512496310285654,0.49902596930572657,5.075293280578341e-06,7.643004794564289,0.0
RG,5.609206771869612,0.49902572430519243,5.07785068241407e-06,7.642696636370332,0.0
RG,5.7059172334535715,0.49902547918130924,5.080410018466246e-06,7.642388400537072,0.0
RG,5.80262769503753,0.49902523393398374,5.082971290661207e-06,7.642080087025356,0.0
RG,5.899338156621489,0.49902498856312266,5.085534500945996e-06,7.641771695795999,0.0
RG,5.996048618205448,0.49902474306863254,5.088099651277431e-06,7.641463226809789,0.0
RG,6.092759079789407,0.49902449745041966,5.090666743610719e-06,7.641154680027482,0.0
RG,6.189469541373366,0.49902425170839104,5.09323577990368e-06,7.640846055409811,0.0
RG,6.286180002957324,0.4990240058424524,5.095806762106531e-06,7.640537352917468,0.0
RG,6.382890464541283,0.4990237598525102,5.098379692207805e-06,7.640228572511126,0.0
RG,6.479600926125242,0.4990235137384706,5.100954572159234e-06,7.639919714151424,0.0
RG,6.576311387709201,0.49902326750023956,5.103531403922686e-06,7.639610777798969,0.0
RG,6.67302184929316,0.4990230211377231,5.1061101894952175e-06,7.63930176341434,0.0
RG,6.769732310877119,0.4990227746508271,5.108690930836004e-06,7.638992670958089,0.0
RG,6.8664427724610775,0.4990225280394572,5.111273629923026e-06,7.638683500390734,0.0
RG,6.963153234045036,0.49902228130351906,5.1138582887436735e-06,7.638374251672762,0.0
RG,7.059863695628995,0.4990220344429182,5.116444909280142e-06,7.638064924764637,0.0
RG,7.156574157212954,0.4990217874575603,5.119033493518544e-06,7.6377555196267854,0.0
RG,7.253284618796913,0.49902154034735047,5.121624043436428e-06,7.637446036219607,0.0
RG,7.349995080380872,0.49902129311219406,5.124216561047898e-06,7.637136474503471,0.0
RG,7.44670554196483,0.49902104575199646,5.1268110483315304e-06,7.636826834438717,0.0
RG,7.543416003548789,0.4990207982666625,5.129407507274586e-06,7.636517115985654,0.0
RG,7.640126465132748,0.4990205506560971,5.132005939900541e-06,7.636207319104562,0.0
RG,7.736836926716707,0.4990203029202054,5.13460634819386e-06,7.635897443755689,0.0
RG,7.833547388300666,0.499020055058892,5.137208734157415e-06,7.635587489899252,0.0
RG,7.930257849884625,0.49901980707206167,5.13981309980575e-06,7.63527745749544,0.0
RG,8.026968311468584,0.4990195589596192,5.142419447144752e-06,7.634967346504412,0.0
RG,8.123678773052543,0.4990193107214686,5.1450277781866095e-06,7.634657156886293,0.0
RG,8.220389234636501,0.4990190623575148,5.147638094935283e-06,7.634346888601182,0.0
RG,8.31709969622046,0.4990188138676617,5.150250399428771e-06,7.634036541609146,0.0
RG,8.413810157804418,0.4990185652518139,5.152864693672368e-06,7.633726115870221,0.0
RG,8.510520619388378,0.49901831650987516,5.1554809796779675e-06,7.633415611344412,0.0
RG,8.607231080972337,0.4990180676417497,5.158099259495788e-06,7.633105027991695,0.0
RG,8.703941542556295,0.49901781864734135,5.160719535134905e-06,7.632794365772016,0.0
RG,8.800652004140254,0.499017569526554,5.163341808623194e-06,7.632483624645285,0.0
RG,8.897362465724212,0.49901732027929135,5.165966082003228e-06,7.632172804571392,0.0
RG,8.994072927308173,0.49901707090545694,5.168592357304115e-06,7.631861905510186,0.0
RG,9.090783388892131,0.49901682140495435,5.171220636564365e-06,7.6315509274214905,0.0
RG,9.18749385047609,0.4990165717776871,5.1738509218153716e-06,7.631239870265097,0.0
RG,9.284204312060048,0.4990163220235585,5.176483215118166e-06,7.630928734000767,0.0
RG,9.380914773644006,0.4990160721424716,5.179117518505886e-06,7.630617518588231,0.0
RG,9.477625235227967,0.4990158221343297,5.1817538340154e-06,7.630306223987188,0.0
RG,9.574335696811925,0.4990155719990359,5.1843921637236324e-06,7.629994850157308,0.0
RG,9.671046158395884,0.49901532173649304,5.187032509665161e-06,7.629683397058229,0.0
RG,9.767756619979842,0.4990150713466039,5.1896748738925e-06,7.629371864649555,0.0
RG,9.864467081563802,0.49901482082927134,5.192319258477721e-06,7.6290602528908655,0.0
RG,9.96117754314776,0.4990145701843978,5.1949656654725034e-06,7.6287485617417055,0.0
RG,10.05788800473172,0.499014319411886,5.197614096942284e-06,7.6284367911615885,0.0
RG,10.154598466315678,0.4990140685116384,5.2002645549471945e-06,7.628124941109997,0.0
RG,10.251308927899636,0.49901381748355733,5.202917041570212e-06,7.627813011546385,0.0
RG,10.348019389483596,0.499013566327545,5.2055715588736486e-06,7.627501002430172,0.0
RG,10.444729851067555,0.4990133150435034,5.2082281089196765e-06,7.62718891372075,0.0
RG,10.541440312651513,0.49901306363133474,5.210886693812179e-06,7.626876745377477,0.0
RG,10.638150774235472,0.499012812090941,5.213547315611678e-06,7.626564497359682,0.0
RG,10.73486123581943,0.49901256042222397,5.216209976395524e-06,7.626252169626659,0.0
RG,10.83157169740339,0.4990123086250854,5.218874678265692e-06,7.625939762137677,0.0
RG,10.928282158987349,0.4990120566994269,5.221541423297892e-06,7.625627274851969,0.0
RG,11.024992620571307,0.4990118046451499,5.224210213583145e-06,7.625314707728738,0.0
RG,11.121703082155266,0.49901155246215606,5.226881051212372e-06,7.625002060727155,0.0
RG,11.218413543739224,0.4990113001503467,5.2295539382894086e-06,7.624689333806361,0.0
RG,11.315124005323185,0.4990110477096229,5.232228876906927e-06,7.624376526925466,0.0
RG,11.411834466907143,0.4990107951398859,5.234905869153326e-06,7.624063640043545,0.0
RG,11.508544928491101,0.4990105424410368,5.237584917158506e-06,7.6237506731196465,0.0
RG,11.60525539007506,0.4990102896129764,5.240266023010459e-06,7.623437626112785,0.0
RG,11.70196585165902,0.49901003665560556,5.242949188811235e-06,7.62312449898194,0.0
RG,11.798676313242979,0.4990097835688251,5.245634416693674e-06,7.6228112916860695,0.0
RG,11.895386774826937,0.49900953035253554,5.248321708757282e-06,7.62249800418409,0.0
RG,11.992097236410896,0.49900927700663755,5.251011067119086e-06,7.6221846364348895,0.0
RG,12.088807697994854,0.49900902353103144,5.253702493902e-06,7.621871188397327,0.0
RG,12.185518159578814,0.4990087699256176,5.256395991230442e-06,7.621557660030224,0.0
RG,12.282228621162773,0.49900851619029624,5.259091561227601e-06,7.62124405129238,0.0
RG,12.378939082746731,0.49900826232496737,5.261789206009914e-06,7.620930362142551,0.0
RG,12.47564954433069,0.4990080083295312,5.264488927731577e-06,7.620616592539471,0.0
RG,12.572360005914648,0.4990077542038876,5.267190728510077e-06,7.620302742441836,0.0
RG,12.669070467498608,0.4990074999479362,5.269894610472364e-06,7.6199888118083114,0.0
RG,12.765780929082567,0.499007245561577,5.272600575781964e-06,7.6196748005975365,0.0
RG,12.862491390666525,0.49900699104470936,5.275308626563122e-06,7.619360708768109,0.0
RG,12.959201852250484,0.4990067363972329,5.2780187649586405e-06,7.619046536278601,0.0
RG,13.055912313834442,0.499006481619047,5.280730993124881e-06,7.618732283087553,0.0
RG,13.152622775418402,0.49900622671005096,5.283445313206711e-06,7.61841794915347,0.0
RG,13.24933323700236,0.49900597167014393,5.286161727357601e-06,7.618103534434829,0.0
RG,13.34604369858632,0.4990057164992252,5.288880237724286e-06,7.617789038890071,0.0
RG,13.442754160170278,0.49900546119719347,5.291600846483246e-06,7.617474462477606,0.0
RG,13.539464621754238,0.4990052057639478,5.294323555783398e-06,7.617159805155814,0.0
RG,13.636175083338197,0.4990049501993869,5.297048367777287e-06,7.616845066883039,0.0
RG,13.732885544922155,0.49900469450340956,5.299775284658292e-06,7.616530247617599,0.0
RG,13.829596006506113,0.49900443867591415,5.30250430857699e-06,7.616215347317775,0.0
RG,13.926306468090072,0.49900418271679936,5.305235441701468e-06,7.615900365941814,0.0
RG,14.023016929674032,0.4990039266259633,5.307968686222373e-06,7.615585303447936,0.0
RG,14.11972739125799,0.4990036704033045,5.3107040443064985e-06,7.615270159794325,0.0
RG,14.216437852841949,0.499003414048721,5.3134415181358e-06,7.614954934939134,0.0
RG,14.313148314425908,0.4990031575621108,5.3161811098906e-06,7.614639628840481,0.0
RG,14.409858776009866,0.49900290094337185,5.318922821766682e-06,7.614324241456462,0.0
RG,14.506569237593826,0.4990026441924019,5.321666655946805e-06,7.614008772745123,0.0
RG,14.603279699177785,0.49900238730909896,5.324412614610622e-06,7.613693222664491,0.0
RG,14.699990160761743,0.49900213029336044,5.327160699978914e-06,7.613377591172558,0.0
RG,14.796700622345702,0.4990018731450839,5.32991091423123e-06,7.613061878227279,0.0
RG,14.89341108392966,0.49900161586416675,5.33266325956083e-06,7.612746083786582,0.0
RG,14.99012154551362,0.4990013584505063,5.335417738192393e-06,7.612430207808357,0.0
RG,15.086832007097579,0.4990011009039998,5.33817435231684e-06,7.612114250250467,0.0
RG,15.183542468681537,0.49900084322454424,5.340933104142568e-06,7.611798211070737,0.0
RG,15.280252930265496,0.49900058541203673,5.34369399588639e-06,7.611482090226963,0.0
RG,15.376963391849456,0.49900032746637407,5.346457029762179e-06,7.611165887676907,0.0
RG,15.473673853433414,0.49900006938745317,5.349222207986807e-06,7.6108496033782975,0.0
RG,15.570384315017373,0.4989998111751705,5.351989532769893e-06,7.61053323728883,0.0
RG,15.667094776601331,0.4989995528294227,5.354759006356347e-06,7.61021678936617,0.0
RG,15.76380523818529,0.49899929435010637,5.3575306309577566e-06,7.609900259567948,0.0
RG,15.86051569976925,0.4989990357371177,5.3603044087929356e-06,7.609583647851758,0.0
RG,15.957226161353208,0.498998776990353,5.363080342119652e-06,7.60926695417517,0.0
RG,16.05393662293717,0.49899851810970824,5.365858433154511e-06,7.608950178495712,0.0
RG,16.150647084521125,0.4989982590950796,5.3686386841319795e-06,7.608633320770881,0.0
RG,16.247357546105086,0.4989979999463632,5.371421097306071e-06,7.608316380958149,0.0
RG,16.344068007689042,0.4989977406634544,5.374205674911066e-06,7.6079993590149435,0.0
RG,16.440778469273003,0.4989974812462492,5.376992419194794e-06,7.6076822548986645,0.0
RG,16.537488930856963,0.49899722169464317,5.379781332401781e-06,7.607365068566679,0.0
RG,16.63419939244092,0.49899696200853183,5.382572416796135e-06,7.6070477999763195,0.0
RG,16.73090985402488,0.49899670218781045,5.385365674625288e-06,7.606730449084887,0.0
RG,16.827620315608836,0.4989964422323743,5.388161108135157e-06,7.606413015849646,0.0
RG,16.924330777192797,0.49899618214211855,5.390958719613427e-06,7.606095500227832,0.0
RG,17.021041238776757,0.49899592191693826,5.393758511305624e-06,7.6057779021766425,0.0
RG,17.117751700360714,0.4989956615567284,5.396560485471842e-06,7.605460221653244,0.0
RG,17.214462161944674,0.49899540106138385,5.399364644403051e-06,7.605142458614773,0.0
RG,17.31117262352863,0.4989951404307994,5.402170990357159e-06,7.604824613018326,0.0
RG,17.40788308511259,0.49899487966486933,5.404979525609421e-06,7.604506684820968,0.0
RG,17.50459354669655,0.4989946187634885,5.407790252443458e-06,7.604188673979733,0.0
RG,17.601304008280508,0.49899435772655115,5.410603173140279e-06,7.603870580451622,0.0
RG,17.698014469864468,0.4989940965539515,5.413418289983816e-06,7.6035524041936,0.0
RG,17.794724931448425,0.4989938352455839,5.4162356052513e-06,7.603234145162594,0.0
RG,17.891435393032385,0.49899357380134235,5.4190551212543755e-06,7.60291580331551,0.0
RG,17.988145854616345,0.4989933122211208,5.421876840272637e-06,7.602597378609208,0.0
RG,18.0848563162003,0.4989930505048131,5.424700764592077e-06,7.602278871000518,0.0
RG,18.181566777784262,0.49899278865231284,5.427526896538706e-06,7.601960280446239,0.0
RG,18.27827723936822,0.4989925266635138,5.430355238396539e-06,7.601641606903135,0.0
RG,18.37498770095218,0.4989922645383094,5.433185792467252e-06,7.601322850327934,0.0
RG,18.47169816253614,0.49899200227659335,5.436018561074571e-06,7.601004010677332,0.0
RG,18.568408624120096,0.49899173987825846,5.43885354651964e-06,7.600685087907987,0.0
RG,18.665119085704056,0.4989914773431984,5.441690751118019e-06,7.600366081976533,0.0
RG,18.761829547288013,0.4989912146713058,5.444530177184828e-06,7.6000469928395615,0.0
RG,18.858540008871973,0.4989909518624739,5.4473718270495075e-06,7.599727820453631,0.0
RG,18.955250470455933,0.49899068891659537,5.450215703029922e-06,7.599408564775269,0.0
RG,19.05196093203989,0.49899042583356307,5.4530618074407786e-06,7.599089225760964,0.0
RG,19.14867139362385,0.49899016261326956,5.4559101426374654e-06,7.598769803367177,0.0
RG,19.245381855207807,0.49898989925560744,5.458760710935303e-06,7.59845029755033,0.0
RG,19.342092316791767,0.4989896357604689,5.461613514661938e-06,7.598130708266812,0.0
RG,19.438802778375727,0.49898937212774647,5.464468556179811e-06,7.5978110354729775,0.0
RG,19.535513239959684,0.49898910835733223,5.467325837814292e-06,7.59749127912515,0.0
RG,19.632223701543644,0.4989888444491183,5.470185361908657e-06,7.597171439179613,0.0
RG,19.728934163127605,0.49898858040299626,5.473047130820071e-06,7.596851515592619,0.0
RG,19.82564462471156,0.49898831621885836,5.475911146894966e-06,7.596531508320387,0.0
RG,19.92235508629552,0.49898805189659634,5.478777412487769e-06,7.5962114173190995,0.0
RG,20.019065547879478,0.49898778743610156,5.4816459299485255e-06,7.595891242544905,0.0
RG,20.11577600946344,0.4989875228372656,5.4845167016535495e-06,7.595570983953919,0.0
RG,20.2124864710474,0.49898725809997985,5.487389729956079e-06,7.59525064150222,0.0
RG,20.309196932631355,0.49898699322413564,5.490265017211027e-06,7.594930215145855,0.0
RG,20.405907394215316,0.49898672820962403,5.493142565815022e-06,7.594609704840835,0.0
RG,20.502617855799272,0.498986463056336,5.496022378122216e-06,7.5942891105431345,0.0
RG,20.599328317383232,0.4989861977641626,5.498904456502448e-06,7.593968432208697,0.0
RG,20.696038778967193,0.4989859323329946,5.501788803354678e-06,7.593647669793427,0.0
RG,20.79274924055115,0.4989856667627228,5.504675421047294e-06,7.593326823253198,0.0
RG,20.88945970213511,0.4989854010532377,5.50756431196492e-06,7.5930058925438475,0.0
RG,20.986170163719066,0.4989851352044295,5.510455478500363e-06,7.592684877621179,0.0
RG,21.082880625303027,0.49898486921618895,5.513348923045206e-06,7.592363778440957,0.0
RG,21.179591086886987,0.49898460308840614,5.516244647993079e-06,7.592042594958918,0.0
RG,21.276301548470943,0.49898433682097115,5.519142655731688e-06,7.591721327130757,0.0
RG,21.373012010054904,0.4989840704137742,5.522042948682845e-06,7.59139997491214,0.0
RG,21.46972247163886,0.49898380386670477,5.524945529236989e-06,7.591078538258693,0.0
RG,21.56643293322282,0.4989835371796529,5.52785039979065e-06,7.590757017126009,0.0
RG,21.66314339480678,0.49898327035250817,5.5307575627811825e-06,7.590435411469649,0.0
RG,21.759853856390738,0.4989830033851602,5.533667020603539e-06,7.590113721245132,0.0
RG,21.856564317974698,0.49898273627749845,5.536578775669897e-06,7.589791946407946,0.0
RG,21.953274779558654,0.49898246902941207,5.53949283041732e-06,7.589470086913545,0.0
RG,22.049985241142615,0.4989822016407904,5.5424091872571e-06,7.589148142717347,0.0
RG,22.146695702726575,0.4989819341115224,5.545327848616076e-06,7.588826113774732,0.0
RG,22.24340616431053,0.49898166644149705,5.548248816924564e-06,7.588504000041048,0.0
RG,22.340116625894492,0.49898139863060326,5.551172094619704e-06,7.588181801471609,0.0
RG,22.43682708747845,0.4989811306787297,5.554097684134305e-06,7.587859518021687,0.0
RG,22.53353754906241,0.49898086258576496,5.557025587896424e-06,7.587537149646523,0.0
RG,22.63024801064637,0.4989805943515976,5.559955808371707e-06,7.587214696301327,0.0
RG,22.726958472230326,0.49898032597611597,5.562888347990365e-06,7.586892157941265,0.0
RG,22.823668933814286,0.4989800574592083,5.5658232091913676e-06,7.5865695345214705,0.0
RG,22.920379395398243,0.49897978880076277,5.568760394452867e-06,7.586246825997047,0.0
RG,23.017089856982203,0.49897952000066736,5.571699906212005e-06,7.585924032323054,0.0
RG,23.113800318566163,0.4989792510588099,5.5746417469236416e-06,7.585601153454519,0.0
RG,23.21051078015012,0.49897898197507834,5.577585919064389e-06,7.585278189346436,0.0
RG,23.30722124173408,0.4989787127493603,5.5805324250895606e-06,7.584955139953762,0.0
RG,23.40393170331804,0.4989784433815432,5.583481267467751e-06,7.584632005231415,0.0
RG,23.500642164901997,0.49897817387151455,5.586432448669395e-06,7.58430878513428,0.0
RG,23.597352626485957,0.49897790421916166,5.589385971176345e-06,7.583985479617208,0.0
RG,23.694063088069914,0.49897763442437165,5.592341837462173e-06,7.5836620886350135,0.0
RG,23.790773549653874,0.49897736448703167,5.595300049996803e-06,7.583338612142468,0.0
RG,23.887484011237834,0.4989770944070288,5.598260611289329e-06,7.5830150500943185,0.0
RG,23.98419447282179,0.49897682418424966,5.60122352381145e-06,7.58269140244527,0.0
RG,24.08090493440575,0.49897655381858097,5.604188790045113e-06,7.5823676691499875,0.0
RG,24.177615395989708,0.4989762833099093,5.607156412510341e-06,7.582043850163109,0.0
RG,24.27432585757367,0.4989760126581213,5.6101263936873946e-06,7.581719945439229,0.0
RG,24.37103631915763,0.49897574186310323,5.613098736073946e-06,7.581395954932912,0.0
RG,24.467746780741585,0.49897547092474126,5.616073442188639e-06,7.581071878598681,0.0
RG,24.564457242325545,0.49897519984292155,5.619050514529717e-06,7.580747716391023,0.0
RG,24.661167703909502,0.4989749286175301,5.622029955609166e-06,7.580423468264394,0.0
RG,24.757878165493462,0.49897465724845275,5.625011767939539e-06,7.580099134173209,0.0
RG,24.854588627077423,0.4989743857355753,5.627995954046546e-06,7.57977471407185,0.0
RG,24.95129908866138,0.4989741140787833,5.630982516446246e-06,7.5794502079146575,0.0
RG,25.04800955024534,0.49897384227796227,5.633971457651726e-06,7.579125615655941,0.0
RG,25.144720011829296,0.4989735703329976,5.636962780215332e-06,7.57880093724997,0.0
RG,25.241430473413256,0.4989732982437746,5.639956486652018e-06,7.578476172650983,0.0
RG,25.338140934997217,0.49897302601017823,5.642952579487024e-06,7.578151321813172,0.0
RG,25.434851396581173,0.49897275363209387,5.645951061283891e-06,7.577826384690703,0.0
RG,25.531561858165134,0.498972481109406,5.648951934566143e-06,7.577501361237701,0.0
RG,25.62827231974909,0.4989722084419997,5.651955201874986e-06,7.577176251408252,0.0
RG,25.72498278133305,0.49897193562975944,5.654960865772778e-06,7.576851055156409,0.0
RG,25.82169324291701,0.49897166267256987,5.657968928801732e-06,7.576525772436188,0.0
RG,25.918403704500967,0.4989713895703153,5.660979393516839e-06,7.576200403201565,0.0
RG,26.015114166084928,0.49897111632287994,5.663992262475462e-06,7.575874947406482,0.0
RG,26.111824627668884,0.49897084293014815,5.667007538245933e-06,7.575549405004845,0.0
RG,26.208535089252845,0.4989705693920039,5.670025223389064e-06,7.575223775950523,0.0
RG,26.305245550836805,0.498970295708331,5.6730453204620605e-06,7.574898060197342,0.0
RG,26.40195601242076,0.49897002187901335,5.676067832060921e-06,7.574572257699102,0.0
RG,26.49866647400472,0.49896974790393456,5.67909276074508e-06,7.5742463684095584,0.0
RG,26.595376935588682,0.4989694737829781,5.682120109083609e-06,7.573920392282428,0.0
RG,26.69208739717264,0.4989691995160277,5.685149879684995e-06,7.573594329271398,0.0
RG,26.7887978587566,0.4989689251029662,5.688182075116771e-06,7.573268179330112,0.0
RG,26.885508320340556,0.4989686505436771,5.691216697963853e-06,7.572941942412179,0.0
RG,26.982218781924516,0.49896837583804327,5.694253750834922e-06,7.572615618471173,0.0
RG,27.078929243508476,0.4989681009859477,5.697293236315192e-06,7.572289207460625,0.0
RG,27.175639705092433,0.49896782598727313,5.70033515700424e-06,7.571962709334036,0.0
RG,27.272350166676393,0.49896755084190225,5.703379515506049e-06,7.571636124044862,0.0
RG,27.36906062826035,0.49896727554971776,5.706426314431313e-06,7.571309451546529,0.0
RG,27.46577108984431,0.49896700011060185,5.709475556386862e-06,7.570982691792422,0.0
RG,27.56248155142827,0.4989667245244368,5.712527243975777e-06,7.570655844735886,0.0
RG,27.659192013012227,0.498966448791105,5.7155813798369756e-06,7.570328910330235,0.0
RG,27.755902474596187,0.4989661729104884,5.718637966576605e-06,7.57000188852874,0.0
RG,27.852612936180144,0.4989658968824688,5.721697006808146e-06,7.569674779284637,0.0
RG,27.949323397764104,0.4989656207069281,5.724758503185955e-06,7.569347582551123,0.0
RG,28.046033859348064,0.49896534438374796,5.72782245832253e-06,7.569020298281362,0.0
RG,28.14274432093202,0.49896506791280976,5.730888874847047e-06,7.568692926428471,0.0
RG,28.23945478251598,0.4989647912939951,5.73395775541627e-06,7.568365466945539,0.0
RG,28.336165244099938,0.4989645145271851,5.737029102658823e-06,7.5680379197856125,0.0
RG,28.432875705683898,0.49896423761226116,5.740102919219325e-06,7.567710284901701,0.0
RG,28.52958616726786,0.498963960549104,5.743179207750875e-06,7.567382562246776,0.0
RG,28.626296628851815,0.4989636833375949,5.746257970905648e-06,7.567054751773769,0.0
RG,28.723007090435775,0.4989634059776142,5.74933921133811e-06,7.56672685343558,0.0
RG,28.819717552019732,0.49896312846904267,5.752422931699172e-06,7.566398867185066,0.0
RG,28.916428013603692,0.498962850811761,5.755509134669905e-06,7.566070792975047,0.0
RG,29.013138475187652,0.4989625730056494,5.7585978229052344e-06,7.565742630758304,0.0
RG,29.10984893677161,0.49896229505058826,5.761688999063987e-06,7.5654143804875815,0.0
RG,29.20655939835557,0.49896201694645753,5.764782665846801e-06,7.565086042115586,0.0
RG,29.303269859939526,0.4989617386931375,5.767878825912556e-06,7.564757615594985,0.0
RG,29.399980321523486,0.49896146029050775,5.770977481935091e-06,7.564429100878408,0.0
RG,29.496690783107447,0.4989611817384481,5.774078636620996e-06,7.564100497918447,0.0
RG,29.593401244691403,0.49896090303683827,5.7771822926430675e-06,7.563771806667654,0.0
RG,29.690111706275363,0.49896062418555776,5.780288452690914e-06,7.563443027078545,0.0
RG,29.78682216785932,0.4989603451844858,5.783397119469433e-06,7.563114159103597,0.0
RG,29.88353262944328,0.4989600660335017,5.786508295672055e-06,7.562785202695247,0.0
RG,29.98024309102724,0.4989597867324844,5.789621984001685e-06,7.562456157805897,0.0
RG,30.076953552611197,0.49895950728131305,5.792738187159689e-06,7.562127024387906,0.0
RG,30.173664014195158,0.49895922767986634,5.795856907867812e-06,7.561797802393598,0.0
RG,30.270374475779118,0.49895894792802314,5.798978148832135e-06,7.561468491775256,0.0
RG,30.367084937363074,0.49895866802566186,5.802101912758388e-06,7.561139092485126,0.0
RG,30.463795398947035,0.49895838797266107,5.805228202392898e-06,7.560809604475417,0.0
RG,30.56050586053099,0.49895810776889893,5.808357020443158e-06,7.560480027698296,0.0
RG,30.65721632211495,0.49895782741425393,5.811488369628286e-06,7.560150362105893,0.0
RG,30.753926783698912,0.4989575469086037,5.814622252705613e-06,7.5598206076503,0.0
RG,30.85063724528287,0.4989572662518265,5.8177586723931084e-06,7.5594907642835665,0.0
RG,30.94734770686683,0.4989569854437999,5.820897631425913e-06,7.5591608319577075,0.0
RG,31.044058168450785,0.4989567044844017,5.824039132562449e-06,7.558830810624698,0.0
RG,31.140768630034746,0.4989564233735094,5.827183178538833e-06,7.558500700236474,0.0
RG,31.237479091618706,0.49895614211100014,5.830329772105427e-06,7.5581705007449305,0.0
RG,31.334189553202663,0.4989558606967516,5.833478916017631e-06,7.557840212101925,0.0
RG,31.430900014786623,0.49895557913064065,5.836630613036699e-06,7.557509834259278,0.0
RG,31.52761047637058,0.4989552974125443,5.839784865921317e-06,7.557179367168768,0.0
RG,31.62432093795454,0.4989550155423394,5.842941677427227e-06,7.556848810782133,0.0
RG,31.7210313995385,0.49895473351990277,5.846101050343699e-06,7.556518165051079,0.0
RG,31.817741861122457,0.4989544513451109,5.849262987430451e-06,7.556187429927265,0.0
RG,31.914452322706417,0.49895416901784034,5.85242749145308e-06,7.555856605362312,0.0
RG,32.01116278429038,0.49895388653796735,5.855594565218888e-06,7.555525691307808,0.0
RG,32.10787324587434,0.4989536039053681,5.858764211493446e-06,7.555194687715292,0.0
RG,32.20458370745829,0.49895332111991875,5.861936433057866e-06,7.554863594536272,0.0
RG,32.30129416904225,0.4989530381814951,5.865111232725217e-06,7.554532411722215,0.0
RG,32.39800463062621,0.49895275508997317,5.868288613275966e-06,7.554201139224541,0.0
RG,32.49471509221017,0.49895247184522845,5.871468577507146e-06,7.553869776994643,0.0
RG,32.59142555379413,0.4989521884471363,5.874651128231209e-06,7.553538324983862,0.0
RG,32.688136015378085,0.4989519048955723,5.877836268249717e-06,7.553206783143509,0.0
RG,32.784846476962045,0.49895162119041175,5.881024000372937e-06,7.552875151424849,0.0
RG,32.881556938546005,0.4989513373315296,5.884214327411428e-06,7.552543429779111,0.0
RG,32.978267400129965,0.49895105331880096,5.887407252193782e-06,7.552211618157484,0.0
RG,33.074977861713926,0.4989507691521007,5.890602777535563e-06,7.551879716511115,0.0
RG,33.17168832329788,0.4989504848313033,5.893800906251527e-06,7.551547724791112,0.0
RG,33.26839878488184,0.49895020035628357,5.897001641195712e-06,7.551215642948547,0.0
RG,33.3651092464658,0.4989499157269159,5.900204985185639e-06,7.550883470934445,0.0
RG,33.46181970804976,0.49894963094307454,5.90341094104888e-06,7.550551208699794,0.0
RG,33.55853016963372,0.49894934600463364,5.906619511653186e-06,7.5502188561955474,0.0
RG,33.65524063121767,0.49894906091146735,5.909830699825355e-06,7.5498864133726125,0.0
RG,33.75195109280163,0.4989487756634494,5.91304450840935e-06,7.549553880181855,0.0
RG,33.84866155438559,0.4989484902604536,5.916260940276013e-06,7.549221256574106,0.0
RG,33.945372015969554,0.49894820470235357,5.919479998269936e-06,7.548888542500156,0.0
RG,34.042082477553514,0.4989479189890228,5.9227016852504085e-06,7.548555737910749,0.0
RG,34.13879293913747,0.4989476331203347,5.925926004087769e-06,7.548222842756594,0.0
RG,34.23550340072143,0.4989473470961622,5.929152957648513e-06,7.547889856988363,0.0
RG,34.33221386230539,0.49894706091637864,5.932382548804497e-06,7.547556780556677,0.0
RG,34.42892432388935,0.49894677458085696,5.935614780425106e-06,7.547223613412127,0.0
RG,34.52563478547331,0.4989464880894698,5.938849655405624e-06,7.546890355505258,0.0
RG,34.62234524705726,0.49894620144208984,5.942087176620649e-06,7.546557006786578,0.0
RG,34.71905570864122,0.4989459146385896,5.945327346946856e-06,7.546223567206551,0.0
RG,34.81576617022518,0.4989456276788415,5.94857016930261e-06,7.545890036715604,0.0
RG,34.91247663180914,0.4989453405627176,5.951815646566178e-06,7.545556415264119,0.0
RG,35.0091870933931,0.4989450532900903,5.955063781628668e-06,7.545222702802439,0.0
RG,35.105897554977055,0.4989447658608313,5.9583145774192305e-06,7.544888899280871,0.0
RG,35.202608016561015,0.4989444782748125,5.9615680368282766e-06,7.544555004649675,0.0
RG,35.299318478144976,0.4989441905319056,5.964824162763204e-06,7.544221018859072,0.0
RG,35.396028939728936,0.498943902631982,5.968082958155845e-06,7.543886941859245,0.0
RG,35.492739401312896,0.4989436145749132,5.971344425915121e-06,7.543552773600333,0.0
RG,35.58944986289685,0.49894332636057054,5.97460856896403e-06,7.543218514032433,0.0
RG,35.68616032448081,0.498943037988825,5.977875390233978e-06,7.5428841631056045,0.0
RG,35.78287078606477,0.4989427494595475,5.981144892657208e-06,7.542549720769866,0.0
RG,35.87958124764873,0.498942460772609,5.9844170791679705e-06,7.542215186975191,0.0
RG,35.97629170923269,0.4989421719278801,5.987691952698384e-06,7.541880561671516,0.0
RG,36.07300217081664,0.49894188292523145,5.990969516208828e-06,7.541545844808735,0.0
RG,36.1697126324006,0.49894159376453334,5.994249772636756e-06,7.541211036336701,0.0
RG,36.266423093984564,0.4989413044456561,5.9975327249229325e-06,7.540876136205222,0.0
RG,36.363133555568524,0.4989410149684698,6.000818376049485e-06,7.540541144364074,0.0
RG,36.459844017152484,0.4989407253328445,6.0041067289589155e-06,7.54020606076298,0.0
RG,36.55655447873644,0.4989404355386501,6.0073977866065794e-06,7.539870885351628,0.0
RG,36.6532649403204,0.49894014558575583,6.010691551985655e-06,7.539535618079669,0.0
RG,36.74997540190436,0.4989398554740319,6.013988028051084e-06,7.539200258896703,0.0
RG,36.84668586348832,0.4989395652033473,6.017287217774632e-06,7.538864807752295,0.0
RG,36.94339632507228,0.49893927477357136,6.0205891241530186e-06,7.538529264595965,0.0
RG,37.04010678665623,0.4989389841845734,6.023893750159462e-06,7.538193629377195,0.0
RG,37.13681724824019,0.49893869343622205,6.027201098781788e-06,7.53785790204542,0.0
RG,37.23352770982415,0.4989384025283865,6.030511173016712e-06,7.5375220825500415,0.0
RG,37.33023817140811,0.4989381114609352,6.0338239758612224e-06,7.5371861708404095,0.0
RG,37.42694863299207,0.4989378202337367,6.037139510314466e-06,7.5368501668658405,0.0
RG,37.523659094576026,0.4989375288466596,6.040457779374512e-06,7.536514070575604,0.0
RG,37.620369556159986,0.4989372372995719,6.0437787860659995e-06,7.53617788191893,0.0
RG,37.717080017743946,0.4989369455923419,6.0471025333925674e-06,7.535841600845006,0.0
RG,37.813790479327906,0.49893665372483753,6.050429024360514e-06,7.535505227302978,0.0
RG,37.91050094091187,0.4989363616969265,6.053758262017288e-06,7.535168761241948,0.0
RG,38.00721140249582,0.49893606950847663,6.057090249371487e-06,7.53483220261098,0.0
RG,38.10392186407978,0.49893577715935544,6.060424989443843e-06,7.534495551359091,0.0
RG,38.20063232566374,0.4989354846494301,6.063762485294364e-06,7.53415880743526,0.0
RG,38.2973427872477,0.49893519197856817,6.067102739943459e-06,7.533821970788422,0.0
RG,38.39405324883166,0.49893489914663647,6.070445756428533e-06,7.5334850413674666,0.0
RG,38.490763710415614,0.49893460615350205,6.073791537814223e-06,7.53314801912125,0.0
RG,38.587474171999574,0.4989343129990319,6.077140087139136e-06,7.532810903998576,0.0
RG,38.684184633583534,0.49893401968309226,6.080491407456767e-06,7.532473695948211,0.0
RG,38.780895095167494,0.49893372620554993,6.083845501833101e-06,7.532136394918879,0.0
RG,38.877605556751455,0.49893343256627126,6.087202373328989e-06,7.531799000859263,0.0
RG,38.974316018335415,0.4989331387651223,6.0905620250113074e-06,7.531461513717999,0.0
RG,39.07102647991937,0.49893284480196937,6.093924459947306e-06,7.531123933443684,0.0
RG,39.16773694150333,0.4989325506766781,6.097289681224894e-06,7.530786259984871,0.0
RG,39.26444740308729,0.4989322563891144,6.100657691917307e-06,7.530448493290071,0.0
RG,39.36115786467125,0.4989319619391439,6.104028495098506e-06,7.530110633307748,0.0
RG,39.45786832625521,0.49893166732663197,6.107402093881656e-06,7.529772679986334,0.0
RG,39.55457878783916,0.49893137255144404,6.110778491344238e-06,7.5294346332742075,0.0
RG,39.65128924942312,0.49893107761344524,6.114157690573621e-06,7.529096493119707,0.0
RG,39.74799971100708,0.4989307825125006,6.117539694698845e-06,7.5287582594711315,0.0
RG,39.84471017259104,0.498930487248475,6.120924506807431e-06,7.528419932276734,0.0
RG,39.941420634175,0.4989301918212332,6.124312130003338e-06,7.528081511484724,0.0
RG,40.038131095758956,0.4989298962306397,6.127702567422625e-06,7.527742997043272,0.0
RG,40.13484155734292,0.49892960047655893,6.131095822169808e-06,7.527404388900499,0.0
RG,40.23155201892688,0.4989293045588552,6.134491897365248e-06,7.527065687004488,0.0
RG,40.32826248051084,0.4989290084773926,6.137890796148038e-06,7.526726891303278,0.0
RG,40.4249729420948,0.4989287122320352,6.1412925216432456e-06,7.526388001744864,0.0
RG,40.52168340367875,0.4989284158226467,6.144697076986678e-06,7.526049018277196,0.0
RG,40.61839386526271,0.49892811924909075,6.148104465318985e-06,7.525709940848184,0.0
RG,40.71510432684667,0.49892782251123097,6.151514689790281e-06,7.5253707694056935,0.0
RG,40.81181478843063,0.49892752560893083,6.154927753546495e-06,7.525031503897544,0.0
RG,40.90852525001459,0.4989272285420534,6.158343659732495e-06,7.524692144271515,0.0
RG,41.005235711598544,0.4989269313104616,6.1617624115258365e-06,7.524352690475342,0.0
RG,41.101946173182505,0.4989266339140187,6.165184012076895e-06,7.524013142456716,0.0
RG,41.198656634766465,0.49892633635258726,6.1686084645417656e-06,7.52367350016328,0.0
RG,41.295367096350425,0.4989260386260298,6.172035772118622e-06,7.523333763542646,0.0
RG,41.392077557934385,0.4989257407342089,6.175465937965371e-06,7.5229939325423665,0.0
RG,41.48878801951834,0.4989254426769869,6.178898965253696e-06,7.522654007109961,0.0
RG,41.5854984811023,0.49892514445422587,6.182334857193418e-06,7.522313987192904,0.0
RG,41.68220894268626,0.49892484606578774,6.185773616956388e-06,7.521973872738621,0.0
RG,41.77891940427022,0.4989245475115346,6.1892152477310215e-06,7.521633663694496,0.0
RG,41.87562986585418,0.4989242487913279,6.192659752732971e-06,7.521293360007874,0.0
RG,41.97234032743813,0.49892394990502925,6.196107135152805e-06,7.52095296162605,0.0
RG,42.06905078902209,0.4989236508525001,6.199557398195571e-06,7.5206124684962745,0.0
RG,42.16576125060605,0.49892335163360163,6.203010545079822e-06,7.520271880565758,0.0
RG,42.26247171219001,0.49892305224819483,6.206466579017894e-06,7.519931197781666,0.0
RG,42.35918217377397,0.4989227526961408,6.2099255032296665e-06,7.519590420091117,0.0
RG,42.45589263535793,0.4989224529773002,6.213387320936059e-06,7.519249547441188,0.0
RG,42.55260309694189,0.49892215309153354,6.216852035376623e-06,7.518908579778911,0.0
RG,42.64931355852585,0.4989218530387014,6.22031964977871e-06,7.518567517051272,0.0
RG,42.74602402010981,0.49892155281866407,6.223790167370698e-06,7.518226359205216,0.0
RG,42.84273448169377,0.4989212524312817,6.227263591417715e-06,7.51788510618764,0.0
RG,42.93944494327772,0.4989209518764143,6.230739925152868e-06,7.5175437579454,0.0
RG,43.03615540486168,0.4989206511539216,6.234219171817648e-06,7.517202314425301,0.0
RG,43.13286586644564,0.4989203502636632,6.237701334695347e-06,7.516860775574114,0.0
RG,43.2295763280296,0.4989200492054989,6.241186417028955e-06,7.516519141338556,0.0
RG,43.32628678961356,0.49891974797928784,6.2446744220761375e-06,7.516177411665301,0.0
RG,43.422997251197515,0.4989194465848894,6.248165353131058e-06,7.515835586500983,0.0
RG,43.519707712781475,0.49891914502216234,6.251659213452035e-06,7.515493665792187,0.0
RG,43.616418174365435,0.4989188432909658,6.25515600631374e-06,7.515151649485453,0.0
RG,43.713128635949396,0.4989185413911584,6.2586557350163155e-06,7.514809537527279,0.0
RG,43.809839097533356,0.49891823932259854,6.262158402837303e-06,7.514467329864115,0.0
RG,43.90654955911731,0.49891793708514504,6.265664013068394e-06,7.514125026442367,0.0
RG,44.00326002070127,0.4989176346786559,6.269172569013126e-06,7.513782627208401,0.0
RG,44.09997048228523,0.4989173321029892,6.272684073971858e-06,7.513440132108527,0.0
RG,44.19668094386919,0.4989170293580031,6.2761985312504134e-06,7.513097541089018,0.0
RG,44.29339140545315,0.49891672644355506,6.279715944156164e-06,7.5127548540961016,0.0
RG,44.3901018670371,0.49891642335950287,6.283236316016302e-06,7.512412071075956,0.0
RG,44.48681232862106,0.498916120105704,6.286759650144861e-06,7.512069191974719,0.0
RG,44.58352279020502,0.49891581668201573,6.290285949857476e-06,7.511726216738477,0.0
RG,44.680233251788984,0.4989155130882952,6.293815218506771e-06,7.511383145313278,0.0
RG,44.776943713372944,0.4989152093243993,6.297347459413322e-06,7.5110399776451215,0.0
RG,44.8736541749569,0.4989149053901849,6.300882675906143e-06,7.510696713679956,0.0
RG,44.97036463654086,0.49891460128550874,6.304420871356723e-06,7.510353353363695,0.0
RG,45.06707509812482,0.4989142970102272,6.307962049095801e-06,7.510009896642198,0.0
RG,45.16378555970878,0.49891399256419683,6.311506212468955e-06,7.509666343461283,0.0
RG,45.26049602129274,0.4989136879472734,6.315053364859111e-06,7.509322693766721,0.0
RG,45.35720648287669,0.49891338315931333,6.318603509612642e-06,7.508978947504238,0.0
RG,45.45391694446065,0.49891307820017233,6.322156650092471e-06,7.5086351046195094,0.0
RG,45.55062740604461,0.498912773069706,6.3257127896884395e-06,7.508291165058173,0.0
RG,45.64733786762857,0.49891246776777,6.3292719317661765e-06,7.5079471287658155,0.0
RG,45.74404832921253,0.4989121622942195,6.332834079705827e-06,7.507602995687979,0.0
RG,45.840758790796485,0.49891185664890997,6.336399236902057e-06,7.507258765770158,0.0
RG,45.937469252380446,0.49891155083169625,6.339967406742663e-06,7.506914438957802,0.0
RG,46.034179713964406,0.49891124484243327,6.343538592623045e-06,7.506570015196316,0.0
RG,46.130890175548366,0.49891093868097564,6.347112797942371e-06,7.506225494431056,0.0
RG,46.227600637132326,0.4989106323471781,6.35069002611432e-06,7.505880876607335,0.0
RG,46.32431109871629,0.49891032584089495,6.354270280544635e-06,7.505536161670415,0.0
RG,46.42102156030024,0.49891001916198036,6.357853564640203e-06,7.505191349565517,0.0
RG,46.5177320218842,0.49890971231028847,6.361439881840979e-06,7.504846440237812,0.0
RG,46.61444248346816,0.49890940528567307,6.365029235559995e-06,7.504501433632425,0.0
RG,46.71115294505212,0.498909098087988,6.368621629216646e-06,7.504156329694436,0.0
RG,46.80786340663608,0.49890879071708677,6.372217066272204e-06,7.503811128368878,0.0
RG,46.904573868220034,0.4989084831728227,6.375815550149145e-06,7.503465829600737,0.0
RG,47.001284329803994,0.4989081754550491,6.379417084282991e-06,7.50312043333495,0.0
RG,47.097994791387954,0.49890786756361905,6.3830216721493315e-06,7.5027749395164145,0.0
RG,47.194705252971914,0.49890755949838533,6.386629317184903e-06,7.502429348089971,0.0
RG,47.291415714555875,0.49890725125920093,6.390240022842483e-06,7.502083659000421,0.0
RG,47.38812617613983,0.4989069428459181,6.39385379260746e-06,7.501737872192519,0.0
RG,47.48483663772379,0.4989066342583895,6.397470629934446e-06,7.501391987610969,0.0
RG,47.58154709930775,0.4989063254964671,6.401090538294091e-06,7.501046005200426,0.0
RG,47.67825756089171,0.4989060165600032,6.404713521177994e-06,7.500699924905506,0.0
RG,47.77496802247567,0.49890570744884966,6.408339582061792e-06,7.50035374667077,0.0
RG,47.87167848405962,0.49890539816285806,6.4119687244331636e-06,7.500007470440738,0.0
RG,47.96838894564358,0.4989050887018801,6.415600951789075e-06,7.499661096159876,0.0
RG,48.06509940722754,0.4989047790657671,6.419236267629167e-06,7.499314623772612,0.0
RG,48.1618098688115,0.49890446925437026,6.422874675454785e-06,7.498968053223317,0.0
RG,48.25852033039546,0.4989041592675408,6.426516178769544e-06,7.498621384456321,0.0
RG,48.355230791979416,0.4989038491051295,6.43016078109941e-06,7.498274617415906,0.0
RG,48.451941253563376,0.49890353876698695,6.433808485955346e-06,7.497927752046304,0.0
RG,48.54865171514734,0.49890322825296374,6.437459296851128e-06,7.497580788291699,0.0
RG,48.6453621767313,0.4989029175629106,6.441113217337829e-06,7.497233726096232,0.0
RG,48.74207263831526,0.49890260669667735,6.444770250934747e-06,7.496886565403993,0.0
RG,48.83878309989921,0.49890229565411415,6.448430401170045e-06,7.496539306159023,0.0
RG,48.93549356148317,0.49890198443507094,6.452093671614345e-06,7.49619194830532,0.0
RG,49.03220402306713,0.4989016730393973,6.4557600657984255e-06,7.495844491786831,0.0
RG,49.12891448465109,0.4989013614669428,6.459429587267269e-06,7.495496936547453,0.0
RG,49.22562494623505,0.4989010497175568,6.463102239605497e-06,7.495149282531042,0.0
RG,49.322335407819004,0.4989007377910885,6.466778026359348e-06,7.494801529681399,0.0
RG,49.419045869402964,0.49890042568738696,6.4704569510918255e-06,7.4944536779422775,0.0
RG,49.515756330986925,0.49890011340630086,6.474139017396938e-06,7.494105727257391,0.0
RG,49.612466792570885,0.49889980094767905,6.477824228840168e-06,7.493757677570397,0.0
RG,49.709177254154845,0.49889948831137,6.481512589002488e-06,7.493409528824904,0.0
RG,49.8058877157388,0.4988991754972219,6.485204101485169e-06,7.493061280964479,0.0
RG,49.90259817732276,0.49889886250508303,6.4888987698750815e-06,7.492712933932635,0.0
RG,49.99930863890672,0.4988985493348013,6.492596597770509e-06,7.492364487672842,0.0
RG,50.09601910049068,0.49889823598622457,6.496297588779183e-06,7.492015942128514,0.0
RG,50.19272956207464,0.49889792245920045,6.500001746512069e-06,7.491667297243024,0.0
RG,50.28944002365859,0.4988976087535764,6.5037090745817225e-06,7.491318552959693,0.0
RG,50.38615048524255,0.49889729486919976,6.50741957660363e-06,7.49096970922179,0.0
RG,50.48286094682651,0.4988969808059175,6.511133256214879e-06,7.490620765972546,0.0
RG,50.57957140841047,0.4988966665635768,6.5148501170386775e-06,7.490271723155132,0.0
RG,50.67628186999443,0.49889635214202416,6.518570162701345e-06,7.489922580712677,0.0
RG,50.772992331578386,0.4988960375411062,6.522293396865234e-06,7.489573338588259,0.0
RG,50.86970279316235,0.4988957227606695,6.526019823162877e-06,7.489223996724906,0.0
RG,50.96641325474631,0.4988954078005602,6.52974944523502e-06,7.488874555065599,0.0
RG,51.06312371633027,0.49889509266062443,6.533482266764941e-06,7.48852501355327,0.0
RG,51.15983417791423,0.49889477734070786,6.53721829139675e-06,7.488175372130803,0.0
RG,51.25654463949818,0.49889446184065644,6.540957522788285e-06,7.487825630741028,0.0
RG,51.35325510108214,0.4988941461603156,6.544699964638157e-06,7.487475789326734,0.0
RG,51.4499655626661,0.49889383029953077,6.548445620606016e-06,7.4871258478306535,0.0
RG,51.54667602425006,0.498893514258147,6.552194494367802e-06,7.486775806195471,0.0
RG,51.64338648583402,0.49889319803600946,6.555946589633546e-06,7.4864256643638285,0.0
RG,51.740096947417975,0.49889288163296275,6.559701910081608e-06,7.48607542227831,0.0
RG,51.836807409001935,0.49889256504885165,6.563460459406229e-06,7.485725079881452,0.0
RG,51.933517870585895,0.4988922482835206,6.5672222413266855e-06,7.485374637115746,0.0
RG,52.030228332169855,0.498891931336814,6.570987259541919e-06,7.485024093923632,0.0
RG,52.126938793753816,0.49889161420857575,6.574755517764597e-06,7.484673450247496,0.0
RG,52.22364925533777,0.49889129689864997,6.57852701972166e-06,7.4843227060296815,0.0
RG,52.32035971692173,0.4988909794068803,6.582301769135141e-06,7.483971861212476,0.0
RG,52.41707017850569,0.49889066173311036,6.586079769734063e-06,7.483620915738123,0.0
RG,52.51378064008965,0.4988903438771837,6.589861025253651e-06,7.483269869548811,0.0
RG,52.61049110167361,0.49889002583894304,6.593645539441094e-06,7.482918722586683,0.0
RG,52.70720156325756,0.49888970761823204,6.597433316038768e-06,7.482567474793829,0.0
RG,52.80391202484152,0.4988893892148932,6.60122435879187e-06,7.482216126112289,0.0
RG,52.90062248642548,0.4988890706287692,6.605018671473853e-06,7.481864676484057,0.0
RG,52.99733294800944,0.4988887518597026,6.6088162578377394e-06,7.481513125851074,0.0
RG,53.094043409593404,0.49888843290753576,6.612617121641876e-06,7.481161474155226,0.0
RG,53.190753871177364,0.4988881137721108,6.616421266683706e-06,7.48080972133836,0.0
RG,53.28746433276132,0.4988877944532695,6.620228696727228e-06,7.480457867342264,0.0
RG,53.38417479434528,0.4988874749508539,6.624039415546832e-06,7.4801059121086775,0.0
RG,53.48088525592924,0.49888715526470534,6.6278534269595485e-06,7.4797538555792915,0.0
RG,53.5775957175132,0.4988868353946653,6.63167073474303e-06,7.479401697695747,0.0
RG,53.67430617909716,0.498886515340575,6.6354913426894784e-06,7.479049438399629,0.0
RG,53.77101664068111,0.4988861951022757,6.639315254631195e-06,7.4786970776324795,0.0
RG,53.86772710226507,0.4988858746796079,6.643142474362683e-06,7.478344615335786,0.0
RG,53.96443756384903,0.4988855540724124,6.6469730056946215e-06,7.4779920514509834,0.0
RG,54.06114802543299,0.4988852332805297,6.6508068524716845e-06,7.47763938591946,0.0
RG,54.15785848701695,0.4988849123038002,6.654644018507659e-06,7.477286618682553,0.0
RG,54.254568948600905,0.49888459114206396,6.658484507632076e-06,7.476933749681544,0.0
RG,54.351279410184866,0.4988842697951609,6.6623283236998585e-06,7.476580778857671,0.0
RG,54.447989871768826,0.49888394826293064,6.666175470545843e-06,7.476227706152115,0.0
RG,54.544700333352786,0.498883626545213,6.670025952018476e-06,7.475874531506007,0.0
RG,54.641410794936746,0.4988833046418471,6.67387977198189e-06,7.475521254860431,0.0
RG,54.7381212565207,0.49888298255267227,6.67773693429369e-06,7.475167876156414,0.0
RG,54.83483171810466,0.49888266027752753,6.681597442819924e-06,7.4748143953349375,0.0
RG,54.93154217968862,0.49888233781625174,6.685461301433956e-06,7.474460812336926,0.0
RG,55.02825264127258,0.49888201516868336,6.689328514018573e-06,7.47410712710326,0.0
RG,55.12496310285654,0.49888169233466106,6.693199084454326e-06,7.473753339574762,0.0
RG,55.22167356444049,0.49888136931402294,6.697073016625491e-06,7.473399449692204,0.0
RG,55.318384026024454,0.49888104610660716,6.700950314441077e-06,7.473045457396311,0.0
RG,55.415094487608414,0.49888072271225153,6.7048309817938e-06,7.472691362627752,0.0
RG,55.511804949192374,0.49888039913079374,6.708715022581239e-06,7.472337165327146,0.0
RG,55.608515410776334,0.49888007536207146,6.712602440737493e-06,7.471982865435062,0.0
RG,55.70522587236029,0.4988797514059219,6.71649324016699e-06,7.471628462892013,0.0
RG,55.80193633394425,0.4988794272621822,6.72038742478331e-06,7.471273957638462,0.0
RG,55.89864679552821,0.49887910293068927,6.724284998542121e-06,7.4709193496148245,0.0
RG,55.99535725711217,0.49887877841128,6.728185965361532e-06,7.470564638761459,0.0
RG,56.09206771869613,0.4988784537037907,6.732090329172852e-06,7.470209825018672,0.0
RG,56.18877818028008,0.49887812880805815,6.735998093949673e-06,7.469854908326723,0.0
RG,56.28548864186404,0.4988778037239181,6.739909263626313e-06,7.469499888625814,0.0
RG,56.382199103448,0.49887747845120683,6.743823842152736e-06,7.469144765856097,0.0
RG,56.47890956503196,0.4988771529897601,6.747741833517646e-06,7.468789539957671,0.0
RG,56.57562002661592,0.4988768273394134,6.751663241673867e-06,7.468434210870584,0.0
RG,56.672330488199876,0.4988765015000023,6.755588070590641e-06,7.4680787785348315,0.0
RG,56.769040949783836,0.49887617547136204,6.759516324269146e-06,7.467723242890358,0.0
RG,56.865751411367796,0.4988758492533275,6.76344800668302e-06,7.467367603877049,0.0
RG,56.96246187295176,0.49887552284573367,6.767383121820787e-06,7.467011861434747,0.0
RG,57.05917233453572,0.49887519624841525,6.771321673694981e-06,7.466656015503235,0.0
RG,57.15588279611967,0.49887486946120657,6.775263666301039e-06,7.466300066022247,0.0
RG,57.25259325770363,0.498874542483942,6.7792091036468265e-06,7.465944012931461,0.0
RG,57.34930371928759,0.49887421531645554,6.783157989755875e-06,7.465587856170506,0.0
RG,57.44601418087155,0.4988738879585811,6.787110328646169e-06,7.465231595678955,0.0
RG,57.54272464245551,0.49887356041015257,6.791066124344364e-06,7.464875231396331,0.0
RG,57.639435104039464,0.49887323267100314,6.795025380884685e-06,7.4645187632621015,0.0
RG,57.736145565623424,0.49887290474096624,6.798988102310206e-06,7.464162191215683,0.0
RG,57.832856027207384,0.49887257661987505,6.802954292663268e-06,7.463805515196436,0.0
RG,57.929566488791345,0.4988722483075623,6.806923955990344e-06,7.463448735143674,0.0
RG,58.026276950375305,0.49887191980386114,6.810897096360788e-06,7.463091850996649,0.0
RG,58.12298741195926,0.4988715911086036,6.8148737178303625e-06,7.462734862694567,0.0
RG,58.21969787354322,0.49887126222162226,6.818853824459784e-06,7.462377770176575,0.0
RG,58.31640833512718,0.4988709331427492,6.822837420344062e-06,7.462020573381773,0.0
RG,58.41311879671114,0.49887060387181636,6.826824509551841e-06,7.4616632722492,0.0
RG,58.5098292582951,0.4988702744086555,6.83081509616012e-06,7.461305866717849,0.0
RG,58.60653971987905,0.4988699447530981,6.834809184287196e-06,7.460948356726653,0.0
RG,58.70325018146301,0.4988696149049757,6.83880677801577e-06,7.460590742214497,0.0
RG,58.79996064304697,0.4988692848641192,6.842807881440915e-06,7.460233023120207,0.0
RG,58.89667110463093,0.49886895463035974,6.846812498700896e-06,7.459875199382559,0.0
RG,58.99338156621489,0.49886862420352807,6.850820633894711e-06,7.4595172709402755,0.0
RG,59.090092027798846,0.4988682935834546,6.854832291136439e-06,7.4591592377320195,0.0
RG,59.186802489382806,0.4988679627699698,6.858847474581845e-06,7.4588010996964105,0.0
RG,59.28351295096677,0.4988676317629039,6.862866188348102e-06,7.458442856772003,0.0
RG,59.38022341255073,0.4988673005620867,6.866888436569089e-06,7.458084508897303,0.0
RG,59.47693387413469,0.498866969167348,6.870914223415554e-06,7.457726056010765,0.0
RG,59.57364433571864,0.4988666375785175,6.874943553025034e-06,7.457367498050782,0.0
RG,59.6703547973026,0.4988663057954244,6.878976429551323e-06,7.457008834955697,0.0
RG,59.76706525888656,0.498865973817898,6.883012857178772e-06,7.4566500666638005,0.0
RG,59.86377572047052,0.4988656416457672,6.887052840066653e-06,7.456291193113324,0.0
RG,59.96048618205448,0.4988653092788606,6.891096382388638e-06,7.4559322142424485,0.0
RG,60.057196643638434,0.498864976717007,6.895143488342091e-06,7.4555731299893,0.0
RG,60.153907105222395,0.4988646439600348,6.8991941621087935e-06,7.455213940291948,0.0
RG,60.250617566806355,0.49886431100777195,6.903248407882249e-06,7.454854645088408,0.0
RG,60.347328028390315,0.4988639778600464,6.907306229872493e-06,7.45449524431664,0.0
RG,60.444038489974275,0.49886364451668624,6.911367632284711e-06,7.454135737914555,0.0
RG,60.540748951558236,0.4988633109775187,6.91543261933149e-06,7.45377612582,0.0
RG,60.63745941314219,0.4988629772423711,6.919501195235976e-06,7.453416407970772,0.0
RG,60.73416987472615,0.4988626433110708,6.923573364227542e-06,7.4530565843046155,0.0
RG,60.83088033631011,0.4988623091834446,6.927649130536759e-06,7.452696654759215,0.0
RG,60.92759079789407,0.4988619748593192,6.9317284984002695e-06,7.452336619272204,0.0
RG,61.02430125947803,0.4988616403385215,6.935811472073168e-06,7.451976477781156,0.0
RG,61.12101172106198,0.4988613056208773,6.939898055801836e-06,7.451616230223596,0.0
RG,61.21772218264594,0.49886097070621305,6.94398825383793e-06,7.451255876536987,0.0
RG,61.3144326442299,0.4988606355943546,6.9480820704625935e-06,7.450895416658742,0.0
RG,61.41114310581386,0.4988603002851276,6.952179509936865e-06,7.450534850526216,0.0
RG,61.507853567397824,0.4988599647783577,6.956280576528977e-06,7.450174178076706,0.0
RG,61.60456402898178,0.4988596290738702,6.960385274544965e-06,7.449813399247459,0.0
RG,61.70127449056574,0.49885929317149,6.964493608260836e-06,7.449452513975663,0.0
RG,61.7979849521497,0.4988589570710422,6.96860558196297e-06,7.44909152219845,0.0
RG,61.89469541373366,0.4988586207723514,6.972721199980055e-06,7.4487304238529,0.0
RG,61.99140587531762,0.4988582842752419,6.9768404666044155e-06,7.448369218876031,0.0
RG,62.08811633690157,0.4988579475795384,6.980963386141841e-06,7.44800790720481,0.0
RG,62.18482679848553,0.4988576106850647,6.985089962941079e-06,7.447646488776148,0.0
RG,62.28153726006949,0.4988572735916446,6.9892202013126626e-06,7.447284963526897,0.0
RG,62.37824772165345,0.4988569362991019,6.993354105582265e-06,7.4469233313938545,0.0
RG,62.47495818323741,0.4988565988072598,6.997491680117291e-06,7.446561592313763,0.0
RG,62.571668644821365,0.49885626111594183,7.001632929247614e-06,7.446199746223309,0.0
RG,62.668379106405325,0.4988559232249708,7.0057778573193445e-06,7.445837793059117,0.0
RG,62.765089567989286,0.49885558513416955,7.009926468716986e-06,7.4454757327577665,0.0
RG,62.861800029573246,0.4988552468433608,7.014078767791188e-06,7.445113565255766,0.0
RG,62.958510491157206,0.49885490835236695,7.018234758908795e-06,7.444751290489579,0.0
RG,63.05522095274116,0.49885456966100994,7.0223944464701984e-06,7.44438890839561,0.0
RG,63.15193141432512,0.498854230769112,7.026557834847991e-06,7.444026418910204,0.0
RG,63.24864187590908,0.49885389167649496,7.030724928429834e-06,7.443663821969651,0.0
RG,63.34535233749304,0.49885355238297996,7.034895731631426e-06,7.4433011175101855,0.0
RG,63.442062799077,0.4988532128883886,7.03907024884796e-06,7.442938305467982,0.0
RG,63.53877326066095,0.49885287319254207,7.04324848448804e-06,7.442575385779162,0.0
RG,63.63548372224491,0.4988525332952611,7.047430442982434e-06,7.442212358379787,0.0
RG,63.732194183828874,0.4988521931963665,7.051616128749297e-06,7.441849223205864,0.0
RG,63.828904645412834,0.49885185289567874,7.055805546218298e-06,7.441485980193339,0.0
RG,63.925615106996794,0.4988515123930181,7.059998699835048e-06,7.441122629278105,0.0
RG,64.02232556858075,0.4988511716882046,7.064195594041295e-06,7.440759170395998,0.0
RG,64.11903603016471,0.498850830781058,7.0683962332872765e-06,7.440395603482791,0.0
RG,64.21574649174867,0.49885048967139833,7.072600622033646e-06,7.440031928474206,0.0
RG,64.31245695333263,0.49885014835904457,7.0768087647470295e-06,7.439668145305905,0.0
RG,64.40916741491658,0.49884980684381613,7.081020665896633e-06,7.439304253913494,0.0
RG,64.50587787650055,0.4988494651255319,7.085236329958897e-06,7.4389402542325165,0.0
RG,64.6025883380845,0.49884912320401065,7.089455761426355e-06,7.438576146198465,0.0
RG,64.69929879966847,0.49884878107907105,7.0936789647858576e-06,7.438211929746771,0.0
RG,64.79600926125242,0.49884843875053136,7.097905944530535e-06,7.4378476048128075,0.0
RG,64.89271972283638,0.4988480962182096,7.102136705178939e-06,7.437483171331892,0.0
RG,64.98943018442034,0.49884775348192395,7.106371251234932e-06,7.437118629239282,0.0
RG,65.0861406460043,0.49884741054149184,7.110609587209478e-06,7.436753978470178,0.0
RG,65.18285110758826,0.4988470673967308,7.11485171764675e-06,7.436389218959723,0.0
RG,65.27956156917222,0.4988467240474583,7.119097647067438e-06,7.436024350643001,0.0
RG,65.37627203075617,0.498846380493491,7.1233473800013734e-06,7.435659373455037,0.0
RG,65.47298249234014,0.4988460367346461,7.1276009210173544e-06,7.4352942873308,0.0
RG,65.56969295392409,0.4988456927707399,7.131858274653439e-06,7.434929092205201,0.0
RG,65.66640341550806,0.498845348601589,7.136119445459255e-06,7.434563788013087,0.0
RG,65.76311387709201,0.49884500422700934,7.140384438026766e-06,7.434198374689257,0.0
RG,65.85982433867596,0.49884465964681696,7.144653256912426e-06,7.433832852168438,0.0
RG,65.95653480025993,0.4988443148608278,7.148925906686323e-06,7.4334672203853085,0.0
RG,66.05324526184388,0.498843969868857,7.1532023919623026e-06,7.433101479274487,0.0
RG,66.14995572342785,0.4988436246707201,7.157482717316205e-06,7.432735628770533,0.0
RG,66.2466661850118,0.49884327926623195,7.161766887339084e-06,7.43236966880794,0.0
RG,66.34337664659576,0.49884293365520754,7.166054906665614e-06,7.4320035993211535,0.0
RG,66.44008710817972,0.4988425878374615,7.170346779891899e-06,7.431637420244554,0.0
RG,66.53679756976368,0.4988422418128081,7.174642511630633e-06,7.431271131512464,0.0
RG,66.63350803134765,0.4988418955810616,7.178942106535792e-06,7.430904733059147,0.0
RG,66.7302184929316,0.49884154914203593,7.183245569225127e-06,7.430538224818806,0.0
RG,66.82692895451555,0.4988412024955448,7.187552904332939e-06,7.430171606725587,0.0
RG,66.92363941609952,0.49884085564140185,7.191864116532156e-06,7.429804878713576,0.0
RG,67.02034987768347,0.4988405085794201,7.196179210462681e-06,7.4294380407168,0.0
RG,67.11706033926744,0.49884016130941267,7.200498190780788e-06,7.429071092669225,0.0
RG,67.21377080085139,0.49883981383119275,7.204821062177563e-06,7.428704034504759,0.0
RG,67.31048126243535,0.4988394661445724,7.209147829315908e-06,7.428336866157251,0.0
RG,67.40719172401931,0.4988391182493643,7.2134784968741824e-06,7.427969587560487,0.0
RG,67.50390218560327,0.4988387701453806,7.217813069561258e-06,7.427602198648197,0.0
RG,67.60061264718723,0.4988384218324332,7.22215155206354e-06,7.427234699354051,0.0
RG,67.69732310877119,0.4988380733103338,7.226493949081523e-06,7.426867089611654,0.0
RG,67.79403357035514,0.49883772457889386,7.230840265341916e-06,7.426499369354558,0.0
RG,67.89074403193911,0.49883737563792463,7.2351905055548154e-06,7.426131538516251,0.0
RG,67.98745449352306,0.4988370264872372,7.239544674442975e-06,7.425763597030162,0.0
RG,68.08416495510703,0.4988366771266423,7.243902776750919e-06,7.4253955448296605,0.0
RG,68.18087541669098,0.4988363275559506,7.2482648172126835e-06,7.425027381848054,0.0
RG,68.27758587827493,0.4988359777749722,7.252630800573316e-06,7.42465910801859,0.0
RG,68.3742963398589,0.4988356277835174,7.25700073159527e-06,7.424290723274457,0.0
RG,68.47100680144285,0.49883527758139606,7.261374615036795e-06,7.4239222275487835,0.0
RG,68.56771726302682,0.49883492716841793,7.265752455665043e-06,7.4235536207746335,0.0
RG,68.66442772461077,0.4988345765443921,7.270134258260637e-06,7.423184902885015,0.0
RG,68.76113818619473,0.49883422570912817,7.274520027606658e-06,7.422816073812874,0.0
RG,68.8578486477787,0.498833874662435,7.278909768491773e-06,7.422447133491095,0.0
RG,68.95455910936265,0.4988335234041211,7.283303485714956e-06,7.4220780818525,0.0
RG,69.05126957094662,0.4988331719339952,7.2877011840849165e-06,7.421708918829855,0.0
RG,69.14798003253057,0.49883282025186554,7.292102868411046e-06,7.42133964435586,0.0
RG,69.24469049411452,0.49883246835754,7.296508543511285e-06,7.420970258363156,0.0
RG,69.34140095569849,0.49883211625082663,7.300918214220345e-06,7.420600760784324,0.0
RG,69.43811141728244,0.49883176393153283,7.305331885367726e-06,7.420231151551883,0.0
RG,69.53482187886641,0.498831411399466,7.309749561790975e-06,7.41986143059829,0.0
RG,69.63153234045036,0.4988310586544332,7.314171248351072e-06,7.419491597855942,0.0
RG,69.72824280203432,0.49883070569624144,7.318596949897271e-06,7.419121653257173,0.0
RG,69.82495326361828,0.4988303525246973,7.323026671287289e-06,7.418751596734254,0.0
RG,69.92166372520224,0.49882999913960707,7.327460417408076e-06,7.418381428219402,0.0
RG,70.0183741867862,0.4988296455407771,7.331898193128791e-06,7.418011147644762,0.0
RG,70.11508464837016,0.4988292917280133,7.3363400033278914e-06,7.4176407549424255,0.0
RG,70.21179510995411,0.4988289377011212,7.340785852918001e-06,7.417270250044418,0.0
RG,70.30850557153808,0.49882858345990655,7.345235746788303e-06,7.416899632882705,0.0
RG,70.40521603312203,0.49882822900417423,7.349689689838501e-06,7.416528903389187,0.0
RG,70.501926494706,0.4988278743337297,7.354147687006622e-06,7.416158061495709,0.0
RG,70.59863695628995,0.49882751944837733,7.358609743202089e-06,7.415787107134046,0.0
RG,70.6953474178739,0.49882716434792185,7.3630758633463264e-06,7.4154160402359155,0.0
RG,70.79205787945787,0.49882680903216736,7.367546052402237e-06,7.415044860732974,0.0
RG,70.88876834104182,0.49882645350091814,7.372020315299934e-06,7.414673568556812,0.0
RG,70.98547880262579,0.49882609775397785,7.37649865698312e-06,7.414302163638957,0.0
RG,71.08218926420975,0.4988257417911502,7.380981082438793e-06,7.413930645910881,0.0
RG,71.1788997257937,0.4988253856122384,7.385467596618491e-06,7.413559015303984,0.0
RG,71.27561018737767,0.4988250292170455,7.389958204488565e-06,7.413187271749609,0.0
RG,71.37232064896162,0.49882467260537455,7.394452911059331e-06,7.412815415179039,0.0
RG,71.46903111054559,0.49882431577702807,7.398951721304488e-06,7.412443445523487,0.0
RG,71.56574157212954,0.49882395873180835,7.4034546402132195e-06,7.412071362714108,0.0
RG,71.66245203371349,0.4988236014695176,7.407961672819062e-06,7.411699166681992,0.0
RG,71.75916249529746,0.4988232439899577,7.412472824118075e-06,7.411326857358169,0.0
RG,71.85587295688141,0.4988228862929304,7.416988099122684e-06,7.4109544346736005,0.0
RG,71.95258341846538,0.49882252837823704,7.421507502889113e-06,7.410581898559192,0.0
RG,72.04929388004933,0.49882217024567865,7.4260310404363995e-06,7.41020924894578,0.0
RG,72.14600434163329,0.4988218118950564,7.430558716800299e-06,7.409836485764139,0.0
RG,72.24271480321725,0.498821453326171,7.435090537059658e-06,7.409463608944981,0.0
RG,72.3394252648012,0.49882109453882256,7.439626506256755e-06,7.409090618418954,0.0
RG,72.43613572638517,0.49882073553281153,7.444166629450986e-06,7.408717514116644,0.0
RG,72.53284618796913,0.49882037630793785,7.448710911743439e-06,7.408344295968572,0.0
RG,72.62955664955308,0.4988200168640012,7.453259358200179e-06,7.407970963905194,0.0
RG,72.72626711113705,0.4988196572008011,7.457811973904372e-06,7.407597517856905,0.0
RG,72.822977572721,0.4988192973181367,7.462368763979147e-06,7.407223957754035,0.0
RG,72.91968803430497,0.498818937215807,7.466929733514778e-06,7.4068502835268495,0.0
RG,73.01639849588892,0.49881857689361064,7.471494887618148e-06,7.406476495105549,0.0
RG,73.11310895747287,0.49881821635134627,7.4760642314347674e-06,7.406102592420274,0.0
RG,73.20981941905684,0.4988178555888121,7.480637770079091e-06,7.405728575401096,0.0
RG,73.3065298806408,0.49881749460580593,7.485215508682225e-06,7.405354443978027,0.0
RG,73.40324034222476,0.4988171334021258,7.4897974524113805e-06,7.404980198081008,0.0
RG,73.49995080380872,0.498816771977569,7.494383606405955e-06,7.404605837639925,0.0
RG,73.59666126539267,0.4988164103319328,7.498973975821054e-06,7.404231362584589,0.0
RG,73.69337172697664,0.4988160484650143,7.503568565846173e-06,7.4038567728447555,0.0
RG,73.79008218856059,0.4988156863766103,7.508167381645473e-06,7.40348206835011,0.0
RG,73.88679265014456,0.498815324066517,7.512770428398456e-06,7.403107249030274,0.0
RG,73.98350311172851,0.498814961534531,7.517377711316484e-06,7.402732314814807,0.0
RG,74.08021357331246,0.49881459878044804,7.521989235589044e-06,7.402357265633201,0.0
RG,74.17692403489643,0.4988142358040641,7.52660500641993e-06,7.401982101414884,0.0
RG,74.27363449648038,0.49881387260517446,7.531225029042851e-06,7.401606822089217,0.0
RG,74.37034495806435,0.4988135091835745,7.535849308672512e-06,7.4012314275855,0.0
RG,74.4670554196483,0.4988131455390593,7.540477850537178e-06,7.400855917832964,0.0
RG,74.56376588123226,0.49881278167142334,7.545110659892953e-06,7.4004802927607765,0.0
RG,74.66047634281622,0.49881241758046146,7.549747741979988e-06,7.400104552298039,0.0
RG,74.75718680440018,0.4988120532659677,7.5543891020510605e-06,7.399728696373788,0.0
RG,74.85389726598414,0.49881168872773607,7.559034745384948e-06,7.399352724916996,0.0
RG,74.9506077275681,0.4988113239655603,7.563684677247319e-06,7.398976637856566,0.0
RG,75.04731818915205,0.4988109589792339,7.5683389029154655e-06,7.398600435121336,0.0
RG,75.14402865073602,0.4988105937685502,7.572997427691222e-06,7.398224116640086,0.0
RG,75.24073911231997,0.49881022833330196,7.577660256865736e-06,7.397847682341519,0.0
RG,75.33744957390394,0.4988098626732819,7.582327395741239e-06,7.397471132154276,0.0
RG,75.43416003548789,0.49880949678828296,7.586998849642179e-06,7.397094466006938,0.0
RG,75.53087049707185,0.49880913067809673,7.591674623885718e-06,7.396717683828012,0.0
RG,75.62758095865581,0.49880876434251553,7.59635472379885e-06,7.3963407855459415,0.0
RG,75.72429142023977,0.4988083977813309,7.601039154729339e-06,7.3959637710891055,0.0
RG,75.82100188182373,0.4988080309943344,7.60572792202012e-06,7.395586640385814,0.0
RG,75.91771234340769,0.4988076639813171,7.610421031023076e-06,7.395209393364314,0.0
RG,76.01442280499164,0.49880729674206997,7.615118487109568e-06,7.394832029952781,0.0
RG,76.1111332665756,0.49880692927638376,7.619820295648344e-06,7.394454550079329,0.0
RG,76.20784372815956,0.49880656158404874,7.624526462016352e-06,7.394076953672002,0.0
RG,76.30455418974353,0.4988061936648552,7.629236991608649e-06,7.393699240658779,0.0
RG,76.40126465132748,0.4988058255185928,7.633951889819938e-06,7.393321410967572,0.0
RG,76.49797511291143,0.4988054571450515,7.638671162052374e-06,7.392943464526224,0.0
RG,76.5946855744954,0.4988050885440205,7.643394813724878e-06,7.392565401262515,0.0
RG,76.69139603607935,0.4988047197152887,7.648122850258244e-06,7.392187221104154,0.0
RG,76.78810649766332,0.49880435065864537,7.652855277079901e-06,7.391808923978784,0.0
RG,76.88481695924727,0.49880398137387877,7.657592099632915e-06,7.3914305098139845,0.0
RG,76.98152742083123,0.49880361186077743,7.66233332336421e-06,7.391051978537262,0.0
RG,77.0782378824152,0.49880324211912935,7.66707895372656e-06,7.3906733300760585,0.0
RG,77.17494834399915,0.4988028721487222,7.671828996187462e-06,7.390294564357747,0.0
RG,77.27165880558312,0.4988025019493438,7.676583456220111e-06,7.389915681309636,0.0
RG,77.36836926716707,0.4988021315207812,7.681342339302697e-06,7.389536680858963,0.0
RG,77.46507972875102,0.4988017608628214,7.68610565092727e-06,7.3891575629328985,0.0
RG,77.56179019033499,0.4988013899752513,7.690873396593529e-06,7.388778327458549,0.0
RG,77.65850065191894,0.4988010188578573,7.695645581805093e-06,7.388398974362947,0.0
RG,77.75521111350291,0.49880064751042574,7.70042221207878e-06,7.3880195035730605,0.0
RG,77.85192157508686,0.4988002759327424,7.705203292941004e-06,7.387639915015789,0.0
RG,77.94863203667083,0.49879990412459296,7.709988829920777e-06,7.387260208617963,0.0
RG,78.04534249825478,0.498799532085763,7.714778828560013e-06,7.386880384306348,0.0
RG,78.14205295983874,0.49879915981603756,7.719573294411958e-06,7.386500442007637,0.0
RG,78.2387634214227,0.4987987873152016,7.724372233031027e-06,7.386120381648454,0.0
RG,78.33547388300666,0.4987984145830397,7.729175649984502e-06,7.385740203155359,0.0
RG,78.43218434459062,0.4987980416193362,7.733983550852594e-06,7.385359906454844,0.0
RG,78.52889480617458,0.49879766842387524,7.738795941215251e-06,7.384979491473324,0.0
RG,78.62560526775853,0.49879729499644065,7.74361282666527e-06,7.384598958137153,0.0
RG,78.7223157293425,0.49879692133681586,7.748434212809879e-06,7.384218306372614,0.0
RG,78.81902619092645,0.49879654744478424,7.75326010525473e-06,7.383837536105923,0.0
RG,78.91573665251042,0.4987961733201288,7.758090509618491e-06,7.3834566472632215,0.0
RG,79.01244711409437,0.49879579896263226,7.762925431535277e-06,7.3830756397705875,0.0
RG,79.10915757567832,0.498795424372077,7.767764876636742e-06,7.382694513554028,0.0
RG,79.20586803726229,0.49879504954824544,7.772608850567657e-06,7.382313268539476,0.0
RG,79.30257849884624,0.4987946744909193,7.777457358988915e-06,7.381931904652807,0.0
RG,79.39928896043021,0.49879429919988033,7.782310407558499e-06,7.381550421819814,0.0
RG,79.49599942201417,0.4987939236749098,7.787168001947478e-06,7.381168819966225,0.0
RG,79.59270988359812,0.4987935479157891,7.792030147843485e-06,7.380787099017705,0.0
RG,79.68942034518209,0.49879317192229866,7.796896850931124e-06,7.380405258899841,0.0
RG,79.78613080676604,0.4987927956942194,7.801768116907919e-06,7.380023299538152,0.0
RG,79.88284126835,0.4987924192313314,7.806643951488285e-06,7.3796412208580895,0.0
RG,79.97955172993396,0.49879204253341475,7.811524360383637e-06,7.379259022785032,0.0
RG,80.07626219151791,0.4987916656002491,7.816409349318154e-06,7.378876705244293,0.0
RG,80.17297265310188,0.498791288431614,7.821298924033196e-06,7.378494268161108,0.0
RG,80.26968311468583,0.4987909110272885,7.826193090267116e-06,7.37811171146065,0.0
RG,80.3663935762698,0.4987905333870519,7.831091853770819e-06,7.3777290350680165,0.0
RG,80.46310403785375,0.4987901555106824,7.83599522031286e-06,7.377346238908238,0.0
RG,80.5598144994377,0.4987897773979585,7.840903195658485e-06,7.3769633229062705,0.0
RG,80.65652496102167,0.4987893990486583,7.845815785585772e-06,7.376580286987005,0.0
RG,80.75323542260563,0.49878902046255963,7.850732995890565e-06,7.376197131075258,0.0
RG,80.8499458841896,0.49878864163943987,7.855654832365065e-06,7.3758138550957755,0.0
RG,80.94665634577355,0.4987882625790765,7.860581300814666e-06,7.375430458973231,0.0
RG,81.0433668073575,0.49878788328124624,7.865512407062656e-06,7.375046942632233,0.0
RG,81.14007726894147,0.4987875037457259,7.870448156928383e-06,7.374663305997313,0.0
RG,81.23678773052542,0.4987871239722919,7.875388556244807e-06,7.374279548992934,0.0
RG,81.33349819210939,0.49878674396072026,7.880333610862521e-06,7.373895671543487,0.0
RG,81.43020865369334,0.498786363710787,7.885283326628438e-06,7.373511673573293,0.0
RG,81.5269191152773,0.4987859832222675,7.890237709403296e-06,7.373127555006599,0.0
RG,81.62362957686126,0.49878560249493714,7.89519676506476e-06,7.372743315767584,0.0
RG,81.72034003844522,0.49878522152857097,7.900160499487755e-06,7.372358955780352,0.0
RG,81.81705050002918,0.4987848403229435,7.90512891856103e-06,7.3719744749689395,0.0
RG,81.91376096161314,0.49878445887782924,7.910102028189337e-06,7.371589873257307,0.0
RG,82.01047142319709,0.4987840771930025,7.915079834275719e-06,7.3712051505693434,0.0
RG,82.10718188478106,0.498783695268237,7.920062342737267e-06,7.370820306828871,0.0
RG,82.20389234636501,0.4987833131033063,7.925049559505904e-06,7.370435341959634,0.0
RG,82.30060280794898,0.49878293069798374,7.930041490512994e-06,7.370050255885305,0.0
RG,82.39731326953293,0.4987825480520423,7.935038141703942e-06,7.36966504852949,0.0
RG,82.49402373111688,0.49878216516525475,7.940039519038216e-06,7.369279719815716,0.0
RG,82.59073419270085,0.49878178203739343,7.945045628475442e-06,7.368894269667442,0.0
RG,82.6874446542848,0.4987813986682306,7.95005647598963e-06,7.3685086980080525,0.0
RG,82.78415511586877,0.498781015057538,7.95507206756808e-06,7.368123004760861,0.0
RG,82.88086557745272,0.4987806312050874,7.960092409198593e-06,7.367737189849106,0.0
RG,82.97757603903668,0.49878024711064983,7.965117506884105e-06,7.367351253195955,0.0
RG,83.07428650062064,0.49877986277399644,7.970147366639853e-06,7.366965194724502,0.0
RG,83.1709969622046,0.498779478194898,7.97518199448201e-06,7.366579014357768,0.0
RG,83.26770742378856,0.4987790933731248,7.980221396442717e-06,7.3661927120187025,0.0
RG,83.36441788537252,0.49877870830844695,7.985265578564834e-06,7.36580628763018,0.0
RG,83.46112834695647,0.4987783230006343,7.99031454689346e-06,7.365419741115002,0.0
RG,83.55783880854044,0.4987779374494565,7.995368307490248e-06,7.365033072395899,0.0
RG,83.65454927012439,0.49877755165468274,8.00042686642547e-06,7.364646281395524,0.0
RG,83.75125973170836,0.498777165616082,8.005490229773512e-06,7.36425936803646,0.0
RG,83.84797019329231,0.4987767793334228,8.010558403625725e-06,7.363872332241214,0.0
RG,83.94468065487627,0.49877639280647385,8.015631394079922e-06,7.363485173932223,0.0
RG,84.04139111646023,0.4987760060350029,8.020709207239932e-06,7.363097893031846,0.0
RG,84.13810157804419,0.49877561901877787,8.025791849226785e-06,7.362710489462368,0.0
RG,84.23481203962815,0.4987752317575663,8.030879326166508e-06,7.362322963146007,0.0
RG,84.3315225012121,0.4987748442511352,8.035971644191929e-06,7.361935314004898,0.0
RG,84.42823296279606,0.4987744564992518,8.041068809454147e-06,7.361547541961108,0.0
RG,84.52494342438003,0.49877406850168243,8.046170828107945e-06,7.361159646936625,0.0
RG,84.62165388596398,0.4987736802581936,8.051277706314836e-06,7.360771628853367,0.0
RG,84.71836434754795,0.4987732917685511,8.056389450256495e-06,7.360383487633176,0.0
RG,84.8150748091319,0.49877290303252086,8.061506066116126e-06,7.359995223197818,0.0
RG,84.91178527071585,0.4987725140498683,8.066627560084438e-06,7.359606835468987,0.0
RG,85.00849573229982,0.4987721248203583,8.071753938374125e-06,7.3592183243683,0.0
RG,85.10520619388377,0.4987717353437559,8.076885207196388e-06,7.358829689817299,0.0
RG,85.20191665546774,0.49877134561982567,8.082021372771767e-06,7.358440931737455,0.0
RG,85.2986271170517,0.49877095564833174,8.08716244134393e-06,7.358052050050162,0.0
RG,85.39533757863565,0.4987705654290379,8.092308419152308e-06,7.357663044676733,0.0
RG,85.49204804021961,0.4987701749617081,8.097459312447359e-06,7.357273915538414,0.0
RG,85.58875850180357,0.49876978424610546,8.102615127503797e-06,7.356884662556375,0.0
RG,85.68546896338754,0.49876939328199293,8.10777587059005e-06,7.356495285651706,0.0
RG,85.78217942497149,0.49876900206913355,8.112941547986046e-06,7.356105784745422,0.0
RG,85.87888988655544,0.4987686106072894,8.118112165997835e-06,7.355716159758468,0.0
RG,85.97560034813941,0.49876821889622264,8.123287730923189e-06,7.355326410611708,0.0
RG,86.07231080972336,0.49876782693569544,8.128468249071376e-06,7.354936537225931,0.0
RG,86.16902127130733,0.4987674347254688,8.13365372678041e-06,7.354546539521852,0.0
RG,86.26573173289128,0.4987670422653043,8.138844170377107e-06,7.354156417420109,0.0
RG,86.36244219447524,0.49876664955496264,8.144039586200603e-06,7.353766170841263,0.0
RG,86.4591526560592,0.49876625659420465,8.14923998062093e-06,7.353375799705801,0.0
RG,86.55586311764316,0.49876586338279033,8.154445359993965e-06,7.352985303934133,0.0
RG,86.65257357922712,0.49876546992048,8.159655730689002e-06,7.352594683446591,0.0
RG,86.74928404081108,0.4987650762070329,8.164871099108384e-06,7.3522039381634325,0.0
RG,86.84599450239503,0.4987646822422088,8.170091471637151e-06,7.351813068004837,0.0
RG,86.942704963979,0.49876428802576667,8.175316854674851e-06,7.351422072890909,0.0
RG,87.03941542556295,0.4987638935574651,8.180547254656338e-06,7.351030952741675,0.0
RG,87.13612588714692,0.49876349883706267,8.185782677996163e-06,7.350639707477085,0.0
RG,87.23283634873087,0.49876310386431755,8.191023131124196e-06,7.350248337017011,0.0
RG,87.32954681031482,0.49876270863898753,8.196268620507781e-06,7.349856841281253,0.0
RG,87.42625727189879,0.49876231316083003,8.2015191525914e-06,7.349465220189525,0.0
RG,87.52296773348274,0.49876191742960235,8.206774733835313e-06,7.349073473661471,0.0
RG,87.61967819506671,0.49876152144506153,8.212035370739644e-06,7.348681601616655,0.0
RG,87.71638865665066,0.49876112520696386,8.2173010697788e-06,7.3482896039745675,0.0
RG,87.81309911823462,0.49876072871506577,8.222571837443944e-06,7.347897480654612,0.0
RG,87.90980957981859,0.49876033196912334,8.227847680267738e-06,7.347505231576123,0.0
RG,88.00652004140254,0.4987599349688919,8.233128604754928e-06,7.347112856658355,0.0
RG,88.1032305029865,0.49875953771412723,8.238414617427539e-06,7.346720355820483,0.0
RG,88.19994096457046,0.4987591402045839,8.243705724851391e-06,7.346327728981607,0.0
RG,88.29665142615441,0.4987587424400169,8.249001933561454e-06,7.3459349760607475,0.0
RG,88.39336188773838,0.4987583444201805,8.254303250111143e-06,7.345542096976844,0.0
RG,88.49007234932233,0.4987579461448289,8.259609681098826e-06,7.345149091648763,0.0
RG,88.5867828109063,0.4987575476137157,8.26492123309059e-06,7.344755959995288,0.0
RG,88.68349327249025,0.4987571488265945,8.27023791267109e-06,7.344362701935128,0.0
RG,88.7802037340742,0.4987567497832182,8.275559726471628e-06,7.343969317386912,0.0
RG,88.87691419565817,0.4987563504833398,8.280886681089468e-06,7.34357580626919,0.0
RG,88.97362465724213,0.49875595092671177,8.28621878314111e-06,7.343182168500428,0.0
RG,89.0703351188261,0.4987555511130862,8.291556039290059e-06,7.342788403999026,0.0
RG,89.16704558041005,0.4987551510422151,8.296898456165617e-06,7.342394512683294,0.0
RG,89.263756041994,0.4987547507138498,8.302246040416285e-06,7.342000494471465,0.0
RG,89.36046650357797,0.4987543501277416,8.307598798737696e-06,7.3416063492816965,0.0
RG,89.45717696516192,0.4987539492836414,8.312956737791514e-06,7.341212077032066,0.0
RG,89.55388742674589,0.49875354818129986,8.318319864258655e-06,7.340817677640565,0.0
RG,89.65059788832984,0.49875314682046706,8.323688184866604e-06,7.340423151025117,0.0
RG,89.7473083499138,0.498752745200893,8.329061706309905e-06,7.340028497103557,0.0
RG,89.84401881149776,0.4987523433223274,8.334440435302268e-06,7.33963371579364,0.0
RG,89.94072927308171,0.4987519411845192,8.339824378602538e-06,7.339238807013051,0.0
RG,90.03743973466568,0.4987515387872178,8.345213542938797e-06,7.338843770679382,0.0
RG,90.13415019624964,0.49875113613017136,8.350607935057941e-06,7.338448606710155,0.0
RG,90.23086065783359,0.4987507332131287,8.356007561749815e-06,7.338053315022807,0.0
RG,90.32757111941756,0.4987503300358374,8.361412429776535e-06,7.337657895534699,0.0
RG,90.42428158100151,0.49874992659804523,8.366822545918638e-06,7.337262348163105,0.0
RG,90.52099204258548,0.49874952289949975,8.372237916996588e-06,7.336866672825226,0.0
RG,90.61770250416943,0.49874911893994756,8.377658549806992e-06,7.336470869438177,0.0
RG,90.71441296575338,0.49874871471913557,8.383084451164687e-06,7.336074937918995,0.0
RG,90.81112342733735,0.49874831023681004,8.388515627919997e-06,7.335678878184636,0.0
RG,90.9078338889213,0.49874790549271725,8.393952086904715e-06,7.335282690151975,0.0
RG,91.00454435050527,0.49874750048660255,8.399393834968481e-06,7.334886373737805,0.0
RG,91.10125481208922,0.49874709521821137,8.40484087899115e-06,7.334489928858843,0.0
RG,91.19796527367318,0.4987466896872888,8.410293225840089e-06,7.334093355431717,0.0
RG,91.29467573525714,0.49874628389357967,8.415750882400244e-06,7.3336966533729795,0.0
RG,91.3913861968411,0.498745877836828,8.421213855580688e-06,7.333299822599099,0.0
RG,91.48809665842506,0.4987454715167782,8.4266821522846e-06,7.332902863026465,0.0
RG,91.58480712000902,0.49874506493317367,8.43215577943265e-06,7.332505774571382,0.0
RG,91.68151758159297,0.4987446580857581,8.437634743963757e-06,7.332108557150078,0.0
RG,91.77822804317694,0.49874425097427433,8.443119052816264e-06,7.3317112106786935,0.0
RG,91.87493850476089,0.49874384359846485,8.448608712947008e-06,7.331313735073291,0.0
RG,91.97164896634486,0.4987434359580724,8.454103731325591e-06,7.3309161302498485,0.0
RG,92.06835942792881,0.49874302805283893,8.459604114924726e-06,7.3305183961242655,0.0
RG,92.16506988951278,0.49874261988250607,8.46510987073848e-06,7.330120532612355,0.0
RG,92.26178035109673,0.4987422114468152,8.470621005766596e-06,7.32972253962985,0.0
RG,92.35849081268069,0.49874180274550717,8.476137527016732e-06,7.329324417092402,0.0
RG,92.45520127426465,0.498741393778323,8.481659441520167e-06,7.328926164915579,0.0
RG,92.5519117358486,0.4987409845450027,8.48718675630789e-06,7.328527783014866,0.0
RG,92.64862219743257,0.4987405750452866,8.492719478421488e-06,7.328129271305664,0.0
RG,92.74533265901653,0.4987401652789142,8.498257614930021e-06,7.327730629703296,0.0
RG,92.84204312060048,0.4987397552456248,8.50380117289663e-06,7.327331858122995,0.0
RG,92.93875358218445,0.49873934494515754,8.509350159396115e-06,7.326932956479917,0.0
RG,93.0354640437684,0.49873893437725086,8.514904581536104e-06,7.326533924689134,0.0
RG,93.13217450535237,0.4987385235416435,8.520464446411507e-06,7.326134762665631,0.0
RG,93.22888496693632,0.49873811243807264,8.526029761131127e-06,7.325735470324314,0.0
RG,93.32559542852027,0.4987377010662768,8.531600532841024e-06,7.3253360475800005,0.0
RG,93.42230589010424,0.49873728942599266,8.537176768668247e-06,7.3249364943474315,0.0
RG,93.5190163516882,0.49873687751695744,8.542758475755922e-06,7.3245368105412565,0.0
RG,93.61572681327216,0.49873646533890764,8.548345661288204e-06,7.32413699607605,0.0
RG,93.71243727485611,0.4987360528915795,8.553938332425121e-06,7.323737050866294,0.0
RG,93.80914773644007,0.49873564017470906,8.559536496344072e-06,7.323336974826388,0.0
RG,93.90585819802403,0.49873522718803165,8.565140160267383e-06,7.3229367678706545,0.0
RG,94.00256865960799,0.49873481393128266,8.570749331388413e-06,7.322536429913325,0.0
RG,94.09927912119196,0.49873440040419703,8.576364016919408e-06,7.322135960868546,0.0
RG,94.19598958277591,0.49873398660650897,8.581984224120162e-06,7.321735360650385,0.0
RG,94.29270004435986,0.498733572537953,8.587609960218191e-06,7.321334629172819,0.0
RG,94.38941050594383,0.4987331581982628,8.593241232461226e-06,7.3209337663497465,0.0
RG,94.48612096752778,0.4987327435871718,8.598878048145508e-06,7.3205327720949755,0.0
RG,94.58283142911175,0.49873232870441325,8.604520414533901e-06,7.320131646322233,0.0
RG,94.6795418906957,0.4987319135497198,8.61016833891014e-06,7.319730388945157,0.0
RG,94.77625235227966,0.49873149812282386,8.615821828605643e-06,7.319328999877307,0.0
RG,94.87296281386362,0.49873108242345765,8.621480890919987e-06,7.318927479032149,0.0
RG,94.96967327544758,0.4987306664513529,8.62714553317336e-06,7.318525826323069,0.0
RG,95.06638373703154,0.49873025020624084,8.63281576273153e-06,7.318124041663367,0.0
RG,95.1630941986155,0.4987298336878525,8.63849158693157e-06,7.317722124966256,0.0
RG,95.25980466019945,0.49872941689591865,8.644173013130993e-06,7.317320076144864,0.0
RG,95.35651512178342,0.49872899983016955,8.649860048728781e-06,7.316917895112235,0.0
RG,95.45322558336737,0.4987285824903352,8.655552701100388e-06,7.316515581781323,0.0
RG,95.54993604495134,0.4987281648761452,8.661250977641693e-06,7.316113136064998,0.0
RG,95.64664650653529,0.4987277469873286,8.666954885783408e-06,7.315710557876047,0.0
RG,95.74335696811924,0.4987273288236144,8.672664432940482e-06,7.315307847127165,0.0
RG,95.84006742970321,0.49872691038473127,8.678379626547998e-06,7.3149050037309635,0.0
RG,95.93677789128716,0.4987264916704074,8.684100474067529e-06,7.31450202759997,0.0
RG,96.03348835287113,0.4987260726803703,8.68982698295406e-06,7.314098918646622,0.0
RG,96.13019881445508,0.49872565341434766,8.695559160682294e-06,7.3136956767832695,0.0
RG,96.22690927603904,0.49872523387206646,8.70129701474543e-06,7.313292301922179,0.0
RG,96.323619737623,0.4987248140532537,8.707040552637313e-06,7.312888793975527,0.0
RG,96.42033019920696,0.4987243939576354,8.712789781873383e-06,7.312485152855405,0.0
RG,96.51704066079093,0.49872397358493775,8.71854470997922e-06,7.3120813784738194,0.0
RG,96.61375112237488,0.4987235529348865,8.724305344486493e-06,7.311677470742682,0.0
RG,96.71046158395883,0.49872313200720675,8.730071692952398e-06,7.311273429573824,0.0
RG,96.8071720455428,0.4987227108016235,8.735843762935042e-06,7.310869254878989,0.0
RG,96.90388250712675,0.49872228931786133,8.741621562003754e-06,7.310464946569827,0.0
RG,97.00059296871072,0.4987218675556444,8.747405097757508e-06,7.310060504557906,0.0
RG,97.09730343029467,0.49872144551469677,8.753194377788864e-06,7.309655928754704,0.0
RG,97.19401389187863,0.4987210231947415,8.7589894097031e-06,7.309251219071612,0.0
RG,97.2907243534626,0.498720600595502,8.764790201142114e-06,7.3088463754199315,0.0
RG,97.38743481504655,0.4987201777167009,8.770596759732595e-06,7.308441397710877,0.0
RG,97.48414527663051,0.4987197545580606,8.776409093116716e-06,7.308036285855572,0.0
RG,97.58085573821447,0.49871933111930306,8.78222720897877e-06,7.307631039765057,0.0
RG,97.67756619979842,0.49871890740014996,8.788051114980212e-06,7.307225659350278,0.0
RG,97.77427666138239,0.49871848340032254,8.793880818800659e-06,7.306820144522095,0.0
RG,97.87098712296634,0.49871805911954165,8.79971632816601e-06,7.306414495191281,0.0
RG,97.96769758455031,0.4987176345575279,8.805557650773726e-06,7.306008711268518,0.0
RG,98.06440804613426,0.49871720971400135,8.811404794341231e-06,7.305602792664396,0.0
RG,98.16111850771821,0.49871678458868196,8.817257766634896e-06,7.305196739289422,0.0
RG,98.25782896930218,0.4987163591812889,8.823116575389495e-06,7.304790551054011,0.0
RG,98.35453943088613,0.49871593349154136,8.828981228361117e-06,7.304384227868485,0.0
RG,98.4512498924701,0.49871550751915794,8.834851733354836e-06,7.303977769643083,0.0
RG,98.54796035405406,0.49871508126385705,8.840728098144374e-06,7.303571176287951,0.0
RG,98.64467081563801,0.49871465472535637,8.84661033052536e-06,7.303164447713143,0.0
RG,98.74138127722198,0.4987142279033737,8.852498438339799e-06,7.302757583828628,0.0
RG,98.83809173880593,0.498713800797626,8.858392429401904e-06,7.30235058454428,0.0
RG,98.9348022003899,0.49871337340783023,8.864292311548144e-06,7.301943449769888,0.0
RG,99.03151266197385,0.4987129457337026,8.87019809265489e-06,7.301536179415148,0.0
RG,99.1282231235578,0.49871251777495934,8.876109780578755e-06,7.301128773389665,0.0
RG,99.22493358514177,0.4987120895313159,8.882027383197947e-06,7.300721231602952,0.0
RG,99.32164404672572,0.4987116610024878,8.887950908422255e-06,7.300313553964439,0.0
RG,99.41835450830969,0.49871123218818975,8.89388036415097e-06,7.299905740383455,0.0
RG,99.51506496989364,0.49871080308813626,8.89981575830539e-06,7.299497790769246,0.0
RG,99.6117754314776,0.49871037370204163,8.905757098827802e-06,7.299089705030964,0.0
RG,99.70848589306156,0.4987099440296194,8.91170439366028e-06,7.29868148307767,0.0
RG,99.80519635464552,0.49870951407058306,8.917657650768176e-06,7.298273124818333,0.0
RG,99.90190681622948,0.4987090838246456,8.923616878127207e-06,7.297864630161832,0.0
RG,99.99861727781344,0.4987086532915195,8.929582083720785e-06,7.297455999016955,0.0
RG,100.09532773939739,0.49870822247091723,8.935553275558853e-06,7.297047231292397,0.0
RG,100.19203820098136,0.49870779136255045,8.941530461652868e-06,7.296638326896762,0.0
RG,100.28874866256531,0.49870735996613064,8.947513650025038e-06,7.296229285738562,0.0
RG,100.38545912414928,0.49870692828136876,8.953502848731755e-06,7.295820107726217,0.0
RG,100.48216958573323,0.4987064963079757,8.959498065819853e-06,7.295410792768058,0.0
RG,100.57888004731718,0.49870606404566153,8.96549930935109e-06,7.295001340772316,0.0
RG,100.67559050890115,0.49870563149413627,8.971506587427542e-06,7.294591751647139,0.0
RG,100.7723009704851,0.4987051986531095,8.977519908132927e-06,7.294182025300575,0.0
RG,100.86901143206907,0.4987047655222902,8.983539279568201e-06,7.293772161640584,0.0
RG,100.96572189365303,0.4987043321013872,8.98956470988113e-06,7.293362160575032,0.0
RG,101.06243235523698,0.49870389839010865,8.995596207192768e-06,7.292952022011693,0.0
RG,101.15914281682095,0.4987034643881628,9.00163377964446e-06,7.292541745858243,0.0
RG,101.2558532784049,0.4987030300952571,9.007677435427748e-06,7.292131332022276,0.0
RG,101.35256373998887,0.4987025955110986,9.013727182702932e-06,7.291720780411281,0.0
RG,101.44927420157282,0.4987021606353942,9.019783029652828e-06,7.29131009093266,0.0
RG,101.54598466315677,0.4987017254678502,9.025844984509935e-06,7.29089926349372,0.0
RG,101.64269512474074,0.49870129000817265,9.03191305547639e-06,7.290488298001676,0.0
RG,101.7394055863247,0.4987008542560671,9.037987250777582e-06,7.290077194363646,0.0
RG,101.83611604790866,0.49870041821123867,9.044067578684136e-06,7.289665952486658,0.0
RG,101.93282650949261,0.4986999818733924,9.050154047442169e-06,7.289254572277644,0.0
RG,102.02953697107657,0.49869954524223237,9.056246665321125e-06,7.288843053643441,0.0
RG,102.12624743266053,0.49869910831746284,9.062345440627357e-06,7.288431396490793,0.0
RG,102.22295789424449,0.4986986710987873,9.068450381652383e-06,7.288019600726351,0.0
RG,102.31966835582845,0.49869823358590903,9.074561496711295e-06,7.28760766625667,0.0
RG,102.41637881741241,0.4986977957785307,9.080678794144221e-06,7.28719559298821,0.0
RG,102.51308927899636,0.49869735767635476,9.086802282288964e-06,7.286783380827337,0.0
RG,102.60979974058033,0.49869691927908333,9.092931969506861e-06,7.286371029680323,0.0
RG,102.70651020216428,0.4986964805864179,9.099067864173578e-06,7.285958539453343,0.0
RG,102.80322066374825,0.4986960415980597,9.105209974670458e-06,7.28554591005248,0.0
RG,102.8999311253322,0.49869560231370946,9.111358309407111e-06,7.285133141383719,0.0
RG,102.99664158691616,0.4986951627330676,9.11751287679542e-06,7.284720233352948,0.0
RG,103.09335204850012,0.49869472285583416,9.123673685259043e-06,7.284307185865966,0.0
RG,103.19006251008408,0.4986942826817088,9.129840743256664e-06,7.283893998828471,0.0
RG,103.28677297166804,0.4986938422103905,9.136014059237937e-06,7.283480672146067,0.0
RG,103.383483433252,0.49869340144157825,9.14219364166756e-06,7.28306720572426,0.0
RG,103.48019389483595,0.4986929603749702,9.14837949905375e-06,7.282653599468465,0.0
RG,103.57690435641992,0.49869251901026435,9.154571639884482e-06,7.282239853283996,0.0
RG,103.67361481800387,0.49869207734715826,9.160770072666653e-06,7.281825967076071,0.0
RG,103.77032527958784,0.4986916353853491,9.166974805956023e-06,7.281411940749818,0.0
RG,103.86703574117179,0.49869119312453364,9.173185848280796e-06,7.2809977742102605,0.0
RG,103.96374620275574,0.4986907505644081,9.179403208190956e-06,7.2805834673623275,0.0
RG,104.06045666433971,0.4986903077046683,9.185626894287736e-06,7.280169020110855,0.0
RG,104.15716712592366,0.49868986454500996,9.191856915141749e-06,7.279754432360577,0.0
RG,104.25387758750763,0.49868942108512804,9.198093279347512e-06,7.279339704016134,0.0
RG,104.35058804909158,0.4986889773247172,9.204335995547865e-06,7.278924834982069,0.0
RG,104.44729851067554,0.49868853326347157,9.21058507235893e-06,7.278509825162825,0.0
RG,104.5440089722595,0.49868808890108524,9.216840518421513e-06,7.278094674462749,0.0
RG,104.64071943384346,0.4986876442372515,9.223102342416437e-06,7.2776793827860935,0.0
RG,104.73742989542743,0.4986871992716634,9.229370553007626e-06,7.277263950037009,0.0
RG,104.83414035701138,0.4986867540040133,9.2356451588841e-06,7.276848376119551,0.0
RG,104.93085081859533,0.49868630843399353,9.241926168762028e-06,7.276432660937673,0.0
RG,105.0275612801793,0.49868586256129604,9.248213591354327e-06,7.276016804395238,0.0
RG,105.12427174176325,0.4986854163856118,9.254507435398982e-06,7.275600806396002,0.0
RG,105.22098220334722,0.498684969906632,9.260807709649196e-06,7.275184666843629,0.0
RG,105.31769266493117,0.498684523124047,9.267114422863889e-06,7.27476838564168,0.0
RG,105.41440312651513,0.49868407603754683,9.273427583832396e-06,7.274351962693622,0.0
RG,105.5111135880991,0.49868362864682114,9.27974720134547e-06,7.27393539790282,0.0
RG,105.60782404968305,0.49868318095155917,9.286073284206956e-06,7.273518691172539,0.0
RG,105.70453451126701,0.49868273295144994,9.292405841257858e-06,7.273101842405951,0.0
RG,105.80124497285097,0.4986822846461814,9.298744881328991e-06,7.27268485150612,0.0
RG,105.89795543443492,0.4986818360354419,9.305090413267307e-06,7.272267718376018,0.0
RG,105.99466589601889,0.4986813871189187,9.31144244596585e-06,7.271850442918513,0.0
RG,106.09137635760284,0.498680937896299,9.317800988295938e-06,7.271433025036379,0.0
RG,106.18808681918681,0.49868048836726947,9.324166049149185e-06,7.271015464632284,0.0
RG,106.28479728077076,0.4986800385315164,9.330537637468495e-06,7.2705977616088004,0.0
RG,106.38150774235473,0.49867958838872534,9.336915762167921e-06,7.270179915868397,0.0
RG,106.47821820393868,0.498679137938582,9.343300432185228e-06,7.269761927313445,0.0
RG,106.57492866552263,0.4986786871807712,9.349691656509135e-06,7.269343795846215,0.0
RG,106.6716391271066,0.4986782361149774,9.35608944409991e-06,7.268925521368879,0.0
RG,106.76834958869055,0.49867778474088476,9.362493803943168e-06,7.268507103783503,0.0
RG,106.86506005027452,0.4986773330581771,9.368904745069239e-06,7.268088542992057,0.0
RG,106.96177051185848,0.49867688106653724,9.37532227648753e-06,7.267669838896412,0.0
RG,107.05848097344243,0.4986764287656484,9.381746407234008e-06,7.267250991398331,0.0
RG,107.1551914350264,0.4986759761551928,9.388177146376138e-06,7.266832000399481,0.0
RG,107.25190189661035,0.4986755232348521,9.394614502975115e-06,7.2664128658014295,0.0
RG,107.34861235819432,0.4986750700043081,9.40105848611816e-06,7.265993587505636,0.0
RG,107.44532281977827,0.4986746164632416,9.407509104910703e-06,7.265574165413465,0.0
RG,107.54203328136222,0.49867416261133357,9.41396636846306e-06,7.265154599426175,0.0
RG,107.63874374294619,0.498673708448264,9.420430285916279e-06,7.264734889444926,0.0
RG,107.73545420453014,0.4986732539737124,9.426900866414775e-06,7.264315035370773,0.0
RG,107.83216466611411,0.4986727991873583,9.433378119116044e-06,7.26389503710467,0.0
RG,107.92887512769806,0.49867234408888056,9.439862053215599e-06,7.263474894547473,0.0
RG,108.02558558928202,0.49867188867795753,9.446352677899533e-06,7.263054607599928,0.0
RG,108.12229605086598,0.4986714329542672,9.452850002370505e-06,7.262634176162682,0.0
RG,108.21900651244994,0.498670976917487,9.459354035878878e-06,7.262213600136283,0.0
RG,108.3157169740339,0.49867052056729416,9.465864787653e-06,7.261792879421173,0.0
RG,108.41242743561786,0.49867006390336516,9.472382266942576e-06,7.261372013917685,0.0
RG,108.50913789720181,0.4986696069253763,9.478906483049769e-06,7.2609510035260625,0.0
RG,108.60584835878578,0.4986691496330035,9.4854374452481e-06,7.260529848146436,0.0
RG,108.70255882036973,0.49866869202592173,9.491975162836058e-06,7.260108547678831,0.0
RG,108.7992692819537,0.498668234103806,9.498519645162733e-06,7.259687102023178,0.0
RG,108.89597974353765,0.4986677758663307,9.505070901550813e-06,7.259265511079299,0.0
RG,108.9926902051216,0.4986673173131698,9.511628941349834e-06,7.258843774746913,0.0
RG,109.08940066670557,0.4986668584439969,9.518193773950544e-06,7.258421892925631,0.0
RG,109.18611112828953,0.4986663992584849,9.524765408728215e-06,7.257999865514967,0.0
RG,109.28282158987349,0.4986659397563063,9.531343855085883e-06,7.257577692414326,0.0
RG,109.37953205145745,0.49866547993713367,9.537929122452256e-06,7.257155373523012,0.0
RG,109.4762425130414,0.4986650198006384,9.54452122025664e-06,7.256732908740219,0.0
RG,109.57295297462537,0.49866455934649156,9.551120157956527e-06,7.256310297965043,0.0
RG,109.66966343620932,0.4986640985743644,9.55772594502136e-06,7.255887541096471,0.0
RG,109.76637389779329,0.4986636374839269,9.56433859092989e-06,7.255464638033387,0.0
RG,109.86308435937724,0.4986631760748491,9.570958105196998e-06,7.25504158867457,0.0
RG,109.95979482096119,0.4986627143468003,9.577584497333919e-06,7.254618392918689,0.0
RG,110.05650528254516,0.4986622522994497,9.584217776867596e-06,7.254195050664316,0.0
RG,110.15321574412911,0.4986617899324656,9.590857953370279e-06,7.253771561809912,0.0
RG,110.24992620571308,0.49866132724551626,9.59750503639697e-06,7.2533479262538325,0.0
RG,110.34663666729703,0.49866086423826894,9.604159035522884e-06,7.252924143894328,0.0
RG,110.44334712888099,0.498660400910391,9.610819960375857e-06,7.252500214629544,0.0
RG,110.54005759046495,0.4986599372615491,9.617487820556705e-06,7.252076138357521,0.0
RG,110.63676805204891,0.49865947329140925,9.624162625691374e-06,7.251651914976186,0.0
RG,110.73347851363287,0.49865900899963755,9.630844385457789e-06,7.2512275443833705,0.0
RG,110.83018897521683,0.49865854438589874,9.637533109507242e-06,7.250803026476792,0.0
RG,110.92689943680078,0.49865807944985824,9.644228807518467e-06,7.2503783611540635,0.0
RG,111.02360989838475,0.49865761419118,9.650931489213829e-06,7.24995354831269,0.0
RG,111.1203203599687,0.498657148609528,9.657641164298828e-06,7.249528587850071,0.0
RG,111.21703082155267,0.49865668270456565,9.664357842508081e-06,7.249103479663498,0.0
RG,111.31374128313662,0.49865621647595604,9.67108153360342e-06,7.248678223650156,0.0
RG,111.41045174472058,0.49865574992336137,9.677812247346887e-06,7.248252819707124,0.0
RG,111.50716220630454,0.4986552830464438,9.68454999352983e-06,7.247827267731368,0.0
RG,111.6038726678885,0.4986548158448649,9.691294781956299e-06,7.247401567619752,0.0
RG,111.70058312947246,0.49865434831828576,9.698046622439918e-06,7.246975719269028,0.0
RG,111.79729359105642,0.49865388046636666,9.704805524832315e-06,7.246549722575845,0.0
RG,111.89400405264037,0.4986534122887682,9.711571498980739e-06,7.246123577436739,0.0
RG,111.99071451422434,0.49865294378514957,9.718344554749031e-06,7.245697283748139,0.0
RG,112.08742497580829,0.49865247495517023,9.725124702048822e-06,7.2452708414063665,0.0
RG,112.18413543739226,0.4986520057984888,9.731911950772892e-06,7.244844250307634,0.0
RG,112.28084589897621,0.4986515363147635,9.738706310835635e-06,7.244417510348044,0.0
RG,112.37755636056016,0.4986510665036521,9.745507792206018e-06,7.243990621423592,0.0
RG,112.47426682214413,0.4986505963648118,9.752316404825069e-06,7.243563583430163,0.0
RG,112.57097728372808,0.49865012589789937,9.759132158660774e-06,7.243136396263533,0.0
RG,112.66768774531205,0.4986496551025713,9.765955063732507e-06,7.242709059819371,0.0
RG,112.764398206896,0.4986491839784832,9.772785130035088e-06,7.242281573993232,0.0
RG,112.86110866847996,0.49864871252529047,9.7796223675926e-06,7.2418539386805625,0.0
RG,112.95781913006392,0.498648240742648,9.786466786468322e-06,7.241426153776701,0.0
RG,113.05452959164788,0.4986477686302101,9.793318396714914e-06,7.240998219176877,0.0
RG,113.15124005323185,0.49864729618763076,9.800177208415191e-06,7.240570134776208,0.0
RG,113.2479505148158,0.49864682341456346,9.80704323167334e-06,7.240141900469698,0.0
RG,113.34466097639975,0.49864635031066085,9.813916476599791e-06,7.239713516152247,0.0
RG,113.44137143798372,0.4986458768755756,9.820796953337615e-06,7.239284981718641,0.0
RG,113.53808189956767,0.4986454031089597,9.827684672036056e-06,7.2388562970635535,0.0
RG,113.63479236115164,0.4986449290104644,9.8345796428575e-06,7.238427462081549,0.0
RG,113.73150282273559,0.49864445457974077,9.841481876008171e-06,7.237998476667083,0.0
RG,113.82821328431955,0.4986439798164393,9.848391381683103e-06,7.237569340714494,0.0
RG,113.92492374590351,0.49864350472021,9.855308170097008e-06,7.237140054118014,0.0
RG,114.02163420748747,0.49864302929070253,9.862232251517448e-06,7.236710616771766,0.0
RG,114.11834466907143,0.4986425535275656,9.869163636188011e-06,7.236281028569753,0.0
RG,114.21505513065539,0.49864207743044775,9.876102334377717e-06,7.235851289405868,0.0
RG,114.31176559223934,0.4986416009989973,9.88304835640961e-06,7.235421399173902,0.0
RG,114.4084760538233,0.49864112423286155,9.890001712580773e-06,7.2349913577675204,0.0
RG,114.50518651540726,0.49864064713168754,9.89696241321781e-06,7.234561165080282,0.0
RG,114.60189697699123,0.49864016969512187,9.903930468691221e-06,7.234130821005636,0.0
RG,114.69860743857518,0.49863969192281055,9.91090588935715e-06,7.233700325436915,0.0
RG,114.79531790015913,0.49863921381439896,9.917888685602341e-06,7.23326967826734,0.0
RG,114.8920283617431,0.49863873536953257,9.924878867840766e-06,7.232838879390019,0.0
RG,114.98873882332705,0.49863825658785543,9.931876446488198e-06,7.232407928697945,0.0
RG,115.08544928491102,0.4986377774690119,9.938881431994276e-06,7.231976826084,0.0
RG,115.18215974649497,0.4986372980126455,9.945893834817487e-06,7.2315455714409556,0.0
RG,115.27887020807893,0.4986368182183989,9.95291366542996e-06,7.23111416466146,0.0
RG,115.3755806696629,0.49863633808591495,9.959940934345651e-06,7.230682605638058,0.0
RG,115.47229113124685,0.49863585761483586,9.966975652071158e-06,7.2302508942631745,0.0
RG,115.56900159283082,0.49863537680480274,9.974017829131898e-06,7.229819030429122,0.0
RG,115.66571205441477,0.4986348956554569,9.981067476106548e-06,7.2293870140281,0.0
RG,115.76242251599872,0.4986344141664387,9.988124603551166e-06,7.228954844952191,0.0
RG,115.85913297758269,0.4986339323373881,9.995189222047516e-06,7.228522523093362,0.0
RG,115.95584343916664,0.49863345016794464,1.0002261342232406e-05,7.228090048343473,0.0
RG,116.05255390075061,0.4986329676577474,1.000934097471692e-05,7.227657420594259,0.0
RG,116.14926436233456,0.49863248480643474,1.001642813014246e-05,7.2272246397373445,0.0
RG,116.24597482391852,0.4986320016136447,1.0023522819195203e-05,7.2267917056642395,0.0
RG,116.34268528550248,0.4986315180790144,1.003062505254726e-05,7.226358618266339,0.0
RG,116.43939574708644,0.49863103420218124,1.0037734840902916e-05,7.225925377434919,0.0
RG,116.5361062086704,0.4986305499827814,1.0044852194992463e-05,7.225491983061143,0.0
RG,116.63281667025436,0.4986300654204508,1.0051977125550513e-05,7.225058435036057,0.0
RG,116.72952713183831,0.4986295805148249,1.0059109643346282e-05,7.224624733250591,0.0
RG,116.82623759342228,0.4986290952655384,1.0066249759156954e-05,7.224190877595562,0.0
RG,116.92294805500623,0.4986286096722257,1.007339748377445e-05,7.223756867961663,0.0
RG,117.0196585165902,0.4986281237345207,1.0080552828035343e-05,7.22332270423948,0.0
RG,117.11636897817415,0.49862763745205674,1.0087715802766632e-05,7.222888386319473,0.0
RG,117.2130794397581,0.49862715082446657,1.009488641881568e-05,7.222453914091993,0.0
RG,117.30978990134207,0.49862666385138243,1.0102064687085325e-05,7.22201928744727,0.0
RG,117.40650036292602,0.49862617653243596,1.0109250618454454e-05,7.221584506275415,0.0
RG,117.50321082450999,0.49862568886725855,1.0116444223829763e-05,7.221149570466426,0.0
RG,117.59992128609395,0.4986252008554809,1.012364551417208e-05,7.220714479910182,0.0
RG,117.6966317476779,0.498624712496733,1.0130854500418882e-05,7.22027923449644,0.0
RG,117.79334220926187,0.49862422379064464,1.0138071193539537e-05,7.2198438341148465,0.0
RG,117.89005267084582,0.49862373473684485,1.0145295604544097e-05,7.2194082786549245,0.0
RG,117.98676313242979,0.4986232453349624,1.0152527744434018e-05,7.218972568006081,0.0
RG,118.08347359401374,0.4986227555846251,1.0159767624244715e-05,7.218536702057602,0.0
RG,118.18018405559769,0.49862226548546074,1.0167015255031648e-05,7.218100680698659,0.0
RG,118.27689451718166,0.4986217750370959,1.0174270647860022e-05,7.217664503818302,0.0
RG,118.37360497876561,0.4986212842391576,1.0181533813833222e-05,7.217228171305464,0.0
RG,118.47031544034958,0.49862079309127116,1.0188804764056821e-05,7.216791683048955,0.0
RG,118.56702590193353,0.49862030159306253,1.0196083509653518e-05,7.216355038937469,0.0
RG,118.66373636351749,0.49861980974415626,1.020337006179677e-05,7.215918238859582,0.0
RG,118.76044682510145,0.49861931754417677,1.021066443164407e-05,7.215481282703747,0.0
RG,118.8571572866854,0.49861882499274773,1.0217966630376952e-05,7.215044170358298,0.0
RG,118.95386774826937,0.4986183320894925,1.0225276669234553e-05,7.21460690171145,0.0
RG,119.05057820985333,0.49861783883403404,1.0232594559430458e-05,7.2141694766513,0.0
RG,119.14728867143728,0.49861734522599405,1.023992031220953e-05,7.213731895065817,0.0
RG,119.24399913302125,0.49861685126499433,1.024725393886578e-05,7.21329415684286,0.0
RG,119.3407095946052,0.4986163569506561,1.0254595450676895e-05,7.21285626187016,0.0
RG,119.43742005618917,0.4986158622825998,1.0261944858954287e-05,7.212418210035328,0.0
RG,119.53413051777312,0.4986153672604455,1.0269302175040032e-05,7.211980001225858,0.0
RG,119.63084097935707,0.4986148718838125,1.0276667410278412e-05,7.211541635329119,0.0
RG,119.72755144094104,0.49861437615231985,1.0284040576050278e-05,7.21110311223236,0.0
RG,119.824261902525,0.4986138800655859,1.0291421683747177e-05,7.210664431822708,0.0
RG,119.92097236410896,0.49861338362322843,1.0298810744775235e-05,7.210225593987168,0.0
RG,120.01768282569292,0.49861288682486476,1.0306207770587575e-05,7.209786598612627,0.0
RG,120.11439328727687,0.49861238967011157,1.0313612772628225e-05,7.209347445585846,0.0
RG,120.21110374886084,0.49861189215858503,1.0321025762363232e-05,7.208908134793461,0.0
RG,120.30781421044479,0.49861139428990076,1.0328446751315854e-05,7.208468666121994,0.0
RG,120.40452467202876,0.49861089606367376,1.0335875750986137e-05,7.208029039457836,0.0
RG,120.50123513361271,0.4986103974795188,1.0343312772903986e-05,7.207589254687261,0.0
RG,120.59794559519668,0.49860989853704946,1.035075782865312e-05,7.207149311696418,0.0
RG,120.69465605678063,0.49860939923587944,1.0358210929797064e-05,7.206709210371335,0.0
RG,120.79136651836458,0.49860889957562143,1.0365672087934053e-05,7.206268950597909,0.0
RG,120.88807697994855,0.49860839955588776,1.0373141314697842e-05,7.2058285322619255,0.0
RG,120.9847874415325,0.4986078991762902,1.038061862172154e-05,7.205387955249036,0.0
RG,121.08149790311647,0.4986073984364398,1.038810402067378e-05,7.204947219444776,0.0
RG,121.17820836470042,0.49860689733594726,1.0395597523239307e-05,7.2045063247345515,0.0
RG,121.27491882628438,0.4986063958744226,1.0403099141115615e-05,7.204065271003644,0.0
RG,121.37162928786834,0.4986058940514754,1.0410608886045835e-05,7.203624058137219,0.0
RG,121.4683397494523,0.49860539186671443,1.0418126769768259e-05,7.203182686020306,0.0
RG,121.56505021103627,0.49860488931974817,1.0425652804042133e-05,7.202741154537815,0.0
RG,121.66176067262022,0.49860438641018423,1.0433187000683901e-05,7.202299463574537,0.0
RG,121.75847113420417,0.49860388313763004,1.0440729371488562e-05,7.201857613015129,0.0
RG,121.85518159578814,0.49860337950169226,1.0448279928280787e-05,7.201415602744123,0.0
RG,121.95189205737209,0.4986028755019767,1.045583868294101e-05,7.2009734326459345,0.0
RG,122.04860251895606,0.49860237113808914,1.0463405647328554e-05,7.2005311026048435,0.0
RG,122.14531298054001,0.4986018664096344,1.0470980833338114e-05,7.200088612505009,0.0
RG,122.24202344212397,0.4986013613162169,1.0478564252902794e-05,7.199645962230466,0.0
RG,122.33873390370793,0.4986008558574405,1.0486155917952924e-05,7.199203151665118,0.0
RG,122.43544436529189,0.49860035003290826,1.0493755840456275e-05,7.198760180692745,0.0
RG,122.53215482687585,0.49859984384222317,1.0501364032397413e-05,7.198317049197001,0.0
RG,122.6288652884598,0.49859933728498695,1.0508980505774161e-05,7.197873757061413,0.0
RG,122.72557575004376,0.49859883036080116,1.0516605272630858e-05,7.19743030416938,0.0
RG,122.82228621162773,0.4985983230692669,1.0524238345007138e-05,7.196986690404177,0.0
RG,122.91899667321168,0.4985978154099844,1.0531879734964567e-05,7.196542915648946,0.0
RG,123.01570713479565,0.4985973073825533,1.0539529454622741e-05,7.196098979786708,0.0
RG,123.1124175963796,0.49859679898657305,1.0547187516080164e-05,7.195654882700351,0.0
RG,123.20912805796355,0.498596290221642,1.0554853931465951e-05,7.195210624272638,0.0
RG,123.30583851954752,0.49859578108735836,1.0562528712964975e-05,7.194766204386207,0.0
RG,123.40254898113147,0.49859527158331934,1.0570211872742421e-05,7.19432162292356,0.0
RG,123.49925944271544,0.498594761709122,1.0577903423000206e-05,7.193876879767078,0.0
RG,123.5959699042994,0.49859425146436254,1.0585603375976457e-05,7.193431974799009,0.0
RG,123.69268036588335,0.49859374084863645,1.0593311743910058e-05,7.192986907901476,0.0
RG,123.78939082746732,0.4985932298615392,1.060102853907824e-05,7.192541678956467,0.0
RG,123.88610128905127,0.49859271850266496,1.0608753773772914e-05,7.1920962878458505,0.0
RG,123.98281175063524,0.4985922067716076,1.061648746030147e-05,7.191650734451354,0.0
RG,124.07952221221919,0.4985916946679607,1.062422961102011e-05,7.1912050186545855,0.0
RG,124.17623267380314,0.4985911821913168,1.0631980238278331e-05,7.1907591403370175,0.0
RG,124.27294313538711,0.498590669341268,1.0639739354449137e-05,7.1903130993799955,0.0
RG,124.36965359697106,0.498590156117406,1.0647506971965156e-05,7.189866895664733,0.0
RG,124.46636405855503,0.49858964251932153,1.0655283103237497e-05,7.189420529072314,0.0
RG,124.56307452013898,0.4985891285466049,1.0663067760710047e-05,7.188973999483692,0.0
RG,124.65978498172294,0.4985886141988461,1.0670860956879704e-05,7.188527306779692,0.0
RG,124.7564954433069,0.49858809947563404,1.0678662704228242e-05,7.188080450841005,0.0
RG,124.85320590489086,0.4985875843765573,1.0686473015275341e-05,7.187633431548191,0.0
RG,124.94991636647482,0.4985870689012039,1.06942919025717e-05,7.187186248781681,0.0
RG,125.04662682805878,0.4985865530491613,1.070211937867463e-05,7.186738902421775,0.0
RG,125.14333728964273,0.4985860368200158,1.0709955456181912e-05,7.186291392348638,0.0
RG,125.2400477512267,0.4985855202133539,1.0717800147701627e-05,7.185843718442308,0.0
RG,125.33675821281065,0.4985850032287609,1.0725653465859266e-05,7.185395880582682,0.0
RG,125.43346867439462,0.4985844858658219,1.0733515423334383e-05,7.184947878649539,0.0
RG,125.53017913597857,0.4985839681241209,1.0741386032794658e-05,7.184499712522513,0.0
RG,125.62688959756252,0.498583450003242,1.074926530693473e-05,7.184051382081111,0.0
RG,125.72360005914649,0.4985829315027679,1.075715325850984e-05,7.183602887204707,0.0
RG,125.82031052073044,0.4985824126222813,1.0765049900253405e-05,7.183154227772541,0.0
RG,125.91702098231441,0.498581893361364,1.0772955244935245e-05,7.182705403663721,0.0
RG,126.01373144389837,0.49858137371959727,1.0780869305371514e-05,7.18225641475722,0.0
RG,126.11044190548232,0.49858085369656163,1.0788792094371567e-05,7.181807260931877,0.0
RG,126.20715236706629,0.49858033329183726,1.0796723624784095e-05,7.181357942066404,0.0
RG,126.30386282865024,0.4985798125050034,1.0804663909481057e-05,7.180908458039369,0.0
RG,126.4005732902342,0.49857929133563883,1.0812612961346759e-05,7.1804588087292105,0.0
RG,126.49728375181816,0.4985787697833219,1.0820570793312514e-05,7.180008994014235,0.0
RG,126.59399421340211,0.49857824784762994,1.082853741831021e-05,7.179559013772613,0.0
RG,126.69070467498608,0.49857772552813984,1.0836512849293537e-05,7.179108867882377,0.0
RG,126.78741513657003,0.4985772028244281,1.0844497099276501e-05,7.1786585562214285,0.0
RG,126.884125598154,0.4985766797360702,1.0852490181254196e-05,7.1782080786675335,0.0
RG,126.98083605973795,0.49857615626264123,1.086049210825454e-05,7.177757435098317,0.0
RG,127.0775465213219,0.4985756324037156,1.0868502893362154e-05,7.177306625391281,0.0
RG,127.17425698290587,0.49857510815886713,1.0876522549644996e-05,7.176855649423777,0.0
RG,127.27096744448983,0.49857458352766904,1.088455109021077e-05,7.176404507073031,0.0
RG,127.3676779060738,0.4985740585096937,1.0892588528201591e-05,7.175953198216128,0.0
RG,127.46438836765775,0.4985735331045131,1.0900634876765327e-05,7.175501722730019,0.0
RG,127.5610988292417,0.4985730073116984,1.0908690149092092e-05,7.175050080491518,0.0
RG,127.65780929082567,0.4985724811308205,1.0916754358384239e-05,7.174598271377301,0.0
RG,127.75451975240962,0.49857195456144915,1.0924827517862086e-05,7.174146295263908,0.0
RG,127.85123021399359,0.49857142760315376,1.0932909640802271e-05,7.173694152027741,0.0
RG,127.94794067557754,0.49857090025550305,1.0941000740469876e-05,7.173241841545067,0.0
RG,128.0446511371615,0.4985703725180651,1.0949100830158777e-05,7.172789363692012,0.0
RG,128.14136159874545,0.49856984439040747,1.0957209923224647e-05,7.17233671834457,0.0
RG,128.23807206032942,0.49856931587209674,1.0965328033002602e-05,7.171883905378589,0.0
RG,128.33478252191338,0.4985687869626994,1.0973455172866683e-05,7.171430924669783,0.0
RG,128.43149298349735,0.4985682576617806,1.0981591356235581e-05,7.170977776093731,0.0
RG,128.5282034450813,0.49856772796890547,1.0989736596525217e-05,7.170524459525869,0.0
RG,128.62491390666526,0.4985671978836382,1.0997890907193357e-05,7.170070974841494,0.0
RG,128.72162436824922,0.49856666740554234,1.1006054301717922e-05,7.169617321915766,0.0
RG,128.81833482983316,0.49856613653418075,1.1014226793593032e-05,7.169163500623705,0.0
RG,128.91504529141713,0.4985656052691159,1.1022408396364109e-05,7.168709510840194,0.0
RG,129.0117557530011,0.49856507360990937,1.1030599123573135e-05,7.168255352439972,0.0
RG,129.10846621458504,0.49856454155612195,1.103879898878774e-05,7.16780102529764,0.0
RG,129.205176676169,0.4985640091073142,1.1047008005638424e-05,7.16734652928766,0.0
RG,129.30188713775297,0.49856347626304576,1.1055226187736079e-05,7.166891864284356,0.0
RG,129.39859759933694,0.49856294302287557,1.1063453548728665e-05,7.166437030161904,0.0
RG,129.49530806092088,0.49856240938636215,1.1071690102316137e-05,7.165982026794347,0.0
RG,129.59201852250484,0.498561875353063,1.1079935862189368e-05,7.165526854055583,0.0
RG,129.6887289840888,0.49856134092253535,1.1088190842082002e-05,7.165071511819371,0.0
RG,129.78543944567275,0.4985608060943356,1.1096455055753838e-05,7.164615999959329,0.0
RG,129.88214990725672,0.4985602708680194,1.1104728516978508e-05,7.16416031834893,0.0
RG,129.97886036884069,0.4985597352431418,1.1113011239578008e-05,7.1637044668615095,0.0
RG,130.07557083042462,0.4985591992192573,1.1121303237377376e-05,7.16324844537026,0.0
RG,130.1722812920086,0.4985586627959195,1.1129604524225456e-05,7.162792253748228,0.0
RG,130.26899175359256,0.4985581259726817,1.1137915114033606e-05,7.162335891868324,0.0
RG,130.36570221517653,0.498557588749096,1.1146235020695757e-05,7.1618793596033115,0.0
RG,130.46241267676047,0.4985570511247145,1.1154564258141618e-05,7.161422656825814,0.0
RG,130.55912313834443,0.4985565130990881,1.1162902840357384e-05,7.16096578340831,0.0
RG,130.6558335999284,0.49855597467176704,1.1171250781316798e-05,7.1605087392231335,0.0
RG,130.75254406151234,0.4985554358423012,1.117960809503675e-05,7.16005152414248,0.0
RG,130.8492545230963,0.4985548966102398,1.1187974795565774e-05,7.159594138038397,0.0
RG,130.94596498468027,0.49855435697513106,1.119635089696258e-05,7.159136580782789,0.0
RG,131.0426754462642,0.49855381693652245,1.1204736413334536e-05,7.158678852247419,0.0
RG,131.13938590784818,0.49855327649396136,1.1213131358795988e-05,7.1582209523039015,0.0
RG,131.23609636943215,0.49855273564699404,1.1221535747483679e-05,7.157762880823712,0.0
RG,131.33280683101611,0.49855219439516607,1.1229949593597238e-05,7.157304637678175,0.0
RG,131.42951729260005,0.49855165273802254,1.123837291132045e-05,7.156846222738475,0.0
RG,131.52622775418402,0.49855111067510754,1.1246805714872681e-05,7.156387635875648,0.0
RG,131.622938215768,0.49855056820596505,1.12552480185319e-05,7.155928876960588,0.0
RG,131.71964867735193,0.4985500253301378,1.1263699836562701e-05,7.1554699458640405,0.0
RG,131.8163591389359,0.49854948204716787,1.127216118327373e-05,7.155010842456608,0.0
RG,131.91306960051986,0.4985489383565971,1.1280632073006358e-05,7.154551566608744,0.0
RG,132.0097800621038,0.4985483942579663,1.1289112520113332e-05,7.154092118190757,0.0
RG,132.10649052368777,0.49854784975081556,1.1297602538995462e-05,7.153632497072811,0.0
RG,132.20320098527174,0.49854730483468446,1.1306102144062077e-05,7.153172703124921,0.0
RG,132.2999114468557,0.4985467595091118,1.1314611349745384e-05,7.1527127362169525,0.0
RG,132.39662190843964,0.4985462137736356,1.1323130170540947e-05,7.152252596218632,0.0
RG,132.4933323700236,0.4985456676277933,1.1331658620929396e-05,7.15179228299953,0.0
RG,132.59004283160758,0.49854512107112176,1.1340196715427483e-05,7.151331796429075,0.0
RG,132.68675329319152,0.4985445741031568,1.1348744468611121e-05,7.150871136376546,0.0
RG,132.78346375477548,0.49854402672343384,1.1357301895043686e-05,7.150410302711074,0.0
RG,132.88017421635945,0.49854347893148737,1.1365869009333293e-05,7.14994929530164,0.0
RG,132.9768846779434,0.4985429307268515,1.1374445826121818e-05,7.149488114017082,0.0
RG,133.07359513952736,0.4985423821090594,1.1383032360061898e-05,7.149026758726081,0.0
RG,133.17030560111132,0.4985418330776433,1.1391628625856784e-05,7.148565229297176,0.0
RG,133.2670160626953,0.49854128363213535,1.1400234638217424e-05,7.148103525598756,0.0
RG,133.36372652427923,0.49854073377206654,1.1408850411878697e-05,7.147641647499056,0.0
RG,133.4604369858632,0.4985401834969671,1.1417475961640166e-05,7.147179594866168,0.0
RG,133.55714744744716,0.498539632806367,1.1426111302286275e-05,7.14671736756803,0.0
RG,133.6538579090311,0.4985390816997949,1.143475644863935e-05,7.146254965472429,0.0
RG,133.75056837061507,0.49853853017677924,1.1443411415579607e-05,7.1457923884470045,0.0
RG,133.84727883219904,0.49853797823684753,1.1452076217977411e-05,7.1453296363592465,0.0
RG,133.94398929378298,0.4985374258795265,1.1460750870749279e-05,7.144866709076489,0.0
RG,134.04069975536694,0.49853687310434236,1.1469435388842138e-05,7.1444036064659215,0.0
RG,134.1374102169509,0.4985363199108204,1.1478129787217975e-05,7.143940328394577,0.0
RG,134.23412067853488,0.49853576629848534,1.148683408089066e-05,7.143476874729341,0.0
RG,134.33083114011882,0.49853521226686126,1.1495548284879283e-05,7.143013245336947,0.0
RG,134.42754160170279,0.4985346578154712,1.1504272414229278e-05,7.142549440083972,0.0
RG,134.52425206328675,0.4985341029438376,1.1513006484052029e-05,7.142085458836847,0.0
RG,134.6209625248707,0.4985335476514825,1.1521750509443404e-05,7.141621301461848,0.0
RG,134.71767298645466,0.49853299193792683,1.1530504505539614e-05,7.141156967825096,0.0
RG,134.81438344803863,0.49853243580269074,1.1539268487531667e-05,7.140692457792565,0.0
RG,134.91109390962256,0.498531879245294,1.1548042470605153e-05,7.14022777123007,0.0
RG,135.00780437120653,0.4985313222652555,1.1556826469993185e-05,7.139762908003279,0.0
RG,135.1045148327905,0.4985307648620933,1.1565620500956298e-05,7.139297867977698,0.0
RG,135.20122529437447,0.49853020703532486,1.1574424578771629e-05,7.138832651018687,0.0
RG,135.2979357559584,0.49852964878446676,1.1583238718773075e-05,7.138367256991451,0.0
RG,135.39464621754237,0.49852909010903507,1.1592062936295129e-05,7.137901685761035,0.0
RG,135.49135667912634,0.49852853100854466,1.1600897246701464e-05,7.137435937192336,0.0
RG,135.58806714071028,0.4985279714825103,1.1609741665423681e-05,7.136970011150095,0.0
RG,135.68477760229425,0.4985274115304457,1.1618596207876513e-05,7.136503907498896,0.0
RG,135.78148806387821,0.49852685115186374,1.162746088951922e-05,7.1360376261031675,0.0
RG,135.87819852546215,0.49852629034627666,1.1636335725859546e-05,7.135571166827187,0.0
RG,135.97490898704612,0.4985257291131958,1.1645220732407241e-05,7.135104529535073,0.0
RG,136.0716194486301,0.4985251674521321,1.165411592472136e-05,7.134637714090785,0.0
RG,136.16832991021406,0.4985246053625956,1.1663021318381939e-05,7.134170720358137,0.0
RG,136.265040371798,0.49852404284409524,1.1671936928989778e-05,7.133703548200773,0.0
RG,136.36175083338196,0.49852347989613977,1.1680862772208318e-05,7.133236197482192,0.0
RG,136.45846129496593,0.49852291651823677,1.1689798863694042e-05,7.132768668065729,0.0
RG,136.55517175654987,0.4985223527098934,1.1698745219138672e-05,7.132300959814565,0.0
RG,136.65188221813384,0.4985217884706159,1.1707701854299249e-05,7.131833072591724,0.0
RG,136.7485926797178,0.4985212237999095,1.1716668784919452e-05,7.1313650062600695,0.0
RG,136.84530314130174,0.49852065869727913,1.17256460267909e-05,7.130896760682311,0.0
RG,136.9420136028857,0.4985200931622286,1.1734633595743967e-05,7.130428335720998,0.0
RG,137.03872406446968,0.49851952719426135,1.174363150762115e-05,7.129959731238522,0.0
RG,137.13543452605364,0.49851896079287966,1.175263977831734e-05,7.129490947097117,0.0
RG,137.23214498763758,0.49851839395758524,1.1761658423739377e-05,7.129021983158855,0.0
RG,137.32885544922155,0.498517826687879,1.1770687459820004e-05,7.128552839285653,0.0
RG,137.42556591080552,0.498517258983261,1.1779726902559717e-05,7.128083515339268,0.0
RG,137.52227637238946,0.49851669084323075,1.178877676794625e-05,7.127614011181297,0.0
RG,137.61898683397342,0.4985161222672867,1.1797837072008909e-05,7.127144326673172,0.0
RG,137.7156972955574,0.49851555325492697,1.1806907830835405e-05,7.126674461676179,0.0
RG,137.81240775714133,0.4985149838056482,1.1815989060508498e-05,7.126204416051426,0.0
RG,137.9091182187253,0.4985144139189471,1.1825080777161201e-05,7.125734189659872,0.0
RG,138.00582868030926,0.49851384359431905,1.1834182996955675e-05,7.1252637823623175,0.0
RG,138.10253914189323,0.49851327283125874,1.1843295736073022e-05,7.124793194019391,0.0
RG,138.19924960347717,0.49851270162926004,1.18524190107542e-05,7.124322424491569,0.0
RG,138.29596006506114,0.4985121299878164,1.1861552837240886e-05,7.123851473639163,0.0
RG,138.3926705266451,0.49851155790642004,1.187069723180737e-05,7.1233803413223225,0.0
RG,138.48938098822904,0.49851098538456257,1.1879852210797112e-05,7.122909027401039,0.0
RG,138.586091449813,0.49851041242173494,1.188901779053946e-05,7.122437531735136,0.0
RG,138.68280191139698,0.4985098390174271,1.189819398741182e-05,7.121965854184277,0.0
RG,138.77951237298092,0.49850926517112837,1.1907380817837627e-05,7.121493994607965,0.0
RG,138.87622283456489,0.49850869088232724,1.1916578298248278e-05,7.1210219528655365,0.0
RG,138.97293329614885,0.4985081161505114,1.1925786445128447e-05,7.120549728816169,0.0
RG,139.06964375773282,0.49850754097516764,1.1935005274980719e-05,7.1200773223188705,0.0
RG,139.16635421931676,0.4985069653557822,1.1944234804332219e-05,7.1196047332324905,0.0
RG,139.26306468090073,0.4985063892918403,1.1953475049778415e-05,7.119131961415714,0.0
RG,139.3597751424847,0.49850581278282663,1.1962726027905307e-05,7.11865900672706,0.0
RG,139.45648560406863,0.4985052358282246,1.1971987755340302e-05,7.118185869024881,0.0
RG,139.5531960656526,0.4985046584275173,1.1981260248772286e-05,7.117712548167371,0.0
RG,139.64990652723657,0.4985040805801868,1.1990543524884797e-05,7.117239044012554,0.0
RG,139.7466169888205,0.49850350228571455,1.1999837600413612e-05,7.1167653564182904,0.0
RG,139.84332745040447,0.49850292354358083,1.200914249212619e-05,7.116291485242274,0.0
RG,139.94003791198844,0.49850234435326557,1.201845821680882e-05,7.1158174303420365,0.0
RG,140.0367483735724,0.4985017647142476,1.2027784791309428e-05,7.115343191574938,0.0
RG,140.13345883515635,0.49850118462600485,1.2037122232478639e-05,7.1148687687981775,0.0
RG,140.2301692967403,0.49850060408801483,1.20464705572007e-05,7.114394161868782,0.0
RG,140.32687975832428,0.4985000230997539,1.2055829782430214e-05,7.113919370643619,0.0
RG,140.42359021990822,0.4984994416606976,1.2065199925109449e-05,7.113444394979382,0.0
RG,140.5203006814922,0.4984988597703209,1.2074581002230886e-05,7.112969234732602,0.0
RG,140.61701114307616,0.4984982774280979,1.2083973030832392e-05,7.112493889759639,0.0
RG,140.7137216046601,0.49849769463350163,1.2093376027962517e-05,7.112018359916686,0.0
RG,140.81043206624406,0.4984971113860046,1.2102790010726281e-05,7.111542645059771,0.0
RG,140.90714252782803,0.4984965276850782,1.2112214996244764e-05,7.111066745044749,0.0
RG,141.003852989412,0.49849594353019333,1.2121651001666213e-05,7.110590659727311,0.0
RG,141.10056345099593,0.49849535892082,1.2131098044210352e-05,7.110114388962975,0.0
RG,141.1972739125799,0.49849477385642693,1.2140556141086443e-05,7.109637932607092,0.0
RG,141.29398437416387,0.4984941883364829,1.215002530954932e-05,7.109161290514843,0.0
RG,141.3906948357478,0.49849360236045487,1.215950556691235e-05,7.10868446254124,0.0
RG,141.48740529733178,0.49849301592780976,1.2168996930489105e-05,7.108207448541124,0.0
RG,141.58411575891574,0.4984924290380131,1.217849941764795e-05,7.107730248369168,0.0
RG,141.6808262204997,0.49849184169053007,1.2188013045785163e-05,7.107252861879873,0.0
RG,141.77753668208365,0.4984912538848245,1.2197537832319547e-05,7.106775288927567,0.0
RG,141.87424714366762,0.4984906656203599,1.2207073794737353e-05,7.10629752936641,0.0
RG,141.97095760525158,0.49849007689659863,1.221662095052236e-05,7.105819583050392,0.0
RG,142.06766806683552,0.49848948771300217,1.222617931719802e-05,7.105341449833327,0.0
RG,142.1643785284195,0.4984888980690313,1.223574891235588e-05,7.104863129568861,0.0
RG,142.26108899000346,0.49848830796414595,1.2245329753579877e-05,7.104384622110467,0.0
RG,142.3577994515874,0.49848771739780523,1.2254921858508053e-05,7.103905927311444,0.0
RG,142.45450991317136,0.49848712636946724,1.2264525244816585e-05,7.103427045024919,0.0
RG,142.55122037475533,0.49848653487858935,1.227413993019972e-05,7.102947975103849,0.0
RG,142.6479308363393,0.49848594292462817,1.2283765932414563e-05,7.102468717401015,0.0
RG,142.74464129792324,0.49848535050703924,1.2293403269225461e-05,7.101989271769023,0.0
RG,142.8413517595072,0.49848475762527744,1.230305195843103e-05,7.10150963806031,0.0
RG,142.93806222109117,0.4984841642787966,1.2312712017902925e-05,7.101029816127135,0.0
RG,143.0347726826751,0.4984835704670498,1.232238346550227e-05,7.100549805821586,0.0
RG,143.13148314425908,0.4984829761894895,1.2332066319142777e-05,7.100069606995573,0.0
RG,143.22819360584305,0.4984823814455668,1.2341760596785606e-05,7.099589219500833,0.0
RG,143.32490406742698,0.49848178623473244,1.2351466316404616e-05,7.099108643188931,0.0
RG,143.42161452901095,0.49848119055643586,1.2361183496033356e-05,7.098627877911248,0.0
RG,143.51832499059492,0.498480594410126,1.2370912153722085e-05,7.098146923518999,0.0
RG,143.6150354521789,0.4984799977952506,1.2380652307550997e-05,7.097665779863219,0.0
RG,143.71174591376283,0.4984794007112568,1.2390403975674622e-05,7.097184446794765,0.0
RG,143.8084563753468,0.49847880315759063,1.2400167176238136e-05,7.096702924164319,0.0
RG,143.90516683693076,0.49847820513369767,1.2409941927436662e-05,7.096221211822388,0.0
RG,144.0018772985147,0.4984776066390221,1.241972824752148e-05,7.0957393096193,0.0
RG,144.09858776009867,0.4984770076730075,1.2429526154750478e-05,7.095257217405209,0.0
RG,144.19529822168263,0.49847640823509665,1.243933566743997e-05,7.094774935030084,0.0
RG,144.29200868326657,0.49847580832473115,1.2449156803930802e-05,7.094292462343724,0.0
RG,144.38871914485054,0.4984752079413522,1.2458989582591267e-05,7.0938097991957445,0.0
RG,144.4854296064345,0.4984746070843995,1.2468834021862296e-05,7.093326945435588,0.0
RG,144.58214006801848,0.4984740057533124,1.247869014017975e-05,7.092843900912514,0.0
RG,144.6788505296024,0.4984734039475291,1.2488557956026235e-05,7.092360665475601,0.0
RG,144.77556099118638,0.49847280166648694,1.2498437487947427e-05,7.091877238973756,0.0
RG,144.87227145277035,0.49847219890962247,1.250832875449077e-05,7.0913936212557,0.0
RG,144.9689819143543,0.4984715956763711,1.2518231774261722e-05,7.090909812169976,0.0
RG,145.06569237593826,0.49847099196616773,1.2528146565896394e-05,7.090425811564947,0.0
RG,145.16240283752222,0.498470387778446,1.2538073148057021e-05,7.089941619288794,0.0
RG,145.25911329910616,0.49846978311263884,1.2548011539476268e-05,7.0894572351895215,0.0
RG,145.35582376069013,0.49846917796817825,1.2557961758886236e-05,7.0889726591149484,0.0
RG,145.4525342222741,0.4984685723444955,1.2567923825063213e-05,7.088487890912715,0.0
RG,145.54924468385806,0.49846796624102063,1.257789775685201e-05,7.088002930430279,0.0
RG,145.645955145442,0.49846735965718286,1.258788357309504e-05,7.0875177775149165,0.0
RG,145.74266560702597,0.4984667525924107,1.2597881292693624e-05,7.0870324320137215,0.0
RG,145.83937606860994,0.49846614504613146,1.260789093458429e-05,7.086546893773605,0.0
RG,145.93608653019388,0.4984655370177721,1.2617912517728482e-05,7.086061162641297,0.0
RG,146.03279699177784,0.49846492850675783,1.2627946061156345e-05,7.085575238463344,0.0
RG,146.1295074533618,0.49846431951251363,1.2637991583902003e-05,7.0850891210861064,0.0
RG,146.22621791494575,0.4984637100344632,1.264804910504167e-05,7.084602810355765,0.0
RG,146.32292837652972,0.49846310007202976,1.2658118643723624e-05,7.0841163061183146,0.0
RG,146.41963883811368,0.49846248962463496,1.2668200219091782e-05,7.0836296082195656,0.0
RG,146.51634929969765,0.49846187869169994,1.2678293850349194e-05,7.0831427165051455,0.0
RG,146.6130597612816,0.4984612672726449,1.2688399556738825e-05,7.0826556308204935,0.0
RG,146.70977022286556,0.49846065536688916,1.2698517357525916e-05,7.0821683510108695,0.0
RG,146.80648068444953,0.49846004297385094,1.270864727204511e-05,7.081680876921342,0.0
RG,146.90319114603346,0.4984594300929475,1.2718789319637763e-05,7.081193208396799,0.0
RG,146.99990160761743,0.49845881672359554,1.2728943519686145e-05,7.080705345281938,0.0
RG,147.0966120692014,0.4984582028652103,1.2739109891647154e-05,7.080217287421274,0.0
RG,147.19332253078534,0.49845758851720656,1.2749288454972478e-05,7.079729034659133,0.0
RG,147.2900329923693,0.4984569736789979,1.275947922917341e-05,7.079240586839656,0.0
RG,147.38674345395327,0.49845635834999713,1.2769682233804006e-05,7.078751943806796,0.0
RG,147.48345391553724,0.49845574252961566,1.2779897488440007e-05,7.078263105404317,0.0
RG,147.58016437712118,0.4984551262172648,1.2790125012726184e-05,7.0777740714757975,0.0
RG,147.67687483870515,0.4984545094123541,1.280036482631694e-05,7.077284841864628,0.0
RG,147.7735853002891,0.4984538921142926,1.2810616948906992e-05,7.07679541641401,0.0
RG,147.87029576187305,0.49845327432248837,1.2820881400267157e-05,7.076305794966954,0.0
RG,147.96700622345702,0.49845265603634836,1.2831158200163259e-05,7.075815977366287,0.0
RG,148.063716685041,0.4984520372552787,1.2841447368421506e-05,7.075325963454641,0.0
RG,148.16042714662493,0.4984514179786845,1.2851748924911513e-05,7.074835753074462,0.0
RG,148.2571376082089,0.49845079820597005,1.2862062889526264e-05,7.074345346068004,0.0
RG,148.35384806979286,0.4984501779365384,1.2872389282227538e-05,7.073854742277334,0.0
RG,148.45055853137683,0.498449557169792,1.2882728122987842e-05,7.073363941544325,0.0
RG,148.54726899296077,0.4984489359051321,1.289307943182081e-05,7.07287294371066,0.0
RG,148.64397945454473,0.49844831414195906,1.2903443228817006e-05,7.0723817486178335,0.0
RG,148.7406899161287,0.49844769187967225,1.291381953406254e-05,7.071890356107146,0.0
RG,148.83740037771264,0.4984470691176701,1.2924208367704803e-05,7.071398766019706,0.0
RG,148.9341108392966,0.49844644585535014,1.2934609749935568e-05,7.070906978196433,0.0
RG,149.03082130088058,0.4984458220921087,1.2945023700970174e-05,7.0704149924780495,0.0
RG,149.1275317624645,0.4984451978273415,1.2955450241094416e-05,7.069922808705091,0.0
RG,149.22424222404848,0.4984445730604429,1.2965889390604863e-05,7.0694304267178945,0.0
RG,149.32095268563245,0.4984439477908066,1.2976341169840396e-05,7.06893784635661,0.0
RG,149.41766314721642,0.4984433220178251,1.2986805599217032e-05,7.068445067461186,0.0
RG,149.51437360880035,0.49844269574089006,1.2997282699147768e-05,7.067952089871383,0.0
RG,149.61108407038432,0.498442068959392,1.3007772490107867e-05,7.0674589134267665,0.0
RG,149.7077945319683,0.498441441672721,1.301827499261708e-05,7.0669655379667065,0.0
RG,149.80450499355223,0.498440813880265,1.3028790227219237e-05,7.066471963330378,0.0
RG,149.9012154551362,0.4984401855814123,1.3039318214531045e-05,7.065978189356761,0.0
RG,149.99792591672016,0.49843955677554924,1.3049858975178912e-05,7.0654842158846405,0.0
RG,150.0946363783041,0.4984389274620615,1.3060412529833795e-05,7.064990042752606,0.0
RG,150.19134683988807,0.4984382976403341,1.3070978899242934e-05,7.06449566979905,0.0
RG,150.28805730147204,0.49843766730975053,1.3081558104152908e-05,7.06400109686217,0.0
RG,150.384767763056,0.49843703646969345,1.3092150165374307e-05,7.063506323779965,0.0
RG,150.48147822463994,0.49843640511954446,1.3102755103759123e-05,7.063011350390237,0.0
RG,150.5781886862239,0.49843577325868466,1.3113372940187582e-05,7.062516176530592,0.0
RG,150.67489914780788,0.49843514088649343,1.3124003695613824e-05,7.0620208020384405,0.0
RG,150.77160960939182,0.49843450800234956,1.3134647391000075e-05,7.061525226750989,0.0
RG,150.86832007097578,0.49843387460563077,1.3145304047356215e-05,7.0610294505052495,0.0
RG,150.96503053255975,0.4984332406957137,1.3155973685766844e-05,7.060533473138035,0.0
RG,151.0617409941437,0.4984326062719741,1.3166656327318607e-05,7.06003729448596,0.0
RG,151.15845145572766,0.49843197133378647,1.3177351993164089e-05,7.059540914385438,0.0
RG,151.25516191731163,0.4984313358805245,1.3188060704495485e-05,7.059044332672684,0.0
RG,151.3518723788956,0.4984306999115609,1.319878248253365e-05,7.0585475491837135,0.0
RG,151.44858284047953,0.4984300634262674,1.320951734857833e-05,7.058050563754342,0.0
RG,151.5452933020635,0.4984294264240142,1.322026532393366e-05,7.0575533762201825,0.0
RG,151.64200376364747,0.4984287889041712,1.3231026429955742e-05,7.057055986416647,0.0
RG,151.7387142252314,0.4984281508661068,1.3241800688071783e-05,7.056558394178951,0.0
RG,151.83542468681537,0.49842751230918836,1.3252588119716128e-05,7.056060599342101,0.0
RG,151.93213514839934,0.4984268732327826,1.326338874639108e-05,7.055562601740906,0.0
RG,152.02884560998328,0.4984262336362548,1.3274202589633448e-05,7.055064401209975,0.0
RG,152.12555607156725,0.4984255935189694,1.3285029671013438e-05,7.054565997583709,0.0
RG,152.2222665331512,0.49842495288028993,1.3295870012181991e-05,7.054067390696311,0.0
RG,152.31897699473518,0.4984243117195785,1.3306723634792278e-05,7.053568580381777,0.0
RG,152.41568745631912,0.4984236700361966,1.3317590560554172e-05,7.053069566473901,0.0
RG,152.5123979179031,0.49842302782950426,1.3328470811243135e-05,7.052570348806272,0.0
RG,152.60910837948705,0.4984223850988607,1.3339364408648607e-05,7.052070927212278,0.0
RG,152.705818841071,0.4984217418436243,1.3350271374629227e-05,7.051571301525099,0.0
RG,152.80252930265496,0.49842109806315205,1.3361191731074239e-05,7.051071471577713,0.0
RG,152.89923976423893,0.4984204537567999,1.3372125499908815e-05,7.050571437202889,0.0
RG,152.99595022582287,0.49841980892392307,1.3383072703142633e-05,7.0500711982331925,0.0
RG,153.09266068740683,0.4984191635638752,1.339403336278469e-05,7.049570754500987,0.0
RG,153.1893711489908,0.4984185176760093,1.3405007500906275e-05,7.049070105838421,0.0
RG,153.28608161057477,0.49841787125967746,1.3415995139637182e-05,7.048569252077442,0.0
RG,153.3827920721587,0.4984172243142302,1.342699630112837e-05,7.048068193049794,0.0
RG,153.47950253374268,0.4984165768390172,1.3438011007604229e-05,7.047566928587004,0.0
RG,153.57621299532664,0.4984159288333871,1.3449039281311083e-05,7.047065458520404,0.0
RG,153.67292345691058,0.49841528029668763,1.3460081144538076e-05,7.046563782681104,0.0
RG,153.76963391849455,0.4984146312282652,1.3471136619658419e-05,7.046061900900016,0.0
RG,153.86634438007852,0.49841398162746514,1.348220572904521e-05,7.045559813007842,0.0
RG,153.96305484166245,0.4984133314936318,1.3493288495138797e-05,7.045057518835069,0.0
RG,154.05976530324642,0.4984126808261085,1.350438494043063e-05,7.044555018211984,0.0
RG,154.1564757648304,0.49841202962423753,1.3515495087439426e-05,7.044052310968653,0.0
RG,154.25318622641436,0.49841137788735995,1.3526618958762185e-05,7.043549396934943,0.0
RG,154.3498966879983,0.49841072561481575,1.3537756577010366e-05,7.043046275940505,0.0
RG,154.44660714958226,0.4984100728059438,1.3548907964845272e-05,7.042542947814777,0.0
RG,154.54331761116623,0.49840941946008205,1.3560073145007812e-05,7.042039412386994,0.0
RG,154.64002807275017,0.49840876557656727,1.3571252140244457e-05,7.041535669486172,0.0
RG,154.73673853433414,0.498408111154735,1.3582444973372793e-05,7.041031718941119,0.0
RG,154.8334489959181,0.49840745619391985,1.3593651667252116e-05,7.040527560580427,0.0
RG,154.93015945750204,0.49840680069345533,1.3604872244775953e-05,7.040023194232483,0.0
RG,155.026869919086,0.4984061446526738,1.3616106728921783e-05,7.039518619725454,0.0
RG,155.12358038066998,0.4984054880709067,1.3627355142673003e-05,7.039013836887296,0.0
RG,155.22029084225395,0.4984048309474838,1.3638617509072365e-05,7.038508845545751,0.0
RG,155.31700130383788,0.4984041732817345,1.3649893851233154e-05,7.038003645528353,0.0
RG,155.41371176542185,0.4984035150729865,1.3661184192283764e-05,7.037498236662411,0.0
RG,155.51042222700582,0.49840285632056697,1.3672488555426723e-05,7.036992618775028,0.0
RG,155.60713268858976,0.49840219702380123,1.3683806963897742e-05,7.036486791693091,0.0
RG,155.70384315017373,0.49840153718201435,1.3695139440971892e-05,7.0359807552432665,0.0
RG,155.8005536117577,0.49840087679452943,1.3706486010012133e-05,7.035474509252012,0.0
RG,155.89726407334166,0.49840021586066885,1.3717846694383924e-05,7.034968053545565,0.0
RG,155.9939745349256,0.4983995543797542,1.37292215175201e-05,7.034461387949947,0.0
RG,156.09068499650957,0.49839889235110524,1.3740610502911338e-05,7.033954512290966,0.0
RG,156.18739545809353,0.49839822977404113,1.3752013674076145e-05,7.033447426394205,0.0
RG,156.28410591967747,0.4983975666478797,1.3763431054611075e-05,7.0329401300850405,0.0
RG,156.38081638126144,0.4983969029719377,1.3774862668134002e-05,7.032432623188623,0.0
RG,156.4775268428454,0.49839623874553063,1.3786308538312148e-05,7.031924905529887,0.0
RG,156.57423730442935,0.4983955739679731,1.3797768688897227e-05,7.031416976933549,0.0
RG,156.6709477660133,0.4983949086385784,1.3809243143646816e-05,7.030908837224107,0.0
RG,156.76765822759728,0.4983942427566586,1.3820731926392051e-05,7.030400486225839,0.0
RG,156.86436868918125,0.49839357632152487,1.3832235061010767e-05,7.029891923762807,0.0
RG,156.9610791507652,0.498392909332487,1.3843752571415458e-05,7.029383149658844,0.0
RG,157.05778961234915,0.4983922417888537,1.3855284481605521e-05,7.028874163737572,0.0
RG,157.15450007393312,0.4983915736899327,1.3866830815589229e-05,7.028364965822388,0.0
RG,157.25121053551706,0.4983909050350304,1.3878391597436595e-05,7.027855555736468,0.0
RG,157.34792099710103,0.4983902358234518,1.3889966851290219e-05,7.027345933302767,0.0
RG,157.444631458685,0.4983895660545014,1.390155660131095e-05,7.0268360983440195,0.0
RG,157.54134192026893,0.4983888957274821,1.3913160871736898e-05,7.026326050682736,0.0
RG,157.6380523818529,0.4983882248416955,1.3924779686840642e-05,7.025815790141205,0.0
RG,157.73476284343687,0.49838755339644236,1.3936413070937512e-05,7.0253053165414885,0.0
RG,157.83147330502084,0.49838688139102205,1.3948061048432839e-05,7.0247946297054344,0.0
RG,157.92818376660477,0.49838620882473295,1.3959723643737324e-05,7.024283729454658,0.0
RG,158.02489422818874,0.4983855356968722,1.3971400881333318e-05,7.023772615610555,0.0
RG,158.1216046897727,0.4983848620067356,1.3983092785759907e-05,7.023261287994295,0.0
RG,158.21831515135665,0.4983841877536181,1.3994799381588843e-05,7.022749746426823,0.0
RG,158.31502561294062,0.49838351293681327,1.4006520693474846e-05,7.022237990728858,0.0
RG,158.41173607452458,0.4983828375556133,1.4018256746091957e-05,7.021726020720898,0.0
RG,158.50844653610852,0.49838216160930965,1.4030007564170178e-05,7.021213836223207,0.0
RG,158.6051569976925,0.4983814850971921,1.404177317252263e-05,7.0207014370558305,0.0
RG,158.70186745927646,0.4983808080185497,1.4053553595974169e-05,7.020188823038582,0.0
RG,158.79857792086042,0.49838013037267004,1.4065348859428138e-05,7.0196759939910525,0.0
RG,158.89528838244436,0.49837945215883944,1.4077158987830873e-05,7.019162949732599,0.0
RG,158.99199884402833,0.4983787733763434,1.4088984006169254e-05,7.018649690082357,0.0
RG,159.0887093056123,0.49837809402446587,1.410082393952175e-05,7.018136214859234,0.0
RG,159.18541976719624,0.49837741410248954,1.4112678812974728e-05,7.017622523881901,0.0
RG,159.2821302287802,0.4983767336096962,1.4124548651684632e-05,7.017108616968807,0.0
RG,159.37884069036417,0.49837605254536627,1.4136433480873585e-05,7.016594493938171,0.0
RG,159.4755511519481,0.498375370908779,1.4148333325792299e-05,7.0160801546079785,0.0
RG,159.57226161353208,0.4983746886992123,1.416024821177477e-05,7.015565598795992,0.0
RG,159.66897207511605,0.498374005915943,1.4172178164181854e-05,7.015050826319733,0.0
RG,159.7656825367,0.4983733225582468,1.4184123208427415e-05,7.014535836996502,0.0
RG,159.86239299828395,0.498372638625398,1.4196083370013554e-05,7.014020630643364,0.0
RG,159.95910345986792,0.4983719541166696,1.4208058674453512e-05,7.013505207077148,0.0
RG,160.0558139214519,0.49837126903133366,1.4220049147339384e-05,7.012989566114461,0.0
RG,160.15252438303582,0.4983705833686608,1.4232054814312107e-05,7.012473707571668,0.0
RG,160.2492348446198,0.4983698971279205,1.4244075701052473e-05,7.011957631264905,0.0
RG,160.34594530620376,0.4983692103083809,1.4256111833334645e-05,7.011441337010075,0.0
RG,160.4426557677877,0.49836852290930905,1.426816323694312e-05,7.010924824622849,0.0
RG,160.53936622937167,0.4983678349299708,1.4280229937732656e-05,7.010408093918659,0.0
RG,160.63607669095563,0.49836714636963025,1.4292311961628237e-05,7.009891144712703,0.0
RG,160.7327871525396,0.49836645722755113,1.4304409334583153e-05,7.009373976819951,0.0
RG,160.82949761412354,0.4983657675029952,1.4316522082635561e-05,7.008856590055132,0.0
RG,160.9262080757075,0.49836507719522316,1.4328650231853628e-05,7.008338984232736,0.0
RG,161.02291853729147,0.4983643863034947,1.4340793808359226e-05,7.007821159167027,0.0
RG,161.1196289988754,0.498363694827068,1.4352952838365681e-05,7.007303114672025,0.0
RG,161.21633946045938,0.49836300276520007,1.436512734809741e-05,7.0067848505615125,0.0
RG,161.31304992204335,0.4983623101171465,1.4377317363860287e-05,7.00626636664904,0.0
RG,161.4097603836273,0.49836161688216185,1.4389522912011427e-05,7.0057476627479165,0.0
RG,161.50647084521125,0.4983609230594994,1.440174401894922e-05,7.005228738671213,0.0
RG,161.60318130679522,0.4983602286484111,1.4413980711166298e-05,7.004709594231763,0.0
RG,161.6998917683792,0.4983595336481476,1.4426233015168942e-05,7.004190229242163,0.0
RG,161.79660222996313,0.498358838057958,1.4438500957535104e-05,7.0036706435147655,0.0
RG,161.8933126915471,0.4983581418770909,1.4450784564914157e-05,7.003150836861687,0.0
RG,161.99002315313106,0.4983574451047928,1.4463083863985865e-05,7.002630809094803,0.0
RG,162.086733614715,0.49835674774030936,1.4475398881518027e-05,7.002110560025748,0.0
RG,162.18344407629897,0.4983560497828848,1.4487729644308418e-05,7.001590089465914,0.0
RG,162.28015453788294,0.4983553512317623,1.4500076179211666e-05,7.001069397226455,0.0
RG,162.37686499946687,0.4983546520861833,1.4512438513174034e-05,7.000548483118283,0.0
RG,162.47357546105084,0.4983539523453884,1.4524816673156732e-05,7.0000273469520655,0.0
RG,162.5702859226348,0.49835325200861663,1.453721068620454e-05,6.9995059885382265,0.0
RG,162.66699638421878,0.4983525510751056,1.4549620579413135e-05,6.998984407686951,0.0
RG,162.76370684580272,0.4983518495440923,1.4562046379922217e-05,6.998462604208177,0.0
RG,162.86041730738668,0.4983511474148114,1.4574488114969423e-05,6.997940577911601,0.0
RG,162.95712776897065,0.4983504446864971,1.4586945811805258e-05,6.997418328606675,0.0
RG,163.0538382305546,0.49834974135838206,1.459941949775713e-05,6.996895856102604,0.0
RG,163.15054869213856,0.49834903742969733,1.4611909200220609e-05,6.996373160208349,0.0
RG,163.24725915372252,0.498348332899673,1.4624414946627927e-05,6.995850240732628,0.0
RG,163.34396961530646,0.49834762776753777,1.4636936764501939e-05,6.995327097483911,0.0
RG,163.44068007689043,0.49834692203251874,1.4649474681393222e-05,6.994803730270419,0.0
RG,163.5373905384744,0.4983462156938422,1.4662028724915436e-05,6.994280138900132,0.0
RG,163.63410100005837,0.4983455087507326,1.4674598922770882e-05,6.9937563231807784,0.0
RG,163.7308114616423,0.4983448012024134,1.4687185302682858e-05,6.99323228291984,0.0
RG,163.82752192322627,0.4983440930481067,1.4699787892462167e-05,6.992708017924551,0.0
RG,163.92423238481024,0.49834338428703284,1.4712406719965872e-05,6.992183528001896,0.0
RG,164.02094284639418,0.49834267491841155,1.4725041813101027e-05,6.991658812958613,0.0
RG,164.11765330797814,0.49834196494146066,1.4737693199874765e-05,6.991133872601188,0.0
RG,164.2143637695621,0.49834125435539683,1.4750360908307215e-05,6.990608706735859,0.0
RG,164.31107423114605,0.49834054315943527,1.4763044966501735e-05,6.990083315168614,0.0
RG,164.40778469273002,0.49833983135279025,1.477574540262528e-05,6.989557697705189,0.0
RG,164.504495154314,0.49833911893467414,1.4788462244886377e-05,6.989031854151069,0.0
RG,164.60120561589795,0.4983384059042982,1.4801195521590532e-05,6.988505784311488,0.0
RG,164.6979160774819,0.49833769226087243,1.48139452610655e-05,6.9879794879914305,0.0
RG,164.79462653906586,0.4983369780036053,1.4826711491711511e-05,6.987452964995621,0.0
RG,164.89133700064983,0.4983362631317039,1.4839494242010128e-05,6.986926215128543,0.0
RG,164.98804746223377,0.4983355476443744,1.4852293540473496e-05,6.986399238194415,0.0
RG,165.08475792381773,0.49833483154082076,1.486510941570625e-05,6.98587203399721,0.0
RG,165.1814683854017,0.4983341148202464,1.487794189635119e-05,6.985344602340644,0.0
RG,165.27817884698564,0.4983333974818528,1.4890791011110337e-05,6.984816943028174,0.0
RG,165.3748893085696,0.4983326795248403,1.4903656788783361e-05,6.984289055863011,0.0
RG,165.47159977015357,0.4983319609484079,1.4916539258188258e-05,6.9837609406481045,0.0
RG,165.56831023173754,0.49833124175175325,1.4929438448232463e-05,6.9832325971861495,0.0
RG,165.66502069332148,0.49833052193407235,1.4942354387878943e-05,6.982704025279584,0.0
RG,165.76173115490545,0.4983298014945599,1.4955287106139107e-05,6.9821752247305895,0.0
RG,165.85844161648942,0.4983290804324096,1.496823663212735e-05,6.981646195341094,0.0
RG,165.95515207807335,0.4983283587468131,1.4981202994975632e-05,6.98111693691276,0.0
RG,166.05186253965732,0.49832763643696104,1.4994186223899247e-05,6.9805874492469995,0.0
RG,166.1485730012413,0.4983269135020428,1.500718634818379e-05,6.980057732144962,0.0
RG,166.24528346282523,0.49832618994124583,1.5020203397157158e-05,6.979527785407538,0.0
RG,166.3419939244092,0.4983254657537568,1.5033237400246012e-05,6.9789976088353605,0.0
RG,166.43870438599316,0.49832474093876056,1.5046288386904754e-05,6.978467202228803,0.0
RG,166.53541484757713,0.49832401549544053,1.5059356386660938e-05,6.9779365653879735,0.0
RG,166.63212530916107,0.498323289422979,1.5072441429128262e-05,6.977405698112725,0.0
RG,166.72883577074504,0.49832256272055653,1.5085543543952965e-05,6.976874600202646,0.0
RG,166.825546232329,0.49832183538735264,1.5098662760875959e-05,6.976343271457066,0.0
RG,166.92225669391294,0.4983211074225448,1.5111799109681043e-05,6.97581171167505,0.0
RG,167.0189671554969,0.49832037882530966,1.5124952620212964e-05,6.975279920655399,0.0
RG,167.11567761708088,0.4983196495948221,1.5138123322417462e-05,6.9747478981966555,0.0
RG,167.21238807866482,0.498318919730256,1.5151311246261474e-05,6.974215644097095,0.0
RG,167.30909854024878,0.4983181892307831,1.5164516421805032e-05,6.97368315815473,0.0
RG,167.40580900183275,0.498317458095574,1.5177738879165502e-05,6.9731504401673075,0.0
RG,167.50251946341672,0.49831672632379836,1.519097864851244e-05,6.97261748993231,0.0
RG,167.59922992500066,0.49831599391462356,1.5204235760121781e-05,6.972084307246959,0.0
RG,167.69594038658462,0.49831526086721606,1.521751024428896e-05,6.971550891908199,0.0
RG,167.7926508481686,0.49831452718074076,1.523080213139792e-05,6.971017243712723,0.0
RG,167.88936130975253,0.49831379285436095,1.52441114519025e-05,6.970483362456945,0.0
RG,167.9860717713365,0.49831305788723873,1.5257438236304159e-05,6.9699492479370155,0.0
RG,168.08278223292047,0.4983123222785345,1.527078251520787e-05,6.9694148999488235,0.0
RG,168.1794926945044,0.49831158602740716,1.528414431924544e-05,6.968880318287979,0.0
RG,168.27620315608837,0.4983108491330145,1.5297523679129143e-05,6.96834550274983,0.0
RG,168.37291361767234,0.49831011159451244,1.5310920625655212e-05,6.967810453129454,0.0
RG,168.4696240792563,0.4983093734110556,1.5324335189659636e-05,6.96727516922166,0.0
RG,168.56633454084024,0.49830863458179697,1.5337767402078e-05,6.966739650820985,0.0
RG,168.6630450024242,0.4983078951058884,1.5351217293885958e-05,6.966203897721696,0.0
RG,168.75975546400818,0.4983071549824798,1.536468489612881e-05,6.96566790971779,0.0
RG,168.85646592559212,0.49830641421072003,1.5378170239950027e-05,6.965131686602992,0.0
RG,168.9531763871761,0.4983056727897561,1.539167335652242e-05,6.964595228170753,0.0
RG,169.04988684876005,0.4983049307187336,1.540519427711741e-05,6.964058534214255,0.0
RG,169.146597310344,0.49830418799679693,1.541873303305903e-05,6.963521604526403,0.0
RG,169.24330777192796,0.49830344462308857,1.5432289655731977e-05,6.962984438899834,0.0
RG,169.34001823351193,0.4983027005967497,1.544586417662855e-05,6.962447037126907,0.0
RG,169.4367286950959,0.49830195591691995,1.5459456627264123e-05,6.961909398999707,0.0
RG,169.53343915667983,0.4983012105827374,1.5473067039250696e-05,6.961371524310043,0.0
RG,169.6301496182638,0.49830046459333865,1.548669544426461e-05,6.960833412849453,0.0
RG,169.72686007984777,0.4982997179478589,1.5500341874036957e-05,6.960295064409195,0.0
RG,169.8235705414317,0.49829897064543155,1.5514006360408993e-05,6.959756478780252,0.0
RG,169.92028100301567,0.4982982226851888,1.5527688935246032e-05,6.959217655753332,0.0
RG,170.01699146459964,0.49829747406626107,1.5541389630505522e-05,6.958678595118862,0.0
RG,170.1137019261836,0.49829672478777737,1.555510847822007e-05,6.958139296666996,0.0
RG,170.21041238776755,0.498295974848865,1.556884551047316e-05,6.957599760187602,0.0
RG,170.30712284935152,0.49829522424864986,1.5582600759455977e-05,6.957059985470278,0.0
RG,170.40383331093548,0.49829447298625656,1.5596374257391118e-05,6.956519972304338,0.0
RG,170.50054377251942,0.49829372106080766,1.5610166036585984e-05,6.955979720478817,0.0
RG,170.5972542341034,0.49829296847142435,1.5623976129435283e-05,6.955439229782469,0.0
RG,170.69396469568736,0.49829221521722666,1.5637804568378063e-05,6.954898500003768,0.0
RG,170.7906751572713,0.4982914612973323,1.5651651385958966e-05,6.954357530930909,0.0
RG,170.88738561885526,0.4982907067108581,1.5665516614763992e-05,6.953816322351799,0.0
RG,170.98409608043923,0.49828995145691907,1.5679400287455783e-05,6.95327487405407,0.0
RG,171.0808065420232,0.4982891955346286,1.5693302436796212e-05,6.952733185825067,0.0
RG,171.17751700360714,0.4982884389430985,1.5707223095583332e-05,6.952191257451852,0.0
RG,171.2742274651911,0.49828768168143917,1.5721162296719955e-05,6.9516490887212035,0.0
RG,171.37093792677507,0.4982869237487593,1.5735120073160813e-05,6.951106679419618,0.0
RG,171.467648388359,0.498286165144166,1.5749096457929725e-05,6.950564029333304,0.0
RG,171.56435884994298,0.4982854058667649,1.576309148415875e-05,6.950021138248185,0.0
RG,171.66106931152694,0.49828464591565974,1.5777105185010355e-05,6.949478005949901,0.0
RG,171.75777977311088,0.49828388528995315,1.5791137593750658e-05,6.948934632223804,0.0
RG,171.85449023469485,0.4982831239887458,1.5805188743707673e-05,6.948391016854961,0.0
RG,171.95120069627882,0.49828236201113674,1.5819258668272557e-05,6.9478471596281475,0.0
RG,172.04791115786279,0.49828159935622374,1.5833347400950328e-05,6.947303060327856,0.0
RG,172.14462161944672,0.4982808360231027,1.584745497527399e-05,6.946758718738289,0.0
RG,172.2413320810307,0.49828007201086805,1.5861581424878142e-05,6.946214134643358,0.0
RG,172.33804254261466,0.4982793073186123,1.5875726783468392e-05,6.945669307826686,0.0
RG,172.4347530041986,0.4982785419454267,1.5889891084809388e-05,6.945124238071608,0.0
RG,172.53146346578256,0.4982777758904008,1.590407436278211e-05,6.944578925161169,0.0
RG,172.62817392736653,0.4982770091526223,1.591827665129621e-05,6.944033368878119,0.0
RG,172.72488438895047,0.4982762417311777,1.5932497984360416e-05,6.943487569004922,0.0
RG,172.82159485053444,0.49827547362515134,1.5946738396062108e-05,6.942941525323742,0.0
RG,172.9183053121184,0.4982747048336265,1.596099792054584e-05,6.942395237616459,0.0
RG,173.01501577370237,0.49827393535568426,1.5975276592070674e-05,6.941848705664659,0.0
RG,173.1117262352863,0.49827316519040454,1.5989574444930194e-05,6.941301929249628,0.0
RG,173.20843669687028,0.49827239433686504,1.6003891513512128e-05,6.940754908152362,0.0
RG,173.30514715845425,0.49827162279414267,1.6018227832291026e-05,6.940207642153563,0.0
RG,173.4018576200382,0.49827085056131165,1.6032583435795686e-05,6.939660131033636,0.0
RG,173.49856808162215,0.49827007763744535,1.604695835866854e-05,6.939112374572695,0.0
RG,173.59527854320612,0.4982693040216153,1.6061352635592297e-05,6.938564372550551,0.0
RG,173.69198900479006,0.49826852971289104,1.607576630133921e-05,6.938016124746721,0.0
RG,173.78869946637403,0.4982677547103407,1.6090199390776663e-05,6.937467630940428,0.0
RG,173.885409927958,0.49826697901303074,1.6104651938822256e-05,6.936918890910591,0.0
RG,173.98212038954196,0.49826620262002586,1.6119123980506128e-05,6.9363699044358365,0.0
RG,174.0788308511259,0.49826542553038927,1.613361555090628e-05,6.93582067129449,0.0
RG,174.17554131270987,0.4982646477431822,1.6148126685184978e-05,6.935271191264576,0.0
RG,174.27225177429384,0.49826386925746424,1.616265741860779e-05,6.93472146412382,0.0
RG,174.36896223587777,0.4982630900722937,1.617720778648546e-05,6.934171489649647,0.0
RG,174.46567269746174,0.4982623101867266,1.619177782424211e-05,6.933621267619185,0.0
RG,174.5623831590457,0.49826152959981773,1.620636756735587e-05,6.933070797809251,0.0
RG,174.65909362062965,0.49826074831061984,1.622097705138485e-05,6.932520079996371,0.0
RG,174.75580408221361,0.49825996631818426,1.6235606311997577e-05,6.931969113956757,0.0
RG,174.85251454379758,0.4982591836215603,1.625025538490373e-05,6.931417899466328,0.0
RG,174.94922500538155,0.49825840021979595,1.626492430592624e-05,6.930866436300695,0.0
RG,175.0459354669655,0.49825761611193714,1.627961311094916e-05,6.930314724235163,0.0
RG,175.14264592854946,0.4982568312970281,1.6294321835932416e-05,6.9297627630447325,0.0
RG,175.23935639013342,0.49825604577411164,1.6309050516951796e-05,6.929210552504102,0.0
RG,175.33606685171736,0.4982552595422285,1.6323799190121822e-05,6.9286580923876615,0.0
RG,175.43277731330133,0.4982544726004179,1.633856789167028e-05,6.928105382469493,0.0
RG,175.5294877748853,0.49825368494771705,1.635335665789197e-05,6.927552422523376,0.0
RG,175.62619823646924,0.4982528965831618,1.6368165525154584e-05,6.926999212322777,0.0
RG,175.7229086980532,0.498252107505786,1.6382994529946515e-05,6.926445751640858,0.0
RG,175.81961915963717,0.4982513177146219,1.6397843708792574e-05,6.925892040250471,0.0
RG,175.91632962122114,0.4982505272086998,1.6412713098331342e-05,6.925338077924157,0.0
RG,176.01304008280508,0.4982497359870482,1.642760273527347e-05,6.9247838644341515,0.0
RG,176.10975054438904,0.4982489440486943,1.6442512656400762e-05,6.924229399552376,0.0
RG,176.206461005973,0.49824815139266315,1.645744289861858e-05,6.92367468305044,0.0
RG,176.30317146755695,0.498247358017978,1.6472393498868497e-05,6.923119714699648,0.0
RG,176.39988192914092,0.4982465639236604,1.6487364494205716e-05,6.922564494270984,0.0
RG,176.49659239072489,0.4982457691087303,1.6502355921761992e-05,6.922009021535122,0.0
RG,176.59330285230882,0.4982449735722055,1.6517367818739328e-05,6.921453296262427,0.0
RG,176.6900133138928,0.49824417731310255,1.6532400222465104e-05,6.920897318222945,0.0
RG,176.78672377547676,0.4982433803304356,1.6547453170303853e-05,6.920341087186409,0.0
RG,176.88343423706073,0.49824258262321747,1.6562526699733264e-05,6.9197846029222365,0.0
RG,176.98014469864466,0.4982417841904589,1.6577620848311726e-05,6.9192278651995345,0.0
RG,177.07685516022863,0.498240985031169,1.6592735653667282e-05,6.918670873787084,0.0
RG,177.1735656218126,0.4982401851443551,1.6607871153555155e-05,6.91811362845336,0.0
RG,177.27027608339654,0.49823938452902256,1.6623027385768535e-05,6.917556128966512,0.0
RG,177.3669865449805,0.4982385831841748,1.6638204388213733e-05,6.916998375094376,0.0
RG,177.46369700656447,0.49823778110881395,1.665340219888151e-05,6.916440366604469,0.0
RG,177.5604074681484,0.49823697830193975,1.6668620855831925e-05,6.915882103263985,0.0
RG,177.65711792973238,0.49823617476255067,1.6683860397253247e-05,6.915323584839805,0.0
RG,177.75382839131635,0.4982353704896425,1.6699120861373685e-05,6.914764811098485,0.0
RG,177.8505388529003,0.4982345654822101,1.6714402286534433e-05,6.914205781806261,0.0
RG,177.94724931448425,0.4982337597392461,1.672970471116442e-05,6.913646496729049,0.0
RG,178.04395977606822,0.4982329532597412,1.674502817376159e-05,6.913086955632442,0.0
RG,178.1406702376522,0.49823214604268445,1.6760372712953134e-05,6.912527158281709,0.0
RG,178.23738069923613,0.4982313380870628,1.6775738367408472e-05,6.911967104441801,0.0
RG,178.3340911608201,0.49823052939186163,1.6791125175909703e-05,6.911406793877338,0.0
RG,178.43080162240406,0.49822971995606424,1.6806533177329837e-05,6.9108462263526205,0.0
RG,178.527512083988,0.4982289097786523,1.6821962410610607e-05,6.910285401631623,0.0
RG,178.62422254557197,0.49822809885860514,1.683741291482478e-05,6.909724319477993,0.0
RG,178.72093300715594,0.4982272871949009,1.6852884729088592e-05,6.909162979655056,0.0
RG,178.8176434687399,0.49822647478651516,1.686837789263163e-05,6.908601381925804,0.0
RG,178.91435393032384,0.4982256616324222,1.6883892444776547e-05,6.90803952605291,0.0
RG,179.0110643919078,0.4982248477315939,1.689942842491552e-05,6.907477411798711,0.0
RG,179.10777485349178,0.4982240330830008,1.6914985872572717e-05,6.90691503892522,0.0
RG,179.20448531507571,0.49822321768561084,1.6930564827317573e-05,6.9063524071941185,0.0
RG,179.30119577665968,0.49822240153839087,1.6946165328833757e-05,6.905789516366762,0.0
RG,179.39790623824365,0.4982215846403052,1.696178741689903e-05,6.905226366204171,0.0
RG,179.4946166998276,0.49822076699031653,1.697743113136257e-05,6.904662956467037,0.0
RG,179.59132716141156,0.4982199485873855,1.6993096512206757e-05,6.904099286915722,0.0
RG,179.68803762299552,0.49821912943047103,1.7008783599459873e-05,6.903535357310251,0.0
RG,179.7847480845795,0.4982183095185299,1.702449243326646e-05,6.902971167410322,0.0
RG,179.88145854616343,0.4982174888505171,1.704022305386547e-05,6.902406716975295,0.0
RG,179.9781690077474,0.4982166674253857,1.705597550156963e-05,6.901842005764196,0.0
RG,180.07487946933136,0.49821584524208656,1.707174981682551e-05,6.901277033535719,0.0
RG,180.1715899309153,0.4982150222995692,1.708754604012687e-05,6.900711800048222,0.0
RG,180.26830039249927,0.49821419859678046,1.7103364212085606e-05,6.900146305059724,0.0
RG,180.36501085408324,0.49821337413266586,1.7119204373408855e-05,6.899580548327912,0.0
RG,180.46172131566718,0.4982125489061686,1.7135066564878387e-05,6.899014529610134,0.0
RG,180.55843177725114,0.49821172291623,1.715095082741209e-05,6.8984482486633985,0.0
RG,180.6551422388351,0.49821089616178954,1.716685720197561e-05,6.8978817052443775,0.0
RG,180.75185270041908,0.4982100686417845,1.718278572965454e-05,6.8973148991094035,0.0
RG,180.84856316200302,0.49820924035515035,1.719873645163086e-05,6.896747830014469,0.0
RG,180.94527362358698,0.49820841130082066,1.721470940916212e-05,6.896180497715226,0.0
RG,181.04198408517095,0.49820758147772687,1.7230704643643686e-05,6.895612901966987,0.0
RG,181.1386945467549,0.4982067508847985,1.7246722196519805e-05,6.895045042524721,0.0
RG,181.23540500833886,0.498205919520963,1.7262762109357255e-05,6.894476919143054,0.0
RG,181.33211546992283,0.49820508738514596,1.727882442381836e-05,6.893908531576274,0.0
RG,181.42882593150676,0.4982042544762708,1.7294909181643726e-05,6.89333987957832,0.0
RG,181.52553639309073,0.49820342079325913,1.7311016424713e-05,6.892770962902789,0.0
RG,181.6222468546747,0.49820258633503045,1.732714619495543e-05,6.8922017813029335,0.0
RG,181.71895731625867,0.4982017511005023,1.7343298534426214e-05,6.89163233453166,0.0
RG,181.8156677778426,0.49820091508859005,1.735947348527415e-05,6.891062622341531,0.0
RG,181.91237823942657,0.4982000782982072,1.737567108973021e-05,6.890492644484757,0.0
RG,182.00908870101054,0.4981992407282653,1.7391891390164718e-05,6.889922400713208,0.0
RG,182.10579916259448,0.49819840237767365,1.7408134428999e-05,6.889351890778402,0.0
RG,182.20250962417845,0.49819756324533954,1.7424400248783445e-05,6.888781114431507,0.0
RG,182.2992200857624,0.49819672333016846,1.7440688892160733e-05,6.8882100714233445,0.0
RG,182.39593054734635,0.49819588263106346,1.74570004018586e-05,6.887638761504384,0.0
RG,182.49264100893032,0.49819504114692603,1.7473334820744654e-05,6.887067184424748,0.0
RG,182.5893514705143,0.4981941988766551,1.7489692191739705e-05,6.886495339934204,0.0
RG,182.68606193209826,0.498193355819148,1.7506072557896464e-05,6.885923227782167,0.0
RG,182.7827723936822,0.49819251197329967,1.7522475962358128e-05,6.885350847717703,0.0
RG,182.87948285526616,0.4981916673380031,1.753890244835643e-05,6.884778199489522,0.0
RG,182.97619331685013,0.4981908219121491,1.7555352059263185e-05,6.88420528284598,0.0
RG,183.07290377843407,0.49818997569462664,1.7571824838505615e-05,6.88363209753508,0.0
RG,183.16961424001803,0.4981891286843222,1.7588320829646512e-05,6.88305864330447,0.0
RG,183.266324701602,0.49818828088012085,1.7604840076335735e-05,6.882484919901439,0.0
RG,183.36303516318594,0.4981874322809049,1.7621382622317205e-05,6.881910927072921,0.0
RG,183.4597456247699,0.4981865828855547,1.763794851147303e-05,6.881336664565496,0.0
RG,183.55645608635388,0.4981857326929487,1.7654537787744584e-05,6.880762132125381,0.0
RG,183.65316654793784,0.4981848817019631,1.7671150495212054e-05,6.880187329498434,0.0
RG,183.74987700952178,0.4981840299114722,1.768778667803897e-05,6.879612256430161,0.0
RG,183.84658747110575,0.4981831773203479,1.7704446380489167e-05,6.8790369126657005,0.0
RG,183.94329793268972,0.49818232392746015,1.7721129646961293e-05,6.878461297949833,0.0
RG,184.04000839427366,0.49818146973167643,1.7737836521918974e-05,6.877885412026978,0.0
RG,184.13671885585762,0.4981806147318627,1.7754567049967064e-05,6.877309254641192,0.0
RG,184.2334293174416,0.49817975892688215,1.7771321275789985e-05,6.876732825536169,0.0
RG,184.33013977902556,0.4981789023155964,1.7788099244179287e-05,6.876156124455241,0.0
RG,184.4268502406095,0.4981780448968645,1.7804901000056784e-05,6.875579151141375,0.0
RG,184.52356070219346,0.49817718666954347,1.782172658841595e-05,6.875001905337172,0.0
RG,184.62027116377743,0.4981763276324882,1.783857605439431e-05,6.874424386784869,0.0
RG,184.71698162536137,0.49817546778455146,1.7855449443203992e-05,6.873846595226337,0.0
RG,184.81369208694534,0.4981746071245837,1.7872346800172097e-05,6.873268530403079,0.0
RG,184.9104025485293,0.49817374565143324,1.7889268170751767e-05,6.872690192056231,0.0
RG,185.00711301011324,0.4981728833639465,1.7906213600472834e-05,6.87211157992656,0.0
RG,185.1038234716972,0.49817202026096724,1.7923183135013177e-05,6.871532693754466,0.0
RG,185.20053393328118,0.4981711563413374,1.7940176820120338e-05,6.870953533279978,0.0
RG,185.29724439486515,0.49817029160389664,1.795719470166554e-05,6.870374098242753,0.0
RG,185.39395485644908,0.4981694260474822,1.7974236825639365e-05,6.86979438838208,0.0
RG,185.49066531803305,0.49816855967092943,1.7991303238117028e-05,6.869214403436876,0.0
RG,185.58737577961702,0.4981676924730713,1.8008393985323232e-05,6.868634143145683,0.0
RG,185.68408624120096,0.4981668244527385,1.8025509113549344e-05,6.86805360724667,0.0
RG,185.78079670278493,0.4981659556087597,1.8042648669218153e-05,6.867472795477636,0.0
RG,185.8775071643689,0.4981650859399613,1.8059812698867117e-05,6.866891707576002,0.0
RG,185.97421762595283,0.49816421544516726,1.807700124912239e-05,6.866310343278813,0.0
RG,186.0709280875368,0.4981633441231995,1.8094214366763998e-05,6.865728702322743,0.0
RG,186.16763854912077,0.4981624719728776,1.8111452098634998e-05,6.8651467844440806,0.0
RG,186.26434901070473,0.49816159899301904,1.812871449171833e-05,6.864564589378746,0.0
RG,186.36105947228867,0.49816072518243865,1.8146001593105468e-05,6.863982116862276,0.0
RG,186.45776993387264,0.4981598505399498,1.8163313449982853e-05,6.863399366629827,0.0
RG,186.5544803954566,0.49815897506436263,1.8180650109690696e-05,6.8628163384161835,0.0
RG,186.65119085704055,0.49815809875448575,1.8198011619633797e-05,6.86223303195574,0.0
RG,186.7479013186245,0.4981572216091251,1.821539802736391e-05,6.861649446982517,0.0
RG,186.84461178020848,0.49815634362708433,1.823280938053339e-05,6.8610655832301495,0.0
RG,186.94132224179242,0.49815546480716516,1.8250245726898508e-05,6.86048144043189,0.0
RG,187.0380327033764,0.4981545851481666,1.826770711436515e-05,6.85989701832061,0.0
RG,187.13474316496035,0.49815370464888564,1.8285193590910008e-05,6.859312316628797,0.0
RG,187.23145362654432,0.49815282330811694,1.8302705204661318e-05,6.858727335088551,0.0
RG,187.32816408812826,0.49815194112465266,1.83202420038404e-05,6.858142073431588,0.0
RG,187.42487454971223,0.49815105809728283,1.8337804036782372e-05,6.857556531389236,0.0
RG,187.5215850112962,0.4981501742247951,1.835539135196551e-05,6.856970708692442,0.0
RG,187.61829547288013,0.49814928950597465,1.837300399794741e-05,6.856384605071758,0.0
RG,187.7150059344641,0.49814840393960486,1.8390642023441313e-05,6.855798220257352,0.0
RG,187.81171639604807,0.498147517524466,1.840830547724493e-05,6.855211553978998,0.0
RG,187.908426857632,0.49814663025933675,1.8425994408282145e-05,6.854624605966086,0.0
RG,188.00513731921598,0.4981457421429927,1.8443708865611056e-05,6.8540373759476125,0.0
RG,188.10184778079994,0.49814485317420776,1.846144889837837e-05,6.853449863652183,0.0
RG,188.1985582423839,0.4981439633517531,1.847921455589057e-05,6.852862068808008,0.0
RG,188.29526870396785,0.49814307267439767,1.8497005887530646e-05,6.852273991142911,0.0
RG,188.39197916555182,0.4981421811409079,1.8514822942819954e-05,6.851685630384314,0.0
RG,188.48868962713578,0.4981412887500482,1.85326657714056e-05,6.851096986259253,0.0
RG,188.58540008871972,0.4981403955005798,1.8550534423031237e-05,6.85050805849436,0.0
RG,188.6821105503037,0.4981395013912628,1.8568428947603215e-05,6.8499188468158785,0.0
RG,188.77882101188766,0.4981386064208537,1.8586349395100103e-05,6.849329350949651,0.0
RG,188.8755314734716,0.4981377105881073,1.8604295815650113e-05,6.848739570621124,0.0
RG,188.97224193505556,0.49813681389177566,1.8622268259497927e-05,6.848149505555344,0.0
RG,189.06895239663953,0.4981359163306087,1.864026677699314e-05,6.847559155476959,0.0
RG,189.1656628582235,0.49813501790335374,1.865829141864738e-05,6.846968520110219,0.0
RG,189.26237331980744,0.4981341186087558,1.8676342235046247e-05,6.846377599178973,0.0
RG,189.3590837813914,0.4981332184455572,1.8694419276934173e-05,6.845786392406666,0.0
RG,189.45579424297537,0.4981323174124982,1.8712522595160776e-05,6.8451948995163425,0.0
RG,189.5525047045593,0.49813141550831647,1.8730652240692935e-05,6.844603120230642,0.0
RG,189.64921516614328,0.4981305127317471,1.8748808264651668e-05,6.844011054271806,0.0
RG,189.74592562772725,0.49812960908152293,1.876699071824224e-05,6.843418701361664,0.0
RG,189.84263608931118,0.49812870455637415,1.878519965283321e-05,6.842826061221645,0.0
RG,189.93934655089515,0.4981277991550287,1.880343511988768e-05,6.842233133572773,0.0
RG,190.03605701247912,0.49812689287621187,1.8821697171000246e-05,6.841639918135658,0.0
RG,190.1327674740631,0.49812598571864664,1.883998585790962e-05,6.84104641463051,0.0
RG,190.22947793564703,0.49812507768105346,1.8858301232448953e-05,6.840452622777126,0.0
RG,190.326188397231,0.49812416876215004,1.8876643346620152e-05,6.839858542294896,0.0
RG,190.42289885881496,0.49812325896065196,1.8895012252508898e-05,6.839264172902798,0.0
RG,190.5196093203989,0.49812234827527196,1.8913408002348178e-05,6.8386695143194,0.0
RG,190.61631978198287,0.49812143670472087,1.893183064850281e-05,6.8380745662628595,0.0
RG,190.71303024356683,0.4981205242477062,1.8950280243443648e-05,6.837479328450918,0.0
RG,190.80974070515077,0.49811961090293355,1.896875683981143e-05,6.836883800600909,0.0
RG,190.90645116673474,0.49811869666910574,1.8987260490326757e-05,6.836287982429749,0.0
RG,191.0031616283187,0.49811778154492314,1.9005791247870496e-05,6.835691873653936,0.0
RG,191.09987208990268,0.4981168655290834,1.9024349165444092e-05,6.835095473989558,0.0
RG,191.1965825514866,0.49811594862028197,1.904293429616468e-05,6.834498783152284,0.0
RG,191.29329301307058,0.4981150308172117,1.9061546693317148e-05,6.833901800857366,0.0
RG,191.39000347465455,0.4981141121185624,1.9080186410270155e-05,6.833304526819638,0.0
RG,191.4867139362385,0.4981131925230218,1.909885350056268e-05,6.832706960753513,0.0
RG,191.58342439782245,0.49811227202927516,1.9117548017839506e-05,6.8321091023729865,0.0
RG,191.68013485940642,0.49811135063600465,1.9136270015878334e-05,6.831510951391635,0.0
RG,191.77684532099036,0.4981104283418902,1.9155019548611138e-05,6.830912507522606,0.0
RG,191.87355578257433,0.4981095051456092,1.9173796670068857e-05,6.830313770478633,0.0
RG,191.9702662441583,0.49810858104583633,1.9192601434456103e-05,6.829714739972023,0.0
RG,192.06697670574226,0.49810765604124374,1.9211433896071202e-05,6.829115415714659,0.0
RG,192.1636871673262,0.49810673013050083,1.923029410936275e-05,6.8285157974179995,0.0
RG,192.26039762891017,0.49810580331227455,1.924918212892147e-05,6.827915884793076,0.0
RG,192.35710809049414,0.4981048755852292,1.92680980094474e-05,6.827315677550496,0.0
RG,192.45381855207808,0.49810394694802634,1.9287041805818864e-05,6.826715175400438,0.0
RG,192.55052901366204,0.49810301739932494,1.9306013572999906e-05,6.826114378052652,0.0
RG,192.647239475246,0.4981020869377818,1.932501336612113e-05,6.825513285216461,0.0
RG,192.74394993682995,0.4981011555620501,1.9344041240441258e-05,6.8249118966007565,0.0
RG,192.84066039841392,0.4981002232707812,1.936309725134119e-05,6.824310211913999,0.0
RG,192.93737085999788,0.4980992900626236,1.938218145437519e-05,6.82370823086422,0.0
RG,193.03408132158185,0.49809835593622276,1.9401293905189227e-05,6.823105953159013,0.0
RG,193.1307917831658,0.4980974208902222,1.9420434659606407e-05,6.822503378505547,0.0
RG,193.22750224474976,0.49809648492326203,1.943960377356107e-05,6.8219005066105485,0.0
RG,193.32421270633373,0.4980955480339801,1.9458801303128782e-05,6.8212973371803125,0.0
RG,193.42092316791766,0.4980946102210114,1.9478027304544804e-05,6.8206938699207,0.0
RG,193.51763362950163,0.4980936714829884,1.9497281834150456e-05,6.82009010453713,0.0
RG,193.6143440910856,0.49809273181854075,1.9516564948469476e-05,6.81948604073459,0.0
RG,193.71105455266954,0.4980917912262951,1.953587670412293e-05,6.818881678217626,0.0
RG,193.8077650142535,0.49809084970487605,1.9555217157892673e-05,6.8182770166903435,0.0
RG,193.90447547583747,0.4980899072529049,1.957458636670607e-05,6.817672055856412,0.0
RG,194.00118593742144,0.4980889638690006,1.9593984387608835e-05,6.817066795419054,0.0
RG,194.09789639900538,0.4980880195517789,1.961341127783107e-05,6.816461235081055,0.0
RG,194.19460686058935,0.4980870742998532,1.9632867094695203e-05,6.815855374544758,0.0
RG,194.2913173221733,0.4980861281118342,1.965235189570178e-05,6.8152492135120575,0.0
RG,194.38802778375725,0.4980851809863297,1.9671865738478812e-05,6.814642751684407,0.0
RG,194.48473824534122,0.49808423292194454,1.969140868079022e-05,6.814035988762814,0.0
RG,194.5814487069252,0.498083283917281,1.9710980780573756e-05,6.81342892444784,0.0
RG,194.67815916850913,0.49808233397093854,1.9730582095871463e-05,6.812821558439599,0.0
RG,194.7748696300931,0.4980813830815139,1.975021268491168e-05,6.8122138904377545,0.0
RG,194.87158009167706,0.4980804312476011,1.9769872606032692e-05,6.8116059201415275,0.0
RG,194.96829055326103,0.4980794784677911,1.9789561917730286e-05,6.81099764724968,0.0
RG,195.06500101484497,0.49807852474067216,1.9809280678658378e-05,6.810389071460531,0.0
RG,195.16171147642893,0.49807757006482994,1.9829028947589666e-05,6.809780192471943,0.0
RG,195.2584219380129,0.498076614438847,1.984880678348838e-05,6.809171009981329,0.0
RG,195.35513239959684,0.498075657861303,1.9868614245416107e-05,6.808561523685647,0.0
RG,195.4518428611808,0.4980747003307752,1.9888451392613368e-05,6.807951733281399,0.0
RG,195.54855332276477,0.49807374184583775,1.9908318284461412e-05,6.807341638464636,0.0
RG,195.6452637843487,0.4980727824050618,1.9928214980475743e-05,6.806731238930948,0.0
RG,195.74197424593268,0.4980718220070159,1.9948141540356983e-05,6.806120534375471,0.0
RG,195.83868470751665,0.49807086065026585,1.9968098023910236e-05,6.805509524492881,0.0
RG,195.93539516910062,0.4980698983333741,1.998808449113194e-05,6.804898208977396,0.0
RG,196.03210563068455,0.4980689350549007,2.0008101002138665e-05,6.804286587522776,0.0
RG,196.12881609226852,0.4980679708134023,2.0028147617205147e-05,6.803674659822316,0.0
RG,196.2255265538525,0.4980670056074334,2.0048224396772467e-05,6.803062425568851,0.0
RG,196.32223701543643,0.498066039435545,2.006833140140527e-05,6.802449884454755,0.0
RG,196.4189474770204,0.49806507229628544,2.0088468691863374e-05,6.8018370361719365,0.0
RG,196.51565793860436,0.4980641041881998,2.0108636329011965e-05,6.801223880411841,0.0
RG,196.6123684001883,0.4980631351098309,2.012883437389761e-05,6.800610416865444,0.0
RG,196.70907886177227,0.49806216505971823,2.0149062887716163e-05,6.799996645223263,0.0
RG,196.80578932335624,0.49806119403639826,2.0169321931800997e-05,6.799382565175341,0.0
RG,196.9024997849402,0.49806022203840455,2.018961156767793e-05,6.798768176411254,0.0
RG,196.99921024652414,0.49805924906426796,2.0209931856980986e-05,6.798153478620112,0.0
RG,197.0959207081081,0.49805827511251616,2.023028286154103e-05,6.79753847149055,0.0
RG,197.19263116969208,0.498057300181674,2.0250664643316533e-05,6.7969231547107345,0.0
RG,197.28934163127602,0.49805632427026325,2.0271077264427257e-05,6.796307527968361,0.0
RG,197.38605209285998,0.4980553473768027,2.029152078716769e-05,6.795691590950651,0.0
RG,197.48276255444395,0.4980543694998082,2.0311995273958717e-05,6.79507534334435,0.0
RG,197.5794730160279,0.4980533906377926,2.0332500787423497e-05,6.794458784835731,0.0
RG,197.67618347761186,0.4980524107892657,2.03530373902958e-05,6.79384191511059,0.0
RG,197.77289393919582,0.4980514299527345,2.037360514549705e-05,6.793224733854248,0.0
RG,197.8696044007798,0.4980504481267028,2.0394204116102606e-05,6.792607240751545,0.0
RG,197.96631486236373,0.49804946530967126,2.0414834365332164e-05,6.791989435486843,0.0
RG,198.0630253239477,0.4980484815001376,2.0435495956602037e-05,6.791371317744026,0.0
RG,198.15973578553167,0.4980474966965967,2.0456188953443863e-05,6.790752887206494,0.0
RG,198.2564462471156,0.4980465108975403,2.047691341959253e-05,6.790134143557172,0.0
RG,198.35315670869957,0.49804552410145675,2.0497669418913643e-05,6.7895150864784934,0.0
RG,198.44986717028354,0.4980445363068319,2.051845701544345e-05,6.788895715652413,0.0
RG,198.5465776318675,0.4980435475121481,2.0539276273394486e-05,6.788276030760402,0.0
RG,198.64328809345145,0.4980425577158848,2.0560127257115015e-05,6.787656031483442,0.0
RG,198.7399985550354,0.4980415669165183,2.0581010031160745e-05,6.787035717502029,0.0
RG,198.83670901661938,0.49804057511252176,2.0601924660202215e-05,6.786415088496174,0.0
RG,198.93341947820332,0.4980395823023655,2.0622871209106728e-05,6.785794144145398,0.0
RG,199.0301299397873,0.49803858848451643,2.0643849742897668e-05,6.7851728841287295,0.0
RG,199.12684040137125,0.4980375936574384,2.066486032675181e-05,6.784551308124711,0.0
RG,199.2235508629552,0.49803659781959225,2.0685903026044914e-05,6.78392941581139,0.0
RG,199.32026132453916,0.4980356009694356,2.0706977906277163e-05,6.783307206866323,0.0
RG,199.41697178612313,0.49803460310542313,2.0728085033159867e-05,6.782684680966573,0.0
RG,199.5136822477071,0.49803360422600595,2.074922447253499e-05,6.782061837788706,0.0
RG,199.61039270929103,0.4980326043296324,2.0770396290427326e-05,6.781438677008795,0.0
RG,199.707103170875,0.49803160341474745,2.0791600553039578e-05,6.780815198302416,0.0
RG,199.80381363245897,0.498030601479793,2.0812837326718104e-05,6.780191401344644,0.0
RG,199.9005240940429,0.49802959852320766,2.0834106678022736e-05,6.779567285810062,0.0
RG,199.99723455562687,0.498028594543427,2.085540867363291e-05,6.7789428513727445,0.0
RG,200.09394501721084,0.49802758953888326,2.0876743380437395e-05,6.778318097706274,0.0
RG,200.19065547879478,0.49802658350800555,2.0898110865477117e-05,6.777693024483724,0.0
RG,200.28736594037875,0.49802557644921974,2.0919511195961284e-05,6.77706763137767,0.0
RG,200.38407640196272,0.4980245683609485,2.0940944439296127e-05,6.77644191806018,0.0
RG,200.48078686354668,0.4980235592416111,2.09624106630251e-05,6.775815884202821,0.0
RG,200.57749732513062,0.4980225490896239,2.098390993491046e-05,6.77518952947665,0.0
RG,200.6742077867146,0.49802153790339976,2.100544232284295e-05,6.774562853552221,0.0
RG,200.77091824829856,0.49802052568134847,2.1027007894913236e-05,6.773935856099578,0.0
RG,200.8676287098825,0.4980195124218761,2.104860671938565e-05,6.773308536788256,0.0
RG,200.96433917146646,0.4980184981233862,2.107023886468221e-05,6.772680895287276,0.0
RG,201.06104963305043,0.4980174827842783,2.1091904399438855e-05,6.772052931265158,0.0
RG,201.15776009463437,0.4980164664029491,2.1113603392421266e-05,6.771424644389898,0.0
RG,201.25447055621834,0.49801544897779204,2.1135335912616763e-05,6.7707960343289875,0.0
RG,201.3511810178023,0.4980144305071968,2.1157102029157124e-05,6.7701671007494,0.0
RG,201.44789147938627,0.4980134109895501,2.117890181136319e-05,6.769537843317592,0.0
RG,201.5446019409702,0.49801239042323553,2.1200735328745865e-05,6.768908261699509,0.0
RG,201.64131240255418,0.49801136880663266,2.1222602650970195e-05,6.768278355560572,0.0
RG,201.73802286413814,0.49801034613811834,2.1244503847923888e-05,6.767648124565689,0.0
RG,201.83473332572208,0.49800932241606605,2.126643898962522e-05,6.767017568379245,0.0
RG,201.93144378730605,0.49800829763884547,2.1288408146310836e-05,6.766386686665106,0.0
RG,202.02815424889002,0.4980072718048234,2.1310411388381725e-05,6.765755479086618,0.0
RG,202.12486471047396,0.4980062449123628,2.1332448786416804e-05,6.7651239453065966,0.0
RG,202.22157517205792,0.4980052169598237,2.135452041120171e-05,6.764492084987342,0.0
RG,202.3182856336419,0.49800418794556234,2.1376626333671075e-05,6.763859897790627,0.0
RG,202.41499609522586,0.49800315786793203,2.139876662498785e-05,6.7632273833776955,0.0
RG,202.5117065568098,0.49800212672528216,2.142094135645422e-05,6.762594541409266,0.0
RG,202.60841701839377,0.49800109451595903,2.144315059958388e-05,6.761961371545528,0.0
RG,202.70512747997773,0.4980000612383053,2.1465394426072907e-05,6.761327873446143,0.0
RG,202.80183794156167,0.49799902689066045,2.148767290778798e-05,6.760694046770239,0.0
RG,202.89854840314564,0.49799799147136026,2.1509986116817062e-05,6.760059891176417,0.0
RG,202.9952588647296,0.4979969549787371,2.15323341253919e-05,6.759425406322741,0.0
RG,203.09196932631355,0.4979959174111202,2.155471700597684e-05,6.758790591866744,0.0
RG,203.1886797878975,0.49799487876683474,2.1577134831187753e-05,6.758155447465421,0.0
RG,203.28539024948148,0.497993839044203,2.159958767384547e-05,6.757519972775233,0.0
RG,203.38210071106545,0.49799279824154347,2.1622075606967092e-05,6.756884167452105,0.0
RG,203.4788111726494,0.4979917563571711,2.164459870373771e-05,6.756248031151419,0.0
RG,203.57552163423335,0.4979907133893973,2.1667157037573962e-05,6.755611563528022,0.0
RG,203.67223209581732,0.49798966933653027,2.1689750682034948e-05,6.754974764236221,0.0
RG,203.76894255740126,0.4979886241968744,2.1712379710913992e-05,6.754337632929776,0.0
RG,203.86565301898523,0.49798757796873055,2.173504419817025e-05,6.753700169261908,0.0
RG,203.9623634805692,0.4979865306503964,2.1757744217961368e-05,6.753062372885295,0.0
RG,204.05907394215313,0.4979854822401653,2.1780479844654098e-05,6.752424243452069,0.0
RG,204.1557844037371,0.4979844327363279,2.1803251152781943e-05,6.751785780613812,0.0
RG,204.25249486532107,0.4979833821371709,2.1826058217117034e-05,6.751146984021563,0.0
RG,204.34920532690504,0.4979823304409773,2.184890111257759e-05,6.750507853325812,0.0
RG,204.44591578848897,0.4979812776460265,2.187177991431475e-05,6.7498683881764965,0.0
RG,204.54262625007294,0.4979802237505947,2.189469469766049e-05,6.749228588223007,0.0
RG,204.6393367116569,0.49797916875295395,2.1917645538139765e-05,6.748588453114178,0.0
RG,204.73604717324085,0.49797811265137315,2.1940632511498744e-05,6.747947982498295,0.0
RG,204.83275763482482,0.49797705544411724,2.196365569364917e-05,6.747307176023084,0.0
RG,204.92946809640878,0.4979759971294476,2.19867151607475e-05,6.74666603333572,0.0
RG,205.02617855799272,0.49797493770562223,2.2009810989102234e-05,6.746024554082821,0.0
RG,205.1228890195767,0.49797387717089503,2.203294325525393e-05,6.745382737910443,0.0
RG,205.21959948116066,0.4979728155235165,2.2056112035935878e-05,6.744740584464088,0.0
RG,205.31630994274462,0.49797175276173344,2.207931740807226e-05,6.744098093388694,0.0
RG,205.41302040432856,0.49797068888378887,2.210255944881924e-05,6.74345526432864,0.0
RG,205.50973086591253,0.49796962388792226,2.2125838235497136e-05,6.742812096927742,0.0
RG,205.6064413274965,0.49796855777236915,2.2149153845677087e-05,6.742168590829252,0.0
RG,205.70315178908044,0.4979674905353617,2.217250635708956e-05,6.741524745675857,0.0
RG,205.7998622506644,0.497966422175128,2.2195895847695888e-05,6.740880561109675,0.0
RG,205.89657271224837,0.4979653526898925,2.221932239566133e-05,6.740236036772263,0.0
RG,205.9932831738323,0.49796428207787613,2.2242786079341205e-05,6.739591172304603,0.0
RG,206.08999363541628,0.4979632103372958,2.2266286977332604e-05,6.738945967347113,0.0
RG,206.18670409700024,0.4979621374663646,2.228982516839685e-05,6.738300421539635,0.0
RG,206.2834145585842,0.4979610634632921,2.23134007315498e-05,6.737654534521441,0.0
RG,206.38012502016815,0.497959988326284,2.2337013745976616e-05,6.737008305931232,0.0
RG,206.47683548175212,0.4979589120535423,2.236066429109231e-05,6.736361735407128,0.0
RG,206.5735459433361,0.4979578346432648,2.2384352446525176e-05,6.73571482258668,0.0
RG,206.67025640492002,0.49795675609364587,2.240807829209442e-05,6.735067567106859,0.0
RG,206.766966866504,0.49795567640287586,2.243184190786947e-05,6.7344199686040565,0.0
RG,206.86367732808796,0.49795459556914146,2.2455643374085193e-05,6.733772026714086,0.0
RG,206.9603877896719,0.4979535135906253,2.2479482771235805e-05,6.733123741072183,0.0
RG,207.05709825125587,0.4979524304655064,2.2503360179992854e-05,6.732475111312996,0.0
RG,207.15380871283983,0.49795134619195974,2.2527275681258285e-05,6.731826137070591,0.0
RG,207.2505191744238,0.49795026076815624,2.2551229356155854e-05,6.731176817978453,0.0
RG,207.34722963600774,0.4979491741922636,2.2575221286002194e-05,6.730527153669478,0.0
RG,207.4439400975917,0.4979480864624447,2.2599251552371362e-05,6.729877143775978,0.0
RG,207.54065055917567,0.4979469975768593,2.2623320237005557e-05,6.729226787929674,0.0
RG,207.6373610207596,0.4979459075336628,2.2647427421911292e-05,6.7285760857616985,0.0
RG,207.73407148234358,0.49794481633100685,2.2671573189279078e-05,6.727925036902594,0.0
RG,207.83078194392755,0.49794372396703895,2.269575762153249e-05,6.727273640982311,0.0
RG,207.9274924055115,0.49794263043990306,2.2719980801323446e-05,6.726621897630206,0.0
RG,208.02420286709545,0.4979415357477388,2.2744242811500847e-05,6.7259698064750415,0.0
RG,208.12091332867942,0.49794043988868186,2.276854373517629e-05,6.725317367144982,0.0
RG,208.2176237902634,0.4979393428608641,2.2792883655634347e-05,6.7246645792676,0.0
RG,208.31433425184733,0.4979382446624135,2.281726265642788e-05,6.724011442469866,0.0
RG,208.4110447134313,0.49793714529145344,2.2841680821300422e-05,6.72335795637815,0.0
RG,208.50775517501526,0.4979360447461042,2.2866138234232594e-05,6.722704120618222,0.0
RG,208.6044656365992,0.49793494302448127,2.289063497943805e-05,6.722049934815255,0.0
RG,208.70117609818317,0.4979338401246964,2.291517114133373e-05,6.721395398593807,0.0
RG,208.79788655976714,0.4979327360448572,2.293974680460261e-05,6.720740511577843,0.0
RG,208.89459702135107,0.49793163078306746,2.2964362054106722e-05,6.7200852733907155,0.0
RG,208.99130748293504,0.49793052433742657,2.2989016974982343e-05,6.719429683655172,0.0
RG,209.088017944519,0.49792941670603025,2.301371165255939e-05,6.718773741993349,0.0
RG,209.18472840610298,0.4979283078869696,2.303844617241177e-05,6.718117448026775,0.0
RG,209.28143886768692,0.497927197878332,2.3063220620350716e-05,6.717460801376369,0.0
RG,209.37814932927088,0.4979260866782006,2.308803508239589e-05,6.716803801662429,0.0
RG,209.47485979085485,0.49792497428465465,2.3112889644838604e-05,6.7161464485046505,0.0
RG,209.5715702524388,0.49792386069576877,2.3137784394153795e-05,6.7154887415221065,0.0
RG,209.66828071402276,0.497922745909614,2.3162719417097204e-05,6.714830680333255,0.0
RG,209.76499117560672,0.49792162992425665,2.3187694800621476e-05,6.714172264555935,0.0
RG,209.86170163719066,0.49792051273775945,2.3212710631930377e-05,6.713513493807368,0.0
RG,209.95841209877463,0.4979193943481806,2.3237766998469136e-05,6.712854367704155,0.0
RG,210.0551225603586,0.49791827475357403,2.326286398789712e-05,6.712194885862273,0.0
RG,210.15183302194256,0.4979171539519898,2.328800168814983e-05,6.711535047897079,0.0
RG,210.2485434835265,0.49791603194147344,2.3313180187352725e-05,6.7108748534233005,0.0
RG,210.34525394511047,0.4979149087200665,2.3338399573918426e-05,6.710214302055043,0.0
RG,210.44196440669444,0.4979137842858062,2.3363659936458707e-05,6.709553393405785,0.0
RG,210.53867486827838,0.49791265863672535,2.3388961363845993e-05,6.708892127088372,0.0
RG,210.63538532986234,0.49791153177085273,2.341430394519515e-05,6.708230502715022,0.0
RG,210.7320957914463,0.49791040368621287,2.3439687769844762e-05,6.707568519897323,0.0
RG,210.82880625303025,0.4979092743808257,2.3465112927410265e-05,6.7069061782462285,0.0
RG,210.92551671461422,0.4979081438527073,2.349057950770717e-05,6.706243477372055,0.0
RG,211.0222271761982,0.49790701209986904,2.3516087600842673e-05,6.705580416884492,0.0
RG,211.11893763778215,0.49790587912031836,2.3541637297125473e-05,6.704916996392582,0.0
RG,211.2156480993661,0.4979047449120579,2.35672286871357e-05,6.704253215504734,0.0
RG,211.31235856095006,0.49790360947308643,2.359286186169613e-05,6.703589073828718,0.0
RG,211.40906902253403,0.4979024728013981,2.361853691186291e-05,6.7029245709716605,0.0
RG,211.50577948411797,0.4979013348949828,2.3644253928970803e-05,6.702259706540048,0.0
RG,211.60248994570193,0.4979001957518259,2.3670013004563283e-05,6.701594480139719,0.0
RG,211.6992004072859,0.4978990553699086,2.3695814230482564e-05,6.700928891375872,0.0
RG,211.79591086886984,0.4978979137472076,2.3721657698772463e-05,6.700262939853054,0.0
RG,211.8926213304538,0.49789677088169493,2.374754350176118e-05,6.699596625175165,0.0
RG,211.98933179203777,0.49789562677133886,2.3773471732018103e-05,6.698929946945459,0.0
RG,212.08604225362174,0.4978944814141025,2.3799442482357534e-05,6.698262904766532,0.0
RG,212.18275271520568,0.49789333480794484,2.3825455845872432e-05,6.697595498240333,0.0
RG,212.27946317678965,0.4978921869508206,2.3851511915875415e-05,6.696927726968157,0.0
RG,212.37617363837361,0.49789103784067956,2.3877610785982062e-05,6.6962595905506435,0.0
RG,212.47288409995755,0.49788988747546753,2.3903752550012755e-05,6.695591088587769,0.0
RG,212.56959456154152,0.4978887358531253,2.392993730208523e-05,6.694922220678863,0.0
RG,212.6663050231255,0.49788758297158964,2.3956165136554176e-05,6.694252986422585,0.0
RG,212.76301548470946,0.49788642882879247,2.3982436148034547e-05,6.693583385416938,0.0
RG,212.8597259462934,0.4978852734226613,2.400875043141748e-05,6.692913417259264,0.0
RG,212.95643640787736,0.49788411675111904,2.4035108081826325e-05,6.692243081546238,0.0
RG,213.05314686946133,0.4978829588120843,2.4061509194690277e-05,6.691572377873868,0.0
RG,213.14985733104527,0.4978817996034705,2.4087953865648473e-05,6.690901305837502,0.0
RG,213.24656779262924,0.4978806391231872,2.411444219064994e-05,6.690229865031815,0.0
RG,213.3432782542132,0.49787947736913907,2.414097426587596e-05,6.689558055050808,0.0
RG,213.43998871579714,0.49787831433922597,2.416755018778424e-05,6.688885875487818,0.0
RG,213.5366991773811,0.4978771500313433,2.4194170053107107e-05,6.688213325935507,0.0
RG,213.63340963896508,0.49787598444338194,2.4220833958820765e-05,6.68754040598586,0.0
RG,213.73012010054904,0.497874817573228,2.424754200220709e-05,6.6868671152301875,0.0
RG,213.82683056213298,0.49787364941876294,2.427429428076995e-05,6.686193453259125,0.0
RG,213.92354102371695,0.4978724799778635,2.4301090892331425e-05,6.6855194196626275,0.0
RG,214.02025148530092,0.4978713092484019,2.4327931934941292e-05,6.684845014029967,0.0
RG,214.11696194688486,0.49787013722824547,2.4354817506945603e-05,6.684170235949738,0.0
RG,214.21367240846882,0.497868963915257,2.4381747706958813e-05,6.6834950850098505,0.0
RG,214.3103828700528,0.4978677893072944,2.4408722633854686e-05,6.682819560797528,0.0
RG,214.40709333163673,0.4978666134022109,2.443574238681053e-05,6.682143662899309,0.0
RG,214.5038037932207,0.497865436197855,2.4462807065239147e-05,6.681467390901042,0.0
RG,214.60051425480466,0.4978642576920705,2.448991676887815e-05,6.680790744387892,0.0
RG,214.69722471638863,0.49786307788269624,2.4517071597691052e-05,6.6801137229443235,0.0
RG,214.79393517797257,0.4978618967675664,2.454427165195729e-05,6.6794363261541205,0.0
RG,214.89064563955654,0.4978607143445105,2.4571517032215916e-05,6.67875855360036,0.0
RG,214.9873561011405,0.4978595306113528,2.4598807839285233e-05,6.678080404865433,0.0
RG,215.08406656272444,0.4978583455659133,2.4626144174280402e-05,6.677401879531032,0.0
RG,215.1807770243084,0.49785715920600676,2.465352613857054e-05,6.676722977178144,0.0
RG,215.27748748589238,0.49785597152944294,2.4680953833849677e-05,6.676043697387065,0.0
RG,215.37419794747632,0.4978547825340274,2.470842736204362e-05,6.675364039737384,0.0
RG,215.47090840906029,0.49785359221756004,2.4735946825410636e-05,6.674684003807989,0.0
RG,215.56761887064425,0.49785240057783636,2.476351232645822e-05,6.674003589177057,0.0
RG,215.66432933222822,0.49785120761264695,2.4791123967996184e-05,6.6733227954220675,0.0
RG,215.76103979381216,0.49785001331977713,2.4818781853126043e-05,6.672641622119786,0.0
RG,215.85775025539613,0.49784881769700756,2.484648608521747e-05,6.671960068846271,0.0
RG,215.9544607169801,0.49784762074211386,2.4874236767963067e-05,6.671278135176869,0.0
RG,216.05117117856403,0.4978464224528667,2.4902034005302914e-05,6.670595820686211,0.0
RG,216.147881640148,0.49784522282703175,2.4929877901517515e-05,6.66991312494822,0.0
RG,216.24459210173197,0.4978440218623697,2.4957768561130755e-05,6.669230047536095,0.0
RG,216.3413025633159,0.4978428195566361,2.4985706088993442e-05,6.668546588022322,0.0
RG,216.43801302489987,0.4978416159075819,2.501369059023643e-05,6.667862745978667,0.0
RG,216.53472348648384,0.4978404109129526,2.5041722170280885e-05,6.667178520976176,0.0
RG,216.6314339480678,0.4978392045704886,2.5069800934864777e-05,6.666493912585172,0.0
RG,216.72814440965175,0.4978379968779257,2.5097926989990645e-05,6.665808920375251,0.0
RG,216.82485487123571,0.49783678783299407,2.5126100442005058e-05,6.665123543915288,0.0
RG,216.92156533281968,0.4978355774334191,2.51543213975001e-05,6.664437782773428,0.0
RG,217.01827579440362,0.4978343656769212,2.51825899634171e-05,6.663751636517087,0.0
RG,217.1149862559876,0.4978331525612153,2.5210906246961627e-05,6.663065104712949,0.0
RG,217.21169671757156,0.4978319380840113,2.5239270355658427e-05,6.662378186926968,0.0
RG,217.3084071791555,0.4978307222430143,2.526768239733838e-05,6.661690882724367,0.0
RG,217.40511764073946,0.4978295050359237,2.5296142480117785e-05,6.661003191669623,0.0
RG,217.50182810232343,0.49782828646043414,2.5324650712451265e-05,6.6603151133264875,0.0
RG,217.5985385639074,0.4978270665142349,2.5353207203056585e-05,6.6596266472579675,0.0
RG,217.69524902549134,0.4978258451950098,2.538181206100967e-05,6.658937793026329,0.0
RG,217.7919594870753,0.49782462250043796,2.5410465395643175e-05,6.658248550193096,0.0
RG,217.88866994865927,0.497823398428193,2.543916731663764e-05,6.657558918319049,0.0
RG,217.9853804102432,0.4978221729759431,2.5467917933964136e-05,6.656868896964223,0.0
RG,218.08209087182718,0.49782094614135153,2.5496717357906053e-05,6.656178485687906,0.0
RG,218.17880133341114,0.4978197179220759,2.5525565699074444e-05,6.6554876840486346,0.0
RG,218.27551179499508,0.49781848831576886,2.5554463068366814e-05,6.654796491604201,0.0
RG,218.37222225657905,0.49781725732007764,2.5583409577036856e-05,6.654104907911636,0.0
RG,218.46893271816302,0.4978160249326441,2.56124053366026e-05,6.653412932527221,0.0
RG,218.56564317974698,0.4978147911511046,2.564145045895109e-05,6.652720565006484,0.0
RG,218.66235364133092,0.49781355597309057,2.567054505624284e-05,6.652027804904191,0.0
RG,218.7590641029149,0.4978123193962277,2.5699689240983327e-05,6.65133465177435,0.0
RG,218.85577456449886,0.4978110814181362,2.57288831259925e-05,6.650641105170208,0.0
RG,218.9524850260828,0.49780984203643136,2.5758126824400543e-05,6.649947164644252,0.0
RG,219.04919548766676,0.49780860124872267,2.5787420449683945e-05,6.649252829748199,0.0
RG,219.14590594925073,0.49780735905261425,2.5816764115608496e-05,6.648558100033003,0.0
RG,219.24261641083467,0.4978061154457048,2.5846157936311425e-05,6.647862975048851,0.0
RG,219.33932687241864,0.4978048704255876,2.5875602026201154e-05,6.647167454345158,0.0
RG,219.4360373340026,0.49780362398985034,2.5905096500061096e-05,6.64647153747057,0.0
RG,219.53274779558657,0.4978023761360754,2.5934641472968046e-05,6.645775223972955,0.0
RG,219.6294582571705,0.49780112686183947,2.5964237060343077e-05,6.6450785133994135,0.0
RG,219.72616871875448,0.49779987616471383,2.5993883377940784e-05,6.64438140529626,0.0
RG,219.82287918033845,0.4977986240422639,2.602358054182867e-05,6.6436838992090355,0.0
RG,219.91958964192239,0.4977973704920501,2.6053328668438015e-05,6.6429859946825065,0.0
RG,220.01630010350635,0.4977961155116269,2.6083127874492473e-05,6.642287691260643,0.0
RG,220.11301056509032,0.49779485909854304,2.6112978277100827e-05,6.641588988486643,0.0
RG,220.20972102667426,0.49779360125034217,2.6142879993654204e-05,6.640889885902914,0.0
RG,220.30643148825823,0.49779234196456185,2.6172833141923475e-05,6.6401903830510784,0.0
RG,220.4031419498422,0.4977910812387341,2.620283783999184e-05,6.639490479471966,0.0
RG,220.49985241142616,0.49778981907038544,2.6232894206288506e-05,6.638790174705614,0.0
RG,220.5965628730101,0.4977885554570367,2.6263002359593345e-05,6.638089468291276,0.0
RG,220.69327333459407,0.4977872903962027,2.62931624190047e-05,6.637388359767399,0.0
RG,220.78998379617803,0.49778602388539306,2.6323374504000038e-05,6.63668684867164,0.0
RG,220.88669425776197,0.49778475592211135,2.6353638734354694e-05,6.635984934540857,0.0
RG,220.98340471934594,0.4977834865038553,2.6383955230241563e-05,6.635282616911105,0.0
RG,221.0801151809299,0.4977822156281173,2.6414324112128383e-05,6.634579895317641,0.0
RG,221.17682564251385,0.4977809432923834,2.6444745500868865e-05,6.633876769294913,0.0
RG,221.27353610409781,0.49777966949413455,2.6475219517645113e-05,6.633173238376566,0.0
RG,221.37024656568178,0.4977783942308454,2.6505746283991192e-05,6.632469302095437,0.0
RG,221.46695702726575,0.497777117499985,2.6536325921806567e-05,6.631764959983555,0.0
RG,221.5636674888497,0.49777583929901625,2.6566958553316697e-05,6.631060211572133,0.0
RG,221.66037795043366,0.4977745596253966,2.659764430113938e-05,6.630355056391573,0.0
RG,221.75708841201762,0.4977732784765774,2.6628383288199763e-05,6.629649493971463,0.0
RG,221.85379887360156,0.4977719958500042,2.6659175637831346e-05,6.628943523840575,0.0
RG,221.95050933518553,0.4977707117431165,2.6690021473674635e-05,6.628237145526856,0.0
RG,222.0472197967695,0.4977694261533482,2.672092091976592e-05,6.627530358557436,0.0
RG,222.14393025835344,0.49776813907812684,2.675187410048222e-05,6.626823162458626,0.0
RG,222.2406407199374,0.4977668505148744,2.6782881140562372e-05,6.626115556755903,0.0
RG,222.33735118152137,0.4977655604610064,2.6813942165122418e-05,6.625407540973925,0.0
RG,222.43406164310534,0.49776426891393316,2.6845057299615846e-05,6.6246991146365195,0.0
RG,222.53077210468928,0.497762975871058,2.6876226669898524e-05,6.62399027726668,0.0
RG,222.62748256627324,0.4977616813297791,2.690745040214639e-05,6.623281028386572,0.0
RG,222.7241930278572,0.4977603852874879,2.6938728622954403e-05,6.6225713675175255,0.0
RG,222.82090348944115,0.49775908774157024,2.6970061459235858e-05,6.621861294180032,0.0
RG,222.91761395102512,0.4977577886894058,2.700144903831147e-05,6.621150807893746,0.0
RG,223.01432441260908,0.4977564881283679,2.703289148785389e-05,6.6204399081774845,0.0
RG,223.11103487419302,0.49775518605582414,2.706438893590993e-05,6.619728594549217,0.0
RG,223.207745335777,0.49775388246913577,2.7095941510913162e-05,6.6190168665260725,0.0
RG,223.30445579736096,0.49775257736565787,2.7127549341648745e-05,6.618304723624332,0.0
RG,223.40116625894493,0.49775127074273934,2.7159212557314406e-05,6.61759216535943,0.0
RG,223.49787672052886,0.4977499625977229,2.719093128743938e-05,6.616879191245951,0.0
RG,223.59458718211283,0.49774865292794523,2.7222705661985603e-05,6.616165800797623,0.0
RG,223.6912976436968,0.4977473417307367,2.725453581124218e-05,6.615451993527326,0.0
RG,223.78800810528074,0.49774602900342124,2.728642186592119e-05,6.614737768947082,0.0
RG,223.8847185668647,0.49774471474331694,2.7318363957093936e-05,6.61402312656805,0.0
RG,223.98142902844867,0.4977433989477353,2.7350362216222515e-05,6.613308065900535,0.0
RG,224.0781394900326,0.49774208161398137,2.7382416775165086e-05,6.612592586453978,0.0
RG,224.17484995161658,0.49774076273935436,2.74145277661444e-05,6.611876687736955,0.0
RG,224.27156041320055,0.49773944232114675,2.744669532180513e-05,6.611160369257177,0.0
RG,224.3682708747845,0.49773812035664505,2.7478919575140085e-05,6.610443630521483,0.0
RG,224.46498133636845,0.4977367968431289,2.751120065958488e-05,6.609726471035849,0.0
RG,224.56169179795242,0.4977354717778719,2.7543538708912613e-05,6.609008890305372,0.0
RG,224.6584022595364,0.49773414515814124,2.7575933857337376e-05,6.608290887834276,0.0
RG,224.75511272112033,0.4977328169811975,2.76083862394369e-05,6.607572463125909,0.0
RG,224.8518231827043,0.49773148724429506,2.7640895990200012e-05,6.606853615682744,0.0
RG,224.94853364428826,0.4977301559446818,2.7673463245016847e-05,6.606134345006366,0.0
RG,225.0452441058722,0.49772882307959865,2.7706088139660964e-05,6.605414650597483,0.0
RG,225.14195456745617,0.4977274886462805,2.77387708103343e-05,6.60469453195592,0.0
RG,225.23866502904013,0.4977261526419559,2.777151139360503e-05,6.603973988580604,0.0
RG,225.3353754906241,0.49772481506384647,2.7804310026493928e-05,6.603253019969589,0.0
RG,225.43208595220804,0.49772347590916727,2.783716684637088e-05,6.602531625620024,0.0
RG,225.528796413792,0.4977221351751271,2.7870081991066178e-05,6.601809805028176,0.0
RG,225.62550687537598,0.49772079285892773,2.7903055598775364e-05,6.6010875576894055,0.0
RG,225.72221733695991,0.49771944895776477,2.7936087808130008e-05,6.600364883098183,0.0
RG,225.81892779854388,0.4977181034688268,2.7969178758165398e-05,6.599641780748077,0.0
RG,225.91563826012785,0.4977167563892959,2.8002328588321554e-05,6.5989182501317565,0.0
RG,226.0123487217118,0.4977154077163477,2.8035537438472467e-05,6.598194290740986,0.0
RG,226.10905918329576,0.49771405744715075,2.8068805448879064e-05,6.597469902066619,0.0
RG,226.20576964487972,0.4977127055788671,2.8102132760259606e-05,6.5967450835986075,0.0
RG,226.3024801064637,0.49771135210865197,2.8135519513701417e-05,6.59601983482599,0.0
RG,226.39919056804763,0.49770999703365404,2.8168965850766464e-05,6.595294155236894,0.0
RG,226.4959010296316,0.4977086403510148,2.8202471913385917e-05,6.59456804431853,0.0
RG,226.59261149121556,0.4977072820578694,2.823603784395471e-05,6.593841501557193,0.0
RG,226.6893219527995,0.49770592215134585,2.8269663785268552e-05,6.59311452643826,0.0
RG,226.78603241438347,0.49770456062856544,2.8303349880555646e-05,6.592387118446184,0.0
RG,226.88274287596744,0.49770319748664266,2.8337096273481683e-05,6.591659277064499,0.0
RG,226.9794533375514,0.4977018327226851,2.8370903108120067e-05,6.590931001775807,0.0
RG,227.07616379913534,0.4977004663337933,2.840477052900609e-05,6.590202292061789,0.0
RG,227.1728742607193,0.497699098317061,2.8438698681068253e-05,6.589473147403191,0.0
RG,227.26958472230328,0.4976977286695751,2.8472687709718712e-05,6.588743567279828,0.0
RG,227.36629518388722,0.4976963573884154,2.8506737760749032e-05,6.588013551170582,0.0
RG,227.46300564547118,0.49769498447065463,2.854084898043977e-05,6.587283098553396,0.0
RG,227.55971610705515,0.49769360991335887,2.8575021515469304e-05,6.586552208905275,0.0
RG,227.6564265686391,0.4976922337135868,2.8609255512980857e-05,6.585820881702284,0.0
RG,227.75313703022306,0.4976908558683903,2.864355112055196e-05,6.585089116419542,0.0
RG,227.84984749180703,0.497689476374814,2.8677908486196262e-05,6.5843569125312245,0.0
RG,227.946557953391,0.49768809522989554,2.8712327758392067e-05,6.583624269510555,0.0
RG,228.04326841497493,0.49768671243066565,2.8746809086034907e-05,6.582891186829811,0.0
RG,228.1399788765589,0.4976853279741475,2.8781352618507873e-05,6.582157663960317,0.0
RG,228.23668933814287,0.49768394185735737,2.881595850559644e-05,6.581423700372439,0.0
RG,228.3333997997268,0.49768255407730444,2.885062689759118e-05,6.58068929553559,0.0
RG,228.43011026131077,0.49768116463099044,2.8885357945181188e-05,6.579954448918219,0.0
RG,228.52682072289474,0.4976797735154103,2.892015179955632e-05,6.579219159987817,0.0
RG,228.62353118447868,0.49767838072755133,2.8955008612331053e-05,6.578483428210911,0.0
RG,228.72024164606265,0.49767698626439366,2.8989928535592697e-05,6.577747253053055,0.0
RG,228.8169521076466,0.4976755901229101,2.9024911721890067e-05,6.577010633978842,0.0
RG,228.91366256923058,0.49767419230006654,2.905995832421839e-05,6.576273570451891,0.0
RG,229.01037303081452,0.497672792792821,2.9095068496060896e-05,6.575536061934846,0.0
RG,229.1070834923985,0.49767139159812446,2.913024239133259e-05,6.574798107889375,0.0
RG,229.20379395398245,0.4976699887129207,2.916548016445826e-05,6.574059707776171,0.0
RG,229.3005044155664,0.49766858413414555,2.920078197027878e-05,6.573320861054943,0.0
RG,229.39721487715036,0.4976671778587279,2.923614796416078e-05,6.572581567184417,0.0
RG,229.49392533873433,0.49766576988358907,2.9271578301889267e-05,6.571841825622336,0.0
RG,229.59063580031827,0.4976643602056431,2.9307073139763962e-05,6.571101635825453,0.0
RG,229.68734626190223,0.49766294882179607,2.934263263453389e-05,6.570360997249533,0.0
RG,229.7840567234862,0.49766153572894706,2.937825694343405e-05,6.5696199093493455,0.0
RG,229.88076718507017,0.49766012092398726,2.941394622418409e-05,6.568878371578665,0.0
RG,229.9774776466541,0.49765870440380067,2.944970063496612e-05,6.5681363833902715,0.0
RG,230.07418810823808,0.49765728616526345,2.9485520334469898e-05,6.567393944235943,0.0
RG,230.17089856982204,0.49765586620524416,2.9521405481836256e-05,6.566651053566455,0.0
RG,230.26760903140598,0.49765444452060376,2.955735623673536e-05,6.565907710831579,0.0
RG,230.36431949298995,0.497653021108196,2.9593372759271363e-05,6.56516391548008,0.0
RG,230.46102995457392,0.497651595964866,2.9629455210093646e-05,6.56441966695971,0.0
RG,230.55774041615786,0.4976501690874523,2.9665603750290195e-05,6.563674964717213,0.0
RG,230.65445087774182,0.497648740472785,2.97018185414825e-05,6.562929808198312,0.0
RG,230.7511613393258,0.49764731011768665,2.9738099745761078e-05,6.562184196847722,0.0
RG,230.84787180090976,0.49764587801897225,2.9774447525722006e-05,6.5614381301091305,0.0
RG,230.9445822624937,0.49764444417344866,2.9810862044464827e-05,6.560691607425209,0.0
RG,231.04129272407766,0.4976430085779152,2.984734346557228e-05,6.559944628237597,0.0
RG,231.13800318566163,0.497641571229163,2.9883891953155417e-05,6.559197191986914,0.0
RG,231.23471364724557,0.49764013212397606,2.9920507671794023e-05,6.558449298112745,0.0
RG,231.33142410882954,0.49763869125912974,2.9957190786617913e-05,6.557700946053646,0.0
RG,231.4281345704135,0.49763724863139197,2.9993941463211974e-05,6.556952135247134,0.0
RG,231.52484503199744,0.49763580423752257,3.0030759867726645e-05,6.556202865129695,0.0
RG,231.6215554935814,0.49763435807427325,3.006764616676887e-05,6.5554531351367675,0.0
RG,231.71826595516538,0.49763291013838823,3.0104600527503415e-05,6.554702944702756,0.0
RG,231.81497641674935,0.49763146042660306,3.0141623117579272e-05,6.553952293261013,0.0
RG,231.91168687833328,0.49763000893564596,3.017871410517728e-05,6.553201180243847,0.0
RG,232.00839733991725,0.4976285556622367,3.0215873658997487e-05,6.552449605082515,0.0
RG,232.10510780150122,0.4976271006030868,3.025310194824771e-05,6.551697567207221,0.0
RG,232.20181826308516,0.49762564375490026,3.0290399142679855e-05,6.550945066047115,0.0
RG,232.29852872466913,0.4976241851143725,3.032776541254193e-05,6.550192101030288,0.0
RG,232.3952391862531,0.49762272467819085,3.036520092864663e-05,6.549438671583771,0.0
RG,232.49194964783703,0.4976212624430348,3.0402705862287285e-05,6.54868477713353,0.0
RG,232.588660109421,0.49761979840557496,3.0440280385342704e-05,6.547930417104471,0.0
RG,232.68537057100497,0.4976183325624745,3.0477924670166776e-05,6.547175590920423,0.0
RG,232.78208103258893,0.49761686491038776,3.051563888969956e-05,6.546420298004148,0.0
RG,232.87879149417287,0.49761539544596106,3.055342321737642e-05,6.545664537777338,0.0
RG,232.97550195575684,0.49761392416583256,3.0591277827197404e-05,6.544908309660601,0.0
RG,233.0722124173408,0.49761245106663166,3.062920289369241e-05,6.5441516130734705,0.0
RG,233.16892287892475,0.4976109761449797,3.06671985919299e-05,6.543394447434398,0.0
RG,233.2656333405087,0.4976094993974898,3.070526509753843e-05,6.542636812160751,0.0
RG,233.36234380209268,0.49760802082076633,3.074340258666884e-05,6.541878706668805,0.0
RG,233.45905426367662,0.49760654041140534,3.078161123605101e-05,6.541120130373753,0.0
RG,233.5557647252606,0.4976050581659946,3.0819891222927953e-05,6.540361082689689,0.0
RG,233.65247518684455,0.49760357408111305,3.085824272514337e-05,6.539601563029616,0.0
RG,233.74918564842852,0.49760208815333146,3.089666592103877e-05,6.538841570805434,0.0
RG,233.84589611001246,0.49760060037921217,3.093516098957081e-05,6.538081105427951,0.0
RG,233.94260657159643,0.4975991107553082,3.0973728110201434e-05,6.537320166306859,0.0
RG,234.0393170331804,0.497597619278165,3.1012367462995695e-05,6.536558752850755,0.0
RG,234.13602749476433,0.4975961259443185,3.105107922855381e-05,6.535796864467121,0.0
RG,234.2327379563483,0.4975946307502966,3.108986358805432e-05,6.535034500562327,0.0
RG,234.32944841793227,0.4975931336926184,3.1128720723243636e-05,6.534271660541631,0.0
RG,234.4261588795162,0.4975916347677941,3.116765081642551e-05,6.53350834380917,0.0
RG,234.52286934110018,0.4975901339723254,3.120665405049643e-05,6.532744549767966,0.0
RG,234.61957980268414,0.4975886313027051,3.124573060889811e-05,6.531980277819914,0.0
RG,234.7162902642681,0.49758712675541716,3.128488067568421e-05,6.531215527365782,0.0
RG,234.81300072585205,0.49758562032693704,3.132410443544252e-05,6.530450297805212,0.0
RG,234.90971118743602,0.49758411201373104,3.136340207339334e-05,6.529684588536715,0.0
RG,235.00642164901998,0.49758260181225694,3.140277377528177e-05,6.528918398957663,0.0
RG,235.10313211060392,0.49758108971896314,3.1442219727493946e-05,6.528151728464297,0.0
RG,235.1998425721879,0.4975795757302897,3.148174011695321e-05,6.5273845764517135,0.0
RG,235.29655303377186,0.49757805984266723,3.152133513120932e-05,6.526616942313867,0.0
RG,235.3932634953558,0.49757654205251756,3.156100495838025e-05,6.525848825443565,0.0
RG,235.48997395693976,0.4975750223562537,3.1600749787186354e-05,6.52508022523247,0.0
RG,235.58668441852373,0.4975735007502794,3.1640569806948345e-05,6.524311141071087,0.0
RG,235.6833948801077,0.49757197723098934,3.1680465207569544e-05,6.5235415723487735,0.0
RG,235.78010534169164,0.4975704517947694,3.172043617957598e-05,6.522771518453725,0.0
RG,235.8768158032756,0.49756892443799594,3.17604829140682e-05,6.522000978772973,0.0
RG,235.97352626485957,0.4975673951570366,3.1800605602787794e-05,6.521229952692393,0.0
RG,236.0702367264435,0.4975658639482492,3.1840804438038284e-05,6.52045843959669,0.0
RG,236.16694718802748,0.4975643308079832,3.188107961278671e-05,6.519686438869401,0.0
RG,236.26365764961145,0.4975627957325783,3.1921431320552714e-05,6.518913949892893,0.0
RG,236.36036811119538,0.4975612587183649,3.1961859755527406e-05,6.51814097204835,0.0
RG,236.45707857277935,0.49755971976166435,3.2002365112467816e-05,6.517367504715786,0.0
RG,236.55378903436332,0.4975581788587886,3.204294758678947e-05,6.516593547274028,0.0
RG,236.6504994959473,0.4975566360060404,3.208360737450252e-05,6.515819099100726,0.0
RG,236.74720995753123,0.49755509119971275,3.212434467225325e-05,6.5150441595723345,0.0
RG,236.8439204191152,0.4975535444360895,3.2165159677314415e-05,6.514268728064121,0.0
RG,236.94063088069916,0.49755199571144504,3.220605258757554e-05,6.513492803950162,0.0
RG,237.0373413422831,0.4975504450220442,3.224702360157738e-05,6.512716386603334,0.0
RG,237.13405180386707,0.49754889236414257,3.228807291846642e-05,6.511939475395318,0.0
RG,237.23076226545103,0.49754733773398574,3.232920073805812e-05,6.511162069696589,0.0
RG,237.32747272703497,0.4975457811278104,3.237040726076596e-05,6.510384168876418,0.0
RG,237.42418318861894,0.49754422254184283,3.241169268769288e-05,6.509605772302866,0.0
RG,237.5208936502029,0.49754266197230046,3.2453057220528204e-05,6.508826879342784,0.0
RG,237.61760411178687,0.4975410994153906,3.249450106166567e-05,6.508047489361809,0.0
RG,237.7143145733708,0.4975395348673112,3.253602441409028e-05,6.507267601724358,0.0
RG,237.81102503495478,0.4975379683242502,3.2577627481485855e-05,6.506487215793627,0.0
RG,237.90773549653875,0.49753639978238584,3.261931046815169e-05,6.505706330931589,0.0
RG,238.0044459581227,0.49753482923788667,3.266107357906751e-05,6.50492494649899,0.0
RG,238.10115641970665,0.4975332566869117,3.2702917019859014e-05,6.504143061855343,0.0
RG,238.19786688129062,0.4975316821256094,3.27448409968116e-05,6.50336067635893,0.0
RG,238.29457734287456,0.49753010555011923,3.27868457168851e-05,6.502577789366797,0.0
RG,238.39128780445853,0.49752852695657007,3.282893138768535e-05,6.501794400234744,0.0
RG,238.4879982660425,0.4975269463410812,3.287109821751159e-05,6.501010508317336,0.0
RG,238.58470872762646,0.49752536369976175,3.291334641530293e-05,6.500226112967885,0.0
RG,238.6814191892104,0.4975237790287112,3.295567619071072e-05,6.499441213538459,0.0
RG,238.77812965079437,0.4975221923240185,3.299808775401448e-05,6.4986558093798665,0.0
RG,238.87484011237834,0.49752060358176303,3.304058131622775e-05,6.497869899841668,0.0
RG,238.97155057396228,0.49751901279801364,3.308315708898493e-05,6.497083484272157,0.0
RG,239.06826103554624,0.49751741996882937,3.312581528466416e-05,6.496296562018371,0.0
RG,239.1649714971302,0.4975158250902591,3.3168556116275376e-05,6.495509132426076,0.0
RG,239.26168195871415,0.4975142281583413,3.3211379797561854e-05,6.494721194839772,0.0
RG,239.35839242029812,0.49751262916910427,3.325428654292696e-05,6.4939327486026865,0.0
RG,239.45510288188208,0.49751102811856623,3.3297276567487414e-05,6.4931437930567695,0.0
RG,239.55181334346605,0.4975094250027351,3.3340350087050254e-05,6.492354327542696,0.0
RG,239.64852380505,0.49750781981760817,3.338350731811881e-05,6.491564351399854,0.0
RG,239.74523426663396,0.49750621255917254,3.342674847791205e-05,6.490773863966351,0.0
RG,239.84194472821792,0.4975046032234053,3.347007378433322e-05,6.489982864578998,0.0
RG,239.93865518980186,0.4975029918062724,3.3513483456021035e-05,6.489191352573321,0.0
RG,240.03536565138583,0.4975013783037299,3.355697771229237e-05,6.488399327283547,0.0
RG,240.1320761129698,0.4974997627117232,3.360055677321643e-05,6.487606788042604,0.0
RG,240.22878657455374,0.497498145026187,3.364422085953354e-05,6.486813734182116,0.0
RG,240.3254970361377,0.4974965252430457,3.368797019275623e-05,6.486020165032408,0.0
RG,240.42220749772167,0.49749490335821317,3.373180499506019e-05,6.4852260799224855,0.0
RG,240.51891795930564,0.49749327936759213,3.377572548940616e-05,6.484431478180052,0.0
RG,240.61562842088958,0.4974916532670751,3.3819731899425854e-05,6.483636359131484,0.0
RG,240.71233888247355,0.49749002505254397,3.3863824449529965e-05,6.48284072210185,0.0
RG,240.8090493440575,0.4974883947198696,3.390800336482464e-05,6.482044566414883,0.0
RG,240.90575980564145,0.4974867622649121,3.3952268871179535e-05,6.481247891393002,0.0
RG,241.00247026722542,0.49748512768352116,3.3996621195187985e-05,6.480450696357287,0.0
RG,241.0991807288094,0.497483490971535,3.404106056418912e-05,6.479652980627487,0.0
RG,241.19589119039335,0.4974818521247815,3.408558720627395e-05,6.478854743522017,0.0
RG,241.2926016519773,0.49748021113907764,3.413020135026652e-05,6.478055984357948,0.0
RG,241.38931211356126,0.4974785680102289,3.417490322576226e-05,6.477256702451012,0.0
RG,241.48602257514523,0.49747692273403027,3.421969306308534e-05,6.476456897115585,0.0
RG,241.58273303672917,0.49747527530626573,3.4264571093348036e-05,6.4756565676647,0.0
RG,241.67944349831313,0.49747362572270787,3.430953754838431e-05,6.474855713410031,0.0
RG,241.7761539598971,0.49747197397911863,3.435459266083666e-05,6.474054333661897,0.0
RG,241.87286442148104,0.4974703200712485,3.439973666406081e-05,6.4732524277292525,0.0
RG,241.969574883065,0.4974686639948367,3.44449697922391e-05,6.472449994919688,0.0
RG,242.06628534464897,0.4974670057456118,3.449029228026572e-05,6.471647034539424,0.0
RG,242.16299580623294,0.4974653453192905,3.453570436386847e-05,6.4708435458933105,0.0
RG,242.25970626781688,0.49746368271157865,3.458120627949943e-05,6.470039528284821,0.0
RG,242.35641672940085,0.49746201791817046,3.462679826443759e-05,6.469234981016048,0.0
RG,242.45312719098482,0.4974603509347494,3.46724805567102e-05,6.4684299033877,0.0
RG,242.54983765256875,0.4974586817569868,3.4718253395157344e-05,6.467624294699101,0.0
RG,242.64654811415272,0.497457010380543,3.4764117019395335e-05,6.466818154248182,0.0
RG,242.7432585757367,0.49745533680106685,3.481007166983707e-05,6.46601148133148,0.0
RG,242.83996903732063,0.4974536610141956,3.4856117587698875e-05,6.465204275244135,0.0
RG,242.9366794989046,0.49745198301555493,3.490225501498294e-05,6.464396535279884,0.0
RG,243.03338996048856,0.49745030280075914,3.4948484194515426e-05,6.4635882607310595,0.0
RG,243.13010042207253,0.4974486203654107,3.4994805369902235e-05,6.462779450888582,0.0
RG,243.22681088365647,0.4974469357051008,3.504121878559003e-05,6.461970105041962,0.0
RG,243.32352134524044,0.49744524881540836,3.5087724686802664e-05,6.461160222479293,0.0
RG,243.4202318068244,0.4974435596919011,3.513432331962122e-05,6.4603498024872446,0.0
RG,243.51694226840834,0.4974418683301346,3.5181014930898736e-05,6.459538844351068,0.0
RG,243.6136527299923,0.49744017472565294,3.52277997683646e-05,6.45872734735458,0.0
RG,243.71036319157628,0.49743847887398807,3.527467808051525e-05,6.457915310780169,0.0
RG,243.80707365316022,0.4974367807706604,3.5321650116737045e-05,6.457102733908786,0.0
RG,243.90378411474418,0.4974350804111779,3.536871612718951e-05,6.456289616019943,0.0
RG,244.00049457632815,0.4974333777910373,3.541587636292257e-05,6.455475956391709,0.0
RG,244.09720503791212,0.4974316729057227,3.546313107577843e-05,6.454661754300705,0.0
RG,244.19391549949606,0.4974299657507062,3.5510480518478845e-05,6.453847009022102,0.0
RG,244.29062596108002,0.4974282563214482,3.555792494456484e-05,6.453031719829613,0.0
RG,244.387336422664,0.4974265446133968,3.5605464608444106e-05,6.4522158859954954,0.0
RG,244.48404688424793,0.49742483062198783,3.565309976536943e-05,6.451399506790541,0.0
RG,244.5807573458319,0.4974231143426449,3.5700830671447765e-05,6.450582581484077,0.0
RG,244.67746780741587,0.49742139577077976,3.5748657583656246e-05,6.449765109343959,0.0
RG,244.7741782689998,0.49741967490179123,3.579658075981813e-05,6.448947089636566,0.0
RG,244.87088873058377,0.4974179517310663,3.584460045864502e-05,6.4481285216268,0.0
RG,244.96759919216774,0.4974162262539796,3.589271693969328e-05,6.44730940457808,0.0
RG,245.0643096537517,0.49741449846589264,3.594093046342175e-05,6.446489737752342,0.0
RG,245.16102011533565,0.49741276836215564,3.5989241291132945e-05,6.445669520410023,0.0
RG,245.2577305769196,0.49741103593810543,3.603764968505071e-05,6.444848751810073,0.0
RG,245.35444103850358,0.49740930118906657,3.6086155908235025e-05,6.444027431209939,0.0
RG,245.45115150008752,0.49740756411035103,3.613476022468818e-05,6.443205557865569,0.0
RG,245.5478619616715,0.4974058246972584,3.618346289924487e-05,6.442383131031397,0.0
RG,245.64457242325545,0.4974040829450751,3.623226419769617e-05,6.441560149960354,0.0
RG,245.7412828848394,0.4974023388490754,3.628116438667044e-05,6.4407366139038515,0.0
RG,245.83799334642336,0.4974005924045202,3.6330163733757834e-05,6.439912522111786,0.0
RG,245.93470380800733,0.4973988436066583,3.6379262507399395e-05,6.439087873832525,0.0
RG,246.0314142695913,0.4973970924507251,3.6428460976994496e-05,6.438262668312913,0.0
RG,246.12812473117523,0.4973953389319436,3.647775941281552e-05,6.43743690479826,0.0
RG,246.2248351927592,0.49739358304552317,3.652715808608308e-05,6.436610582532344,0.0
RG,246.32154565434317,0.49739182478666133,3.657665726891704e-05,6.435783700757399,0.0
RG,246.4182561159271,0.49739006415054127,3.662625723437456e-05,6.434956258714118,0.0
RG,246.51496657751107,0.4973883011323342,3.667595825643712e-05,6.434128255641647,0.0
RG,246.61167703909504,0.49738653572719754,3.6725760610014755e-05,6.433299690777575,0.0
RG,246.70838750067898,0.49738476793027614,3.677566457096392e-05,6.432470563357936,0.0
RG,246.80509796226295,0.4973829977367011,3.6825670416064684e-05,6.431640872617204,0.0
RG,246.90180842384692,0.4973812251415906,3.6875778423061925e-05,6.430810617788291,0.0
RG,246.99851888543088,0.4973794501400496,3.692598887062268e-05,6.429979798102532,0.0
RG,247.09522934701482,0.4973776727271696,3.697630203839518e-05,6.4291484127896945,0.0
RG,247.1919398085988,0.4973758928980287,3.7026718206948857e-05,6.4283164610779675,0.0
RG,247.28865027018276,0.4973741106476916,3.7077237657851045e-05,6.427483942193952,0.0
RG,247.3853607317667,0.4973723259712097,3.712786067358906e-05,6.42665085536267,0.0
RG,247.48207119335066,0.49737053886362076,3.717858753766552e-05,6.425817199807548,0.0
RG,247.57878165493463,0.49736874931994907,3.722941853450135e-05,6.4249829747504155,0.0
RG,247.67549211651857,0.49736695733520503,3.728035394954937e-05,6.42414817941151,0.0
RG,247.77220257810254,0.4973651629043859,3.733139406918204e-05,6.423312813009456,0.0
RG,247.8689130396865,0.4973633660224748,3.738253918081567e-05,6.422476874761274,0.0
RG,247.96562350127047,0.4973615666844414,3.743378957279376e-05,6.42164036388237,0.0
RG,248.0623339628544,0.4973597648852414,3.748514553450861e-05,6.420803279586535,0.0
RG,248.15904442443838,0.49735796061981685,3.753660735629497e-05,6.419965621085932,0.0
RG,248.25575488602234,0.49735615388309556,3.7588175329533844e-05,6.419127387591106,0.0
RG,248.35246534760628,0.4973543446699921,3.763984974657042e-05,6.418288578310967,0.0
RG,248.44917580919025,0.4973525329754061,3.7691630900789404e-05,6.417449192452787,0.0
RG,248.54588627077422,0.4973507187942242,3.774351908656361e-05,6.416609229222205,0.0
RG,248.64259673235816,0.4973489021213181,3.779551459929848e-05,6.415768687823207,0.0
RG,248.73930719394212,0.4973470829515459,3.7847617735410925e-05,6.41492756745814,0.0
RG,248.8360176555261,0.49734526127975137,3.7899828792343915e-05,6.414085867327687,0.0
RG,248.93272811711006,0.497343437100764,3.7952148068574605e-05,6.413243586630881,0.0
RG,249.029438578694,0.49734161040939917,3.800457586360226e-05,6.4124007245650905,0.0
RG,249.12614904027797,0.49733978120045774,3.805711247797992e-05,6.411557280326014,0.0
RG,249.22285950186193,0.49733794946872656,3.810975821328139e-05,6.410713253107679,0.0
RG,249.31956996344587,0.4973361152089775,3.816251337215159e-05,6.409868642102443,0.0
RG,249.41628042502984,0.4973342784159685,3.8215378258257635e-05,6.409023446500969,0.0
RG,249.5129908866138,0.49733243908444275,3.8268353176352455e-05,6.408177665492247,0.0
RG,249.60970134819775,0.49733059720912887,3.832143843221491e-05,6.40733129826357,0.0
RG,249.7064118097817,0.497328752784741,3.837463433272348e-05,6.406484344000538,0.0
RG,249.80312227136568,0.49732690580597827,3.842794118578587e-05,6.4056368018870495,0.0
RG,249.89983273294965,0.4973250562675255,3.848135930042492e-05,6.4047886711053,0.0
RG,249.9965431945336,0.4973232041640526,3.853488898669339e-05,6.403939950835774,0.0
RG,250.09325365611755,0.4973213494902145,3.858853055577821e-05,6.4030906402572425,0.0
RG,250.18996411770152,0.4973194922406515,3.864228431989524e-05,6.402240738546755,0.0
RG,250.28667457928546,0.4973176324099888,3.869615059241119e-05,6.401390244879646,0.0
RG,250.38338504086943,0.4973157699928367,3.875012968772583e-05,6.400539158429507,0.0
RG,250.4800955024534,0.4973139049837905,3.880422192140222e-05,6.399687478368211,0.0
RG,250.57680596403733,0.4973120373774305,3.885842761004534e-05,6.398835203865882,0.0
RG,250.6735164256213,0.4973101671683214,3.891274707142831e-05,6.397982334090904,0.0
RG,250.77022688720527,0.4973082943510133,3.896718062438326e-05,6.397128868209915,0.0
RG,250.86693734878924,0.49730641892004085,3.902172858891174e-05,6.396274805387797,0.0
RG,250.96364781037317,0.4973045408699234,3.9076391286092343e-05,6.395420144787678,0.0
RG,251.06035827195714,0.4973026601951647,3.913116903817162e-05,6.394564885570919,0.0
RG,251.1570687335411,0.49730077689025365,3.918606216849537e-05,6.393709026897115,0.0
RG,251.25377919512505,0.49729889094966323,3.924107100157374e-05,6.392852567924088,0.0
RG,251.35048965670902,0.49729700236785107,3.9296195863038615e-05,6.3919955078078825,0.0
RG,251.44720011829298,0.49729511113925917,3.9351437079683756e-05,6.391137845702758,0.0
RG,251.54391057987692,0.49729321725831405,3.940679497944592e-05,6.390279580761192,0.0
RG,251.6406210414609,0.49729132071942656,3.9462269891421775e-05,6.3894207121338615,0.0
RG,251.73733150304486,0.49728942151699174,3.951786214587234e-05,6.388561238969653,0.0
RG,251.83404196462882,0.4972875196453886,3.9573572074217576e-05,6.387701160415643,0.0
RG,251.93075242621276,0.49728561509898095,3.962940000906149e-05,6.386840475617105,0.0
RG,252.02746288779673,0.4972837078721161,3.968534628416818e-05,6.385979183717497,0.0
RG,252.1241733493807,0.49728179795912564,3.97414112345032e-05,6.38511728385846,0.0
RG,252.22088381096464,0.4972798853543251,3.979759519619617e-05,6.384254775179809,0.0
RG,252.3175942725486,0.4972779700520142,3.985389850659384e-05,6.383391656819533,0.0
RG,252.41430473413257,0.49727605204647607,3.991032150421163e-05,6.3825279279137845,0.0
RG,252.5110151957165,0.49727413133197823,3.996686452879655e-05,6.38166358759688,0.0
RG,252.60772565730048,0.4972722079027715,4.002352792127172e-05,6.380798635001291,0.0
RG,252.70443611888444,0.4972702817530905,4.008031202380468e-05,6.379933069257636,0.0
RG,252.8011465804684,0.49726835287715365,4.013721717974633e-05,6.379066889494682,0.0
RG,252.89785704205235,0.4972664212691631,4.019424373370631e-05,6.378200094839337,0.0
RG,252.99456750363632,0.49726448692330383,4.0251392031482734e-05,6.377332684416641,0.0
RG,253.09127796522029,0.4972625498337453,4.030866242014997e-05,6.37646465734976,0.0
RG,253.18798842680422,0.4972606099946395,4.036605524797355e-05,6.375596012759994,0.0
RG,253.2846988883882,0.4972586674001224,4.042357086451284e-05,6.37472674976675,0.0
RG,253.38140934997216,0.49725672204431304,4.048120962052267e-05,6.3738568674875555,0.0
RG,253.4781198115561,0.49725477392131345,4.053897186806947e-05,6.372986365038045,0.0
RG,253.57483027314007,0.4972528230252093,4.0596857960419075e-05,6.372115241531953,0.0
RG,253.67154073472403,0.49725086935006885,4.065486825216408e-05,6.371243496081113,0.0
RG,253.768251196308,0.49724891288994405,4.071300309910534e-05,6.370371127795446,0.0
RG,253.86496165789194,0.4972469536388694,4.0771262858382176e-05,6.369498135782966,0.0
RG,253.9616721194759,0.49724499159086233,4.082964788835302e-05,6.368624519149762,0.0
RG,254.05838258105987,0.4972430267399235,4.088815854872583e-05,6.367750276999998,0.0
RG,254.1550930426438,0.4972410590800361,4.094679520043925e-05,6.366875408435912,0.0
RG,254.25180350422778,0.49723908860516586,4.1005558205790284e-05,6.365999912557799,0.0
RG,254.34851396581175,0.4972371153092619,4.1064447928321684e-05,6.365123788464017,0.0
RG,254.4452244273957,0.4972351391862553,4.112346473294149e-05,6.36424703525098,0.0
RG,254.54193488897965,0.49723316023006,4.118260898582019e-05,6.363369652013141,0.0
RG,254.63864535056362,0.4972311784345722,4.124188105449691e-05,6.362491637842998,0.0
RG,254.7353558121476,0.49722919379367114,4.130128130779397e-05,6.3616129918310875,0.0
RG,254.83206627373153,0.4972272063012177,4.1360810115905745e-05,6.360733713065973,0.0
RG,254.9287767353155,0.4972252159510555,4.142046785032835e-05,6.3598538006342435,0.0
RG,255.02548719689946,0.4972232227370105,4.1480254883934294e-05,6.358973253620505,0.0
RG,255.1221976584834,0.4972212266528905,4.154017159091702e-05,6.358092071107379,0.0
RG,255.21890812006737,0.49721922769248544,4.16002183468505e-05,6.357210252175493,0.0
RG,255.31561858165134,0.49721722584956773,4.1660395528648975e-05,6.356327795903477,0.0
RG,255.4123290432353,0.4972152211178914,4.1720703514611543e-05,6.355444701367954,0.0
RG,255.50903950481924,0.49721321349119263,4.178114268439656e-05,6.354560967643539,0.0
RG,255.6057499664032,0.49721120296318916,4.184171341905297e-05,6.353676593802833,0.0
RG,255.70246042798718,0.49720918952758086,4.1902416101007e-05,6.35279157891641,0.0
RG,255.79917088957112,0.4972071731780492,4.196325111408057e-05,6.3519059220528185,0.0
RG,255.89588135115508,0.49720515390825726,4.202421884349211e-05,6.351019622278575,0.0
RG,255.99259181273905,0.4972031317118497,4.2085319675862104e-05,6.350132678658155,0.0
RG,256.089302274323,0.497201106582453,4.214655399922497e-05,6.349245090253987,0.0
RG,256.18601273590696,0.4971990785136747,4.2207922203024134e-05,6.348356856126451,0.0
RG,256.2827231974909,0.49719704749910393,4.226942467813454e-05,6.347467975333868,0.0
RG,256.3794336590749,0.497195013532311,4.233106181684797e-05,6.346578446932494,0.0
RG,256.47614412065883,0.49719297660684797,4.23928340129042e-05,6.345688269976517,0.0
RG,256.57285458224277,0.49719093671624753,4.245474166146913e-05,6.34479744351805,0.0
RG,256.66956504382676,0.4971888938540237,4.251678515917248e-05,6.34390596660712,0.0
RG,256.7662755054107,0.4971868480136714,4.257896490407924e-05,6.343013838291674,0.0
RG,256.8629859669947,0.4971847991886671,4.2641281295734414e-05,6.3421210576175575,0.0
RG,256.95969642857864,0.4971827473724673,4.270373473512826e-05,6.341227623628521,0.0
RG,257.0564068901626,0.4971806925585103,4.2766325624746124e-05,6.340333535366205,0.0
RG,257.1531173517466,0.49717863474021434,4.2829054368529995e-05,6.33943879187014,0.0
RG,257.2498278133305,0.4971765739109788,4.2891921371931665e-05,6.338543392177737,0.0
RG,257.34653827491445,0.4971745100641838,4.29549270418706e-05,6.33764733532428,0.0
RG,257.44324873649845,0.49717244319318965,4.301807178679115e-05,6.336750620342925,0.0
RG,257.5399591980824,0.49717037329133734,4.308135601661707e-05,6.335853246264691,0.0
RG,257.6366696596663,0.4971683003519485,4.314478014281171e-05,6.334955212118449,0.0
RG,257.7333801212503,0.49716622436832464,4.320834457832967e-05,6.334056516930922,0.0
RG,257.83009058283426,0.4971641453337479,4.3272049737680366e-05,6.333157159726679,0.0
RG,257.9268010444182,0.4971620632414806,4.3335896036876035e-05,6.332257139528123,0.0
RG,258.0235115060022,0.49715997808476486,4.339988389349914e-05,6.331356455355487,0.0
RG,258.12022196758613,0.4971578898568235,4.3464013726646836e-05,6.330455106226832,0.0
RG,258.2169324291701,0.49715579855085856,4.35282859570019e-05,6.329553091158035,0.0
RG,258.31364289075407,0.4971537041600527,4.359270100677434e-05,6.3286504091627815,0.0
RG,258.410353352338,0.49715160667756775,4.365725929977489e-05,6.327747059252568,0.0
RG,258.50706381392195,0.4971495060965458,4.372196126135385e-05,6.3268430404366836,0.0
RG,258.60377427550594,0.49714740241010846,4.37868073184781e-05,6.325938351722211,0.0
RG,258.7004847370899,0.4971452956113569,4.3851797899666386e-05,6.325032992114019,0.0
RG,258.7971951986739,0.4971431856933718,4.391693343506941e-05,6.324126960614755,0.0
RG,258.8939056602578,0.4971410726492135,4.3982214356403084e-05,6.323220256224838,0.0
RG,258.99061612184175,0.49713895647192147,4.404764109703115e-05,6.322312877942452,0.0
RG,259.08732658342575,0.4971368371545146,4.411321409189523e-05,6.32140482476354,0.0
RG,259.1840370450097,0.4971347146899911,4.4178933777599666e-05,6.320496095681797,0.0
RG,259.2807475065936,0.4971325890713282,4.424480059234124e-05,6.319586689688663,0.0
RG,259.3774579681776,0.4971304602914822,4.431081497599533e-05,6.318676605773318,0.0
RG,259.47416842976156,0.4971283283433885,4.437697737004254e-05,6.317765842922668,0.0
RG,259.5708788913455,0.4971261932199614,4.444328821765794e-05,6.316854400121355,0.0
RG,259.6675893529295,0.4971240549140937,4.450974796363612e-05,6.315942276351728,0.0
RG,259.76429981451344,0.4971219134186576,4.4576357054481516e-05,6.315029470593854,0.0
RG,259.8610102760974,0.49711976872650343,4.4643115938332684e-05,6.3141159818255,0.0
RG,259.95772073768137,0.4971176208304604,4.4710025065053817e-05,6.313201809022135,0.0
RG,260.0544311992653,0.4971154697233361,4.477708488615729e-05,6.312286951156915,0.0
RG,260.15114166084925,0.49711331539791664,4.484429585489726e-05,6.3113714072006815,0.0
RG,260.24785212243324,0.49711115784696647,4.4911658426191096e-05,6.310455176121952,0.0
RG,260.3445625840172,0.4971089970632283,4.4979173056713e-05,6.309538256886913,0.0
RG,260.4412730456011,0.49710683303942305,4.5046840204816077e-05,6.3086206484594145,0.0
RG,260.5379835071851,0.49710466576824963,4.511466033062663e-05,6.307702349800964,0.0
RG,260.63469396876906,0.4971024952423854,4.518263389596404e-05,6.306783359870712,0.0
RG,260.73140443035305,0.49710032145448496,4.525076136443779e-05,6.305863677625457,0.0
RG,260.828114891937,0.4970981443971816,4.531904320136545e-05,6.304943302019626,0.0
RG,260.92482535352093,0.4970959640630856,4.538747987387149e-05,6.304022232005277,0.0
RG,261.0215358151049,0.4970937804447855,4.545607185080369e-05,6.303100466532085,0.0
RG,261.11824627668886,0.4970915935348472,4.552481960283275e-05,6.30217800454734,0.0
RG,261.2149567382728,0.49708940332581436,4.559372360236918e-05,6.3012548449959365,0.0
RG,261.3116671998568,0.49708720981020754,4.5662784323662804e-05,6.300330986820365,0.0
RG,261.40837766144074,0.49708501298052543,4.573200224271895e-05,6.299406428960713,0.0
RG,261.5050881230247,0.4970828128292433,4.580137783739923e-05,6.298481170354643,0.0
RG,261.6017985846087,0.49708060934881415,4.5870911587337326e-05,6.297555209937403,0.0
RG,261.6985090461926,0.49707840253166763,4.594060397403891e-05,6.2966285466417995,0.0
RG,261.79521950777655,0.4970761923702105,4.60104554807996e-05,6.2957011793982085,0.0
RG,261.89192996936055,0.4970739788568268,4.6080466592802595e-05,6.294773107134557,0.0
RG,261.9886404309445,0.4970717619838771,4.615063779703918e-05,6.293844328776318,0.0
RG,262.0853508925284,0.4970695417436986,4.6220969582403516e-05,6.292914843246503,0.0
RG,262.1820613541124,0.49706731812860555,4.6291462439617e-05,6.291984649465657,0.0
RG,262.27877181569636,0.49706509113088837,4.6362116861318305e-05,6.291053746351848,0.0
RG,262.3754822772803,0.4970628607428142,4.6432933341993494e-05,6.290122132820659,0.0
RG,262.4721927388643,0.4970606269566265,4.6503912378060505e-05,6.289189807785181,0.0
RG,262.56890320044823,0.4970583897645451,4.657505446780471e-05,6.288256770156012,0.0
RG,262.66561366203223,0.4970561491587659,4.664636011145823e-05,6.287323018841234,0.0
RG,262.76232412361617,0.4970539051314612,4.671782981114053e-05,6.2863885527464225,0.0
RG,262.8590345852001,0.4970516576747788,4.678946407093348e-05,6.285453370774628,0.0
RG,262.9557450467841,0.49704940678084325,4.6861263396825724e-05,6.284517471826368,0.0
RG,263.05245550836804,0.4970471524417539,4.693322829678516e-05,6.283580854799629,0.0
RG,263.149165969952,0.4970448946495868,4.7005359280704615e-05,6.282643518589846,0.0
RG,263.245876431536,0.49704263339639315,4.707765686047473e-05,6.281705462089904,0.0
RG,263.3425868931199,0.49704036867419993,4.715012154992865e-05,6.280766684190126,0.0
RG,263.43929735470385,0.49703810047500946,4.7222753864915645e-05,6.279827183778266,0.0
RG,263.53600781628785,0.49703582879079944,4.729555432324669e-05,6.278886959739499,0.0
RG,263.6327182778718,0.4970335536135229,4.736852344476577e-05,6.277946010956418,0.0
RG,263.7294287394557,0.497031274935108,4.744166175129888e-05,6.277004336309023,0.0
RG,263.8261392010397,0.49702899274745826,4.751496976672196e-05,6.276061934674709,0.0
RG,263.92284966262366,0.49702670704245167,4.758844801691381e-05,6.275118804928264,0.0
RG,264.0195601242076,0.4970244178119416,4.766209702981897e-05,6.274174945941861,0.0
RG,264.1162705857916,0.49702212504775606,4.7735917335407745e-05,6.273230356585045,0.0
RG,264.21298104737554,0.49701982874169753,4.7809909465731656e-05,6.272285035724728,0.0
RG,264.3096915089595,0.4970175288855436,4.788407395488973e-05,6.27133898222518,0.0
RG,264.40640197054347,0.4970152254710459,4.795841133907937e-05,6.2703921949480215,0.0
RG,264.5031124321274,0.4970129184899306,4.8032922156567134e-05,6.2694446727522175,0.0
RG,264.5998228937114,0.49701060793389845,4.810760694773463e-05,6.2684964144940585,0.0
RG,264.69653335529534,0.49700829379462386,4.8182466255055724e-05,6.26754741902717,0.0
RG,264.7932438168793,0.4970059760637558,4.82575006231356e-05,6.266597685202487,0.0
RG,264.8899542784633,0.49700365473291724,4.8332710598694325e-05,6.265647211868258,0.0
RG,264.9866647400472,0.4970013297937049,4.840809673059983e-05,6.264695997870027,0.0
RG,265.08337520163116,0.4969990012376891,4.848365956985987e-05,6.263744042050633,0.0
RG,265.18008566321515,0.49699666905641426,4.855939966964463e-05,6.262791343250196,0.0
RG,265.2767961247991,0.4969943332413983,4.86353175852899e-05,6.261837900306112,0.0
RG,265.37350658638303,0.4969919937841325,4.8711413874308124e-05,6.260883712053043,0.0
RG,265.470217047967,0.4969896506760815,4.8787689096404964e-05,6.259928777322907,0.0
RG,265.56692750955096,0.49698730390868356,4.8864143813476236e-05,6.258973094944871,0.0
RG,265.6636379711349,0.49698495347334964,4.8940778589637345e-05,6.258016663745343,0.0
RG,265.7603484327189,0.4969825993614643,4.901759399120889e-05,6.257059482547961,0.0
RG,265.85705889430284,0.49698024156438436,4.9094590586760406e-05,6.256101550173589,0.0
RG,265.9537693558868,0.49697788007344035,4.917176894707752e-05,6.255142865440302,0.0
RG,266.0504798174708,0.4969755148799351,4.924912964522575e-05,6.2541834271633805,0.0
RG,266.1471902790547,0.496973145975144,4.932667325649934e-05,6.253223234155303,0.0
RG,266.24390074063865,0.4969707733503154,4.940440035850046e-05,6.252262285225735,0.0
RG,266.34061120222265,0.49696839699666956,4.9482311531076006e-05,6.251300579181515,0.0
RG,266.4373216638066,0.4969660169053994,4.956040735640896e-05,6.250338114826664,0.0
RG,266.5340321253906,0.49696363306767005,4.963868841894051e-05,6.249374890962348,0.0
RG,266.6307425869745,0.4969612454746187,4.971715530547953e-05,6.248410906386899,0.0
RG,266.72745304855846,0.49695885411735446,4.979580860510567e-05,6.247446159895781,0.0
RG,266.82416351014245,0.4969564589869582,4.987464890929528e-05,6.246480650281597,0.0
RG,266.9208739717264,0.49695406007448334,4.9953676811812765e-05,6.245514376334074,0.0
RG,267.01758443331033,0.4969516573709539,5.003289290884607e-05,6.244547336840055,0.0
RG,267.11429489489433,0.49694925086736597,5.011229779889015e-05,6.2435795305834825,0.0
RG,267.21100535647827,0.49694684055468724,5.019189208288762e-05,6.242610956345408,0.0
RG,267.3077158180622,0.4969444264238565,5.027167636411089e-05,6.241641612903957,0.0
RG,267.4044262796462,0.49694200846578385,5.035165124830247e-05,6.240671499034345,0.0
RG,267.50113674123014,0.4969395866713501,5.04318173435587e-05,6.239700613508851,0.0
RG,267.5978472028141,0.4969371610314079,5.05121752604665e-05,6.238728955096813,0.0
RG,267.6945576643981,0.49693473153677964,5.059272561199455e-05,6.237756522564622,0.0
RG,267.791268125982,0.4969322981782595,5.067346901361888e-05,6.236783314675708,0.0
RG,267.88797858756595,0.49692986094661185,5.075440608322843e-05,6.235809330190533,0.0
RG,267.98468904914995,0.4969274198325713,5.083553744123544e-05,6.234834567866581,0.0
RG,268.0813995107339,0.4969249748268434,5.091686371049577e-05,6.233859026458349,0.0
RG,268.1781099723178,0.49692252592010366,5.099838551640742e-05,6.232882704717334,0.0
RG,268.2748204339018,0.4969200731029978,5.1080103486839905e-05,6.231905601392029,0.0
RG,268.37153089548576,0.49691761636614157,5.1162018252224184e-05,6.230927715227908,0.0
RG,268.46824135706976,0.4969151557001206,5.1244130445493626e-05,6.229949044967421,0.0
RG,268.5649518186537,0.49691269109549063,5.1326440702159766e-05,6.228969589349981,0.0
RG,268.66166228023764,0.4969102225427767,5.140894966026884e-05,6.227989347111953,0.0
RG,268.75837274182163,0.49690775003247356,5.149165796046377e-05,6.227008316986652,0.0
RG,268.85508320340557,0.49690527355504543,5.157456624595226e-05,6.22602649770432,0.0
RG,268.9517936649895,0.49690279310092583,5.165767516255865e-05,6.225043887992128,0.0
RG,269.0485041265735,0.4969003086605173,5.174098535870245e-05,6.224060486574161,0.0
RG,269.14521458815744,0.49689782022419177,5.1824497485438794e-05,6.22307629217141,0.0
RG,269.2419250497414,0.49689532778228973,5.1908212196450974e-05,6.222091303501757,0.0
RG,269.3386355113254,0.49689283132512096,5.199213014807379e-05,6.22110551927997,0.0
RG,269.4353459729093,0.4968903308429634,5.207625199930893e-05,6.220118938217694,0.0
RG,269.53205643449326,0.496887826326064,5.216057841182047e-05,6.219131559023435,0.0
RG,269.62876689607725,0.49688531776463785,5.224511004998108e-05,6.218143380402553,0.0
RG,269.7254773576612,0.4968828051488684,5.232984758083677e-05,6.217154401057255,0.0
RG,269.82218781924513,0.4968802884689074,5.241479167418126e-05,6.216164619686577,0.0
RG,269.9188982808291,0.4968777677148747,5.249994300249687e-05,6.215174034986382,0.0
RG,270.01560874241306,0.4968752428768578,5.258530224105216e-05,6.214182645649343,0.0
RG,270.11231920399706,0.4968727139449123,5.2670870067818407e-05,6.213190450364938,0.0
RG,270.209029665581,0.4968701809090611,5.275664716359259e-05,6.212197447819438,0.0
RG,270.30574012716494,0.4968676437592949,5.284263421189053e-05,6.211203636695889,0.0
RG,270.40245058874893,0.4968651024855717,5.292883189908827e-05,6.210209015674115,0.0
RG,270.4991610503329,0.4968625570778169,5.301524091430479e-05,6.2092135834306985,0.0
RG,270.5958715119168,0.49686000752592274,5.310186194954689e-05,6.208217338638969,0.0
RG,270.6925819735008,0.49685745381974883,5.3188695699594544e-05,6.207220279968998,0.0
RG,270.78929243508475,0.49685489594912124,5.327574286213889e-05,6.206222406087584,0.0
RG,270.8860028966687,0.4968523339038331,5.3363004137679495e-05,6.205223715658246,0.0
RG,270.9827133582527,0.4968497676736439,5.345048022964447e-05,6.204224207341205,0.0
RG,271.0794238198366,0.49684719724827964,5.353817184431117e-05,6.203223879793381,0.0
RG,271.17613428142056,0.4968446226174328,5.3626079690903403e-05,6.202222731668381,0.0
RG,271.27284474300455,0.49684204377076174,5.3714204481530735e-05,6.20122076161648,0.0
RG,271.3695552045885,0.4968394606978911,5.380254693127177e-05,6.200217968284625,0.0
RG,271.46626566617243,0.49683687338841137,5.389110775812582e-05,6.199214350316407,0.0
RG,271.56297612775643,0.49683428183187867,5.397988768308314e-05,6.198209906352064,0.0
RG,271.65968658934037,0.4968316860178147,5.406888743009331e-05,6.197204635028462,0.0
RG,271.7563970509243,0.49682908593570707,5.415810772611599e-05,6.196198534979083,0.0
RG,271.8531075125083,0.496826481575008,5.424754930111114e-05,6.1951916048340205,0.0
RG,271.94981797409224,0.49682387292513575,5.43372128880663e-05,6.1941838432199665,0.0
RG,272.04652843567624,0.49682125997547266,5.442709922301248e-05,6.19317524876019,0.0
RG,272.1432388972602,0.4968186427153668,5.451720904502377e-05,6.192165820074544,0.0
RG,272.2399493588441,0.4968160211341306,5.460754309626512e-05,6.191155555779435,0.0
RG,272.3366598204281,0.4968133952210411,5.469810212195645e-05,6.190144454487826,0.0
RG,272.43337028201205,0.4968107649653401,5.478888687045884e-05,6.189132514809217,0.0
RG,272.530080743596,0.4968081303562331,5.4879898093200205e-05,6.188119735349639,0.0
RG,272.62679120518,0.49680549138289054,5.497113654479734e-05,6.187106114711635,0.0
RG,272.7235016667639,0.4968028480344462,5.506260298295247e-05,6.186091651494257,0.0
RG,272.82021212834786,0.49680020029999805,5.515429816859529e-05,6.185076344293047,0.0
RG,272.91692258993186,0.4967975481686079,5.52462228657709e-05,6.184060191700028,0.0
RG,273.0136330515158,0.4967948916293007,5.5338377841781515e-05,6.183043192303698,0.0
RG,273.11034351309974,0.49679223067106526,5.543076386708183e-05,6.182025344689007,0.0
RG,273.20705397468373,0.49678956528285334,5.5523381715408966e-05,6.181006647437352,0.0
RG,273.30376443626767,0.4967868954535801,5.561623216369356e-05,6.179987099126565,0.0
RG,273.4004748978516,0.4967842211721233,5.570931599216953e-05,6.178966698330903,0.0
RG,273.4971853594356,0.49678154242732375,5.580263398431088e-05,6.177945443621028,0.0
RG,273.59389582101954,0.4967788592079849,5.589618692691595e-05,6.176923333564,0.0
RG,273.6906062826035,0.4967761715028724,5.598997561006563e-05,6.17590036672327,0.0
RG,273.7873167441875,0.49677347930071475,5.608400082719001e-05,6.174876541658657,0.0
RG,273.8840272057714,0.496770782590202,5.617826337504434e-05,6.173851856926345,0.0
RG,273.9807376673554,0.4967680813599868,5.627276405375505e-05,6.172826311078865,0.0
RG,274.07744812893935,0.496765375598683,5.6367503666823225e-05,6.171799902665087,0.0
RG,274.1741585905233,0.496762665294867,5.646248302113718e-05,6.170772630230201,0.0
RG,274.2708690521073,0.49675995043707577,5.65577029270138e-05,6.169744492315715,0.0
RG,274.3675795136912,0.4967572310138085,5.665316419817095e-05,6.168715487459433,0.0
RG,274.46428997527516,0.4967545070135249,5.674886765181164e-05,6.167685614195444,0.0
RG,274.56100043685916,0.4967517784246462,5.684481410855335e-05,6.166654871054117,0.0
RG,274.6577108984431,0.4967490452355542,5.6941004392553306e-05,6.165623256562079,0.0
RG,274.75442136002704,0.49674630743459164,5.703743933140352e-05,6.1645907692422055,0.0
RG,274.85113182161103,0.4967435650100616,5.713411975627914e-05,6.1635574076136095,0.0
RG,274.947842283195,0.4967408179502278,5.723104650182542e-05,6.162523170191627,0.0
RG,275.0445527447789,0.4967380662433139,5.732822040630144e-05,6.161488055487807,0.0
RG,275.1412632063629,0.4967353098775036,5.742564231148348e-05,6.16045206200989,0.0
RG,275.23797366794685,0.4967325488409407,5.7523313062783364e-05,6.159415188261807,0.0
RG,275.3346841295308,0.4967297831217285,5.762123350918201e-05,6.15837743274366,0.0
RG,275.4313945911148,0.49672701270792996,5.771940450332129e-05,6.157338793951707,0.0
RG,275.5281050526987,0.4967242375875672,5.781782690145731e-05,6.156299270378354,0.0
RG,275.62481551428266,0.4967214577486219,5.791650156353439e-05,6.155258860512136,0.0
RG,275.72152597586665,0.4967186731790342,5.801542935316347e-05,6.154217562837711,0.0
RG,275.8182364374506,0.49671588386670357,5.8114611137664854e-05,6.153175375835839,0.0
RG,275.9149468990346,0.49671308979948786,5.821404778808013e-05,6.152132297983376,0.0
RG,276.0116573606185,0.4967102909652035,5.8313740179179066e-05,6.151088327753252,0.0
RG,276.10836782220247,0.4967074873516253,5.84136891895154e-05,6.150043463614469,0.0
RG,276.20507828378646,0.4967046789464858,5.851389570138319e-05,6.148997704032074,0.0
RG,276.3017887453704,0.49670186573747593,5.8614360600924864e-05,6.1479510474671555,0.0
RG,276.39849920695434,0.49669904771224443,5.87150847780403e-05,6.14690349237683,0.0
RG,276.49520966853834,0.4966962248583972,5.8816069126533105e-05,6.145855037214217,0.0
RG,276.5919201301223,0.49669339716349775,5.89173145439965e-05,6.14480568042844,0.0
RG,276.6886305917062,0.4966905646150668,5.90188219319648e-05,6.1437554204646,0.0
RG,276.7853410532902,0.49668772720058224,5.9120592195812526e-05,6.142704255763775,0.0
RG,276.88205151487415,0.4966848849074786,5.9222626244882486e-05,6.141652184762991,0.0
RG,276.9787619764581,0.4966820377231472,5.93249249924124e-05,6.140599205895219,0.0
RG,277.0754724380421,0.4966791856349357,5.942748935563321e-05,6.1395453175893575,0.0
RG,277.172182899626,0.49667632863014816,5.9530320255728635e-05,6.138490518270218,0.0
RG,277.26889336120996,0.49667346669604473,5.9633418617903006e-05,6.137434806358508,0.0
RG,277.36560382279396,0.4966705998198414,5.9736785371367494e-05,6.136378180270824,0.0
RG,277.4623142843779,0.49666772798871006,5.984042144937925e-05,6.135320638419629,0.0
RG,277.55902474596184,0.4966648511897777,5.994432778926635e-05,6.134262179213248,0.0
RG,277.65573520754583,0.4966619694101272,6.00485053324197e-05,6.133202801055838,0.0
RG,277.75244566912977,0.49665908263679603,6.015295502437119e-05,6.132142502347394,0.0
RG,277.84915613071377,0.49665619085677704,6.025767781473183e-05,6.131081281483715,0.0
RG,277.9458665922977,0.49665329405701775,6.0362674657318925e-05,6.130019136856402,0.0
RG,278.04257705388164,0.49665039222441976,6.04679465100569e-05,6.128956066852836,0.0
RG,278.13928751546564,0.49664748534583963,6.057349433512709e-05,6.127892069856172,0.0
RG,278.2359979770496,0.4966445734080878,6.067931909886406e-05,6.126827144245312,0.0
RG,278.3327084386335,0.4966416563979286,6.078542177189324e-05,6.1257612883949015,0.0
RG,278.4294189002175,0.4966387343020804,6.0891803329053774e-05,6.124694500675307,0.0
RG,278.52612936180145,0.49663580710721467,6.099846474950383e-05,6.1236267794526045,0.0
RG,278.6228398233854,0.4966328747999564,6.110540701667524e-05,6.122558123088563,0.0
RG,278.7195502849694,0.49662993736688404,6.121263111835014e-05,6.121488529940632,0.0
RG,278.8162607465533,0.4966269947945285,6.132013804664581e-05,6.120417998361922,0.0
RG,278.91297120813726,0.49662404706937363,6.142792879805536e-05,6.11934652670119,0.0
RG,279.00968166972126,0.4966210941778559,6.153600437347812e-05,6.118274113302831,0.0
RG,279.1063921313052,0.4966181361063639,6.16443657782081e-05,6.117200756506849,0.0
RG,279.20310259288914,0.49661517284123835,6.175301402202038e-05,6.116126454648858,0.0
RG,279.29981305447313,0.496612204368772,6.186195011910494e-05,6.115051206060051,0.0
RG,279.3965235160571,0.49660923067520923,6.19711750882032e-05,6.113975009067197,0.0
RG,279.493233977641,0.49660625174674566,6.20806899525044e-05,6.112897861992615,0.0
RG,279.589944439225,0.49660326756952833,6.219049573979806e-05,6.111819763154169,0.0
RG,279.68665490080895,0.4966002781296554,6.230059348238076e-05,6.110740710865238,0.0
RG,279.78336536239294,0.4965972834131759,6.241098421718271e-05,6.109660703434714,0.0
RG,279.8800758239769,0.4965942834060889,6.25216689857063e-05,6.108579739166977,0.0
RG,279.9767862855608,0.49659127809434467,6.263264883412023e-05,6.107497816361885,0.0
RG,280.0734967471448,0.49658826746384305,6.274392481323151e-05,6.106414933314752,0.0
RG,280.17020720872875,0.4965852515004339,6.285549797854407e-05,6.105331088316337,0.0
RG,280.2669176703127,0.49658223018991726,6.296736939027386e-05,6.104246279652827,0.0
RG,280.3636281318967,0.4965792035180418,6.307954011335604e-05,6.103160505605811,0.0
RG,280.4603385934806,0.4965761714705063,6.319201121751887e-05,6.1020737644522836,0.0
RG,280.55704905506457,0.49657313403295816,6.330478377723016e-05,6.100986054464606,0.0
RG,280.65375951664856,0.4965700911909935,6.34178588718293e-05,6.099897373910507,0.0
RG,280.7504699782325,0.49656704293015735,6.353123758542848e-05,6.098807721053058,0.0
RG,280.84718043981644,0.4965639892359429,6.364492100706764e-05,6.097717094150655,0.0
RG,280.94389090140044,0.49656093009379154,6.375891023062061e-05,6.0966254914570035,0.0
RG,281.0406013629844,0.49655786548909225,6.387320635492725e-05,6.09553291122111,0.0
RG,281.1373118245683,0.4965547954071822,6.398781048373069e-05,6.09443935168725,0.0
RG,281.2340222861523,0.4965517198333456,6.410272372577568e-05,6.093344811094964,0.0
RG,281.33073274773625,0.496548638752814,6.421794719478281e-05,6.092249287679031,0.0
RG,281.4274432093202,0.49654555215076573,6.433348200950778e-05,6.091152779669457,0.0
RG,281.5241536709042,0.49654246001232605,6.444932929376033e-05,6.090055285291458,0.0
RG,281.6208641324881,0.49653936232256646,6.456549017641004e-05,6.088956802765438,0.0
RG,281.7175745940721,0.496536259066505,6.468196579146986e-05,6.087857330306977,0.0
RG,281.81428505565606,0.4965331502291053,6.479875727803487e-05,6.086756866126807,0.0
RG,281.91099551724,0.4965300357952772,6.491586578042391e-05,6.085655408430802,0.0
RG,282.007705978824,0.4965269157498756,6.503329244808112e-05,6.084552955419957,0.0
RG,282.10441644040793,0.49652379007770087,6.515103843573086e-05,6.083449505290368,0.0
RG,282.20112690199187,0.49652065876349827,6.526910490329135e-05,6.082345056233214,0.0
RG,282.29783736357587,0.49651752179195807,6.53874930159978e-05,6.081239606434748,0.0
RG,282.3945478251598,0.4965143791477147,6.550620394436122e-05,6.080133154076265,0.0
RG,282.49125828674374,0.49651123081534715,6.562523886424702e-05,6.079025697334098,0.0
RG,282.58796874832774,0.49650807677937814,6.574459895687197e-05,6.077917234379586,0.0
RG,282.6846792099117,0.49650491702427424,6.586428540884153e-05,6.076807763379071,0.0
RG,282.7813896714956,0.4965017515344457,6.598429941220552e-05,6.075697282493864,0.0
RG,282.8781001330796,0.4964985802942458,6.610464216442445e-05,6.074585789880239,0.0
RG,282.97481059466355,0.4964954032879707,6.622531486849625e-05,6.073473283689408,0.0
RG,283.0715210562475,0.4964922204998594,6.634631873286534e-05,6.0723597620675065,0.0
RG,283.1682315178315,0.49648903191409344,6.646765497158309e-05,6.071245223155567,0.0
RG,283.2649419794154,0.4964858375147964,6.658932480421531e-05,6.070129665089515,0.0
RG,283.3616524409994,0.49648263728603376,6.671132945597805e-05,6.06901308600013,0.0
RG,283.45836290258336,0.49647943121181287,6.683367015768724e-05,6.067895484013047,0.0
RG,283.5550733641673,0.49647621927608215,6.695634814584959e-05,6.066776857248723,0.0
RG,283.6517838257513,0.49647300146273154,6.707936466265408e-05,6.065657203822423,0.0
RG,283.74849428733523,0.4964697777555913,6.72027209560173e-05,6.064536521844207,0.0
RG,283.8452047489192,0.49646654813843294,6.732641827963545e-05,6.063414809418898,0.0
RG,283.94191521050317,0.4964633125949676,6.745045789295834e-05,6.06229206464607,0.0
RG,284.0386256720871,0.496460071108847,6.757484106131436e-05,6.061168285620032,0.0
RG,284.13533613367105,0.49645682366366206,6.769956905582399e-05,6.060043470429799,0.0
RG,284.23204659525504,0.4964535702429437,6.782464315356017e-05,6.058917617159084,0.0
RG,284.328757056839,0.4964503108301619,6.795006463746146e-05,6.057790723886268,0.0
RG,284.4254675184229,0.4964470454087252,6.807583479646876e-05,6.056662788684384,0.0
RG,284.5221779800069,0.4964437739619812,6.820195492547472e-05,6.0555338096211,0.0
RG,284.61888844159085,0.4964404964732156,6.832842632541863e-05,6.054403784758695,0.0
RG,284.7155989031748,0.49643721292565246,6.845525030328386e-05,6.05327271215404,0.0
RG,284.8123093647588,0.4964339233024532,6.858242817213756e-05,6.05214058985858,0.0
RG,284.9090198263427,0.49643062758671697,6.870996125119543e-05,6.051007415918312,0.0
RG,285.00573028792667,0.4964273257614801,6.883785086578587e-05,6.04987318837376,0.0
RG,285.10244074951066,0.4964240178097157,6.896609834748772e-05,6.048737905259965,0.0
RG,285.1991512110946,0.49642070371433383,6.909470503404216e-05,6.047601564606456,0.0
RG,285.2958616726786,0.4964173834581802,6.92236722695118e-05,6.046464164437232,0.0
RG,285.39257213426254,0.49641405702403735,6.935300140420717e-05,6.045325702770744,0.0
RG,285.4892825958465,0.4964107243946229,6.94826937948094e-05,6.044186177619867,0.0
RG,285.58599305743047,0.4964073855525902,6.961275080434251e-05,6.0430455869918855,0.0
RG,285.6827035190144,0.4964040404805276,6.974317380224809e-05,6.041903928888473,0.0
RG,285.77941398059835,0.4964006891609583,6.98739641644098e-05,6.040761201305666,0.0
RG,285.87612444218234,0.4963973315763401,7.000512327316685e-05,6.0396174022338425,0.0
RG,285.9728349037663,0.4963939677090648,7.013665251741398e-05,6.0384725296577075,0.0
RG,286.0695453653502,0.49639059754145803,7.026855329253787e-05,6.037326581556269,0.0
RG,286.1662558269342,0.4963872210557794,7.040082700057518e-05,6.036179555902809,0.0
RG,286.26296628851816,0.4963838382342214,7.053347505012831e-05,6.035031450664871,0.0
RG,286.3596767501021,0.4963804490589095,7.066649885651118e-05,6.033882263804236,0.0
RG,286.4563872116861,0.4963770535119023,7.079989984170172e-05,6.032731993276898,0.0
RG,286.55309767327003,0.4963736515751899,7.093367943444139e-05,6.031580637033044,0.0
RG,286.64980813485397,0.496370243230695,7.106783907023792e-05,6.030428193017031,0.0
RG,286.74651859643797,0.49636682846027175,7.12023801914072e-05,6.0292746591673705,0.0
RG,286.8432290580219,0.4963634072457057,7.133730424714637e-05,6.02812003341669,0.0
RG,286.93993951960584,0.49635997956871336,7.147261269350007e-05,6.026964313691728,0.0
RG,287.03664998118984,0.4963565454109421,7.160830699350468e-05,6.025807497913305,0.0
RG,287.1333604427738,0.49635310475396954,7.174438861710552e-05,6.024649583996295,0.0
RG,287.2300709043578,0.49634965757930327,7.188085904131671e-05,6.023490569849613,0.0
RG,287.3267813659417,0.49634620386838074,7.201771975016132e-05,6.0223304533761866,0.0
RG,287.42349182752565,0.49634274360256875,7.21549722347876e-05,6.021169232472935,0.0
RG,287.52020228910965,0.496339276763163,7.229261799346075e-05,6.02000690503074,0.0
RG,287.6169127506936,0.49633580333138805,7.243065853162025e-05,6.018843468934432,0.0
RG,287.7136232122775,0.4963323232883966,7.256909536194404e-05,6.017678922062766,0.0
RG,287.8103336738615,0.4963288366152696,7.270793000432417e-05,6.0165132622883855,0.0
RG,287.90704413544546,0.49632534329301564,7.284716398601117e-05,6.015346487477817,0.0
RG,288.0037545970294,0.4963218433025706,7.298679884153227e-05,6.014178595491433,0.0
RG,288.1004650586134,0.49631833662479713,7.312683611285588e-05,6.013009584183434,0.0
RG,288.19717552019733,0.4963148232404847,7.32672773493341e-05,6.011839451401827,0.0
RG,288.2938859817813,0.49631130313034916,7.340812410782158e-05,6.010668194988396,0.0
RG,288.39059644336527,0.49630777627503203,7.354937795266741e-05,6.0094958127786775,0.0
RG,288.4873069049492,0.49630424265510065,7.369104045577818e-05,6.008322302601945,0.0
RG,288.58401736653315,0.49630070225104733,7.38331131966834e-05,6.007147662281177,0.0
RG,288.68072782811714,0.49629715504328925,7.397559776251311e-05,6.005971889633034,0.0
RG,288.7774382897011,0.4962936010121683,7.411849574814566e-05,6.004794982467832,0.0
RG,288.874148751285,0.4962900401379503,7.426180875612884e-05,6.003616938589528,0.0
RG,288.970859212869,0.49628647240082474,7.440553839684514e-05,6.00243775579568,0.0
RG,289.06756967445295,0.49628289778090456,7.454968628846137e-05,6.001257431877435,0.0
RG,289.16428013603695,0.4962793162582261,7.469425405704283e-05,6.000075964619497,0.0
RG,289.2609905976209,0.4962757278127475,7.483924333655843e-05,5.998893351800105,0.0
RG,289.3577010592048,0.49627213242435,7.498465576893273e-05,5.997709591191006,0.0
RG,289.4544115207888,0.49626853007283606,7.513049300413084e-05,5.996524680557433,0.0
RG,289.55112198237276,0.49626492073793027,7.527675670012083e-05,5.995338617658068,0.0
RG,289.6478324439567,0.49626130439927774,7.542344852303695e-05,5.994151400245039,0.0
RG,289.7445429055407,0.49625768103644474,7.557057014710178e-05,5.992963026063871,0.0
RG,289.84125336712464,0.49625405062891775,7.571812325478996e-05,5.99177349285347,0.0
RG,289.9379638287086,0.49625041315610313,7.586610953678589e-05,5.990582798346104,0.0
RG,290.03467429029257,0.4962467685973269,7.601453069209213e-05,5.989390940267362,0.0
RG,290.1313847518765,0.4962431169318343,7.616338842805479e-05,5.988197916336139,0.0
RG,290.22809521346045,0.4962394581387893,7.631268446039129e-05,5.987003724264606,0.0
RG,290.32480567504444,0.49623579219727415,7.646242051330984e-05,5.985808361758183,0.0
RG,290.4215161366284,0.4962321190862891,7.6612598319448e-05,5.984611826515515,0.0
RG,290.5182265982123,0.49622843878475237,7.676321962004975e-05,5.98341411622844,0.0
RG,290.6149370597963,0.49622475127149884,7.691428616490205e-05,5.982215228581968,0.0
RG,290.71164752138026,0.49622105652528026,7.706579971247562e-05,5.981015161254252,0.0
RG,290.8083579829642,0.4962173545247651,7.721776202991804e-05,5.979813911916558,0.0
RG,290.9050684445482,0.49621364524853734,7.73701748931278e-05,5.978611478233242,0.0
RG,291.00177890613213,0.49620992867509667,7.752304008682443e-05,5.977407857861722,0.0
RG,291.0984893677161,0.49620620478285793,7.76763594045363e-05,5.976203048452441,0.0
RG,291.19519982930007,0.4962024735501505,7.783013464875665e-05,5.97499704764886,0.0
RG,291.291910290884,0.4961987349552184,7.798436763087394e-05,5.97378985308741,0.0
RG,291.388620752468,0.496194988976219,7.813906017134377e-05,5.9725814623974705,0.0
RG,291.48533121405194,0.4961912355912234,7.82942140996497e-05,5.971371873201344,0.0
RG,291.5820416756359,0.4961874747782156,7.84498312544202e-05,5.970161083114232,0.0
RG,291.6787521372199,0.4961837065150922,7.860591348345583e-05,5.968949089744191,0.0
RG,291.7754625988038,0.49617993077966205,7.876246264376662e-05,5.967735890692122,0.0
RG,291.87217306038775,0.49617614754964523,7.89194806016925e-05,5.966521483551731,0.0
RG,291.96888352197175,0.49617235680267346,7.907696923285504e-05,5.965305865909499,0.0
RG,292.0655939835557,0.4961685585162893,7.923493042233226e-05,5.964089035344666,0.0
RG,292.1623044451396,0.4961647526679455,7.939336606460792e-05,5.962870989429185,0.0
RG,292.2590149067236,0.4961609392350046,7.955227806371429e-05,5.961651725727703,0.0
RG,292.35572536830756,0.496157118194739,7.971166833323502e-05,5.9604312417975285,0.0
RG,292.4524358298915,0.4961532895243297,7.987153879637515e-05,5.959209535188608,0.0
RG,292.5491462914755,0.4961494532008662,8.003189138605669e-05,5.957986603443481,0.0
RG,292.64585675305943,0.4961456092013467,8.019272804488994e-05,5.956762444097271,0.0
RG,292.7425672146434,0.4961417575026764,8.035405072535034e-05,5.955537054677638,0.0
RG,292.83927767622737,0.4961378980816679,8.051586138971604e-05,5.954310432704755,0.0
RG,292.9359881378113,0.49613403091504055,8.06781620102334e-05,5.9530825756912815,0.0
RG,293.0326985993953,0.4961301559794198,8.084095456910561e-05,5.951853481142327,0.0
RG,293.12940906097924,0.49612627325133674,8.100424105858436e-05,5.950623146555422,0.0
RG,293.2261195225632,0.496122382707228,8.116802348104519e-05,5.9493915694204915,0.0
RG,293.3228299841472,0.49611848432343514,8.133230384898405e-05,5.948158747219814,0.0
RG,293.4195404457311,0.49611457807620357,8.149708418518494e-05,5.946924677428006,0.0
RG,293.51625090731505,0.49611066394168285,8.166236652265754e-05,5.9456893575119745,0.0
RG,293.61296136889905,0.4961067418959256,8.182815290481736e-05,5.944452784930894,0.0
RG,293.709671830483,0.49610281191488775,8.199444538546496e-05,5.943214957136177,0.0
RG,293.8063822920669,0.4960988739744272,8.216124602889367e-05,5.941975871571437,0.0
RG,293.9030927536509,0.49609492805030375,8.232855690995508e-05,5.940735525672457,0.0
RG,293.99980321523486,0.4960909741181789,8.249638011406977e-05,5.939493916867165,0.0
RG,294.0965136768188,0.4960870121536145,8.266471773739013e-05,5.9382510425755894,0.0
RG,294.1932241384028,0.4960830421320732,8.283357188674515e-05,5.937006900209834,0.0
RG,294.28993459998674,0.4960790640289173,8.300294467982344e-05,5.93576148717405,0.0
RG,294.3866450615707,0.4960750778194083,8.317283824515369e-05,5.934514800864397,0.0
RG,294.48335552315467,0.4960710834787067,8.334325472221944e-05,5.933266838669003,0.0
RG,294.5800659847386,0.49606708098187136,8.35141962615238e-05,5.932017597967949,0.0
RG,294.67677644632255,0.4960630703038588,8.368566502460672e-05,5.930767076133224,0.0
RG,294.77348690790654,0.4960590514195229,8.38576631842083e-05,5.929515270528689,0.0
RG,294.8701973694905,0.49605502430361387,8.403019292421925e-05,5.928262178510054,0.0
RG,294.9669078310745,0.49605098893077876,8.420325643986687e-05,5.927007797424836,0.0
RG,295.0636182926584,0.4960469452755598,8.437685593769864e-05,5.925752124612332,0.0
RG,295.16032875424236,0.49604289331239454,8.45509936356995e-05,5.924495157403575,0.0
RG,295.25703921582635,0.496038833015615,8.472567176336238e-05,5.923236893121308,0.0
RG,295.3537496774103,0.4960347643594475,8.490089256170566e-05,5.921977329079945,0.0
RG,295.45046013899423,0.4960306873180113,8.507665828344298e-05,5.920716462585544,0.0
RG,295.5471706005782,0.49602660186531916,8.525297119293815e-05,5.91945429093576,0.0
RG,295.64388106216217,0.49602250797527603,8.54298335663894e-05,5.918190811419821,0.0
RG,295.7405915237461,0.4960184056216786,8.5607247691825e-05,5.916926021318486,0.0
RG,295.8373019853301,0.49601429477821496,8.578521586921181e-05,5.915659917904015,0.0
RG,295.93401244691404,0.4960101754184637,8.596374041054854e-05,5.914392498440127,0.0
RG,296.030722908498,0.49600604751589383,8.614282363986383e-05,5.913123760181972,0.0
RG,296.127433370082,0.49600191104386354,8.632246789340489e-05,5.911853700376088,0.0
RG,296.2241438316659,0.49599776597562045,8.650267551959806e-05,5.910582316260369,0.0
RG,296.32085429324985,0.4959936122843003,8.668344887922352e-05,5.909309605064028,0.0
RG,296.41756475483385,0.4959894499429266,8.686479034543476e-05,5.90803556400756,0.0
RG,296.5142752164178,0.4959852789244102,8.70467023038444e-05,5.906760190302706,0.0
RG,296.6109856780017,0.4959810992015487,8.72291871526488e-05,5.905483481152418,0.0
RG,296.7076961395857,0.4959769107470255,8.741224730260889e-05,5.904205433750811,0.0
RG,296.80440660116966,0.49597271353340955,8.759588517725265e-05,5.90292604528315,0.0
RG,296.90111706275366,0.4959685075331551,8.778010321284503e-05,5.901645312925778,0.0
RG,296.9978275243376,0.49596429271859954,8.796490385855227e-05,5.900363233846114,0.0
RG,297.09453798592153,0.49596006906196516,8.815028957648219e-05,5.899079805202591,0.0
RG,297.19124844750553,0.4959558365353563,8.833626284175363e-05,5.8977950241446235,0.0
RG,297.28795890908947,0.49595159511076037,8.852282614264575e-05,5.896508887812579,0.0
RG,297.3846693706734,0.49594734476004615,8.870998198057188e-05,5.895221393337725,0.0
RG,297.4813798322574,0.4959430854549637,8.889773287028284e-05,5.8939325378422005,0.0
RG,297.57809029384134,0.4959388171671438,8.908608133986203e-05,5.892642318438973,0.0
RG,297.6748007554253,0.49593453986809677,8.92750299308597e-05,5.8913507322318,0.0
RG,297.7715112170093,0.49593025352921233,8.94645811983805e-05,5.890057776315192,0.0
RG,297.8682216785932,0.4959259581217591,8.965473771110713e-05,5.8887634477743696,0.0
RG,297.96493214017715,0.4959216536168832,8.98455020514934e-05,5.887467743685227,0.0
RG,298.06164260176115,0.4959173399856084,9.00368768157338e-05,5.886170661114288,0.0
RG,298.1583530633451,0.49591301719883507,9.022886461395837e-05,5.88487219711867,0.0
RG,298.255063524929,0.49590868522733944,9.042146807025526e-05,5.883572348746043,0.0
RG,298.351773986513,0.49590434404177347,9.061468982277466e-05,5.8822711130345855,0.0
RG,298.44848444809696,0.4958999936126634,9.080853252386263e-05,5.880968487012949,0.0
RG,298.54519490968096,0.4958956339104097,9.100299884005391e-05,5.8796644677002154,0.0
RG,298.6419053712649,0.4958912649052862,9.119809145228314e-05,5.87835905210585,0.0
RG,298.73861583284884,0.49588688656743907,9.139381305587913e-05,5.877052237229669,0.0
RG,298.83532629443283,0.49588249886688707,9.159016636072287e-05,5.875744020061794,0.0
RG,298.93203675601677,0.49587810177351954,9.178715409132514e-05,5.8744343975826085,0.0
RG,299.0287472176007,0.49587369525709724,9.198477898687628e-05,5.873123366762716,0.0
RG,299.1254576791847,0.49586927928724994,9.218304380143422e-05,5.871810924562903,0.0
RG,299.22216814076864,0.4958648538334772,9.238195130390449e-05,5.870497067934085,0.0
RG,299.3188786023526,0.495860418865147,9.258150427824912e-05,5.869181793817283,0.0
RG,299.4155890639366,0.4958559743514948,9.278170552351273e-05,5.867865099143556,0.0
RG,299.5122995255205,0.4958515202616237,9.298255785393755e-05,5.866546980833979,0.0
RG,299.60900998710446,0.4958470565645025,9.318406409910255e-05,5.865227435799587,0.0
RG,299.70572044868845,0.49584258322896624,9.338622710393001e-05,5.863906460941337,0.0
RG,299.8024309102724,0.4958381002237143,9.358904972889815e-05,5.862584053150059,0.0
RG,299.89914137185633,0.49583360751731065,9.379253485005534e-05,5.861260209306419,0.0
RG,299.9958518334403,0.49582910507818245,9.399668535917398e-05,5.859934926280867,0.0
RG,300.09256229502427,0.49582459287461966,9.420150416384907e-05,5.858608200933602,0.0
RG,300.1892727566082,0.49582007087477414,9.44069941875455e-05,5.857280030114512,0.0
RG,300.2859832181922,0.495815539046659,9.461315836980324e-05,5.855950410663146,0.0
RG,300.38269367977614,0.4958109973581477,9.481999966622822e-05,5.854619339408655,0.0
RG,300.47940414136013,0.4958064457769732,9.502752104870074e-05,5.853286813169755,0.0
RG,300.5761146029441,0.4958018842707278,9.523572550542563e-05,5.851952828754678,0.0
RG,300.672825064528,0.49579731280686146,9.544461604103659e-05,5.85061738296112,0.0
RG,300.769535526112,0.4957927313526817,9.565419567676429e-05,5.849280472576209,0.0
RG,300.86624598769595,0.49578813987535275,9.586446745044076e-05,5.847942094376442,0.0
RG,300.9629564492799,0.4957835383418943,9.607543441672718e-05,5.8466022451276505,0.0
RG,301.0596669108639,0.49577892671918117,9.628709964714285e-05,5.845260921584945,0.0
RG,301.1563773724478,0.49577430497394237,9.649946623020693e-05,5.843918120492672,0.0
RG,301.25308783403176,0.4957696730727604,9.671253727158077e-05,5.842573838584367,0.0
RG,301.34979829561576,0.49576503098206987,9.692631589409136e-05,5.841228072582703,0.0
RG,301.4465087571997,0.4957603786681578,9.71408052379615e-05,5.839880819199445,0.0
RG,301.54321921878363,0.4957557160971618,9.735600846083226e-05,5.838532075135399,0.0
RG,301.63992968036763,0.4957510432350695,9.757192873793612e-05,5.837181837080363,0.0
RG,301.73664014195157,0.49574636004771794,9.778856926220979e-05,5.835830101713086,0.0
RG,301.8333506035355,0.49574166650079254,9.800593324435222e-05,5.834476865701204,0.0
RG,301.9300610651195,0.49573696255982647,9.82240239130419e-05,5.833122125701205,0.0
RG,302.02677152670344,0.4957322481901994,9.844284451495949e-05,5.831765878358373,0.0
RG,302.1234819882874,0.495727523357137,9.866239831498737e-05,5.830408120306729,0.0
RG,302.2201924498714,0.4957227880257101,9.888268859630116e-05,5.829048848168999,0.0
RG,302.3169029114553,0.4957180421608337,9.910371866045682e-05,5.827688058556549,0.0
RG,302.4136133730393,0.4957132857272658,9.932549182760023e-05,5.826325748069338,0.0
RG,302.51032383462325,0.4957085186896072,9.95480114364846e-05,5.8249619132958665,0.0
RG,302.6070342962072,0.4957037410123,9.977128084469711e-05,5.8235965508131295,0.0
RG,302.7037447577912,0.49569895265962693,9.999530342873324e-05,5.822229657186552,0.0
RG,302.8004552193751,0.49569415359571084,0.00010022008258411271,5.820861228969957,0.0
RG,302.89716568095906,0.4956893437845129,0.00010044562172557373,5.819491262705493,0.0
RG,302.99387614254306,0.4956845231898326,0.00010067192428710071,5.818119754923589,0.0
RG,303.090586604127,0.4956796917753066,0.00010089899372216241,5.8167467021429085,0.0
RG,303.18729706571094,0.49567484950440704,0.00010112683350377999,5.815372100870281,0.0
RG,303.28400752729493,0.495669996340442,0.00010135544712466475,5.813995947600666,0.0
RG,303.38071798887887,0.49566513224655334,0.000101584838097403,5.812618238817085,0.0
RG,303.4774284504628,0.4956602571857165,0.00010181500995449183,5.811238970990571,0.0
RG,303.5741389120468,0.49565537112073926,0.00010204596624858875,5.809858140580115,0.0
RG,303.67084937363074,0.49565047401426054,0.00010227771055257482,5.808475744032617,0.0
RG,303.7675598352147,0.49564556582875013,0.00010251024645971024,5.8070917777828175,0.0
RG,303.8642702967987,0.4956406465265073,0.00010274357758381895,5.8057062382532525,0.0
RG,303.9609807583826,0.49563571606965956,0.00010297770755932301,5.804319121854197,0.0
RG,304.05769121996656,0.495630774420162,0.00010321264004150854,5.802930424983601,0.0
RG,304.15440168155055,0.4956258215397969,0.00010344837870658735,5.801540144027042,0.0
RG,304.2511121431345,0.49562085739017125,0.0001036849272518655,5.800148275357662,0.0
RG,304.3478226047185,0.49561588193271733,0.0001039222893959231,5.7987548153361175,0.0
RG,304.4445330663024,0.49561089512869066,0.00010416046887866538,5.797359760310511,0.0
RG,304.54124352788637,0.49560589693916934,0.00010439946946158616,5.795963106616342,0.0
RG,304.63795398947036,0.4956008873250532,0.00010463929492783988,5.7945648505764495,0.0
RG,304.7346644510543,0.4955958662470625,0.00010487994908241491,5.793164988500946,0.0
RG,304.83137491263824,0.4955908336657371,0.0001051214357523184,5.7917635166871655,0.0
RG,304.92808537422223,0.4955857895414351,0.00010536375878663506,5.790360431419599,0.0
RG,305.0247958358062,0.49558073383433227,0.00010560692205679485,5.7889557289698415,0.0
RG,305.1215062973901,0.4955756665044207,0.00010585092945665419,5.787549405596526,0.0
RG,305.2182167589741,0.4955705875115075,0.0001060957849026711,5.786141457545268,0.0
RG,305.31492722055805,0.4955654968152145,0.0001063414923340992,5.784731881048599,0.0
RG,305.411637682142,0.49556039437497634,0.00010658805571305294,5.783320672325914,0.0
RG,305.508348143726,0.4955552801500398,0.00010683547902478017,5.781907827583401,0.0
RG,305.6050586053099,0.4955501540994627,0.00010708376627775195,5.780493343013986,0.0
RG,305.70176906689386,0.4955450161821128,0.00010733292150384027,5.7790772147972715,0.0
RG,305.79847952847786,0.49553986635666647,0.00010758294875852492,5.777659439099466,0.0
RG,305.8951899900618,0.4955347045816079,0.00010783385212095727,5.776240012073333,0.0
RG,305.99190045164573,0.4955295308152277,0.00010808563569424707,5.774818929858115,0.0
RG,306.08861091322973,0.4955243450156223,0.00010833830360555757,5.7733961885794844,0.0
RG,306.18532137481367,0.49551914714069184,0.00010859186000628264,5.771971784349467,0.0
RG,306.28203183639766,0.4955139371481398,0.00010884630907226781,5.770545713266384,0.0
RG,306.3787422979816,0.495508714995472,0.00010910165500388171,5.769117971414788,0.0
RG,306.47545275956554,0.49550348063999444,0.00010935790202630517,5.767688554865396,0.0
RG,306.57216322114954,0.49549823403881343,0.0001096150543896406,5.766257459675021,0.0
RG,306.6688736827335,0.4954929751488332,0.00010987311636908295,5.764824681886513,0.0
RG,306.7655841443174,0.4954877039267557,0.00011013209226516179,5.763390217528694,0.0
RG,306.8622946059014,0.49548242032907874,0.00011039198640381472,5.761954062616276,0.0
RG,306.95900506748535,0.49547712431209495,0.00011065280313668011,5.760516213149813,0.0
RG,307.0557155290693,0.49547181583189087,0.0001109145468412264,5.759076665115629,0.0
RG,307.1524259906533,0.49546649484434546,0.00011117722192090935,5.757635414485737,0.0
RG,307.2491364522372,0.4954611613051287,0.00011144083280543681,5.756192457217789,0.0
RG,307.34584691382116,0.4954558151697008,0.00011170538395085631,5.754747789255,0.0
RG,307.44255737540516,0.49545045639331053,0.00011197087983983417,5.753301406526073,0.0
RG,307.5392678369891,0.4954450849309946,0.00011223732498181807,5.75185330494514,0.0
RG,307.63597829857304,0.4954397007375752,0.00011250472391317271,5.750403480411686,0.0
RG,307.73268876015703,0.49543430376766,0.00011277308119747042,5.748951928810482,0.0
RG,307.82939922174097,0.4954288939756403,0.00011304240142560149,5.74749864601151,0.0
RG,307.9261096833249,0.4954234713156897,0.00011331268921602534,5.746043627869896,0.0
RG,308.0228201449089,0.4954180357417628,0.00011358394921497432,5.744586870225839,0.0
RG,308.11953060649284,0.4954125872075941,0.00011385618609657005,5.743128368904538,0.0
RG,308.21624106807684,0.4954071256666965,0.0001141294045631426,5.741668119716115,0.0
RG,308.3129515296608,0.49540165107236,0.00011440360934535196,5.740206118455551,0.0
RG,308.4096619912447,0.4953961633776505,0.00011467880520242043,5.738742360902608,0.0
RG,308.5063724528287,0.4953906625354082,0.00011495499692237644,5.73727684282175,0.0
RG,308.60308291441265,0.49538514849824655,0.00011523218932215714,5.735809559962084,0.0
RG,308.6997933759966,0.49537962121855034,0.00011551038724794809,5.7343405080572705,0.0
RG,308.7965038375806,0.49537408064847505,0.00011578959557532303,5.732869682825452,0.0
RG,308.8932142991645,0.4953685267399451,0.0001160698192094508,5.731397079969186,0.0
RG,308.98992476074847,0.49536295944465225,0.00011635106308537422,5.729922695175358,0.0
RG,309.08663522233246,0.4953573787140544,0.00011663333216813456,5.728446524115111,0.0
RG,309.1833456839164,0.49535178449937434,0.00011691663145308262,5.726968562443771,0.0
RG,309.28005614550034,0.4953461767515982,0.00011720096596607278,5.7254888058007625,0.0
RG,309.37676660708433,0.4953405554214737,0.0001174863407636267,5.724007249809533,0.0
RG,309.4734770686683,0.49533492045950905,0.00011777276093325766,5.722523890077485,0.0
RG,309.5701875302522,0.4953292718159716,0.00011806023159361748,5.721038722195879,0.0
RG,309.6668979918362,0.4953236094408859,0.00011834875789477056,5.719551741739771,0.0
RG,309.76360845342015,0.49531793328403273,0.00011863834501844082,5.718062944267922,0.0
RG,309.8603189150041,0.49531224329494694,0.00011892899817815158,5.716572325322723,0.0
RG,309.9570293765881,0.4953065394229171,0.00011922072261958459,5.71507988043011,0.0
RG,310.053739838172,0.4953008216169826,0.00011951352362074434,5.713585605099495,0.0
RG,310.150450299756,0.49529508982593284,0.00011980740649219699,5.712089494823665,0.0
RG,310.24716076133996,0.49528934399830615,0.00012010237657736712,5.710591545078716,0.0
RG,310.3438712229239,0.49528358408238726,0.00012039843925269031,5.709091751323961,0.0
RG,310.4405816845079,0.4952778100262063,0.00012069559992795162,5.70759010900185,0.0
RG,310.53729214609183,0.49527202177753715,0.00012099386404650568,5.7060866135378925,0.0
RG,310.63400260767577,0.49526621928389597,0.0001212932370854617,5.704581260340557,0.0
RG,310.73071306925976,0.4952604024925391,0.0001215937245560431,5.703074044801207,0.0
RG,310.8274235308437,0.49525457135046247,0.0001218953320037596,5.7015649622939995,0.0
RG,310.92413399242764,0.4952487258043986,0.0001221980650086992,5.700054008175803,0.0
RG,311.02084445401164,0.4952428658008163,0.00012250192918581457,5.698541177786119,0.0
RG,311.1175549155956,0.49523699128591814,0.00012280693018508495,5.697026466446985,0.0
RG,311.2142653771795,0.4952311022056391,0.0001231130736919008,5.695509869462892,0.0
RG,311.3109758387635,0.4952251985056451,0.00012342036542727569,5.693991382120695,0.0
RG,311.40768630034745,0.4952192801313309,0.00012372881114807512,5.692470999689528,0.0
RG,311.5043967619314,0.4952133470278186,0.00012403841664737213,5.6909487174207065,0.0
RG,311.6011072235154,0.49520739913995615,0.00012434918775463885,5.68942453054765,0.0
RG,311.6978176850993,0.4952014364123154,0.0001246611303360776,5.687898434285782,0.0
RG,311.7945281466833,0.4951954587891902,0.00012497425029490552,5.6863704238324395,0.0
RG,311.89123860826726,0.4951894662145951,0.00012528855357154322,5.68484049436679,0.0
RG,311.9879490698512,0.49518345863226304,0.00012560404614401927,5.683308641049733,0.0
RG,312.0846595314352,0.49517743598564434,0.0001259207340281942,5.681774859023803,0.0
RG,312.18136999301913,0.4951713982179043,0.0001262386232780264,5.6802391434130906,0.0
RG,312.27808045460307,0.4951653452719213,0.00012655771998592994,5.678701489323134,0.0
RG,312.37479091618707,0.49515927709028557,0.00012687803028298822,5.67716189184083,0.0
RG,312.471501377771,0.4951531936152968,0.0001271995603393159,5.675620346034345,0.0
RG,312.56821183935494,0.495147094788963,0.00012752231636435475,5.674076846953014,0.0
RG,312.66492230093894,0.49514098055299754,0.0001278463046070861,5.672531389627238,0.0
RG,312.7616327625229,0.4951348508488188,0.00012817153135645428,5.670983969068402,0.0
RG,312.8583432241068,0.49512870561754646,0.00012849800294161492,5.669434580268768,0.0
RG,312.9550536856908,0.4951225448000013,0.0001288257257322191,5.6678832182013705,0.0
RG,313.05176414727475,0.49511636833670236,0.00012915470613879403,5.666329877819943,0.0
RG,313.1484746088587,0.4951101761678652,0.0001294849506129771,5.664774554058787,0.0
RG,313.2451850704427,0.4951039682333998,0.00012981646564790236,5.663217241832691,0.0
RG,313.3418955320266,0.4950977444729092,0.00013014925777851485,5.661657936036832,0.0
RG,313.43860599361057,0.4950915048256867,0.00013048333358180864,5.660096631546662,0.0
RG,313.53531645519456,0.49508524923071456,0.00013081869967727114,5.658533323217815,0.0
RG,313.6320269167785,0.49507897762666175,0.0001311553627271578,5.656968005886,0.0
RG,313.7287373783625,0.4950726899518816,0.00013149332943678953,5.655400674366904,0.0
RG,313.82544783994643,0.4950663861444104,0.00013183260655496627,5.65383132345608,0.0
RG,313.9221583015304,0.4950600661419651,0.00013217320087422936,5.65225994792885,0.0
RG,314.01886876311437,0.4950537298819409,0.0001325151192312536,5.650686542540194,0.0
RG,314.1155792246983,0.4950473773014095,0.00013285836850719773,5.64911110202465,0.0
RG,314.21228968628225,0.49504100833711717,0.00013320295562796976,5.6475336210961995,0.0
RG,314.30900014786624,0.4950346229254823,0.00013354888756468808,5.645954094448166,0.0
RG,314.4057106094502,0.4950282210025934,0.00013389617133399112,5.644372516753111,0.0
RG,314.5024210710341,0.49502180250420696,0.00013424481399833916,5.642788882662715,0.0
RG,314.5991315326181,0.49501536736574536,0.00013459482266647182,5.641203186807673,0.0
RG,314.69584199420206,0.49500891552229453,0.0001349462044937061,5.639615423797587,0.0
RG,314.792552455786,0.4950024469086017,0.00013529896668231731,5.638025588220855,0.0
RG,314.88926291737,0.4949959614590738,0.00013565311648194595,5.636433674644552,0.0
RG,314.98597337895393,0.49498945910777425,0.00013600866118988804,5.6348396776143295,0.0
RG,315.08268384053787,0.4949829397884215,0.00013636560815156654,5.633243591654291,0.0
RG,315.17939430212186,0.4949764034343864,0.00013672396476088712,5.631645411266887,0.0
RG,315.2761047637058,0.4949698499786902,0.0001370837384605429,5.6300451309327935,0.0
RG,315.37281522528974,0.4949632793540016,0.0001374449367425208,5.628442745110806,0.0
RG,315.46952568687374,0.4949566914926354,0.0001378075671484399,5.626838248237709,0.0
RG,315.5662361484577,0.4949500863265492,0.00013817163726990737,5.625231634728176,0.0
RG,315.6629466100417,0.49494346378734194,0.00013853715474899925,5.62362289897464,0.0
RG,315.7596570716256,0.4949368238062508,0.00013890412727859082,5.622012035347179,0.0
RG,315.85636753320955,0.4949301663141491,0.00013927256260280388,5.620399038193399,0.0
RG,315.95307799479355,0.49492349124154383,0.0001396424685174323,5.618783901838306,0.0
RG,316.0497884563775,0.49491679851857334,0.0001400138528702717,5.6171666205842,0.0
RG,316.1464989179614,0.49491008807500486,0.0001403867235616435,5.615547188710539,0.0
RG,316.2432093795454,0.4949033598402319,0.00014076108854478293,5.613925600473819,0.0
RG,316.33991984112936,0.4948966137432718,0.00014113695582618777,5.612301850107461,0.0
RG,316.4366303027133,0.49488984971276323,0.00014151433346616644,5.610675931821679,0.0
RG,316.5333407642973,0.49488306767696394,0.00014189322957922047,5.609047839803348,0.0
RG,316.63005122588123,0.4948762675637476,0.00014227365233443798,5.607417568215898,0.0
RG,316.72676168746517,0.4948694493006018,0.00014265560995602012,5.605785111199168,0.0
RG,316.82347214904917,0.4948626128146251,0.00014303911072366537,5.6041504628692875,0.0
RG,316.9201826106331,0.49485575803252474,0.0001434241629730407,5.60251361731855,0.0
RG,317.01689307221704,0.4948488848806137,0.0001438107750962639,5.6008745686152785,0.0
RG,317.11360353380104,0.494841993284808,0.00014419895554228666,5.599233310803699,0.0
RG,317.210313995385,0.4948350831706244,0.00014458871281744436,5.597589837903809,0.0
RG,317.3070244569689,0.4948281544631777,0.000144980055485906,5.595944143911242,0.0
RG,317.4037349185529,0.49482120708717703,0.00014537299217006096,5.594296222797144,0.0
RG,317.50044538013685,0.49481424096692483,0.00014576753155111873,5.592646068508031,0.0
RG,317.59715584172085,0.4948072560263126,0.0001461636823695455,5.590993674965657,0.0
RG,317.6938663033048,0.49480025218881857,0.00014656145342548013,5.589339036066877,0.0
RG,317.7905767648887,0.49479322937750525,0.00014696085357933473,5.587682145683521,0.0
RG,317.8872872264727,0.4947861875150163,0.00014736189175224078,5.58602299766224,0.0
RG,317.98399768805666,0.4947791265235733,0.00014776457692651667,5.584361585824379,0.0
RG,318.0807081496406,0.4947720463249737,0.00014816891814624218,5.582697903965837,0.0
RG,318.1774186112246,0.49476494684058736,0.0001485749245177091,5.581031945856921,0.0
RG,318.27412907280853,0.4947578279913535,0.00014898260520996572,5.579363705242215,0.0
RG,318.3708395343925,0.49475068969777825,0.00014939196945535415,5.577693175840426,0.0
RG,318.46754999597647,0.49474353187993125,0.00014980302654996527,5.576020351344246,0.0
RG,318.5642604575604,0.49473635445744296,0.00015021578585425248,5.574345225420217,0.0
RG,318.66097091914435,0.4947291573495011,0.00015063025679354784,5.572667791708569,0.0
RG,318.75768138072834,0.4947219404748484,0.00015104644885852126,5.570988043823084,0.0
RG,318.8543918423123,0.4947147037517791,0.0001514643716058448,5.56930597535095,0.0
RG,318.9511023038962,0.49470744709813536,0.00015188403465869976,5.567621579852612,0.0
RG,319.0478127654802,0.49470017043130493,0.00015230544770726068,5.5659348508616135,0.0
RG,319.14452322706416,0.494692873668218,0.0001527286205093719,5.5642457818844635,0.0
RG,319.2412336886481,0.4946855567253431,0.0001531535628910717,5.56255436640047,0.0
RG,319.3379441502321,0.49467821951868474,0.0001535802847471049,5.560860597861595,0.0
RG,319.43465461181603,0.49467086196377996,0.00015400879604159613,5.559164469692296,0.0
RG,319.5313650734,0.4946634839756951,0.00015443910680859097,5.5574659752893805,0.0
RG,319.62807553498396,0.4946560854690224,0.00015487122715261925,5.555765108021846,0.0
RG,319.7247859965679,0.49464866635787674,0.00015530516724934803,5.554061861230716,0.0
RG,319.8214964581519,0.49464122655589216,0.00015574093734613915,5.552356228228893,0.0
RG,319.91820691973584,0.4946337659762187,0.00015617854776267033,5.550648202300997,0.0
RG,320.0149173813198,0.4946262845315191,0.000156618008891575,5.5489377767032,0.0
RG,320.1116278429038,0.4946187821339649,0.00015705933119899987,5.54722494466307,0.0
RG,320.2083383044877,0.49461125869523337,0.00015750252522529553,5.545509699379413,0.0
RG,320.30504876607165,0.49460371412650417,0.00015794760158563889,5.543792034022095,0.0
RG,320.40175922765565,0.49459614833845505,0.0001583945709706034,5.542071941731892,0.0
RG,320.4984696892396,0.49458856124125944,0.00015884344414689963,5.540349415620321,0.0
RG,320.5951801508235,0.49458095274458186,0.00015929423195799758,5.538624448769468,0.0
RG,320.6918906124075,0.4945733227575747,0.00015974694532470773,5.536897034231818,0.0
RG,320.78860107399146,0.4945656711888751,0.00016020159524596141,5.5351671650301,0.0
RG,320.8853115355754,0.49455799794660016,0.0001606581927994424,5.533434834157105,0.0
RG,320.9820219971594,0.4945503029383443,0.00016111674914218459,5.531700034575509,0.0
RG,321.07873245874333,0.4945425860711749,0.00016157727551138122,5.529962759217717,0.0
RG,321.17544292032727,0.49453484725162883,0.00016203978322503084,5.528223000985672,0.0
RG,321.27215338191127,0.49452708638570825,0.0001625042836825593,5.526480752750691,0.0
RG,321.3688638434952,0.49451930337887756,0.00016297078836564484,5.524736007353281,0.0
RG,321.4655743050792,0.4945114981360588,0.0001634393088388901,5.522988757602964,0.0
RG,321.56228476666314,0.494503670561628,0.00016390985675046826,5.5212389962781,0.0
RG,321.6589952282471,0.49449582055941127,0.00016438244383296008,5.519486716125703,0.0
RG,321.7557056898311,0.49448794803268087,0.00016485708190405355,5.517731909861259,0.0
RG,321.852416151415,0.4944800528841511,0.00016533378286721936,5.51597457016854,0.0
RG,321.94912661299895,0.49447213501597453,0.00016581255871255616,5.514214689699432,0.0
RG,322.04583707458295,0.4944641943297375,0.00016629342151751664,5.512452261073732,0.0
RG,322.1425475361669,0.4944562307264564,0.00016677638344762168,5.510687276878972,0.0
RG,322.2392579977508,0.4944482441065733,0.00016726145675730717,5.508919729670231,0.0
RG,322.3359684593348,0.4944402343699518,0.00016774865379068102,5.507149611969929,0.0
RG,322.43267892091876,0.4944322014158733,0.00016823798698227256,5.505376916267664,0.0
RG,322.5293893825027,0.4944241451430317,0.00016872946885788866,5.50360163501999,0.0
RG,322.6260998440867,0.49441606544953015,0.00016922311203539442,5.5018237606502405,0.0
RG,322.72281030567063,0.4944079622328765,0.00016971892922550437,5.5000432855483306,0.0
RG,322.8195207672546,0.4943998353899781,0.00017021693323264784,5.498260202070547,0.0
RG,322.91623122883857,0.49439168481713863,0.0001707171369557743,5.496474502539373,0.0
RG,323.0129416904225,0.4943835104100529,0.00017121955338918307,5.494686179243265,0.0
RG,323.10965215200645,0.49437531206380264,0.00017172419562340373,5.492895224436464,0.0
RG,323.20636261359044,0.49436708967285176,0.00017223107684602727,5.491101630338788,0.0
RG,323.3030730751744,0.4943588431310421,0.00017274021034257049,5.489305389135432,0.0
RG,323.3997835367584,0.49435057233158847,0.0001732516094973786,5.487506492976754,0.0
RG,323.4964939983423,0.4943422771670744,0.00017376528779447563,5.485704933978077,0.0
RG,323.59320445992626,0.49433395752944714,0.00017428125881847363,5.483900704219473,0.0
RG,323.68991492151025,0.4943256133100133,0.00017479953625548704,5.482093795745549,0.0
RG,323.7866253830942,0.49431724439943336,0.00017532013389401778,5.480284200565249,0.0
RG,323.88333584467813,0.49430885068771796,0.0001758430656258945,5.478471910651625,0.0
RG,323.9800463062621,0.4943004320642219,0.00017636834544721355,5.476656917941623,0.0
RG,324.07675676784606,0.49429198841764027,0.0001768959874592526,5.4748392143358835,0.0
RG,324.17346722943,0.49428351963600264,0.00017742600586944,5.473018791698497,0.0
RG,324.270177691014,0.49427502560666864,0.0001779584149923226,5.471195641856801,0.0
RG,324.36688815259794,0.49426650621632295,0.00017849322925051863,5.469369756601151,0.0
RG,324.4635986141819,0.4942579613509696,0.00017903046317570615,5.467541127684701,0.0
RG,324.5603090757659,0.49424939089592773,0.00017957013140963043,5.46570974682317,0.0
RG,324.6570195373498,0.49424079473582566,0.00018011224870508592,5.463875605694629,0.0
RG,324.75372999893375,0.4942321727545963,0.00018065682992693017,5.462038695939258,0.0
RG,324.85044046051775,0.4942235248354714,0.00018120389005313133,5.460199009159118,0.0
RG,324.9471509221017,0.49421485086097644,0.00018175344417578154,5.458356536917929,0.0
RG,325.0438613836856,0.49420615071292534,0.00018230550750213855,5.45651127074082,0.0
RG,325.1405718452696,0.494197424272415,0.00018286009535570903,5.454663202114103,0.0
RG,325.23728230685356,0.49418867141981987,0.00018341722317730366,5.452812322485038,0.0
RG,325.33399276843755,0.49417989203478635,0.00018397690652609635,5.4509586232615845,0.0
RG,325.4307032300215,0.49417108599622744,0.0001845391610807512,5.449102095812165,0.0
RG,325.52741369160543,0.49416225318231666,0.00018510400264052485,5.447242731465421,0.0
RG,325.6241241531894,0.49415339347048304,0.00018567144712633194,5.445380521509965,0.0
RG,325.72083461477337,0.4941445067374052,0.00018624151058193542,5.44351545719414,0.0
RG,325.8175450763573,0.4941355928590053,0.00018681420917507504,5.441647529725765,0.0
RG,325.9142555379413,0.4941266517104433,0.00018738955919855808,5.439776730271882,0.0
RG,326.01096599952524,0.4941176831661115,0.0001879675770715067,5.4379030499585115,0.0
RG,326.1076764611092,0.49410868709962813,0.00018854827934051675,5.4360264798703914,0.0
RG,326.2043869226932,0.49409966338383166,0.00018913168268077247,5.434147011050714,0.0
RG,326.3010973842771,0.4940906118907748,0.0001897178038973545,5.432264634500887,0.0
RG,326.39780784586105,0.49408153249171805,0.0001903066599264308,5.430379341180254,0.0
RG,326.49451830744505,0.494072425057124,0.00019089826783639372,5.428491122005834,0.0
RG,326.591228769029,0.49406328945665073,0.000191492644829235,5.426599967852063,0.0
RG,326.6879392306129,0.4940541255591461,0.0001920898082417561,5.424705869550527,0.0
RG,326.7846496921969,0.49404493323264065,0.0001926897755467581,5.422808817889686,0.0
RG,326.88136015378086,0.494035712344342,0.00019329256435445376,5.420908803614609,0.0
RG,326.97807061536486,0.4940264627606277,0.00019389819241372375,5.4190058174266955,0.0
RG,327.0747810769488,0.49401718434703956,0.00019450667761333962,5.417099849983404,0.0
RG,327.17149153853273,0.49400787696827625,0.00019511803798343124,5.415190891897972,0.0
RG,327.26820200011673,0.4939985404881872,0.00019573229169677137,5.413278933739143,0.0
RG,327.36491246170067,0.4939891747697657,0.00019634945707006782,5.411363966030866,0.0
RG,327.4616229232846,0.4939797796751423,0.0001969695525654474,5.409445979252032,0.0
RG,327.5583333848686,0.49397035506557785,0.00019759259679179533,5.407524963836176,0.0
RG,327.65504384645254,0.4939609008014569,0.00019821860850611638,5.405600910171193,0.0
RG,327.7517543080365,0.4939514167422798,0.00019884760661502675,5.403673808599038,0.0
RG,327.8484647696205,0.49394190274665767,0.00019947961017615233,5.401743649415445,0.0
RG,327.9451752312044,0.4939323586723031,0.00020011463839958373,5.399810422869621,0.0
RG,328.04188569278836,0.4939227843760244,0.00020075271064933222,5.397874119163953,0.0
RG,328.13859615437235,0.4939131797137178,0.00020139384644483926,5.395934728453702,0.0
RG,328.2353066159563,0.49390354454036045,0.00020203806546248226,5.393992240846712,0.0
RG,328.33201707754023,0.4938938787100032,0.00020268538753702797,5.392046646403084,0.0
RG,328.4287275391242,0.4938841820757626,0.0002033358326632484,5.390097935134886,0.0
RG,328.52543800070816,0.493874454489814,0.00020398942099746588,5.388146097005838,0.0
RG,328.6221484622921,0.4938646958033836,0.00020464617285901994,5.3861911219309935,0.0
RG,328.7188589238761,0.49385490586674113,0.00020530610873199483,5.384232999776425,0.0
RG,328.81556938546004,0.4938450845291917,0.00020596924926677277,5.382271720358913,0.0
RG,328.91227984704403,0.4938352316390687,0.0002066356152815773,5.380307273445618,0.0
RG,329.008990308628,0.49382534704372494,0.0002073052277642505,5.378339648753761,0.0
RG,329.1057007702119,0.49381543058952587,0.00020797810787385123,5.376368835950293,0.0
RG,329.2024112317959,0.4938054821218407,0.000208654276942288,5.37439482465157,0.0
RG,329.29912169337985,0.4937955014850347,0.00020933375647610777,5.372417604423022,0.0
RG,329.3958321549638,0.4937854885224606,0.00021001656815817363,5.370437164778818,0.0
RG,329.4925426165478,0.49377544307645116,0.00021070273384939215,5.368453495181522,0.0
RG,329.5892530781317,0.49376536498830975,0.00021139227559048332,5.3664665850417705,0.0
RG,329.68596353971566,0.49375525409830323,0.0002120852156037676,5.364476423717914,0.0
RG,329.78267400129965,0.49374511024565193,0.00021278157629499842,5.362483000515672,0.0
RG,329.8793844628836,0.4937349332685225,0.0002134813802550735,5.360486304687801,0.0
RG,329.97609492446753,0.4937247230040183,0.0002141846502620047,5.358486325433724,0.0
RG,330.0728053860515,0.4937144792881709,0.00021489140928274974,5.356483051899186,0.0
RG,330.16951584763547,0.4937042019559315,0.00021560168047499303,5.354476473175901,0.0
RG,330.2662263092194,0.49369389084116183,0.00021631548718920894,5.352466578301182,0.0
RG,330.3629367708034,0.49368354577662465,0.00021703285297051638,5.3504533562575824,0.0
RG,330.45964723238734,0.4936731665939757,0.00021775380156058535,5.348436795972539,0.0
RG,330.5563576939713,0.49366275312375346,0.00021847835689970448,5.3464168863179875,0.0
RG,330.6530681555553,0.4936523051953704,0.00021920654312873117,5.34439361611,0.0
RG,330.7497786171392,0.49364182263710354,0.00021993838459111469,5.342366974108406,0.0
RG,330.8464890787232,0.493631305276085,0.00022067390583493268,5.340336949016416,0.0
RG,330.94319954030715,0.493620752938292,0.00022141313161498888,5.338303529480245,0.0
RG,331.0399100018911,0.493610165448538,0.0002221560868949316,5.336266704088717,0.0
RG,331.1366204634751,0.4935995426304622,0.0002229027968492541,5.33422646137288,0.0
RG,331.233330925059,0.4935888843065199,0.00022365328686558473,5.332182789805623,0.0
RG,331.33004138664296,0.49357819029797295,0.00022440758254680933,5.330135677801272,0.0
RG,331.42675184822696,0.4935674604248787,0.0002251657097131782,5.3280851137151926,0.0
RG,331.5234623098109,0.493556694506081,0.000225927694404665,5.3260310858433995,0.0
RG,331.62017277139483,0.49354589235919905,0.00022669356288314266,5.323973582422133,0.0
RG,331.71688323297883,0.4935350538006178,0.00022746334163465816,5.321912591627468,0.0
RG,331.81359369456277,0.49352417864547643,0.00022823705737174354,5.319848101574895,0.0
RG,331.9103041561467,0.49351326670765866,0.00022901473703575725,5.317780100318899,0.0
RG,332.0070146177307,0.49350231779978193,0.00022979640779927674,5.315708575852553,0.0
RG,332.10372507931464,0.49349133173318593,0.00023058209706835746,5.313633516107087,0.0
RG,332.2004355408986,0.4934803083179225,0.00023137183248510677,5.3115549089514635,0.0
RG,332.2971460024826,0.49346924736274445,0.00023216564193006748,5.309472742191946,0.0
RG,332.3938564640665,0.4934581486750937,0.00023296355352461868,5.307387003571671,0.0
RG,332.49056692565046,0.4934470120610911,0.00023376559563360736,5.305297680770209,0.0
RG,332.58727738723445,0.49343583732552393,0.00023457179686780304,5.303204761403112,0.0
RG,332.6839878488184,0.49342462427183564,0.00023538218608649863,5.301108233021488,0.0
RG,332.7806983104024,0.49341337270211305,0.00023619679240006187,5.299008083111537,0.0
RG,332.8774087719863,0.49340208241707545,0.00023701564517262266,5.296904299094106,0.0
RG,332.97411923357026,0.49339075321606224,0.0002378387740247474,5.294796868324232,0.0
RG,333.07082969515426,0.4933793848970213,0.00023866620883600462,5.29268577809067,0.0
RG,333.1675401567382,0.49336797725649684,0.0002394979797478618,5.290571015615447,0.0
RG,333.26425061832214,0.4933565300896169,0.00024033411716635358,5.288452568053377,0.0
RG,333.36096107990613,0.4933450431900812,0.00024117465176487382,5.286330422491598,0.0
RG,333.4576715414901,0.49333351635014844,0.0002420196144870324,5.284204565949092,0.0
RG,333.554382003074,0.49332194936062446,0.00024286903654951197,5.282074985376197,0.0
RG,333.651092464658,0.4933103420108481,0.00024372294944500597,5.279941667654135,0.0
RG,333.74780292624195,0.49329869408867977,0.0002445813849450346,5.277804599594507,0.0
RG,333.8445133878259,0.49328700538048714,0.0002454443751030724,5.275663767938816,0.0
RG,333.9412238494099,0.49327527567113333,0.00024631195225748346,5.273519159357944,0.0
RG,334.0379343109938,0.4932635047439621,0.0002471841490345242,5.271370760451677,0.0
RG,334.13464477257776,0.49325169238078576,0.00024806099835151873,5.269218557748177,0.0
RG,334.23135523416175,0.49323983836187063,0.0002489425334199275,5.267062537703471,0.0
RG,334.3280656957457,0.49322794246592394,0.0002498287877485568,5.2649026867009505,0.0
RG,334.42477615732963,0.49321600447007957,0.00025071979514666265,5.262738991050833,0.0
RG,334.5214866189136,0.49320402414988407,0.0002516155897273209,5.260571436989644,0.0
RG,334.61819708049757,0.49319200127928275,0.000252516205910668,5.25840001067968,0.0
RG,334.71490754208156,0.4931799356306051,0.00025342167842714816,5.256224698208483,0.0
RG,334.8116180036655,0.4931678269745502,0.0002543320423210011,5.2540454855882865,0.0
RG,334.90832846524944,0.4931556750801725,0.000255247332953599,5.251862358755488,0.0
RG,335.00503892683344,0.4931434797148665,0.00025616758600696286,5.249675303570076,0.0
RG,335.1017493884174,0.49313124064435226,0.00025709283748714343,5.247484305815095,0.0
RG,335.1984598500013,0.49311895763266006,0.0002580231237279073,5.245289351196075,0.0
RG,335.2951703115853,0.49310663044211506,0.0002589584813942698,5.243090425340464,0.0
RG,335.39188077316925,0.493094258833322,0.0002598989474860615,5.240887513797067,0.0
RG,335.4885912347532,0.49308184256514936,0.00026084455934171513,5.238680602035462,0.0
RG,335.5853016963372,0.49306938139471373,0.00026179535464193235,5.236469675445416,0.0
RG,335.6820121579211,0.4930568750773642,0.0002627513714135175,5.234254719336311,0.0
RG,335.77872261950506,0.4930443233666651,0.00026371264803308345,5.2320357189365385,0.0
RG,335.87543308108906,0.4930317260143813,0.00026467922323107764,5.229812659392907,0.0
RG,335.972143542673,0.49301908277045997,0.0002656511360956234,5.2275855257700465,0.0
RG,336.06885400425693,0.49300639338301555,0.0002666284260764918,5.225354303049785,0.0
RG,336.16556446584093,0.4929936575983115,0.00026761113298914916,5.223118976130546,0.0
RG,336.26227492742487,0.4929808751607445,0.0002685992970188421,5.220879529826726,0.0
RG,336.3589853890088,0.4929680458128259,0.00026959295872476806,5.218635948868067,0.0
RG,336.4556958505928,0.49295516929516536,0.0002705921590441311,5.216388217899023,0.0
RG,336.55240631217674,0.4929422453464528,0.0002715969392965515,5.214136321478127,0.0
RG,336.64911677376074,0.49292927370344053,0.00027260734118825453,5.211880244077345,0.0
RG,336.7458272353447,0.49291625410092527,0.00027362340681649246,5.209619970081429,0.0
RG,336.8425376969286,0.49290318627173013,0.00027464517867385946,5.207355483787258,0.0
RG,336.9392481585126,0.4928900699466858,0.0002756726996528838,5.205086769403174,0.0
RG,337.03595862009655,0.49287690485461255,0.00027670601305050305,5.202813811048321,0.0
RG,337.1326690816805,0.4928636907223004,0.00027774516257260434,5.200536592751971,0.0
RG,337.2293795432645,0.4928504272744912,0.0002787901923387584,5.198255098452829,0.0
RG,337.3260900048484,0.4928371142338583,0.00027984114688688093,5.1959693119983665,0.0
RG,337.42280046643236,0.492823751320988,0.00028089807117807295,5.193679217144112,0.0
RG,337.51951092801636,0.4928103382543592,0.0002819610106013206,5.191384797552955,0.0
RG,337.6162213896003,0.4927968747503237,0.00028303001097856764,5.189086036794442,0.0
RG,337.71293185118424,0.49278336052308597,0.0002841051185695795,5.186782918344057,0.0
RG,337.80964231276823,0.49276979528468295,0.0002851863800770346,5.18447542558251,0.0
RG,337.9063527743522,0.4927561787449629,0.00028627384265154254,5.182163541795,0.0
RG,338.0030632359361,0.4927425106115655,0.0002873675538969375,5.179847250170482,0.0
RG,338.0997736975201,0.49272879058989977,0.00028846756187545983,5.177526533800931,0.0
RG,338.19648415910405,0.4927150183831231,0.00028957391511304334,5.175201375680585,0.0
RG,338.293194620688,0.49270119369211995,0.0002906866626047406,5.172871758705195,0.0
RG,338.389905082272,0.4926873162154794,0.0002918058538201801,5.17053766567126,0.0
RG,338.4866155438559,0.49267338564947377,0.0002929315387091323,5.168199079275255,0.0
RG,338.5833260054399,0.4926594016880357,0.0002940637677069978,5.165855982112853,0.0
RG,338.68003646702385,0.49264536402273573,0.00029520259174064303,5.163508356678138,0.0
RG,338.7767469286078,0.49263127234275966,0.00029634806223407,5.161156185362813,0.0
RG,338.8734573901918,0.49261712633488514,0.0002975002311143389,5.158799450455398,0.0
RG,338.9701678517757,0.4926029256834582,0.00029865915081734494,5.15643813414042,0.0
RG,339.06687831335967,0.49258867007036977,0.00029982487429400625,5.154072218497599,0.0
RG,339.16358877494366,0.49257435917503184,0.0003009974550162274,5.151701685501012,0.0
RG,339.2602992365276,0.49255999267435274,0.0003021769469831474,5.149326517018274,0.0
RG,339.35700969811154,0.49254557024271334,0.0003033634047272885,5.146946694809689,0.0
RG,339.45372015969554,0.4925310915519414,0.00030455688332104634,5.144562200527392,0.0
RG,339.5504306212795,0.49251655627128715,0.00030575743838302414,5.142173015714508,0.0
RG,339.6471410828634,0.4925019640673975,0.00030696512608459163,5.1397791218042705,0.0
RG,339.7438515444474,0.4924873146042905,0.0003081800031564547,5.137380500119153,0.0
RG,339.84056200603135,0.4924726075433295,0.0003094021268954386,5.134977131869979,0.0
RG,339.9372724676153,0.4924578425431962,0.0003106315551712536,5.132568998155033,0.0
RG,340.0339829291993,0.49244301925986467,0.0003118683464333532,5.1301560799591535,0.0
RG,340.1306933907832,0.4924281373465742,0.0003131125597179676,5.127738358152832,0.0
RG,340.2274038523672,0.492413196453802,0.0003143642546552046,5.125315813491273,0.0
RG,340.32411431395116,0.4923981962292354,0.0003156234914762562,5.122888426613486,0.0
RG,340.4208247755351,0.4923831363177443,0.00031689033102059506,5.120456178041336,0.0
RG,340.5175352371191,0.4923680163613525,0.0003181648347434895,5.118019048178586,0.0
RG,340.61424569870303,0.49235283599920965,0.0003194470647234494,5.115577017309954,0.0
RG,340.71095616028697,0.4923375948675614,0.0003207370836698916,5.113130065600134,0.0
RG,340.80766662187096,0.4923222925997212,0.00032203495493073563,5.110678173092823,0.0
RG,340.9043770834549,0.4923069288260394,0.00032334074250037133,5.108221319709733,0.0
RG,341.00108754503884,0.4922915031738744,0.0003246545110275263,5.105759485249588,0.0
RG,341.09779800662284,0.4922760152675615,0.00032597632582339036,5.10329264938712,0.0
RG,341.1945084682068,0.4922604647283823,0.00032730625286964967,5.100820791672048,0.0
RG,341.2912189297907,0.4922448511745337,0.0003286443588269351,5.098343891528048,0.0
RG,341.3879293913747,0.4922291742210963,0.00032999071104314147,5.095861928251713,0.0
RG,341.48463985295865,0.49221343348000246,0.0003313453775620309,5.093374881011508,0.0
RG,341.5813503145426,0.4921976285600038,0.0003327084271317613,5.090882728846696,0.0
RG,341.6780607761266,0.49218175906663914,0.0003340799292138136,5.088385450666278,0.0
RG,341.7747712377105,0.49216582460220043,0.0003354599539918151,5.085883025247901,0.0
RG,341.87148169929446,0.4921498247657,0.0003368485723806579,5.083375431236766,0.0
RG,341.96819216087846,0.49213375915283636,0.0003382458560355395,5.080862647144512,0.0
RG,342.0649026224624,0.49211762735595954,0.00033965187736141226,5.078344651348123,0.0
RG,342.1616130840464,0.49210142896403714,0.00034106670952234567,5.075821422088768,0.0
RG,342.25832354563033,0.492085163562618,0.0003424904264511876,5.073292937470674,0.0
RG,342.3550340072143,0.49206883073379726,0.0003439231028591616,5.070759175459972,0.0
RG,342.45174446879827,0.49205243005618027,0.0003453648142458689,5.068220113883522,0.0
RG,342.5484549303822,0.49203596110484576,0.00034681563690923,5.065675730427754,0.0
RG,342.64516539196615,0.4920194234513083,0.000348275647955724,5.063126002637452,0.0
RG,342.74187585355014,0.49200281666348206,0.0003497449253105849,5.06057090791456,0.0
RG,342.8385863151341,0.49198614030564186,0.00035122354772837823,5.058010423516981,0.0
RG,342.935296776718,0.49196939393838474,0.00035271159480359995,5.05544452655732,0.0
RG,343.032007238302,0.4919525771185915,0.00035420914698148294,5.052873194001659,0.0
RG,343.12871769988595,0.49193568939938703,0.00035571628556888555,5.050296402668299,0.0
RG,343.2254281614699,0.49191873033010003,0.0003572330927454506,5.0477141292264855,0.0
RG,343.3221386230539,0.49190169945622314,0.0003587596515749149,5.0451263501951225,0.0
RG,343.4188490846378,0.49188459631937154,0.0003602960460165184,5.042533041941492,0.0
RG,343.51555954622177,0.4918674204572414,0.000361842360936662,5.039934180679922,0.0
RG,343.61227000780576,0.49185017140356835,0.0003633986821206467,5.037329742470467,0.0
RG,343.7089804693897,0.4918328486880841,0.00036496509628476914,5.034719703217582,0.0
RG,343.80569093097364,0.491815451836474,0.0003665416910883933,5.032104038668747,0.0
RG,343.90240139255764,0.491797980370333,0.00036812855514638834,5.0294827244131115,0.0
RG,343.9991118541416,0.4917804338071215,0.0003697257780415265,5.026855735880104,0.0
RG,344.09582231572557,0.49176281166012037,0.0003713334503374036,5.024223048338037,0.0
RG,344.1925327773095,0.49174511343838556,0.00037295166359123264,5.021584636892689,0.0
RG,344.28924323889345,0.49172733864670237,0.00037458051036708806,5.0189404764858745,0.0
RG,344.38595370047744,0.49170948678553816,0.0003762200842490733,5.016290541893994,0.0
RG,344.4826641620614,0.49169155735099607,0.00037787047985504495,5.013634807726586,0.0
RG,344.5793746236453,0.49167354983476597,0.00037953179285025177,5.010973248424824,0.0
RG,344.6760850852293,0.49165546372407704,0.00038120411996138247,5.0083058382600445,0.0
RG,344.77279554681326,0.49163729850164806,0.00038288755899062516,5.00563255133223,0.0
RG,344.8695060083972,0.49161905364563746,0.0003845822088301884,5.002953361568464,0.0
RG,344.9662164699812,0.49160072862959364,0.000386288169476901,5.000268242721405,0.0
RG,345.06292693156513,0.491582322922403,0.00038800554204706643,4.997577168367723,0.0
RG,345.15963739314907,0.4915638359882388,0.00038973442879156045,4.994880111906503,0.0
RG,345.25634785473306,0.49154526728650766,0.0003914749331111164,4.992177046557659,0.0
RG,345.353058316317,0.4915266162717978,0.00039322715957201755,4.989467945360318,0.0
RG,345.44976877790094,0.491507882393824,0.00039499121392180234,4.98675278117118,0.0
RG,345.54647923948494,0.49148906509737306,0.00039676720310545635,4.9840315266628625,0.0
RG,345.6431897010689,0.4914701638222493,0.00039855523528157947,4.981304154322241,0.0
RG,345.7399001626528,0.49145117800321697,0.0004003554198391545,4.978570636448744,0.0
RG,345.8366106242368,0.4914321070699445,0.0004021678674142967,4.975830945152646,0.0
RG,345.93332108582075,0.4914129504469468,0.00040399268990744675,4.973085052353346,0.0
RG,346.03003154740475,0.49139370755352607,0.0004058300005006981,4.970332929777606,0.0
RG,346.1267420089887,0.49137437780371296,0.0004076799136755224,4.9675745489577885,0.0
RG,346.2234524705726,0.4913549606062063,0.0004095425452307829,4.964809881230064,0.0
RG,346.3201629321566,0.4913354553643132,0.00041141801230092534,4.96203889773259,0.0
RG,346.41687339374056,0.4913158614758855,0.0004133064333746077,4.959261569403708,0.0
RG,346.5135838553245,0.4912961783332589,0.0004152079283134242,4.956477866980048,0.0
RG,346.6102943169085,0.49127640532318834,0.000417122618371256,4.953687760994686,0.0
RG,346.70700477849243,0.49125654182678424,0.0004190506262136079,4.950891221775239,0.0
RG,346.8037152400764,0.4912365872194475,0.0004209920759375114,4.948088219441945,0.0
RG,346.90042570166037,0.4912165408708024,0.0004229470930915506,4.945278723905704,0.0
RG,346.9971361632443,0.49119640214463095,0.00042491580469636,4.942462704866151,0.0
RG,347.09384662482825,0.4911761703988033,0.00042689833926546863,4.939640131809633,0.0
RG,347.19055708641224,0.4911558449852104,0.0004288948268263558,4.936810974007213,0.0
RG,347.2872675479962,0.4911354252496928,0.00043090539894203905,4.933975200512642,0.0
RG,347.3839780095801,0.49111491053197054,0.00043293018873274427,4.931132780160286,0.0
RG,347.4806884711641,0.49109430016557076,0.00043496933089832155,4.928283681563046,0.0
RG,347.57739893274805,0.491073593477755,0.00043702296174069,4.92542787311026,0.0
RG,347.674109394332,0.4910527897894456,0.00043909121918687065,4.922565322965555,0.0
RG,347.770819855916,0.4910318884151499,0.00044117424281227394,4.919695999064696,0.0
RG,347.8675303174999,0.49101088866288484,0.00044327217386441476,4.916819869113405,0.0
RG,347.9642407790839,0.49098978983409974,0.0004453851552871656,4.913936900585137,0.0
RG,348.06095124066786,0.4909685912235976,0.0004475133317451677,4.911047060718855,0.0
RG,348.1576617022518,0.4909472921194559,0.00044965684964893,4.908150316516756,0.0
RG,348.2543721638358,0.49092589180294655,0.0004518158571800301,4.90524663474198,0.0
RG,348.35108262541974,0.49090438954845345,0.00045399050431707674,4.9023359819163,0.0
RG,348.4477930870037,0.49088278462339013,0.00045618094286195066,4.899418324317757,0.0
RG,348.54450354858767,0.4908610762881157,0.0004583873264664437,4.896493627978292,0.0
RG,348.6412140101716,0.4908392637958489,0.0004606098106595279,4.893561858681337,0.0
RG,348.73792447175555,0.4908173463925825,0.0004628485528748168,4.890622981959383,0.0
RG,348.83463493333954,0.4907953233169947,0.00046510371247886114,4.887676963091508,0.0
RG,348.9313453949235,0.4907731938003606,0.0004673754507996336,4.884723767100888,0.0
RG,349.0280558565074,0.49075095706646155,0.0004696639311556576,4.881763358752258,0.0
RG,349.1247663180914,0.4907286123314931,0.0004719693188856112,4.878795702549363,0.0
RG,349.22147677967536,0.4907061588039729,0.0004742917813783223,4.875820762732372,0.0
RG,349.3181872412593,0.490683595684645,0.00047663148810359886,4.87283850327524,0.0
RG,349.4148977028433,0.49066092216638496,0.0004789886106432473,4.869848887883062,0.0
RG,349.51160816442723,0.4906381374341023,0.000481363322722867,4.866851879989389,0.0
RG,349.60831862601117,0.4906152406646414,0.00048375580024411104,4.863847442753493,0.0
RG,349.70502908759516,0.49059223102668154,0.00048616622131745244,4.860835539057615,0.0
RG,349.8017395491791,0.49056910768063566,0.0004885947662957638,4.857816131504184,0.0
RG,349.8984500107631,0.4905458697785465,0.0004910416178082072,4.854789182412974,0.0
RG,349.99516047234704,0.49052251646398176,0.0004935069607949456,4.851754653818255,0.0
RG,350.091870933931,0.4904990468719285,0.0004959909825423092,4.848712507465882,0.0
RG,350.188581395515,0.4904754601286842,0.000498493872718667,4.84566270481036,0.0
RG,350.2852918570989,0.49045175535174784,0.0005010158234110359,4.842605207011886,0.0
RG,350.38200231868285,0.4904279316497087,0.0005035570291621325,4.8395399749333174,0.0
RG,350.47871278026685,0.49040398812213243,0.0005061176870083131,4.836466969137131,0.0
RG,350.5754232418508,0.49037992385944745,0.0005086979965179938,4.833386149882338,0.0
RG,350.6721337034347,0.490355737942828,0.0005112981598308872,4.830297477121336,0.0
RG,350.7688441650187,0.49033142944407565,0.0005139183816980277,4.827200910496761,0.0
RG,350.86555462660266,0.49030699742550016,0.0005165588695222935,4.824096409338265,0.0
RG,350.9622650881866,0.4902824409397962,0.0005192198333999209,4.820983932659263,0.0
RG,351.0589755497706,0.49025775902992064,0.0005219014861625662,4.817863439153632,0.0
RG,351.15568601135453,0.4902329507289665,0.0005246040434202203,4.8147348871923885,0.0
RG,351.25239647293847,0.4902080150600351,0.0005273277236050456,4.81159823482029,0.0
RG,351.34910693452247,0.4901829510361063,0.0005300727480157711,4.808453439752411,0.0
RG,351.4458173961064,0.4901577576599074,0.0005328393408631128,4.80530045937068,0.0
RG,351.54252785769035,0.4901324339237786,0.0005356277293159293,4.8021392507203515,0.0
RG,351.63923831927434,0.4901069788095375,0.0005384381435481948,4.798969770506438,0.0
RG,351.7359487808583,0.4900813912883414,0.0005412708167870593,4.795791975090113,0.0
RG,351.8326592424423,0.4900556703205461,0.0005441259853615602,4.792605820485036,0.0
RG,351.9293697040262,0.4900298148555649,0.0005470038887523697,4.78941126235365,0.0
RG,352.02608016561015,0.4900038238317226,0.0005499047696425201,4.78620825600342,0.0
RG,352.12279062719415,0.48997769617610903,0.0005528288739688491,4.782996756383017,0.0
RG,352.2195010887781,0.48995143080443,0.0005557764509747825,4.779776718078478,0.0
RG,352.316211550362,0.48992502662085513,0.0005587477532638404,4.7765480953092645,0.0
RG,352.412922011946,0.48989848251786383,0.0005617430368542052,4.773310841924316,0.0
RG,352.50963247352996,0.4898717973760887,0.0005647625612344823,4.770064911398023,0.0
RG,352.6063429351139,0.48984497006415634,0.0005678065894202116,4.766810256826155,0.0
RG,352.7030533966979,0.4898179994385251,0.0005708753880118227,4.763546830921718,0.0
RG,352.79976385828184,0.4897908843433217,0.0005739692272535134,4.760274586010793,0.0
RG,352.8964743198658,0.4897636236101732,0.0005770883810932087,4.756993474028261,0.0
RG,352.99318478144977,0.48973621605803763,0.0005802331272438648,4.753703446513513,0.0
RG,353.0898952430337,0.4897086604930314,0.0005834037472457411,4.750404454606099,0.0
RG,353.18660570461765,0.48968095570825376,0.000586600526529989,4.747096449041285,0.0
RG,353.28331616620164,0.48965310048360855,0.0005898237544836043,4.743779380145574,0.0
RG,353.3800266277856,0.489625093585623,0.0005930737245153981,4.740453197832172,0.0
RG,353.4767370893695,0.4895969337672634,0.0005963507341234313,4.737117851596356,0.0
RG,353.5734475509535,0.48956861976774796,0.0005996550849637599,4.733773290510812,0.0
RG,353.67015801253746,0.489540150312356,0.0006029870829203635,4.730419463220898,0.0
RG,353.76686847412145,0.48951152411223486,0.0006063470381767363,4.727056317939815,0.0
RG,353.8635789357054,0.4894827398642024,0.0006097352652887191,4.72368380244376,0.0
RG,353.96028939728933,0.4894537962505476,0.0006131520832587372,4.720301864066953,0.0
RG,354.0569998588733,0.4894246919388263,0.0006165978156116852,4.716910449696644,0.0
RG,354.15371032045726,0.48939542558165494,0.0006200727904721605,4.713509505768017,0.0
RG,354.2504207820412,0.4893659958164995,0.0006235773406432643,4.710098978259024,0.0
RG,354.3471312436252,0.48933640126546146,0.000627111803687193,4.706678812685157,0.0
RG,354.44384170520914,0.48930664053506073,0.0006306765220071667,4.703248954094153,0.0
RG,354.5405521667931,0.48927671221601354,0.0006342718429311581,4.699809347060584,0.0
RG,354.6372626283771,0.48924661488300764,0.0006378981187974082,4.6963599356804036,0.0
RG,354.733973089961,0.489216347094473,0.0006415557070413695,4.692900663565416,0.0
RG,354.83068355154495,0.48918590739234874,0.0006452449702847718,4.689431473837636,0.0
RG,354.92739401312895,0.4891552943018464,0.0006489662764263867,4.68595230912359,0.0
RG,355.0241044747129,0.4891245063312087,0.0006527199987345206,4.682463111548538,0.0
RG,355.1208149362968,0.4890935419714637,0.0006565065159416015,4.678963822730577,0.0
RG,355.2175253978808,0.4890623996961758,0.0006603262123406265,4.675454383774699,0.0
RG,355.31423585946476,0.4890310779611914,0.0006641794778835157,4.671934735266744,0.0
RG,355.41094632104875,0.4889995752043805,0.0006680667082817062,4.668404817267243,0.0
RG,355.5076567826327,0.4889678898453734,0.000671988305108753,4.664864569305213,0.0
RG,355.60436724421663,0.4889360202852942,0.0006759446759049589,4.661313930371822,0.0
RG,355.7010777058006,0.48890396490648674,0.0006799362342843788,4.657752838913964,0.0
RG,355.79778816738457,0.4888717220722385,0.0006839634000439759,4.654181232827773,0.0
RG,355.8944986289685,0.4888392901264983,0.000688026599274973,4.650599049451986,0.0
RG,355.9912090905525,0.48880666739358886,0.0006921262644768119,4.6470062255612445,0.0
RG,356.08791955213644,0.4887738521779147,0.000696262834673362,4.643402697359288,0.0
RG,356.1846300137204,0.4887408427636643,0.0007004367555315525,4.63978840047203,0.0
RG,356.2813404753044,0.4887076374145075,0.0007046484794826884,4.636163269940533,0.0
RG,356.3780509368883,0.488674234373287,0.0007088984658462641,4.632527240213902,0.0
RG,356.47476139847225,0.4886406318617037,0.0007131871809563472,4.628880245142024,0.0
RG,356.57147186005625,0.48860682807999806,0.0007175150982909163,4.625222217968233,0.0
RG,356.6681823216402,0.4885728212066236,0.0007218826986038436,4.6215530913218545,0.0
RG,356.7648927832241,0.48853860939791627,0.0007262904700596851,4.617872797210608,0.0
RG,356.8616032448081,0.48850419078775575,0.0007307389083715316,4.614181267012936,0.0
RG,356.95831370639206,0.4884695634872229,0.0007352285169418033,4.6104784314701766,0.0
RG,357.055024167976,0.4884347255842483,0.0007397598070060269,4.6067642206786354,0.0
RG,357.15173462956,0.488399675143257,0.0007443332977799471,4.603038564081516,0.0
RG,357.24844509114394,0.4883644102048036,0.0007489495166098257,4.599301390460749,0.0
RG,357.34515555272793,0.488328928785204,0.0007536089991259301,4.5955526279286545,0.0
RG,357.44186601431187,0.4882932288761568,0.0007583122893995422,4.591792203919527,0.0
RG,357.5385764758958,0.48825730844436044,0.0007630599401035096,4.588020045181018,0.0
RG,357.6352869374798,0.48822116543112126,0.0007678525126761358,4.584236077765445,0.0
RG,357.73199739906374,0.48818479775195495,0.000772690577488961,4.580440227020928,0.0
RG,357.8287078606477,0.4881482032961808,0.0007775747140183279,4.576632417582385,0.0
RG,357.9254183222317,0.488111379926507,0.0007825055110206251,4.572812573362396,0.0
RG,358.0221287838156,0.48807432547860935,0.0007874835667115505,4.568980617541914,0.0
RG,358.11883924539956,0.48803703776070123,0.0007925094889495965,4.5651364725608214,0.0
RG,358.21554970698355,0.4879995145530957,0.0007975838954234637,4.561280060108329,0.0
RG,358.3122601685675,0.4879617536077583,0.0008027074138438114,4.557411301113252,0.0
RG,358.40897063015143,0.48792375264785265,0.0008078806821395943,4.553530115734062,0.0
RG,358.5056810917354,0.487885509367276,0.0008131043486587072,4.549636423348855,0.0
RG,358.60239155331936,0.48784702143018577,0.0008183790723732084,4.545730142545095,0.0
RG,358.6991020149033,0.4878082864705185,0.0008237055230894873,4.541811191109202,0.0
RG,358.7958124764873,0.487769302091497,0.0008290843816631847,4.537879486015989,0.0
RG,358.89252293807124,0.48773006586512924,0.0008345163402190091,4.533934943417908,0.0
RG,358.9892333996552,0.48769057533169785,0.0008400021023758667,4.529977478634104,0.0
RG,359.0859438612392,0.487650827999238,0.0008455423834772754,4.526007006139313,0.0
RG,359.1826543228231,0.4876108213430057,0.0008511379108270182,4.52202343955256,0.0
RG,359.2793647844071,0.4875705528049364,0.0008567894239304452,4.518026691625654,0.0
RG,359.37607524599105,0.4875300197930911,0.0008624976747415577,4.514016674231521,0.0
RG,359.472785707575,0.4874892196810922,0.0008682634279158624,4.5099932983523034,0.0
RG,359.569496169159,0.48744814980754897,0.0008740874610691874,4.505956474067282,0.0
RG,359.6662066307429,0.48740680747546916,0.0008799705650428638,4.501906110540592,0.0
RG,359.76291709232686,0.487365189951661,0.0008859135441752406,4.4978421160087,0.0
RG,359.85962755391085,0.48732329446612166,0.0008919172165795674,4.4937643977677,0.0
RG,359.9563380154948,0.48728111821141384,0.0008979824144287039,4.489672862160382,0.0
RG,360.05304847707873,0.4872386583420291,0.0009041099842468081,4.48556741456306,0.0
RG,360.1497589386627,0.487195911973739,0.0009103007872080328,4.481447959372187,0.0
RG,360.24646940024667,0.48715287618293185,0.0009165556994423444,4.477314399990735,0.0
RG,360.3431798618306,0.4871095480059366,0.0009228756123492196,4.473166638814334,0.0
RG,360.4398903234146,0.48706592443833213,0.0009292614329188371,4.469004577217156,0.0
RG,360.53660078499854,0.48702200243424254,0.0009357140840610801,4.464828115537594,0.0
RG,360.6333112465825,0.48697777890561783,0.0009422345049428784,4.460637153063621,0.0
RG,360.7300217081665,0.48693325072149846,0.0009488236513339479,4.456431588017945,0.0
RG,360.8267321697504,0.4868884147072665,0.0009554824959609452,4.452211317542883,0.0
RG,360.92344263133435,0.4868432676438785,0.0009622120288706338,4.447976237684936,0.0
RG,361.02015309291835,0.48679780626708413,0.0009690132578022005,4.443726243379149,0.0
RG,361.1168635545023,0.48675202726662714,0.0009758872085689679,4.439461228433126,0.0
RG,361.2135740160863,0.4867059272854299,0.0009828349254496368,4.435181085510796,0.0
RG,361.3102844776702,0.48665950291875953,0.000989857471589517,4.430885706115877,0.0
RG,361.40699493925416,0.4866127507133777,0.0009969559294121285,4.426574980575015,0.0
RG,361.50370540083816,0.48656566716666977,0.00100413140104122,4.422248798020652,0.0
RG,361.6004158624221,0.48651824872575794,0.0010113850087334346,4.417907046373568,0.0
RG,361.69712632400604,0.48647049178659263,0.001018717895322522,4.413549612325074,0.0
RG,361.79383678559003,0.48642239269302523,0.0010261312246748733,4.409176381318916,0.0
RG,361.89054724717397,0.4863739477358609,0.0010336261821567798,4.404787237532826,0.0
RG,361.9872577087579,0.48632515315188957,0.001041203975113956,4.400382063859723,0.0
RG,362.0839681703419,0.4862760051228961,0.0010488658333636463,4.395960741888568,0.0
RG,362.18067863192584,0.48622649977464855,0.0010566130096997055,4.391523151884878,0.0
RG,362.2773890935098,0.4861766331758643,0.001064446780410778,4.38706917277084,0.0
RG,362.3740995550938,0.4861264013371521,0.00107236844581238,4.382598682105066,0.0
RG,362.4708100166777,0.4860758002099319,0.0010803793307931641,4.378111556061992,0.0
RG,362.56752047826166,0.4860248256853288,0.001088480785375676,4.373607669410819,0.0
RG,362.66423093984565,0.48597347359304316,0.0010966741852920603,4.369086895494117,0.0
RG,362.7609414014296,0.4859217397001954,0.0011049609325753098,4.3645491062059865,0.0
RG,362.85765186301353,0.48586961971014325,0.001113342456166535,4.359994171969795,0.0
RG,362.9543623245975,0.4858171092612729,0.0011218202125387064,4.355421961715504,0.0
RG,363.05107278618146,0.4857642039257625,0.0011303956863370603,4.350832342856541,0.0
RG,363.14778324776546,0.48571089920831706,0.0011390703910374054,4.346225181266212,0.0
RG,363.2444937093494,0.48565719054487416,0.001147845869622283,4.341600341253691,0.0
RG,363.34120417093334,0.48560307330127944,0.0011567236952757564,4.33695768553949,0.0
RG,363.43791463251733,0.485548542771932,0.0011657054720973397,4.332297075230467,0.0
RG,363.5346250941013,0.4854935941783971,0.0011747928358358166,4.327618369794357,0.0
RG,363.6313355556852,0.48543822266798753,0.0011839874546435431,4.322921427033766,0.0
RG,363.7280460172692,0.48538242331231013,0.0011932910298518705,4.318206103059648,0.0
RG,363.82475647885315,0.4853261911057799,0.0012027052967679874,4.313472252264292,0.0
RG,363.9214669404371,0.48526952096409687,0.0012122320254947879,4.308719727293705,0.0
RG,364.0181774020211,0.48521240772268787,0.001221873021773724,4.303948379019466,0.0
RG,364.114887863605,0.48515484613511056,0.0012316301278515168,4.2991580565100405,0.0
RG,364.21159832518896,0.48509683087141975,0.0012415052233716868,4.294348607001445,0.0
RG,364.30830878677295,0.485038356516493,0.001251500226291646,4.289519875867355,0.0
RG,364.4050192483569,0.484979417568318,0.0012616170938263213,4.284671706588606,0.0
RG,364.50172970994083,0.4849200084362353,0.0012718578234188576,4.279803940722032,0.0
RG,364.5984401715248,0.4848601234391404,0.0012822244537395522,4.274916417868674,0.0
RG,364.69515063310877,0.48479975680364157,0.0012927190657139875,4.270008975641345,0.0
RG,364.7918610946927,0.4847389026621707,0.0013033437835813786,4.265081449631482,0.0
RG,364.8885715562767,0.4846775550510494,0.0013141007759838205,4.2601336733753286,0.0
RG,364.98528201786064,0.48461570790850594,0.0013249922570877446,4.255165478319409,0.0
RG,365.08199247944464,0.484553355072643,0.001336020487738775,4.250176693785233,0.0
RG,365.1787029410286,0.4844904902793546,0.0013471877766508974,4.245167146933305,0.0
RG,365.2754134026125,0.48442710716019083,0.0013584964816312165,4.240136662726324,0.0
RG,365.3721238641965,0.4843631992401682,0.0013699490108413947,4.235085063891603,0.0
RG,365.46883432578045,0.4842987599355253,0.0013815478240972393,4.230012170882712,0.0
RG,365.5655447873644,0.48423378255142013,0.001393295434207884,4.224917801840226,0.0
RG,365.6622552489484,0.4841682602795698,0.0014051944083555308,4.2198017725516825,0.0
RG,365.7589657105323,0.4841021861958279,0.0014172473695173258,4.214663896410651,0.0
RG,365.85567617211626,0.4840355532577022,0.0014294569979310628,4.2095039843748685,0.0
RG,365.95238663370026,0.4839683543018042,0.0014418260326060888,4.204321844923486,0.0
RG,366.0490970952842,0.48390058204123554,0.0014543572728811303,4.199117284013389,0.0
RG,366.14580755686814,0.48383222906290446,0.0014670535800303294,4.1938901050344946,0.0
RG,366.24251801845213,0.48376328782477246,0.0014799178789196628,4.188640108764089,0.0
RG,366.33922848003607,0.48369375065302805,0.0014929531597154412,4.183367093320144,0.0
RG,366.43593894162,0.4836236097391852,0.0015061624796467703,4.178070854113565,0.0
RG,366.532649403204,0.4835528571371056,0.0015195489648238778,4.172751183799341,0.0
RG,366.62935986478794,0.48348148475994024,0.0015331158121141368,4.167407872226659,0.0
RG,366.7260703263719,0.48340948437698966,0.0015468662910784231,4.162040706387774,0.0
RG,366.8227807879559,0.48333684761047857,0.0015608037459695732,4.156649470365796,0.0
RG,366.9194912495398,0.48326356593224384,0.0015749315977957152,4.151233945281227,0.0
RG,367.0162017111238,0.4831896306603319,0.0015892533464499155,4.145793909237261,0.0
RG,367.11291217270775,0.48311503295550356,0.0016037725729097108,4.140329137263855,0.0
RG,367.2096226342917,0.4830397638176423,0.001618492941508619,4.134839401260418,0.0
RG,367.3063330958757,0.48296381408206285,0.0016334182022825336,4.129324469937232,0.0
RG,367.4030435574596,0.4828871744157193,0.001648552193393565,4.123784108755444,0.0
RG,367.49975401904356,0.4828098353133049,0.0016638988436344967,4.118218079865646,0.0
RG,367.59646448062756,0.482731787093244,0.001679462175016896,4.11262614204498,0.0
RG,367.6931749422115,0.48265301989357207,0.0016952463054461945,4.107008050632772,0.0
RG,367.78988540379544,0.48257352366769674,0.0017112554514870442,4.101363557464576,0.0
RG,367.88659586537943,0.48249328818004106,0.001727493931221938,4.095692410804641,0.0
RG,367.9833063269634,0.4824123030015608,0.0017439661672074961,4.089994355276768,0.0
RG,368.0800167885473,0.4823305575051338,0.0017606766895319585,4.084269131793417,0.0
RG,368.1767272501313,0.4822480408608156,0.0017776301389779516,4.078516477483119,0.0
RG,368.27343771171525,0.48216474203095894,0.001794831270294426,4.072736125616104,0.0
RG,368.3701481732992,0.4820806497651898,0.001812284955582391,4.066927805528029,0.0
RG,368.4668586348832,0.4819957525952366,0.0018299961877989844,4.061091242541879,0.0
RG,368.5635690964671,0.48191003882960814,0.0018479700843843136,4.055226157887856,0.0
RG,368.6602795580511,0.48182349654811363,0.0018662118910164295,4.0493322686212805,0.0
RG,368.75699001963505,0.48173611359622087,0.0018847269854992412,4.043409287538419,0.0
RG,368.853700481219,0.48164787757924443,0.0019035208817892787,4.037456923090153,0.0
RG,368.950410942803,0.4815587758563609,0.0019225992341664782,4.031474879293454,0.0
RG,369.0471214043869,0.481468795534443,0.0019419678415554542,4.025462855640599,0.0
RG,369.14383186597087,0.4813779234617061,0.0019616326520035055,4.019420547005976,0.0
RG,369.24054232755486,0.4812861462211616,0.001981599767321417,4.013347643550554,0.0
RG,369.3372527891388,0.48119345012387116,0.0020018754478937106,4.0072438306238185,0.0
RG,369.43396325072274,0.48109982120199046,0.0020224661176661573,4.0011087886631165,0.0
RG,369.53067371230674,0.48100524520160104,0.0020433783693176986,3.994942193090394,0.0
RG,369.6273841738907,0.4809097075753161,0.002064618969624955,3.988743714206166,0.0
RG,369.7240946354746,0.4808131934746567,0.002086194865027123,3.9825130170806475,0.0
RG,369.8208050970586,0.48071568774218726,0.0021081131874002867,3.9762497614419794,0.0
RG,369.91751555864255,0.4806171749034018,0.0021303812600500928,3.96995360156144,0.0
RG,370.0142260202265,0.48051763915835377,0.002153006603932097,3.9636241861355384,0.0
RG,370.1109364818105,0.4804170643730185,0.0021759969441095674,3.9572611581649086,0.0
RG,370.2076469433944,0.4803154340703767,0.0021993602164598123,3.950864154829878,0.0
RG,370.30435740497836,0.48021273142121035,0.002223104574639651,3.9444328073626047,0.0
RG,370.40106786656236,0.48010893923459974,0.002247238397321766,3.9379667409156522,0.0
RG,370.4977783281463,0.4800040399481104,0.0022717702957139995,3.931465574426943,0.0
RG,370.5944887897303,0.4798980156176541,0.002296709121375006,3.924928920480846,0.0
RG,370.69119925131423,0.47979084790702053,0.002322063974337955,3.9183563851654384,0.0
RG,370.78790971289817,0.47968251807705725,0.0023478442115569286,3.9117475679256732,0.0
RG,370.88462017448217,0.4795730069744896,0.0023740594556923363,3.9051020614123604,0.0
RG,370.9813306360661,0.47946229502036475,0.0024007196042490245,3.898419451326839,0.0
RG,371.07804109765004,0.47935036219810423,0.002427834839085194,3.891699316261116,0.0
RG,371.17475155923404,0.4792371880411499,0.0024554156363086345,3.8849412275334005,0.0
RG,371.271462020818,0.47912275162018775,0.002483472776577921,3.8781447490188112,0.0
RG,371.3681724824019,0.47900703152993396,0.0025120173558271786,3.871309436975135,0.0
RG,371.4648829439859,0.4788900058754629,0.0025410607964360607,3.864434839863436,0.0
RG,371.56159340556985,0.4787716522580593,0.002570614858865776,3.8575204981633373,0.0
RG,371.6583038671538,0.4786519477605738,0.0026006916537834224,3.850565944182722,0.0
RG,371.7550143287378,0.4785308689322629,0.002631303654699224,3.8435707018617373,0.0
RG,371.8517247903217,0.4784083917730916,0.0026624637111399584,3.8365342865708687,0.0
RG,371.94843525190566,0.4782844917174777,0.002694185062384315,3.829456204902847,0.0
RG,372.04514571348966,0.47815914361745404,0.0027264813517897785,3.8223359544582087,0.0
RG,372.1418561750736,0.47803232172522087,0.002759366641739868,3.8151730236242143,0.0
RG,372.23856663665754,0.47790399967506564,0.0027928554292427155,3.8079668913468927,0.0
RG,372.33527709824153,0.4777741504646189,0.002826962662214505,3.8007170268959323,0.0
RG,372.4319875598255,0.4776427464354243,0.0028617037564811166,3.7934228896222217,0.0
RG,372.52869802140947,0.47750975925278893,0.0028970946135326095,3.786083928707674,0.0
RG,372.6254084829934,0.4773751598848871,0.002933151639072009,3.7786995829072056,0.0
RG,372.72211894457735,0.47723891858107453,0.0029698917623999935,3.771269280282241,0.0
RG,372.81882940616134,0.4771010048493893,0.003007332456676483,3.763792437925784,0.0
RG,372.9155398677453,0.47696138743319266,0.0030454917601094047,3.756268461678409,0.0
RG,373.0122503293292,0.47682003428692227,0.00308438829811192,3.7486967458350358,0.0
RG,373.1089607909132,0.47667691255091516,0.0031240413064832512,3.7410766728420812,0.0
RG,373.20567125249715,0.47653198852525325,0.003164470655668693,3.7334076129845593,0.0
RG,373.3023817140811,0.4763852276425892,0.003205696876156749,3.7256889240626694,0.0
RG,373.3990921756651,0.47623659443990424,0.0032477411850755544,3.7179199510575414,0.0
RG,373.495802637249,0.4760860525291487,0.0032906255140529197,3.7101000257856285,0.0
RG,373.59251309883297,0.4759335645667241,0.00333437253840296,3.702228466541408,0.0
RG,373.68922356041696,0.4757790922217389,0.003379005707720749,3.6943045777278036,0.0
RG,373.7859340220009,0.4756225961429843,0.0034245492779615503,3.6863276494738244,0.0
RG,373.88264448358484,0.475464035924567,0.0034710283450883565,3.678296957238827,0.0
RG,373.97935494516884,0.47530337007013146,0.0035184688803792923,3.670211761402845,0.0
RG,374.0760654067528,0.475140555955625,0.0035668977674724175,3.6620713068426993,0.0
RG,374.1727758683367,0.47497554979051176,0.0036163428412655475,3.6538748224928517,0.0
RG,374.2694863299207,0.4748083065773679,0.0036668329287710866,3.6456215208905816,0.0
RG,374.36619679150465,0.4746387800697728,0.003718397892044537,3.637310597704698,0.0
RG,374.46290725308864,0.47446692272841157,0.0037710686733070124,3.628941231246997,0.0
RG,374.5596177146726,0.47429268567532323,0.0038248773423741446,3.6205125819661155,0.0
RG,374.6563281762565,0.4741160186461734,0.0038798571465475033,3.6120237919225278,0.0
RG,374.7530386378405,0.47393686994046047,0.0039360425631112875,3.603473984244053,0.0
RG,374.84974909942446,0.47375518636953995,0.003993469354597884,3.59486226256085,0.0
RG,374.9464595610084,0.4735709132023674,0.00405217462698015,3.5861877104190576,0.0
RG,375.0431700225924,0.4733839941088559,0.004112196890959821,3.5774493906723603,0.0
RG,375.13988048417633,0.47319437110069706,0.004173576126562132,3.56864634485014,0.0
RG,375.23659094576027,0.4730019844695131,0.004236353851242011,3.559777592500998,0.0
RG,375.33330140734427,0.4728067727221957,0.004300573191725596,3.550842130510665,0.0
RG,375.4300118689282,0.4726086725133164,0.00436627895979334,3.5418389323933965,0.0
RG,375.52672233051214,0.4724076185744247,0.004433517732277058,3.5327669475552064,0.0
RG,375.62343279209614,0.47220354364005745,0.004502337935547565,3.523625100527671,0.0
RG,375.7201432536801,0.47199637837027003,0.004572789934793361,3.5144122901706742,0.0
RG,375.816853715264,0.47178605126952833,0.004644926128375572,3.505127388842862,0.0
RG,375.913564176848,0.4715724886017683,0.004718801047585089,3.4957692415385027,0.0
RG,376.01027463843195,0.4713556143013686,0.004794471462196017,3.4863366649884635,0.0
RG,376.1069851000159,0.47113534987980005,0.004871996492207287,3.4768284467235224,0.0
RG,376.2036955615999,0.47091161432773,0.004951437726171027,3.467243344098414,0.0
RG,376.3004060231838,0.47068432401235816,0.00503285934651997,3.4575800832749923,0.0
RG,376.3971164847678,0.47045339256964314,0.00511632826243255,3.447837358161661,0.0
RG,376.49382694635176,0.47021873079111515,0.005201914250768267,3.438013829306844,0.0
RG,376.5905374079357,0.4699802465049812,0.005289690105607314,3.428108122744289,0.0
RG,376.6872478695197,0.46973784445124517,0.005379731796953692,3.418118828788348,0.0
RG,376.78395833110363,0.4694914261503884,0.005472118639332777,3.408044500775592,0.0
RG,376.8806687926876,0.4692408897652101,0.0055669334710150295,3.397883653749687,0.0
RG,376.97737925427157,0.4689861299554764,0.005664262844568679,3.387634763087256,0.0
RG,377.0740897158555,0.46872703772496926,0.00576419722953736,3.377296263061777,0.0
RG,377.17080017743945,0.46846350026035477,0.005866831228244073,3.3668665453409874,0.0
RG,377.26751063902344,0.4681954007613375,0.005972263805723882,3.356343957413947,0.0
RG,377.3642211006074,0.46792261826170595,0.006080598534692694,3.3457268009453554,0.0
RG,377.4609315621913,0.46764502744061004,0.006191943856770456,3.3350133300521776,0.0
RG,377.5576420237753,0.4673624984233418,0.006306413361309861,3.3242017494971963,0.0
RG,377.65435248535925,0.46707489657098034,0.006424126083154507,3.3132902127951946,0.0
RG,377.7510629469432,0.4667820822583494,0.006545206820615682,3.3022768202282022,0.0
RG,377.8477734085272,0.4664839106392884,0.006669786475506025,3.2911596167625197,0.0
RG,377.9444838701111,0.46618023139832626,0.006798002417055928,3.2799365898609656,0.0
RG,378.04119433169507,0.46587088848812186,0.006929998871344213,3.2686056671867236,0.0
RG,378.13790479327906,0.4655557198515612,0.007065927338462831,3.257164714190973,0.0
RG,378.234615254863,0.46523455712723627,0.007205947039945738,3.245611531575083,0.0
RG,378.331325716447,0.464907225337394,0.007350225398716654,3.2339438526219326,0.0
RG,378.42803617803094,0.4645735425572229,0.007498938554169113,3.2221593403890547,0.0
RG,378.5247466396149,0.46423331956373476,0.007652271915842942,3.2102555847510166,0.0
RG,378.62145710119887,0.46388635946296025,0.007810420758816474,3.1982300992831867,0.0
RG,378.7181675627828,0.4635324572942268,0.007973590864038057,3.186080317979627,0.0
RG,378.81487802436675,0.4631713996092298,0.008141999208259698,3.173803591788772,0.0
RG,378.91158848595074,0.46280296402418303,0.008315874707815675,3.1613971849564635,0.0
RG,379.0082989475347,0.46242691874356306,0.008495459020447639,3.148858271167881,0.0
RG,379.1050094091186,0.46204302205246767,0.008681007411450116,3.1361839294676686,0.0
RG,379.2017198707026,0.46165102177543027,0.00887278968979272,3.1233711399453776,0.0
RG,379.29843033228656,0.4612506546997107,0.00907109121993795,3.1104167791750514,0.0
RG,379.3951407938705,0.46084164595914795,0.009276214017931191,3.0973176153822823,0.0
RG,379.4918512554545,0.4604237083760719,0.009488477939031412,3.0840703033248413,0.0
RG,379.58856171703843,0.4599965417583073,0.009708221965193373,3.070671378869325,0.0
RG,379.68527217862237,0.4595598321462197,0.009935805604029766,3.057117253230534,0.0
RG,379.78198264020637,0.4591132510071106,0.010171610408445539,3.0434042068601497,0.0
RG,379.8786931017903,0.4586564543720253,0.010416041629784996,3.0295283829540907,0.0
RG,379.97540356337424,0.45818908190908775,0.010669530019517832,3.0154857805417463,0.0
RG,380.07211402495824,0.4577107559300656,0.010932533791849825,3.0012722471416255,0.0
RG,380.1688244865422,0.4572210803220137,0.011205540767397512,2.9868834709314322,0.0
RG,380.2655349481262,0.45671963939864985,0.01148907071542955,2.9723149724038334,0.0
RG,380.3622454097101,0.45620599666478345,0.011783677915333768,2.9575620954702013,0.0
RG,380.45895587129405,0.45567969348351456,0.012089953964826107,2.9426199979494894,0.0
RG,380.55566633287805,0.45514024764090777,0.012408530856892969,2.9274836414182452,0.0
RG,380.652376794462,0.4545871517946752,0.01274008436157298,2.9121477803395126,0.0
RG,380.7490872560459,0.4540198717989046,0.013085337742886718,2.8966069504309613,0.0
RG,380.8457977176299,0.4534378448916038,0.013445065851821685,2.880855456196763,0.0
RG,380.94250817921386,0.45284047773088876,0.013820099640994905,2.86488735754413,0.0
RG,381.0392186407978,0.4522271442678436,0.014211331146656066,2.8486964554234797,0.0
RG,381.1359291023818,0.4515971834346842,0.014619719002939027,2.83227627636953,0.0
RG,381.23263956396573,0.45094989663598306,0.01504629454323188,2.8156200558867206,0.0
RG,381.3293500255497,0.4502845450148263,0.015492168575380832,2.7987207205187477,0.0
RG,381.42606048713367,0.4496003464787891,0.01595853890212389,2.781570868533509,0.0
RG,381.5227709487176,0.4488964724510026,0.01644669869921296,2.7641627490302727,0.0
RG,381.61948141030155,0.4481720443260129,0.016958045847558906,2.7464882393751107,0.0
RG,381.71619187188554,0.44742612958780215,0.017494093365604386,2.7285388207334544,0.0
RG,381.8129023334695,0.44665773756288274,0.0180564810724569,2.7103055515736116,0.0
RG,381.9096127950534,0.4458658147550455,0.018646988674997766,2.6917790388580163,0.0
RG,382.0063232566374,0.4450492397261308,0.019267550456106047,2.6729494067570423,0.0
RG,382.10303371822135,0.44420681745523893,0.019920271822105543,2.6538062625350105,0.0
RG,382.19974417980535,0.4433372731280475,0.02060744795451768,2.6343386593841682,0.0
RG,382.2964546413893,0.44243924527291284,0.021331584908707457,2.614535055786355,0.0
RG,382.3931651029732,0.4415112781728609,0.022095423512130317,2.5943832710690593,0.0
RG,382.4898755645572,0.44055181345627975,0.022901966509172374,2.573870436683665,0.0
RG,382.58658602614116,0.43955918075716005,0.023754509475997047,2.5529829426854356,0.0
RG,382.6832964877251,0.43853158733276454,0.024656676094013456,2.531706378893734,0.0
RG,382.7800069493091,0.437467106481968,0.025612458542260012,2.510025469988055,0.0
RG,382.87671741089304,0.436363664613732,0.026626263844974525,2.487924003853607,0.0
RG,382.973427872477,0.43521902677059043,0.027702967219634764,2.465384752275181,0.0
RG,383.07013833406097,0.4340307803775391,0.028847973688471685,2.4423893829317955,0.0
RG,383.1668487956449,0.4327963169703781,0.030067289420180828,2.4189183615919627,0.0
RG,383.26355925722885,0.4315128115909519,0.0313676046358343,2.39495084310652,0.0
RG,383.36026971881284,0.4301771994867482,0.03275639029818134,2.3704645495946033,0.0
RG,383.4569801803968,0.42878614970026085,0.03424201125774361,2.3454356340091844,0.0
RG,383.5536906419807,0.42733603504437107,0.03583385916707084,2.31983852689071,0.0
RG,383.6504011035647,0.4258228978615673,0.037542509255837735,2.293645763714889,0.0
RG,383.74711156514866,0.42424241085385095,0.03937990602270096,2.2668277897939735,0.0
RG,383.84382202673265,0.42258983212970685,0.04135958413770416,2.2393527391246044,0.0
RG,383.9405324883166,0.4208599534341558,0.043496932458858044,2.211186182850629,0.0
RG,384.03724294990053,0.41904704030608764,0.045809511143158475,2.1822908421279803,0.0
RG,384.1339534114845,0.41714476263961103,0.048317434504220616,2.1526262591280263,0.0
RG,384.23066387306847,0.41514611378268984,0.051043835794364396,2.1221484185700965,0.0
RG,384.3273743346524,0.41304331587505816,0.05401543473939645,2.090809310499271,0.0
RG,384.4240847962364,0.4108277085797825,0.05726323484693858,2.058556422913337,0.0
RG,384.52079525782034,0.40848961766256625,0.060823385828791626,2.025332150159973,0.0
RG,384.6175057194043,0.4060181989709411,0.06473825776029496,1.991073099592327,0.0
RG,384.7142161809883,0.40340125219477013,0.06905778905343492,1.9557092745433629,0.0
RG,384.8109266425722,0.4006249972573671,0.07384119171429719,1.9191631059172967,0.0
RG,384.90763710415615,0.39767380416421466,0.079159127310273,1.881348297131251,0.0
RG,385.00434756574015,0.39452986444277954,0.08509650952556161,1.8421684371132196,0.0
RG,385.1010580273241,0.3911727886788659,0.09175615016708964,1.8015153226100304,0.0
RG,385.197768488908,0.3875791096653434,0.09926355463427254,1.7592669126605185,0.0
RG,385.294478950492,0.3837216640040588,0.10777330370935477,1.71528481343962,0.0
RG,385.39118941207596,0.3795688154867069,0.11747765640078225,1.669411156669127,0.0
RG,385.4878998736599,0.37508346991314523,0.12861831340240096,1.6214646847885588,0.0
RG,385.5846103352439,0.37022181270494053,0.14150274858646106,1.5712357880430567,0.0
RG,385.68132079682783,0.3649316715213247,0.1565272795907675,1.5184801320536057,0.0
RG,385.77803125841183,0.3591503665238676,0.17421027258150334,1.4629103661077554,0.0
RG,385.87474171999577,0.35280184781905727,0.1952409552859755,1.4041851670496548,0.0
RG,385.9714521815797,0.34579282563452984,0.22055288270043497,1.3418945161709872,0.0
RG,386.0681626431637,0.33800745091353085,0.25143747230207153,1.2755395344832972,0.0
RG,386.16487310474764,0.3292998686690992,0.2897247949170542,1.204504267074367,0.0
RG,386.2615835663316,0.3194835863683558,0.3380813944584327,1.1280152366622564,0.0
RG,386.3582940279156,0.30831597235198704,0.400520231495609,1.0450818507914488,0.0
RG,386.4550044894995,0.29547517975926585,0.4833128097638061,0.9544058617512484,0.0
RG,386.55171495108345,0.2805251755767417,0.5967021413650749,0.8542390491296867,0.0
RG,386.64842541266745,0.2628624688519626,0.7582878704547431,0.7421515477673737,0.0
RG,386.7451358742514,0.2416380247955487,0.9999999999999666,0.6146439942745567,0.0
